Unnamed: 0,epsilon_value,result,time,verifier,obtained_labels,network_name,image_name,mps_path
0,0.181,TIMEOUT,3600.0701916217804,Symphony,,mnist-net_256x2,image_7,/home/annelot/WARMSTART_PROJECT/baseline_symphony_21-01-2026+15_00/tmp/mnist-net_256x2/image_7/mnist-net_256x2_7_0_181.mps
1,0.201,TIMEOUT,3600.0588319301605,Symphony,,mnist-net_256x2,image_7,/home/annelot/WARMSTART_PROJECT/baseline_symphony_21-01-2026+15_00/tmp/mnist-net_256x2/image_7/mnist-net_256x2_7_0_201.mps
2,0.161,TIMEOUT,3600.069322347641,Symphony,,mnist-net_256x2,image_7,/home/annelot/WARMSTART_PROJECT/baseline_symphony_21-01-2026+15_00/tmp/mnist-net_256x2/image_7/mnist-net_256x2_7_0_161.mps
3,0.221,TIMEOUT,3600.066092967987,Symphony,,mnist-net_256x2,image_7,/home/annelot/WARMSTART_PROJECT/baseline_symphony_21-01-2026+15_00/tmp/mnist-net_256x2/image_7/mnist-net_256x2_7_0_221.mps
4,0.141,TIMEOUT,3600.0575025081635,Symphony,,mnist-net_256x2,image_7,/home/annelot/WARMSTART_PROJECT/baseline_symphony_21-01-2026+15_00/tmp/mnist-net_256x2/image_7/mnist-net_256x2_7_0_141.mps
5,0.241,TIMEOUT,3600.0749316215515,Symphony,,mnist-net_256x2,image_7,/home/annelot/WARMSTART_PROJECT/baseline_symphony_21-01-2026+15_00/tmp/mnist-net_256x2/image_7/mnist-net_256x2_7_0_241.mps
6,0.121,TIMEOUT,3600.064893484116,Symphony,,mnist-net_256x2,image_7,/home/annelot/WARMSTART_PROJECT/baseline_symphony_21-01-2026+15_00/tmp/mnist-net_256x2/image_7/mnist-net_256x2_7_0_121.mps
7,0.261,TIMEOUT,3600.0657806396484,Symphony,,mnist-net_256x2,image_7,/home/annelot/WARMSTART_PROJECT/baseline_symphony_21-01-2026+15_00/tmp/mnist-net_256x2/image_7/mnist-net_256x2_7_0_261.mps
8,0.101,TIMEOUT,3600.052487134933,Symphony,,mnist-net_256x2,image_7,/home/annelot/WARMSTART_PROJECT/baseline_symphony_21-01-2026+15_00/tmp/mnist-net_256x2/image_7/mnist-net_256x2_7_0_101.mps
9,0.281,TIMEOUT,3600.08083486557,Symphony,,mnist-net_256x2,image_7,/home/annelot/WARMSTART_PROJECT/baseline_symphony_21-01-2026+15_00/tmp/mnist-net_256x2/image_7/mnist-net_256x2_7_0_281.mps
10,0.081,TIMEOUT,3600.037860393524,Symphony,,mnist-net_256x2,image_7,/home/annelot/WARMSTART_PROJECT/baseline_symphony_21-01-2026+15_00/tmp/mnist-net_256x2/image_7/mnist-net_256x2_7_0_081.mps
11,0.301,TIMEOUT,3600.0620486736298,Symphony,,mnist-net_256x2,image_7,/home/annelot/WARMSTART_PROJECT/baseline_symphony_21-01-2026+15_00/tmp/mnist-net_256x2/image_7/mnist-net_256x2_7_0_301.mps
12,0.061,TIMEOUT,3600.043636083603,Symphony,,mnist-net_256x2,image_7,/home/annelot/WARMSTART_PROJECT/baseline_symphony_21-01-2026+15_00/tmp/mnist-net_256x2/image_7/mnist-net_256x2_7_0_061.mps
13,0.321,TIMEOUT,3600.0675809383392,Symphony,,mnist-net_256x2,image_7,/home/annelot/WARMSTART_PROJECT/baseline_symphony_21-01-2026+15_00/tmp/mnist-net_256x2/image_7/mnist-net_256x2_7_0_321.mps
14,0.041,TIMEOUT,3600.0375146865845,Symphony,,mnist-net_256x2,image_7,/home/annelot/WARMSTART_PROJECT/baseline_symphony_21-01-2026+15_00/tmp/mnist-net_256x2/image_7/mnist-net_256x2_7_0_041.mps
15,0.341,TIMEOUT,3600.048164844513,Symphony,,mnist-net_256x2,image_7,/home/annelot/WARMSTART_PROJECT/baseline_symphony_21-01-2026+15_00/tmp/mnist-net_256x2/image_7/mnist-net_256x2_7_0_341.mps
16,0.021,UNSAT,,Symphony,,mnist-net_256x2,image_7,/home/annelot/WARMSTART_PROJECT/baseline_symphony_21-01-2026+15_00/tmp/mnist-net_256x2/image_7/mnist-net_256x2_7_0_021.mps
17,0.361,TIMEOUT,3600.066927433014,Symphony,,mnist-net_256x2,image_7,/home/annelot/WARMSTART_PROJECT/baseline_symphony_21-01-2026+15_00/tmp/mnist-net_256x2/image_7/mnist-net_256x2_7_0_361.mps
18,0.381,TIMEOUT,3600.0684740543365,Symphony,,mnist-net_256x2,image_7,/home/annelot/WARMSTART_PROJECT/baseline_symphony_21-01-2026+15_00/tmp/mnist-net_256x2/image_7/mnist-net_256x2_7_0_381.mps
20,0.023,UNSAT,1.989,Symphony,,mnist-net_256x2,image_7,/home/annelot/WARMSTART_PROJECT/baseline_symphony_21-01-2026+15_00/tmp/mnist-net_256x2/image_7/mnist-net_256x2_7_0_023.mps
21,0.025,UNSAT,28.976,Symphony,,mnist-net_256x2,image_7,/home/annelot/WARMSTART_PROJECT/baseline_symphony_21-01-2026+15_00/tmp/mnist-net_256x2/image_7/mnist-net_256x2_7_0_025.mps
22,0.027,UNSAT,169.99,Symphony,,mnist-net_256x2,image_7,/home/annelot/WARMSTART_PROJECT/baseline_symphony_21-01-2026+15_00/tmp/mnist-net_256x2/image_7/mnist-net_256x2_7_0_027.mps
23,0.029,UNSAT,241.61,Symphony,,mnist-net_256x2,image_7,/home/annelot/WARMSTART_PROJECT/baseline_symphony_21-01-2026+15_00/tmp/mnist-net_256x2/image_7/mnist-net_256x2_7_0_029.mps
24,0.031,UNSAT,3126.439,Symphony,,mnist-net_256x2,image_7,/home/annelot/WARMSTART_PROJECT/baseline_symphony_21-01-2026+15_00/tmp/mnist-net_256x2/image_7/mnist-net_256x2_7_0_031.mps
25,0.033,UNSAT,3401.174,Symphony,,mnist-net_256x2,image_7,/home/annelot/WARMSTART_PROJECT/baseline_symphony_21-01-2026+15_00/tmp/mnist-net_256x2/image_7/mnist-net_256x2_7_0_033.mps
26,0.035,TIMEOUT,3600.0450537204742,Symphony,,mnist-net_256x2,image_7,/home/annelot/WARMSTART_PROJECT/baseline_symphony_21-01-2026+15_00/tmp/mnist-net_256x2/image_7/mnist-net_256x2_7_0_035.mps
0,0.181,SAT,3230.424,Symphony,,mnist-net_256x2,image_6,/home/annelot/WARMSTART_PROJECT/baseline_symphony_21-01-2026+15_00/tmp/mnist-net_256x2/image_6/mnist-net_256x2_6_0_181.mps
1,0.081,TIMEOUT,3600.0585491657257,Symphony,,mnist-net_256x2,image_6,/home/annelot/WARMSTART_PROJECT/baseline_symphony_21-01-2026+15_00/tmp/mnist-net_256x2/image_6/mnist-net_256x2_6_0_081.mps
2,0.061,TIMEOUT,3600.045008420944,Symphony,,mnist-net_256x2,image_6,/home/annelot/WARMSTART_PROJECT/baseline_symphony_21-01-2026+15_00/tmp/mnist-net_256x2/image_6/mnist-net_256x2_6_0_061.mps
3,0.101,TIMEOUT,3600.0697391033173,Symphony,,mnist-net_256x2,image_6,/home/annelot/WARMSTART_PROJECT/baseline_symphony_21-01-2026+15_00/tmp/mnist-net_256x2/image_6/mnist-net_256x2_6_0_101.mps
4,0.041,TIMEOUT,3600.0400173664093,Symphony,,mnist-net_256x2,image_6,/home/annelot/WARMSTART_PROJECT/baseline_symphony_21-01-2026+15_00/tmp/mnist-net_256x2/image_6/mnist-net_256x2_6_0_041.mps
5,0.121,TIMEOUT,3600.05769777298,Symphony,,mnist-net_256x2,image_6,/home/annelot/WARMSTART_PROJECT/baseline_symphony_21-01-2026+15_00/tmp/mnist-net_256x2/image_6/mnist-net_256x2_6_0_121.mps
7,0.141,SAT,1904.225,Symphony,,mnist-net_256x2,image_6,/home/annelot/WARMSTART_PROJECT/baseline_symphony_21-01-2026+15_00/tmp/mnist-net_256x2/image_6/mnist-net_256x2_6_0_141.mps
8,0.021,UNSAT,,Symphony,,mnist-net_256x2,image_6,/home/annelot/WARMSTART_PROJECT/baseline_symphony_21-01-2026+15_00/tmp/mnist-net_256x2/image_6/mnist-net_256x2_6_0_021.mps
9,0.023,UNSAT,0.443,Symphony,,mnist-net_256x2,image_6,/home/annelot/WARMSTART_PROJECT/baseline_symphony_21-01-2026+15_00/tmp/mnist-net_256x2/image_6/mnist-net_256x2_6_0_023.mps
10,0.025,UNSAT,4.154,Symphony,,mnist-net_256x2,image_6,/home/annelot/WARMSTART_PROJECT/baseline_symphony_21-01-2026+15_00/tmp/mnist-net_256x2/image_6/mnist-net_256x2_6_0_025.mps
11,0.027,UNSAT,36.153,Symphony,,mnist-net_256x2,image_6,/home/annelot/WARMSTART_PROJECT/baseline_symphony_21-01-2026+15_00/tmp/mnist-net_256x2/image_6/mnist-net_256x2_6_0_027.mps
12,0.029,UNSAT,228.459,Symphony,,mnist-net_256x2,image_6,/home/annelot/WARMSTART_PROJECT/baseline_symphony_21-01-2026+15_00/tmp/mnist-net_256x2/image_6/mnist-net_256x2_6_0_029.mps
13,0.031,UNSAT,1185.193,Symphony,,mnist-net_256x2,image_6,/home/annelot/WARMSTART_PROJECT/baseline_symphony_21-01-2026+15_00/tmp/mnist-net_256x2/image_6/mnist-net_256x2_6_0_031.mps
14,0.033,UNSAT,3547.326,Symphony,,mnist-net_256x2,image_6,/home/annelot/WARMSTART_PROJECT/baseline_symphony_21-01-2026+15_00/tmp/mnist-net_256x2/image_6/mnist-net_256x2_6_0_033.mps
15,0.139,TIMEOUT,3600.060340881348,Symphony,,mnist-net_256x2,image_6,/home/annelot/WARMSTART_PROJECT/baseline_symphony_21-01-2026+15_00/tmp/mnist-net_256x2/image_6/mnist-net_256x2_6_0_139.mps
16,0.035,UNSAT,2558.758,Symphony,,mnist-net_256x2,image_6,/home/annelot/WARMSTART_PROJECT/baseline_symphony_21-01-2026+15_00/tmp/mnist-net_256x2/image_6/mnist-net_256x2_6_0_035.mps
17,0.037,TIMEOUT,3600.0389716625214,Symphony,,mnist-net_256x2,image_6,/home/annelot/WARMSTART_PROJECT/baseline_symphony_21-01-2026+15_00/tmp/mnist-net_256x2/image_6/mnist-net_256x2_6_0_037.mps
0,0.181,TIMEOUT,3600.057563304901,Symphony,,mnist-net_256x2,image_8,/home/annelot/WARMSTART_PROJECT/baseline_symphony_21-01-2026+15_00/tmp/mnist-net_256x2/image_8/mnist-net_256x2_8_0_181.mps
1,0.201,TIMEOUT,3600.062747478485,Symphony,,mnist-net_256x2,image_8,/home/annelot/WARMSTART_PROJECT/baseline_symphony_21-01-2026+15_00/tmp/mnist-net_256x2/image_8/mnist-net_256x2_8_0_201.mps
2,0.161,TIMEOUT,3600.058698415756,Symphony,,mnist-net_256x2,image_8,/home/annelot/WARMSTART_PROJECT/baseline_symphony_21-01-2026+15_00/tmp/mnist-net_256x2/image_8/mnist-net_256x2_8_0_161.mps
3,0.221,TIMEOUT,3600.075184583664,Symphony,,mnist-net_256x2,image_8,/home/annelot/WARMSTART_PROJECT/baseline_symphony_21-01-2026+15_00/tmp/mnist-net_256x2/image_8/mnist-net_256x2_8_0_221.mps
4,0.141,TIMEOUT,3600.068238735199,Symphony,,mnist-net_256x2,image_8,/home/annelot/WARMSTART_PROJECT/baseline_symphony_21-01-2026+15_00/tmp/mnist-net_256x2/image_8/mnist-net_256x2_8_0_141.mps
5,0.241,TIMEOUT,3600.0583658218384,Symphony,,mnist-net_256x2,image_8,/home/annelot/WARMSTART_PROJECT/baseline_symphony_21-01-2026+15_00/tmp/mnist-net_256x2/image_8/mnist-net_256x2_8_0_241.mps
6,0.121,TIMEOUT,3600.051279306412,Symphony,,mnist-net_256x2,image_8,/home/annelot/WARMSTART_PROJECT/baseline_symphony_21-01-2026+15_00/tmp/mnist-net_256x2/image_8/mnist-net_256x2_8_0_121.mps
7,0.261,TIMEOUT,3600.0609669685364,Symphony,,mnist-net_256x2,image_8,/home/annelot/WARMSTART_PROJECT/baseline_symphony_21-01-2026+15_00/tmp/mnist-net_256x2/image_8/mnist-net_256x2_8_0_261.mps
8,0.101,TIMEOUT,3600.0501008033752,Symphony,,mnist-net_256x2,image_8,/home/annelot/WARMSTART_PROJECT/baseline_symphony_21-01-2026+15_00/tmp/mnist-net_256x2/image_8/mnist-net_256x2_8_0_101.mps
9,0.281,TIMEOUT,3600.070467233658,Symphony,,mnist-net_256x2,image_8,/home/annelot/WARMSTART_PROJECT/baseline_symphony_21-01-2026+15_00/tmp/mnist-net_256x2/image_8/mnist-net_256x2_8_0_281.mps
10,0.081,TIMEOUT,3600.042895793915,Symphony,,mnist-net_256x2,image_8,/home/annelot/WARMSTART_PROJECT/baseline_symphony_21-01-2026+15_00/tmp/mnist-net_256x2/image_8/mnist-net_256x2_8_0_081.mps
11,0.301,TIMEOUT,3600.0625314712524,Symphony,,mnist-net_256x2,image_8,/home/annelot/WARMSTART_PROJECT/baseline_symphony_21-01-2026+15_00/tmp/mnist-net_256x2/image_8/mnist-net_256x2_8_0_301.mps
12,0.061,TIMEOUT,3600.040783882141,Symphony,,mnist-net_256x2,image_8,/home/annelot/WARMSTART_PROJECT/baseline_symphony_21-01-2026+15_00/tmp/mnist-net_256x2/image_8/mnist-net_256x2_8_0_061.mps
13,0.321,TIMEOUT,3600.072337865829,Symphony,,mnist-net_256x2,image_8,/home/annelot/WARMSTART_PROJECT/baseline_symphony_21-01-2026+15_00/tmp/mnist-net_256x2/image_8/mnist-net_256x2_8_0_321.mps
14,0.041,TIMEOUT,3600.0503261089325,Symphony,,mnist-net_256x2,image_8,/home/annelot/WARMSTART_PROJECT/baseline_symphony_21-01-2026+15_00/tmp/mnist-net_256x2/image_8/mnist-net_256x2_8_0_041.mps
15,0.341,TIMEOUT,3600.075843811035,Symphony,,mnist-net_256x2,image_8,/home/annelot/WARMSTART_PROJECT/baseline_symphony_21-01-2026+15_00/tmp/mnist-net_256x2/image_8/mnist-net_256x2_8_0_341.mps
16,0.021,UNSAT,0.266,Symphony,,mnist-net_256x2,image_8,/home/annelot/WARMSTART_PROJECT/baseline_symphony_21-01-2026+15_00/tmp/mnist-net_256x2/image_8/mnist-net_256x2_8_0_021.mps
17,0.361,TIMEOUT,3600.0657744407654,Symphony,,mnist-net_256x2,image_8,/home/annelot/WARMSTART_PROJECT/baseline_symphony_21-01-2026+15_00/tmp/mnist-net_256x2/image_8/mnist-net_256x2_8_0_361.mps
18,0.381,TIMEOUT,3600.07703781128,Symphony,,mnist-net_256x2,image_8,/home/annelot/WARMSTART_PROJECT/baseline_symphony_21-01-2026+15_00/tmp/mnist-net_256x2/image_8/mnist-net_256x2_8_0_381.mps
20,0.023,UNSAT,1.601,Symphony,,mnist-net_256x2,image_8,/home/annelot/WARMSTART_PROJECT/baseline_symphony_21-01-2026+15_00/tmp/mnist-net_256x2/image_8/mnist-net_256x2_8_0_023.mps
21,0.025,UNSAT,12.909,Symphony,,mnist-net_256x2,image_8,/home/annelot/WARMSTART_PROJECT/baseline_symphony_21-01-2026+15_00/tmp/mnist-net_256x2/image_8/mnist-net_256x2_8_0_025.mps
22,0.027,UNSAT,19.98,Symphony,,mnist-net_256x2,image_8,/home/annelot/WARMSTART_PROJECT/baseline_symphony_21-01-2026+15_00/tmp/mnist-net_256x2/image_8/mnist-net_256x2_8_0_027.mps
23,0.029,UNSAT,48.839,Symphony,,mnist-net_256x2,image_8,/home/annelot/WARMSTART_PROJECT/baseline_symphony_21-01-2026+15_00/tmp/mnist-net_256x2/image_8/mnist-net_256x2_8_0_029.mps
24,0.031,UNSAT,126.283,Symphony,,mnist-net_256x2,image_8,/home/annelot/WARMSTART_PROJECT/baseline_symphony_21-01-2026+15_00/tmp/mnist-net_256x2/image_8/mnist-net_256x2_8_0_031.mps
25,0.033,UNSAT,222.064,Symphony,,mnist-net_256x2,image_8,/home/annelot/WARMSTART_PROJECT/baseline_symphony_21-01-2026+15_00/tmp/mnist-net_256x2/image_8/mnist-net_256x2_8_0_033.mps
26,0.035,UNSAT,2128.173,Symphony,,mnist-net_256x2,image_8,/home/annelot/WARMSTART_PROJECT/baseline_symphony_21-01-2026+15_00/tmp/mnist-net_256x2/image_8/mnist-net_256x2_8_0_035.mps
27,0.037,UNSAT,2483.614,Symphony,,mnist-net_256x2,image_8,/home/annelot/WARMSTART_PROJECT/baseline_symphony_21-01-2026+15_00/tmp/mnist-net_256x2/image_8/mnist-net_256x2_8_0_037.mps
28,0.039,SAT,230.548,Symphony,,mnist-net_256x2,image_8,/home/annelot/WARMSTART_PROJECT/baseline_symphony_21-01-2026+15_00/tmp/mnist-net_256x2/image_8/mnist-net_256x2_8_0_039.mps
29,0.041,TIMEOUT,3600.04183793068,Symphony,,mnist-net_256x2,image_8,/home/annelot/WARMSTART_PROJECT/baseline_symphony_21-01-2026+15_00/tmp/mnist-net_256x2/image_8/mnist-net_256x2_8_0_041.mps
0,0.181,SAT,2279.794,Symphony,,mnist-net_256x2,image_9,/home/annelot/WARMSTART_PROJECT/baseline_symphony_21-01-2026+15_00/tmp/mnist-net_256x2/image_9/mnist-net_256x2_9_0_181.mps
1,0.081,TIMEOUT,3600.050412893296,Symphony,,mnist-net_256x2,image_9,/home/annelot/WARMSTART_PROJECT/baseline_symphony_21-01-2026+15_00/tmp/mnist-net_256x2/image_9/mnist-net_256x2_9_0_081.mps
2,0.061,UNSAT,1012.871,Symphony,,mnist-net_256x2,image_9,/home/annelot/WARMSTART_PROJECT/baseline_symphony_21-01-2026+15_00/tmp/mnist-net_256x2/image_9/mnist-net_256x2_9_0_061.mps
3,0.121,TIMEOUT,3600.052404880524,Symphony,,mnist-net_256x2,image_9,/home/annelot/WARMSTART_PROJECT/baseline_symphony_21-01-2026+15_00/tmp/mnist-net_256x2/image_9/mnist-net_256x2_9_0_121.mps
4,0.141,TIMEOUT,3600.0641117095947,Symphony,,mnist-net_256x2,image_9,/home/annelot/WARMSTART_PROJECT/baseline_symphony_21-01-2026+15_00/tmp/mnist-net_256x2/image_9/mnist-net_256x2_9_0_141.mps
5,0.101,SAT,1280.894,Symphony,,mnist-net_256x2,image_9,/home/annelot/WARMSTART_PROJECT/baseline_symphony_21-01-2026+15_00/tmp/mnist-net_256x2/image_9/mnist-net_256x2_9_0_101.mps
7,0.021,UNSAT,,Symphony,,mnist-net_256x2,image_9,/home/annelot/WARMSTART_PROJECT/baseline_symphony_21-01-2026+15_00/tmp/mnist-net_256x2/image_9/mnist-net_256x2_9_0_021.mps
8,0.023,UNSAT,,Symphony,,mnist-net_256x2,image_9,/home/annelot/WARMSTART_PROJECT/baseline_symphony_21-01-2026+15_00/tmp/mnist-net_256x2/image_9/mnist-net_256x2_9_0_023.mps
9,0.025,UNSAT,,Symphony,,mnist-net_256x2,image_9,/home/annelot/WARMSTART_PROJECT/baseline_symphony_21-01-2026+15_00/tmp/mnist-net_256x2/image_9/mnist-net_256x2_9_0_025.mps
10,0.027,UNSAT,,Symphony,,mnist-net_256x2,image_9,/home/annelot/WARMSTART_PROJECT/baseline_symphony_21-01-2026+15_00/tmp/mnist-net_256x2/image_9/mnist-net_256x2_9_0_027.mps
11,0.029,UNSAT,,Symphony,,mnist-net_256x2,image_9,/home/annelot/WARMSTART_PROJECT/baseline_symphony_21-01-2026+15_00/tmp/mnist-net_256x2/image_9/mnist-net_256x2_9_0_029.mps
12,0.031,UNSAT,,Symphony,,mnist-net_256x2,image_9,/home/annelot/WARMSTART_PROJECT/baseline_symphony_21-01-2026+15_00/tmp/mnist-net_256x2/image_9/mnist-net_256x2_9_0_031.mps
13,0.033,UNSAT,0.668,Symphony,,mnist-net_256x2,image_9,/home/annelot/WARMSTART_PROJECT/baseline_symphony_21-01-2026+15_00/tmp/mnist-net_256x2/image_9/mnist-net_256x2_9_0_033.mps
14,0.035,UNSAT,19.366,Symphony,,mnist-net_256x2,image_9,/home/annelot/WARMSTART_PROJECT/baseline_symphony_21-01-2026+15_00/tmp/mnist-net_256x2/image_9/mnist-net_256x2_9_0_035.mps
15,0.037,UNSAT,32.419,Symphony,,mnist-net_256x2,image_9,/home/annelot/WARMSTART_PROJECT/baseline_symphony_21-01-2026+15_00/tmp/mnist-net_256x2/image_9/mnist-net_256x2_9_0_037.mps
16,0.039,UNSAT,246.793,Symphony,,mnist-net_256x2,image_9,/home/annelot/WARMSTART_PROJECT/baseline_symphony_21-01-2026+15_00/tmp/mnist-net_256x2/image_9/mnist-net_256x2_9_0_039.mps
17,0.041,UNSAT,112.392,Symphony,,mnist-net_256x2,image_9,/home/annelot/WARMSTART_PROJECT/baseline_symphony_21-01-2026+15_00/tmp/mnist-net_256x2/image_9/mnist-net_256x2_9_0_041.mps
18,0.043,UNSAT,204.633,Symphony,,mnist-net_256x2,image_9,/home/annelot/WARMSTART_PROJECT/baseline_symphony_21-01-2026+15_00/tmp/mnist-net_256x2/image_9/mnist-net_256x2_9_0_043.mps
19,0.045,UNSAT,287.205,Symphony,,mnist-net_256x2,image_9,/home/annelot/WARMSTART_PROJECT/baseline_symphony_21-01-2026+15_00/tmp/mnist-net_256x2/image_9/mnist-net_256x2_9_0_045.mps
20,0.047,UNSAT,225.748,Symphony,,mnist-net_256x2,image_9,/home/annelot/WARMSTART_PROJECT/baseline_symphony_21-01-2026+15_00/tmp/mnist-net_256x2/image_9/mnist-net_256x2_9_0_047.mps
21,0.049,UNSAT,447.345,Symphony,,mnist-net_256x2,image_9,/home/annelot/WARMSTART_PROJECT/baseline_symphony_21-01-2026+15_00/tmp/mnist-net_256x2/image_9/mnist-net_256x2_9_0_049.mps
22,0.051,UNSAT,340.173,Symphony,,mnist-net_256x2,image_9,/home/annelot/WARMSTART_PROJECT/baseline_symphony_21-01-2026+15_00/tmp/mnist-net_256x2/image_9/mnist-net_256x2_9_0_051.mps
23,0.053,UNSAT,767.273,Symphony,,mnist-net_256x2,image_9,/home/annelot/WARMSTART_PROJECT/baseline_symphony_21-01-2026+15_00/tmp/mnist-net_256x2/image_9/mnist-net_256x2_9_0_053.mps
24,0.055,UNSAT,582.868,Symphony,,mnist-net_256x2,image_9,/home/annelot/WARMSTART_PROJECT/baseline_symphony_21-01-2026+15_00/tmp/mnist-net_256x2/image_9/mnist-net_256x2_9_0_055.mps
25,0.057,UNSAT,907.628,Symphony,,mnist-net_256x2,image_9,/home/annelot/WARMSTART_PROJECT/baseline_symphony_21-01-2026+15_00/tmp/mnist-net_256x2/image_9/mnist-net_256x2_9_0_057.mps
26,0.059,UNSAT,3181.789,Symphony,,mnist-net_256x2,image_9,/home/annelot/WARMSTART_PROJECT/baseline_symphony_21-01-2026+15_00/tmp/mnist-net_256x2/image_9/mnist-net_256x2_9_0_059.mps
27,0.061,UNSAT,718.721,Symphony,,mnist-net_256x2,image_9,/home/annelot/WARMSTART_PROJECT/baseline_symphony_21-01-2026+15_00/tmp/mnist-net_256x2/image_9/mnist-net_256x2_9_0_061.mps
28,0.063,UNSAT,1194.269,Symphony,,mnist-net_256x2,image_9,/home/annelot/WARMSTART_PROJECT/baseline_symphony_21-01-2026+15_00/tmp/mnist-net_256x2/image_9/mnist-net_256x2_9_0_063.mps
29,0.065,UNSAT,1196.342,Symphony,,mnist-net_256x2,image_9,/home/annelot/WARMSTART_PROJECT/baseline_symphony_21-01-2026+15_00/tmp/mnist-net_256x2/image_9/mnist-net_256x2_9_0_065.mps
30,0.067,TIMEOUT,3600.043920516968,Symphony,,mnist-net_256x2,image_9,/home/annelot/WARMSTART_PROJECT/baseline_symphony_21-01-2026+15_00/tmp/mnist-net_256x2/image_9/mnist-net_256x2_9_0_067.mps
0,0.181,TIMEOUT,3600.062540769577,Symphony,,mnist-net_256x2,image_2,/home/annelot/WARMSTART_PROJECT/baseline_symphony_21-01-2026+15_00/tmp/mnist-net_256x2/image_2/mnist-net_256x2_2_0_181.mps
1,0.201,TIMEOUT,3600.058609485626,Symphony,,mnist-net_256x2,image_2,/home/annelot/WARMSTART_PROJECT/baseline_symphony_21-01-2026+15_00/tmp/mnist-net_256x2/image_2/mnist-net_256x2_2_0_201.mps
2,0.161,TIMEOUT,3600.06543302536,Symphony,,mnist-net_256x2,image_2,/home/annelot/WARMSTART_PROJECT/baseline_symphony_21-01-2026+15_00/tmp/mnist-net_256x2/image_2/mnist-net_256x2_2_0_161.mps
3,0.221,TIMEOUT,3600.0640938282013,Symphony,,mnist-net_256x2,image_2,/home/annelot/WARMSTART_PROJECT/baseline_symphony_21-01-2026+15_00/tmp/mnist-net_256x2/image_2/mnist-net_256x2_2_0_221.mps
4,0.141,TIMEOUT,3600.061329603195,Symphony,,mnist-net_256x2,image_2,/home/annelot/WARMSTART_PROJECT/baseline_symphony_21-01-2026+15_00/tmp/mnist-net_256x2/image_2/mnist-net_256x2_2_0_141.mps
5,0.241,TIMEOUT,3600.060182094574,Symphony,,mnist-net_256x2,image_2,/home/annelot/WARMSTART_PROJECT/baseline_symphony_21-01-2026+15_00/tmp/mnist-net_256x2/image_2/mnist-net_256x2_2_0_241.mps
6,0.121,TIMEOUT,3600.0556008815765,Symphony,,mnist-net_256x2,image_2,/home/annelot/WARMSTART_PROJECT/baseline_symphony_21-01-2026+15_00/tmp/mnist-net_256x2/image_2/mnist-net_256x2_2_0_121.mps
7,0.261,TIMEOUT,3600.0666632652283,Symphony,,mnist-net_256x2,image_2,/home/annelot/WARMSTART_PROJECT/baseline_symphony_21-01-2026+15_00/tmp/mnist-net_256x2/image_2/mnist-net_256x2_2_0_261.mps
8,0.101,TIMEOUT,3600.072938680649,Symphony,,mnist-net_256x2,image_2,/home/annelot/WARMSTART_PROJECT/baseline_symphony_21-01-2026+15_00/tmp/mnist-net_256x2/image_2/mnist-net_256x2_2_0_101.mps
9,0.281,TIMEOUT,3600.060353755951,Symphony,,mnist-net_256x2,image_2,/home/annelot/WARMSTART_PROJECT/baseline_symphony_21-01-2026+15_00/tmp/mnist-net_256x2/image_2/mnist-net_256x2_2_0_281.mps
10,0.081,TIMEOUT,3600.0729162693024,Symphony,,mnist-net_256x2,image_2,/home/annelot/WARMSTART_PROJECT/baseline_symphony_21-01-2026+15_00/tmp/mnist-net_256x2/image_2/mnist-net_256x2_2_0_081.mps
11,0.301,TIMEOUT,3600.0527567863464,Symphony,,mnist-net_256x2,image_2,/home/annelot/WARMSTART_PROJECT/baseline_symphony_21-01-2026+15_00/tmp/mnist-net_256x2/image_2/mnist-net_256x2_2_0_301.mps
12,0.061,TIMEOUT,3600.069560527801,Symphony,,mnist-net_256x2,image_2,/home/annelot/WARMSTART_PROJECT/baseline_symphony_21-01-2026+15_00/tmp/mnist-net_256x2/image_2/mnist-net_256x2_2_0_061.mps
13,0.321,TIMEOUT,3600.0637476444244,Symphony,,mnist-net_256x2,image_2,/home/annelot/WARMSTART_PROJECT/baseline_symphony_21-01-2026+15_00/tmp/mnist-net_256x2/image_2/mnist-net_256x2_2_0_321.mps
14,0.041,TIMEOUT,3600.047483921051,Symphony,,mnist-net_256x2,image_2,/home/annelot/WARMSTART_PROJECT/baseline_symphony_21-01-2026+15_00/tmp/mnist-net_256x2/image_2/mnist-net_256x2_2_0_041.mps
15,0.341,TIMEOUT,3600.062307357788,Symphony,,mnist-net_256x2,image_2,/home/annelot/WARMSTART_PROJECT/baseline_symphony_21-01-2026+15_00/tmp/mnist-net_256x2/image_2/mnist-net_256x2_2_0_341.mps
16,0.021,UNSAT,0.357,Symphony,,mnist-net_256x2,image_2,/home/annelot/WARMSTART_PROJECT/baseline_symphony_21-01-2026+15_00/tmp/mnist-net_256x2/image_2/mnist-net_256x2_2_0_021.mps
17,0.361,TIMEOUT,3600.051928281784,Symphony,,mnist-net_256x2,image_2,/home/annelot/WARMSTART_PROJECT/baseline_symphony_21-01-2026+15_00/tmp/mnist-net_256x2/image_2/mnist-net_256x2_2_0_361.mps
18,0.381,TIMEOUT,3600.048282623291,Symphony,,mnist-net_256x2,image_2,/home/annelot/WARMSTART_PROJECT/baseline_symphony_21-01-2026+15_00/tmp/mnist-net_256x2/image_2/mnist-net_256x2_2_0_381.mps
20,0.023,UNSAT,5.925,Symphony,,mnist-net_256x2,image_2,/home/annelot/WARMSTART_PROJECT/baseline_symphony_21-01-2026+15_00/tmp/mnist-net_256x2/image_2/mnist-net_256x2_2_0_023.mps
21,0.025,UNSAT,23.146,Symphony,,mnist-net_256x2,image_2,/home/annelot/WARMSTART_PROJECT/baseline_symphony_21-01-2026+15_00/tmp/mnist-net_256x2/image_2/mnist-net_256x2_2_0_025.mps
22,0.027,UNSAT,43.903,Symphony,,mnist-net_256x2,image_2,/home/annelot/WARMSTART_PROJECT/baseline_symphony_21-01-2026+15_00/tmp/mnist-net_256x2/image_2/mnist-net_256x2_2_0_027.mps
23,0.029,UNSAT,133.2,Symphony,,mnist-net_256x2,image_2,/home/annelot/WARMSTART_PROJECT/baseline_symphony_21-01-2026+15_00/tmp/mnist-net_256x2/image_2/mnist-net_256x2_2_0_029.mps
24,0.031,UNSAT,1081.033,Symphony,,mnist-net_256x2,image_2,/home/annelot/WARMSTART_PROJECT/baseline_symphony_21-01-2026+15_00/tmp/mnist-net_256x2/image_2/mnist-net_256x2_2_0_031.mps
25,0.033,UNSAT,1782.442,Symphony,,mnist-net_256x2,image_2,/home/annelot/WARMSTART_PROJECT/baseline_symphony_21-01-2026+15_00/tmp/mnist-net_256x2/image_2/mnist-net_256x2_2_0_033.mps
26,0.035,TIMEOUT,3600.039719104767,Symphony,,mnist-net_256x2,image_2,/home/annelot/WARMSTART_PROJECT/baseline_symphony_21-01-2026+15_00/tmp/mnist-net_256x2/image_2/mnist-net_256x2_2_0_035.mps
0,0.181,TIMEOUT,3600.0627665519714,Symphony,,mnist-net_256x2,image_1,/home/annelot/WARMSTART_PROJECT/baseline_symphony_21-01-2026+15_00/tmp/mnist-net_256x2/image_1/mnist-net_256x2_1_0_181.mps
1,0.201,TIMEOUT,3600.093456745148,Symphony,,mnist-net_256x2,image_1,/home/annelot/WARMSTART_PROJECT/baseline_symphony_21-01-2026+15_00/tmp/mnist-net_256x2/image_1/mnist-net_256x2_1_0_201.mps
2,0.161,TIMEOUT,3600.070246219635,Symphony,,mnist-net_256x2,image_1,/home/annelot/WARMSTART_PROJECT/baseline_symphony_21-01-2026+15_00/tmp/mnist-net_256x2/image_1/mnist-net_256x2_1_0_161.mps
3,0.221,TIMEOUT,3600.0915467739105,Symphony,,mnist-net_256x2,image_1,/home/annelot/WARMSTART_PROJECT/baseline_symphony_21-01-2026+15_00/tmp/mnist-net_256x2/image_1/mnist-net_256x2_1_0_221.mps
4,0.141,TIMEOUT,3600.058045148849,Symphony,,mnist-net_256x2,image_1,/home/annelot/WARMSTART_PROJECT/baseline_symphony_21-01-2026+15_00/tmp/mnist-net_256x2/image_1/mnist-net_256x2_1_0_141.mps
5,0.241,TIMEOUT,3600.0718579292297,Symphony,,mnist-net_256x2,image_1,/home/annelot/WARMSTART_PROJECT/baseline_symphony_21-01-2026+15_00/tmp/mnist-net_256x2/image_1/mnist-net_256x2_1_0_241.mps
6,0.121,TIMEOUT,3600.0747468471527,Symphony,,mnist-net_256x2,image_1,/home/annelot/WARMSTART_PROJECT/baseline_symphony_21-01-2026+15_00/tmp/mnist-net_256x2/image_1/mnist-net_256x2_1_0_121.mps
7,0.261,TIMEOUT,3600.0534813404083,Symphony,,mnist-net_256x2,image_1,/home/annelot/WARMSTART_PROJECT/baseline_symphony_21-01-2026+15_00/tmp/mnist-net_256x2/image_1/mnist-net_256x2_1_0_261.mps
8,0.101,TIMEOUT,3600.0708503723145,Symphony,,mnist-net_256x2,image_1,/home/annelot/WARMSTART_PROJECT/baseline_symphony_21-01-2026+15_00/tmp/mnist-net_256x2/image_1/mnist-net_256x2_1_0_101.mps
9,0.281,TIMEOUT,3600.0670552253723,Symphony,,mnist-net_256x2,image_1,/home/annelot/WARMSTART_PROJECT/baseline_symphony_21-01-2026+15_00/tmp/mnist-net_256x2/image_1/mnist-net_256x2_1_0_281.mps
10,0.081,TIMEOUT,3600.048276424408,Symphony,,mnist-net_256x2,image_1,/home/annelot/WARMSTART_PROJECT/baseline_symphony_21-01-2026+15_00/tmp/mnist-net_256x2/image_1/mnist-net_256x2_1_0_081.mps
11,0.301,TIMEOUT,3600.077682495117,Symphony,,mnist-net_256x2,image_1,/home/annelot/WARMSTART_PROJECT/baseline_symphony_21-01-2026+15_00/tmp/mnist-net_256x2/image_1/mnist-net_256x2_1_0_301.mps
12,0.061,TIMEOUT,3600.045269727707,Symphony,,mnist-net_256x2,image_1,/home/annelot/WARMSTART_PROJECT/baseline_symphony_21-01-2026+15_00/tmp/mnist-net_256x2/image_1/mnist-net_256x2_1_0_061.mps
13,0.321,TIMEOUT,3600.0592398643494,Symphony,,mnist-net_256x2,image_1,/home/annelot/WARMSTART_PROJECT/baseline_symphony_21-01-2026+15_00/tmp/mnist-net_256x2/image_1/mnist-net_256x2_1_0_321.mps
14,0.041,UNSAT,59.981,Symphony,,mnist-net_256x2,image_1,/home/annelot/WARMSTART_PROJECT/baseline_symphony_21-01-2026+15_00/tmp/mnist-net_256x2/image_1/mnist-net_256x2_1_0_041.mps
15,0.361,TIMEOUT,3600.063469171524,Symphony,,mnist-net_256x2,image_1,/home/annelot/WARMSTART_PROJECT/baseline_symphony_21-01-2026+15_00/tmp/mnist-net_256x2/image_1/mnist-net_256x2_1_0_361.mps
16,0.341,TIMEOUT,3600.0685980319977,Symphony,,mnist-net_256x2,image_1,/home/annelot/WARMSTART_PROJECT/baseline_symphony_21-01-2026+15_00/tmp/mnist-net_256x2/image_1/mnist-net_256x2_1_0_341.mps
17,0.381,TIMEOUT,3600.06062412262,Symphony,,mnist-net_256x2,image_1,/home/annelot/WARMSTART_PROJECT/baseline_symphony_21-01-2026+15_00/tmp/mnist-net_256x2/image_1/mnist-net_256x2_1_0_381.mps
18,0.021,UNSAT,,Symphony,,mnist-net_256x2,image_1,/home/annelot/WARMSTART_PROJECT/baseline_symphony_21-01-2026+15_00/tmp/mnist-net_256x2/image_1/mnist-net_256x2_1_0_021.mps
19,0.023,UNSAT,,Symphony,,mnist-net_256x2,image_1,/home/annelot/WARMSTART_PROJECT/baseline_symphony_21-01-2026+15_00/tmp/mnist-net_256x2/image_1/mnist-net_256x2_1_0_023.mps
20,0.025,UNSAT,,Symphony,,mnist-net_256x2,image_1,/home/annelot/WARMSTART_PROJECT/baseline_symphony_21-01-2026+15_00/tmp/mnist-net_256x2/image_1/mnist-net_256x2_1_0_025.mps
21,0.027,UNSAT,,Symphony,,mnist-net_256x2,image_1,/home/annelot/WARMSTART_PROJECT/baseline_symphony_21-01-2026+15_00/tmp/mnist-net_256x2/image_1/mnist-net_256x2_1_0_027.mps
22,0.029,UNSAT,0.291,Symphony,,mnist-net_256x2,image_1,/home/annelot/WARMSTART_PROJECT/baseline_symphony_21-01-2026+15_00/tmp/mnist-net_256x2/image_1/mnist-net_256x2_1_0_029.mps
23,0.031,UNSAT,2.51,Symphony,,mnist-net_256x2,image_1,/home/annelot/WARMSTART_PROJECT/baseline_symphony_21-01-2026+15_00/tmp/mnist-net_256x2/image_1/mnist-net_256x2_1_0_031.mps
24,0.033,UNSAT,12.53,Symphony,,mnist-net_256x2,image_1,/home/annelot/WARMSTART_PROJECT/baseline_symphony_21-01-2026+15_00/tmp/mnist-net_256x2/image_1/mnist-net_256x2_1_0_033.mps
25,0.035,UNSAT,17.067,Symphony,,mnist-net_256x2,image_1,/home/annelot/WARMSTART_PROJECT/baseline_symphony_21-01-2026+15_00/tmp/mnist-net_256x2/image_1/mnist-net_256x2_1_0_035.mps
26,0.037,UNSAT,33.856,Symphony,,mnist-net_256x2,image_1,/home/annelot/WARMSTART_PROJECT/baseline_symphony_21-01-2026+15_00/tmp/mnist-net_256x2/image_1/mnist-net_256x2_1_0_037.mps
27,0.039,UNSAT,28.326,Symphony,,mnist-net_256x2,image_1,/home/annelot/WARMSTART_PROJECT/baseline_symphony_21-01-2026+15_00/tmp/mnist-net_256x2/image_1/mnist-net_256x2_1_0_039.mps
29,0.043,UNSAT,228.703,Symphony,,mnist-net_256x2,image_1,/home/annelot/WARMSTART_PROJECT/baseline_symphony_21-01-2026+15_00/tmp/mnist-net_256x2/image_1/mnist-net_256x2_1_0_043.mps
30,0.045,UNSAT,356.357,Symphony,,mnist-net_256x2,image_1,/home/annelot/WARMSTART_PROJECT/baseline_symphony_21-01-2026+15_00/tmp/mnist-net_256x2/image_1/mnist-net_256x2_1_0_045.mps
31,0.047,UNSAT,1150.715,Symphony,,mnist-net_256x2,image_1,/home/annelot/WARMSTART_PROJECT/baseline_symphony_21-01-2026+15_00/tmp/mnist-net_256x2/image_1/mnist-net_256x2_1_0_047.mps
32,0.049,UNSAT,777.768,Symphony,,mnist-net_256x2,image_1,/home/annelot/WARMSTART_PROJECT/baseline_symphony_21-01-2026+15_00/tmp/mnist-net_256x2/image_1/mnist-net_256x2_1_0_049.mps
33,0.051,UNSAT,3104.372,Symphony,,mnist-net_256x2,image_1,/home/annelot/WARMSTART_PROJECT/baseline_symphony_21-01-2026+15_00/tmp/mnist-net_256x2/image_1/mnist-net_256x2_1_0_051.mps
34,0.053,TIMEOUT,3600.0418543815613,Symphony,,mnist-net_256x2,image_1,/home/annelot/WARMSTART_PROJECT/baseline_symphony_21-01-2026+15_00/tmp/mnist-net_256x2/image_1/mnist-net_256x2_1_0_053.mps
0,0.181,TIMEOUT,3600.0860357284546,Symphony,,mnist-net_256x2,image_5,/home/annelot/WARMSTART_PROJECT/baseline_symphony_21-01-2026+15_00/tmp/mnist-net_256x2/image_5/mnist-net_256x2_5_0_181.mps
1,0.201,TIMEOUT,3600.0739336013794,Symphony,,mnist-net_256x2,image_5,/home/annelot/WARMSTART_PROJECT/baseline_symphony_21-01-2026+15_00/tmp/mnist-net_256x2/image_5/mnist-net_256x2_5_0_201.mps
2,0.161,TIMEOUT,3600.0810079574585,Symphony,,mnist-net_256x2,image_5,/home/annelot/WARMSTART_PROJECT/baseline_symphony_21-01-2026+15_00/tmp/mnist-net_256x2/image_5/mnist-net_256x2_5_0_161.mps
3,0.221,TIMEOUT,3600.064273118973,Symphony,,mnist-net_256x2,image_5,/home/annelot/WARMSTART_PROJECT/baseline_symphony_21-01-2026+15_00/tmp/mnist-net_256x2/image_5/mnist-net_256x2_5_0_221.mps
4,0.141,TIMEOUT,3600.0692298412323,Symphony,,mnist-net_256x2,image_5,/home/annelot/WARMSTART_PROJECT/baseline_symphony_21-01-2026+15_00/tmp/mnist-net_256x2/image_5/mnist-net_256x2_5_0_141.mps
5,0.241,TIMEOUT,3600.0563671588898,Symphony,,mnist-net_256x2,image_5,/home/annelot/WARMSTART_PROJECT/baseline_symphony_21-01-2026+15_00/tmp/mnist-net_256x2/image_5/mnist-net_256x2_5_0_241.mps
6,0.121,TIMEOUT,3600.0576605796814,Symphony,,mnist-net_256x2,image_5,/home/annelot/WARMSTART_PROJECT/baseline_symphony_21-01-2026+15_00/tmp/mnist-net_256x2/image_5/mnist-net_256x2_5_0_121.mps
7,0.261,TIMEOUT,3600.0572867393494,Symphony,,mnist-net_256x2,image_5,/home/annelot/WARMSTART_PROJECT/baseline_symphony_21-01-2026+15_00/tmp/mnist-net_256x2/image_5/mnist-net_256x2_5_0_261.mps
8,0.101,TIMEOUT,3600.05086684227,Symphony,,mnist-net_256x2,image_5,/home/annelot/WARMSTART_PROJECT/baseline_symphony_21-01-2026+15_00/tmp/mnist-net_256x2/image_5/mnist-net_256x2_5_0_101.mps
9,0.281,TIMEOUT,3600.057868242264,Symphony,,mnist-net_256x2,image_5,/home/annelot/WARMSTART_PROJECT/baseline_symphony_21-01-2026+15_00/tmp/mnist-net_256x2/image_5/mnist-net_256x2_5_0_281.mps
10,0.081,TIMEOUT,3600.066864967346,Symphony,,mnist-net_256x2,image_5,/home/annelot/WARMSTART_PROJECT/baseline_symphony_21-01-2026+15_00/tmp/mnist-net_256x2/image_5/mnist-net_256x2_5_0_081.mps
11,0.301,TIMEOUT,3600.051317214966,Symphony,,mnist-net_256x2,image_5,/home/annelot/WARMSTART_PROJECT/baseline_symphony_21-01-2026+15_00/tmp/mnist-net_256x2/image_5/mnist-net_256x2_5_0_301.mps
12,0.061,TIMEOUT,3600.0543670654297,Symphony,,mnist-net_256x2,image_5,/home/annelot/WARMSTART_PROJECT/baseline_symphony_21-01-2026+15_00/tmp/mnist-net_256x2/image_5/mnist-net_256x2_5_0_061.mps
13,0.321,TIMEOUT,3600.063158750534,Symphony,,mnist-net_256x2,image_5,/home/annelot/WARMSTART_PROJECT/baseline_symphony_21-01-2026+15_00/tmp/mnist-net_256x2/image_5/mnist-net_256x2_5_0_321.mps
14,0.041,TIMEOUT,3600.050109148025,Symphony,,mnist-net_256x2,image_5,/home/annelot/WARMSTART_PROJECT/baseline_symphony_21-01-2026+15_00/tmp/mnist-net_256x2/image_5/mnist-net_256x2_5_0_041.mps
15,0.341,TIMEOUT,3600.0518469810486,Symphony,,mnist-net_256x2,image_5,/home/annelot/WARMSTART_PROJECT/baseline_symphony_21-01-2026+15_00/tmp/mnist-net_256x2/image_5/mnist-net_256x2_5_0_341.mps
16,0.021,UNSAT,,Symphony,,mnist-net_256x2,image_5,/home/annelot/WARMSTART_PROJECT/baseline_symphony_21-01-2026+15_00/tmp/mnist-net_256x2/image_5/mnist-net_256x2_5_0_021.mps
17,0.361,TIMEOUT,3600.05464720726,Symphony,,mnist-net_256x2,image_5,/home/annelot/WARMSTART_PROJECT/baseline_symphony_21-01-2026+15_00/tmp/mnist-net_256x2/image_5/mnist-net_256x2_5_0_361.mps
18,0.381,TIMEOUT,3600.051963329315,Symphony,,mnist-net_256x2,image_5,/home/annelot/WARMSTART_PROJECT/baseline_symphony_21-01-2026+15_00/tmp/mnist-net_256x2/image_5/mnist-net_256x2_5_0_381.mps
20,0.023,UNSAT,,Symphony,,mnist-net_256x2,image_5,/home/annelot/WARMSTART_PROJECT/baseline_symphony_21-01-2026+15_00/tmp/mnist-net_256x2/image_5/mnist-net_256x2_5_0_023.mps
21,0.025,UNSAT,0.363,Symphony,,mnist-net_256x2,image_5,/home/annelot/WARMSTART_PROJECT/baseline_symphony_21-01-2026+15_00/tmp/mnist-net_256x2/image_5/mnist-net_256x2_5_0_025.mps
22,0.027,UNSAT,5.934,Symphony,,mnist-net_256x2,image_5,/home/annelot/WARMSTART_PROJECT/baseline_symphony_21-01-2026+15_00/tmp/mnist-net_256x2/image_5/mnist-net_256x2_5_0_027.mps
23,0.029,UNSAT,35.495,Symphony,,mnist-net_256x2,image_5,/home/annelot/WARMSTART_PROJECT/baseline_symphony_21-01-2026+15_00/tmp/mnist-net_256x2/image_5/mnist-net_256x2_5_0_029.mps
24,0.031,UNSAT,32.832,Symphony,,mnist-net_256x2,image_5,/home/annelot/WARMSTART_PROJECT/baseline_symphony_21-01-2026+15_00/tmp/mnist-net_256x2/image_5/mnist-net_256x2_5_0_031.mps
25,0.033,UNSAT,495.006,Symphony,,mnist-net_256x2,image_5,/home/annelot/WARMSTART_PROJECT/baseline_symphony_21-01-2026+15_00/tmp/mnist-net_256x2/image_5/mnist-net_256x2_5_0_033.mps
26,0.035,UNSAT,191.347,Symphony,,mnist-net_256x2,image_5,/home/annelot/WARMSTART_PROJECT/baseline_symphony_21-01-2026+15_00/tmp/mnist-net_256x2/image_5/mnist-net_256x2_5_0_035.mps
27,0.037,UNSAT,325.092,Symphony,,mnist-net_256x2,image_5,/home/annelot/WARMSTART_PROJECT/baseline_symphony_21-01-2026+15_00/tmp/mnist-net_256x2/image_5/mnist-net_256x2_5_0_037.mps
28,0.039,TIMEOUT,3600.040333032608,Symphony,,mnist-net_256x2,image_5,/home/annelot/WARMSTART_PROJECT/baseline_symphony_21-01-2026+15_00/tmp/mnist-net_256x2/image_5/mnist-net_256x2_5_0_039.mps
0,0.181,TIMEOUT,3600.063792705536,Symphony,,mnist-net_256x2,image_0,/home/annelot/WARMSTART_PROJECT/baseline_symphony_21-01-2026+15_00/tmp/mnist-net_256x2/image_0/mnist-net_256x2_0_0_181.mps
1,0.201,TIMEOUT,3600.07577252388,Symphony,,mnist-net_256x2,image_0,/home/annelot/WARMSTART_PROJECT/baseline_symphony_21-01-2026+15_00/tmp/mnist-net_256x2/image_0/mnist-net_256x2_0_0_201.mps
2,0.161,TIMEOUT,3600.074990272522,Symphony,,mnist-net_256x2,image_0,/home/annelot/WARMSTART_PROJECT/baseline_symphony_21-01-2026+15_00/tmp/mnist-net_256x2/image_0/mnist-net_256x2_0_0_161.mps
3,0.221,TIMEOUT,3600.0782086849213,Symphony,,mnist-net_256x2,image_0,/home/annelot/WARMSTART_PROJECT/baseline_symphony_21-01-2026+15_00/tmp/mnist-net_256x2/image_0/mnist-net_256x2_0_0_221.mps
4,0.141,TIMEOUT,3600.05558180809,Symphony,,mnist-net_256x2,image_0,/home/annelot/WARMSTART_PROJECT/baseline_symphony_21-01-2026+15_00/tmp/mnist-net_256x2/image_0/mnist-net_256x2_0_0_141.mps
5,0.241,TIMEOUT,3600.0683665275574,Symphony,,mnist-net_256x2,image_0,/home/annelot/WARMSTART_PROJECT/baseline_symphony_21-01-2026+15_00/tmp/mnist-net_256x2/image_0/mnist-net_256x2_0_0_241.mps
6,0.121,TIMEOUT,3600.061655044556,Symphony,,mnist-net_256x2,image_0,/home/annelot/WARMSTART_PROJECT/baseline_symphony_21-01-2026+15_00/tmp/mnist-net_256x2/image_0/mnist-net_256x2_0_0_121.mps
7,0.261,TIMEOUT,3600.0608298778534,Symphony,,mnist-net_256x2,image_0,/home/annelot/WARMSTART_PROJECT/baseline_symphony_21-01-2026+15_00/tmp/mnist-net_256x2/image_0/mnist-net_256x2_0_0_261.mps
8,0.101,TIMEOUT,3600.04889535904,Symphony,,mnist-net_256x2,image_0,/home/annelot/WARMSTART_PROJECT/baseline_symphony_21-01-2026+15_00/tmp/mnist-net_256x2/image_0/mnist-net_256x2_0_0_101.mps
9,0.281,TIMEOUT,3600.054471731186,Symphony,,mnist-net_256x2,image_0,/home/annelot/WARMSTART_PROJECT/baseline_symphony_21-01-2026+15_00/tmp/mnist-net_256x2/image_0/mnist-net_256x2_0_0_281.mps
10,0.081,TIMEOUT,3600.047271728516,Symphony,,mnist-net_256x2,image_0,/home/annelot/WARMSTART_PROJECT/baseline_symphony_21-01-2026+15_00/tmp/mnist-net_256x2/image_0/mnist-net_256x2_0_0_081.mps
11,0.301,TIMEOUT,3600.0618937015533,Symphony,,mnist-net_256x2,image_0,/home/annelot/WARMSTART_PROJECT/baseline_symphony_21-01-2026+15_00/tmp/mnist-net_256x2/image_0/mnist-net_256x2_0_0_301.mps
12,0.061,TIMEOUT,3600.0461432933807,Symphony,,mnist-net_256x2,image_0,/home/annelot/WARMSTART_PROJECT/baseline_symphony_21-01-2026+15_00/tmp/mnist-net_256x2/image_0/mnist-net_256x2_0_0_061.mps
13,0.321,TIMEOUT,3600.06141281128,Symphony,,mnist-net_256x2,image_0,/home/annelot/WARMSTART_PROJECT/baseline_symphony_21-01-2026+15_00/tmp/mnist-net_256x2/image_0/mnist-net_256x2_0_0_321.mps
14,0.041,TIMEOUT,3600.040198326111,Symphony,,mnist-net_256x2,image_0,/home/annelot/WARMSTART_PROJECT/baseline_symphony_21-01-2026+15_00/tmp/mnist-net_256x2/image_0/mnist-net_256x2_0_0_041.mps
15,0.341,TIMEOUT,3600.06825876236,Symphony,,mnist-net_256x2,image_0,/home/annelot/WARMSTART_PROJECT/baseline_symphony_21-01-2026+15_00/tmp/mnist-net_256x2/image_0/mnist-net_256x2_0_0_341.mps
16,0.021,UNSAT,129.461,Symphony,,mnist-net_256x2,image_0,/home/annelot/WARMSTART_PROJECT/baseline_symphony_21-01-2026+15_00/tmp/mnist-net_256x2/image_0/mnist-net_256x2_0_0_021.mps
17,0.361,TIMEOUT,3600.06471157074,Symphony,,mnist-net_256x2,image_0,/home/annelot/WARMSTART_PROJECT/baseline_symphony_21-01-2026+15_00/tmp/mnist-net_256x2/image_0/mnist-net_256x2_0_0_361.mps
18,0.381,TIMEOUT,3600.0648176670074,Symphony,,mnist-net_256x2,image_0,/home/annelot/WARMSTART_PROJECT/baseline_symphony_21-01-2026+15_00/tmp/mnist-net_256x2/image_0/mnist-net_256x2_0_0_381.mps
20,0.023,UNSAT,142.383,Symphony,,mnist-net_256x2,image_0,/home/annelot/WARMSTART_PROJECT/baseline_symphony_21-01-2026+15_00/tmp/mnist-net_256x2/image_0/mnist-net_256x2_0_0_023.mps
21,0.025,UNSAT,2363.3,Symphony,,mnist-net_256x2,image_0,/home/annelot/WARMSTART_PROJECT/baseline_symphony_21-01-2026+15_00/tmp/mnist-net_256x2/image_0/mnist-net_256x2_0_0_025.mps
22,0.027,TIMEOUT,3600.04151058197,Symphony,,mnist-net_256x2,image_0,/home/annelot/WARMSTART_PROJECT/baseline_symphony_21-01-2026+15_00/tmp/mnist-net_256x2/image_0/mnist-net_256x2_0_0_027.mps
0,0.181,TIMEOUT,3600.0584275722504,Symphony,,mnist-net_256x2,image_4,/home/annelot/WARMSTART_PROJECT/baseline_symphony_21-01-2026+15_00/tmp/mnist-net_256x2/image_4/mnist-net_256x2_4_0_181.mps
1,0.201,TIMEOUT,3600.066230773926,Symphony,,mnist-net_256x2,image_4,/home/annelot/WARMSTART_PROJECT/baseline_symphony_21-01-2026+15_00/tmp/mnist-net_256x2/image_4/mnist-net_256x2_4_0_201.mps
2,0.161,TIMEOUT,3600.059543609619,Symphony,,mnist-net_256x2,image_4,/home/annelot/WARMSTART_PROJECT/baseline_symphony_21-01-2026+15_00/tmp/mnist-net_256x2/image_4/mnist-net_256x2_4_0_161.mps
3,0.221,TIMEOUT,3600.071375846863,Symphony,,mnist-net_256x2,image_4,/home/annelot/WARMSTART_PROJECT/baseline_symphony_21-01-2026+15_00/tmp/mnist-net_256x2/image_4/mnist-net_256x2_4_0_221.mps
4,0.141,TIMEOUT,3600.0636687278748,Symphony,,mnist-net_256x2,image_4,/home/annelot/WARMSTART_PROJECT/baseline_symphony_21-01-2026+15_00/tmp/mnist-net_256x2/image_4/mnist-net_256x2_4_0_141.mps
5,0.241,TIMEOUT,3600.057108402252,Symphony,,mnist-net_256x2,image_4,/home/annelot/WARMSTART_PROJECT/baseline_symphony_21-01-2026+15_00/tmp/mnist-net_256x2/image_4/mnist-net_256x2_4_0_241.mps
6,0.121,TIMEOUT,3600.074691295624,Symphony,,mnist-net_256x2,image_4,/home/annelot/WARMSTART_PROJECT/baseline_symphony_21-01-2026+15_00/tmp/mnist-net_256x2/image_4/mnist-net_256x2_4_0_121.mps
7,0.261,TIMEOUT,3600.0658066272736,Symphony,,mnist-net_256x2,image_4,/home/annelot/WARMSTART_PROJECT/baseline_symphony_21-01-2026+15_00/tmp/mnist-net_256x2/image_4/mnist-net_256x2_4_0_261.mps
8,0.101,SAT,2243.045,Symphony,,mnist-net_256x2,image_4,/home/annelot/WARMSTART_PROJECT/baseline_symphony_21-01-2026+15_00/tmp/mnist-net_256x2/image_4/mnist-net_256x2_4_0_101.mps
9,0.041,SAT,660.001,Symphony,,mnist-net_256x2,image_4,/home/annelot/WARMSTART_PROJECT/baseline_symphony_21-01-2026+15_00/tmp/mnist-net_256x2/image_4/mnist-net_256x2_4_0_041.mps
10,0.001,UNSAT,32.31206464767456,Symphony,,mnist-net_256x2,image_4,/home/annelot/WARMSTART_PROJECT/baseline_symphony_21-01-2026+15_00/tmp/mnist-net_256x2/image_4/mnist-net_256x2_4_0_001.mps
11,0.021,UNSAT,5.507,Symphony,,mnist-net_256x2,image_4,/home/annelot/WARMSTART_PROJECT/baseline_symphony_21-01-2026+15_00/tmp/mnist-net_256x2/image_4/mnist-net_256x2_4_0_021.mps
13,0.023,UNSAT,9.055,Symphony,,mnist-net_256x2,image_4,/home/annelot/WARMSTART_PROJECT/baseline_symphony_21-01-2026+15_00/tmp/mnist-net_256x2/image_4/mnist-net_256x2_4_0_023.mps
14,0.025,UNSAT,22.872,Symphony,,mnist-net_256x2,image_4,/home/annelot/WARMSTART_PROJECT/baseline_symphony_21-01-2026+15_00/tmp/mnist-net_256x2/image_4/mnist-net_256x2_4_0_025.mps
15,0.027,SAT,102.745,Symphony,,mnist-net_256x2,image_4,/home/annelot/WARMSTART_PROJECT/baseline_symphony_21-01-2026+15_00/tmp/mnist-net_256x2/image_4/mnist-net_256x2_4_0_027.mps
16,0.029,SAT,53.919,Symphony,,mnist-net_256x2,image_4,/home/annelot/WARMSTART_PROJECT/baseline_symphony_21-01-2026+15_00/tmp/mnist-net_256x2/image_4/mnist-net_256x2_4_0_029.mps
17,0.031,SAT,36.145,Symphony,,mnist-net_256x2,image_4,/home/annelot/WARMSTART_PROJECT/baseline_symphony_21-01-2026+15_00/tmp/mnist-net_256x2/image_4/mnist-net_256x2_4_0_031.mps
18,0.033,SAT,294.21,Symphony,,mnist-net_256x2,image_4,/home/annelot/WARMSTART_PROJECT/baseline_symphony_21-01-2026+15_00/tmp/mnist-net_256x2/image_4/mnist-net_256x2_4_0_033.mps
19,0.035,SAT,259.175,Symphony,,mnist-net_256x2,image_4,/home/annelot/WARMSTART_PROJECT/baseline_symphony_21-01-2026+15_00/tmp/mnist-net_256x2/image_4/mnist-net_256x2_4_0_035.mps
20,0.037,SAT,264.557,Symphony,,mnist-net_256x2,image_4,/home/annelot/WARMSTART_PROJECT/baseline_symphony_21-01-2026+15_00/tmp/mnist-net_256x2/image_4/mnist-net_256x2_4_0_037.mps
21,0.039,SAT,1314.234,Symphony,,mnist-net_256x2,image_4,/home/annelot/WARMSTART_PROJECT/baseline_symphony_21-01-2026+15_00/tmp/mnist-net_256x2/image_4/mnist-net_256x2_4_0_039.mps
22,0.041,SAT,899.682,Symphony,,mnist-net_256x2,image_4,/home/annelot/WARMSTART_PROJECT/baseline_symphony_21-01-2026+15_00/tmp/mnist-net_256x2/image_4/mnist-net_256x2_4_0_041.mps
23,0.039,SAT,622.043,Symphony,,mnist-net_256x2,image_4,/home/annelot/WARMSTART_PROJECT/baseline_symphony_21-01-2026+15_00/tmp/mnist-net_256x2/image_4/mnist-net_256x2_4_0_039.mps
24,0.037,SAT,134.604,Symphony,,mnist-net_256x2,image_4,/home/annelot/WARMSTART_PROJECT/baseline_symphony_21-01-2026+15_00/tmp/mnist-net_256x2/image_4/mnist-net_256x2_4_0_037.mps
25,0.035,SAT,123.115,Symphony,,mnist-net_256x2,image_4,/home/annelot/WARMSTART_PROJECT/baseline_symphony_21-01-2026+15_00/tmp/mnist-net_256x2/image_4/mnist-net_256x2_4_0_035.mps
26,0.033,SAT,139.937,Symphony,,mnist-net_256x2,image_4,/home/annelot/WARMSTART_PROJECT/baseline_symphony_21-01-2026+15_00/tmp/mnist-net_256x2/image_4/mnist-net_256x2_4_0_033.mps
27,0.031,SAT,16.57,Symphony,,mnist-net_256x2,image_4,/home/annelot/WARMSTART_PROJECT/baseline_symphony_21-01-2026+15_00/tmp/mnist-net_256x2/image_4/mnist-net_256x2_4_0_031.mps
28,0.029,SAT,26.266,Symphony,,mnist-net_256x2,image_4,/home/annelot/WARMSTART_PROJECT/baseline_symphony_21-01-2026+15_00/tmp/mnist-net_256x2/image_4/mnist-net_256x2_4_0_029.mps
29,0.027,SAT,46.305,Symphony,,mnist-net_256x2,image_4,/home/annelot/WARMSTART_PROJECT/baseline_symphony_21-01-2026+15_00/tmp/mnist-net_256x2/image_4/mnist-net_256x2_4_0_027.mps
33,0.019,UNSAT,1.449,Symphony,,mnist-net_256x2,image_4,/home/annelot/WARMSTART_PROJECT/baseline_symphony_21-01-2026+15_00/tmp/mnist-net_256x2/image_4/mnist-net_256x2_4_0_019.mps
34,0.017,UNSAT,0.19,Symphony,,mnist-net_256x2,image_4,/home/annelot/WARMSTART_PROJECT/baseline_symphony_21-01-2026+15_00/tmp/mnist-net_256x2/image_4/mnist-net_256x2_4_0_017.mps
35,0.015,UNSAT,,Symphony,,mnist-net_256x2,image_4,/home/annelot/WARMSTART_PROJECT/baseline_symphony_21-01-2026+15_00/tmp/mnist-net_256x2/image_4/mnist-net_256x2_4_0_015.mps
36,0.013,UNSAT,,Symphony,,mnist-net_256x2,image_4,/home/annelot/WARMSTART_PROJECT/baseline_symphony_21-01-2026+15_00/tmp/mnist-net_256x2/image_4/mnist-net_256x2_4_0_013.mps
37,0.011,UNSAT,,Symphony,,mnist-net_256x2,image_4,/home/annelot/WARMSTART_PROJECT/baseline_symphony_21-01-2026+15_00/tmp/mnist-net_256x2/image_4/mnist-net_256x2_4_0_011.mps
38,0.009,UNSAT,,Symphony,,mnist-net_256x2,image_4,/home/annelot/WARMSTART_PROJECT/baseline_symphony_21-01-2026+15_00/tmp/mnist-net_256x2/image_4/mnist-net_256x2_4_0_009.mps
39,0.007,UNSAT,,Symphony,,mnist-net_256x2,image_4,/home/annelot/WARMSTART_PROJECT/baseline_symphony_21-01-2026+15_00/tmp/mnist-net_256x2/image_4/mnist-net_256x2_4_0_007.mps
40,0.005,UNSAT,,Symphony,,mnist-net_256x2,image_4,/home/annelot/WARMSTART_PROJECT/baseline_symphony_21-01-2026+15_00/tmp/mnist-net_256x2/image_4/mnist-net_256x2_4_0_005.mps
41,0.003,UNSAT,25.663934469223022,Symphony,,mnist-net_256x2,image_4,/home/annelot/WARMSTART_PROJECT/baseline_symphony_21-01-2026+15_00/tmp/mnist-net_256x2/image_4/mnist-net_256x2_4_0_003.mps
42,0.001,UNSAT,25.09493637084961,Symphony,,mnist-net_256x2,image_4,/home/annelot/WARMSTART_PROJECT/baseline_symphony_21-01-2026+15_00/tmp/mnist-net_256x2/image_4/mnist-net_256x2_4_0_001.mps
43,0.043,SAT,3009.304,Symphony,,mnist-net_256x2,image_4,/home/annelot/WARMSTART_PROJECT/baseline_symphony_21-01-2026+15_00/tmp/mnist-net_256x2/image_4/mnist-net_256x2_4_0_043.mps
44,0.045,SAT,976.052,Symphony,,mnist-net_256x2,image_4,/home/annelot/WARMSTART_PROJECT/baseline_symphony_21-01-2026+15_00/tmp/mnist-net_256x2/image_4/mnist-net_256x2_4_0_045.mps
45,0.047,TIMEOUT,3600.0391137599945,Symphony,,mnist-net_256x2,image_4,/home/annelot/WARMSTART_PROJECT/baseline_symphony_21-01-2026+15_00/tmp/mnist-net_256x2/image_4/mnist-net_256x2_4_0_047.mps
0,0.181,SAT,3149.432,Symphony,,mnist-net_256x2,image_3,/home/annelot/WARMSTART_PROJECT/baseline_symphony_21-01-2026+15_00/tmp/mnist-net_256x2/image_3/mnist-net_256x2_3_0_181.mps
1,0.081,TIMEOUT,3600.053705692292,Symphony,,mnist-net_256x2,image_3,/home/annelot/WARMSTART_PROJECT/baseline_symphony_21-01-2026+15_00/tmp/mnist-net_256x2/image_3/mnist-net_256x2_3_0_081.mps
2,0.061,TIMEOUT,3600.0413444042206,Symphony,,mnist-net_256x2,image_3,/home/annelot/WARMSTART_PROJECT/baseline_symphony_21-01-2026+15_00/tmp/mnist-net_256x2/image_3/mnist-net_256x2_3_0_061.mps
3,0.101,TIMEOUT,3600.0531656742096,Symphony,,mnist-net_256x2,image_3,/home/annelot/WARMSTART_PROJECT/baseline_symphony_21-01-2026+15_00/tmp/mnist-net_256x2/image_3/mnist-net_256x2_3_0_101.mps
5,0.141,SAT,3189.514,Symphony,,mnist-net_256x2,image_3,/home/annelot/WARMSTART_PROJECT/baseline_symphony_21-01-2026+15_00/tmp/mnist-net_256x2/image_3/mnist-net_256x2_3_0_141.mps
6,0.121,TIMEOUT,3600.056911468506,Symphony,,mnist-net_256x2,image_3,/home/annelot/WARMSTART_PROJECT/baseline_symphony_21-01-2026+15_00/tmp/mnist-net_256x2/image_3/mnist-net_256x2_3_0_121.mps
7,0.041,UNSAT,9.923,Symphony,,mnist-net_256x2,image_3,/home/annelot/WARMSTART_PROJECT/baseline_symphony_21-01-2026+15_00/tmp/mnist-net_256x2/image_3/mnist-net_256x2_3_0_041.mps
8,0.043,UNSAT,27.367,Symphony,,mnist-net_256x2,image_3,/home/annelot/WARMSTART_PROJECT/baseline_symphony_21-01-2026+15_00/tmp/mnist-net_256x2/image_3/mnist-net_256x2_3_0_043.mps
9,0.045,UNSAT,46.11,Symphony,,mnist-net_256x2,image_3,/home/annelot/WARMSTART_PROJECT/baseline_symphony_21-01-2026+15_00/tmp/mnist-net_256x2/image_3/mnist-net_256x2_3_0_045.mps
10,0.047,UNSAT,45.971,Symphony,,mnist-net_256x2,image_3,/home/annelot/WARMSTART_PROJECT/baseline_symphony_21-01-2026+15_00/tmp/mnist-net_256x2/image_3/mnist-net_256x2_3_0_047.mps
11,0.049,UNSAT,145.194,Symphony,,mnist-net_256x2,image_3,/home/annelot/WARMSTART_PROJECT/baseline_symphony_21-01-2026+15_00/tmp/mnist-net_256x2/image_3/mnist-net_256x2_3_0_049.mps
12,0.051,UNSAT,332.394,Symphony,,mnist-net_256x2,image_3,/home/annelot/WARMSTART_PROJECT/baseline_symphony_21-01-2026+15_00/tmp/mnist-net_256x2/image_3/mnist-net_256x2_3_0_051.mps
13,0.053,UNSAT,195.972,Symphony,,mnist-net_256x2,image_3,/home/annelot/WARMSTART_PROJECT/baseline_symphony_21-01-2026+15_00/tmp/mnist-net_256x2/image_3/mnist-net_256x2_3_0_053.mps
14,0.055,UNSAT,416.401,Symphony,,mnist-net_256x2,image_3,/home/annelot/WARMSTART_PROJECT/baseline_symphony_21-01-2026+15_00/tmp/mnist-net_256x2/image_3/mnist-net_256x2_3_0_055.mps
15,0.057,UNSAT,1270.146,Symphony,,mnist-net_256x2,image_3,/home/annelot/WARMSTART_PROJECT/baseline_symphony_21-01-2026+15_00/tmp/mnist-net_256x2/image_3/mnist-net_256x2_3_0_057.mps
16,0.059,TIMEOUT,3600.0374989509583,Symphony,,mnist-net_256x2,image_3,/home/annelot/WARMSTART_PROJECT/baseline_symphony_21-01-2026+15_00/tmp/mnist-net_256x2/image_3/mnist-net_256x2_3_0_059.mps
0,0.181,TIMEOUT,3600.050683736801,Symphony,,mnist-net,image_7,/home/annelot/WARMSTART_PROJECT/baseline_symphony_21-01-2026+15_00/tmp/mnist-net/image_7/mnist-net_7_0_181.mps
1,0.201,TIMEOUT,3600.047043800354,Symphony,,mnist-net,image_7,/home/annelot/WARMSTART_PROJECT/baseline_symphony_21-01-2026+15_00/tmp/mnist-net/image_7/mnist-net_7_0_201.mps
2,0.161,TIMEOUT,3600.044286966324,Symphony,,mnist-net,image_7,/home/annelot/WARMSTART_PROJECT/baseline_symphony_21-01-2026+15_00/tmp/mnist-net/image_7/mnist-net_7_0_161.mps
3,0.221,TIMEOUT,3600.0514154434204,Symphony,,mnist-net,image_7,/home/annelot/WARMSTART_PROJECT/baseline_symphony_21-01-2026+15_00/tmp/mnist-net/image_7/mnist-net_7_0_221.mps
4,0.141,TIMEOUT,3600.056534051895,Symphony,,mnist-net,image_7,/home/annelot/WARMSTART_PROJECT/baseline_symphony_21-01-2026+15_00/tmp/mnist-net/image_7/mnist-net_7_0_141.mps
5,0.241,TIMEOUT,3600.0571501255035,Symphony,,mnist-net,image_7,/home/annelot/WARMSTART_PROJECT/baseline_symphony_21-01-2026+15_00/tmp/mnist-net/image_7/mnist-net_7_0_241.mps
6,0.121,TIMEOUT,3600.0392627716064,Symphony,,mnist-net,image_7,/home/annelot/WARMSTART_PROJECT/baseline_symphony_21-01-2026+15_00/tmp/mnist-net/image_7/mnist-net_7_0_121.mps
7,0.261,TIMEOUT,3600.059735536576,Symphony,,mnist-net,image_7,/home/annelot/WARMSTART_PROJECT/baseline_symphony_21-01-2026+15_00/tmp/mnist-net/image_7/mnist-net_7_0_261.mps
8,0.101,TIMEOUT,3600.0439653396606,Symphony,,mnist-net,image_7,/home/annelot/WARMSTART_PROJECT/baseline_symphony_21-01-2026+15_00/tmp/mnist-net/image_7/mnist-net_7_0_101.mps
9,0.281,TIMEOUT,3600.051151037216,Symphony,,mnist-net,image_7,/home/annelot/WARMSTART_PROJECT/baseline_symphony_21-01-2026+15_00/tmp/mnist-net/image_7/mnist-net_7_0_281.mps
10,0.081,TIMEOUT,3600.0382738113403,Symphony,,mnist-net,image_7,/home/annelot/WARMSTART_PROJECT/baseline_symphony_21-01-2026+15_00/tmp/mnist-net/image_7/mnist-net_7_0_081.mps
11,0.301,TIMEOUT,3600.0541608333588,Symphony,,mnist-net,image_7,/home/annelot/WARMSTART_PROJECT/baseline_symphony_21-01-2026+15_00/tmp/mnist-net/image_7/mnist-net_7_0_301.mps
12,0.061,TIMEOUT,3600.036980628968,Symphony,,mnist-net,image_7,/home/annelot/WARMSTART_PROJECT/baseline_symphony_21-01-2026+15_00/tmp/mnist-net/image_7/mnist-net_7_0_061.mps
13,0.321,TIMEOUT,3600.0506846904755,Symphony,,mnist-net,image_7,/home/annelot/WARMSTART_PROJECT/baseline_symphony_21-01-2026+15_00/tmp/mnist-net/image_7/mnist-net_7_0_321.mps
14,0.041,TIMEOUT,3600.04714179039,Symphony,,mnist-net,image_7,/home/annelot/WARMSTART_PROJECT/baseline_symphony_21-01-2026+15_00/tmp/mnist-net/image_7/mnist-net_7_0_041.mps
15,0.341,TIMEOUT,3600.0588278770447,Symphony,,mnist-net,image_7,/home/annelot/WARMSTART_PROJECT/baseline_symphony_21-01-2026+15_00/tmp/mnist-net/image_7/mnist-net_7_0_341.mps
16,0.021,UNSAT,,Symphony,,mnist-net,image_7,/home/annelot/WARMSTART_PROJECT/baseline_symphony_21-01-2026+15_00/tmp/mnist-net/image_7/mnist-net_7_0_021.mps
17,0.361,TIMEOUT,3600.0545661449432,Symphony,,mnist-net,image_7,/home/annelot/WARMSTART_PROJECT/baseline_symphony_21-01-2026+15_00/tmp/mnist-net/image_7/mnist-net_7_0_361.mps
18,0.381,TIMEOUT,3600.0545661449432,Symphony,,mnist-net,image_7,/home/annelot/WARMSTART_PROJECT/baseline_symphony_21-01-2026+15_00/tmp/mnist-net/image_7/mnist-net_7_0_381.mps
20,0.023,UNSAT,,Symphony,,mnist-net,image_7,/home/annelot/WARMSTART_PROJECT/baseline_symphony_21-01-2026+15_00/tmp/mnist-net/image_7/mnist-net_7_0_023.mps
21,0.025,UNSAT,,Symphony,,mnist-net,image_7,/home/annelot/WARMSTART_PROJECT/baseline_symphony_21-01-2026+15_00/tmp/mnist-net/image_7/mnist-net_7_0_025.mps
22,0.027,UNSAT,0.562,Symphony,,mnist-net,image_7,/home/annelot/WARMSTART_PROJECT/baseline_symphony_21-01-2026+15_00/tmp/mnist-net/image_7/mnist-net_7_0_027.mps
23,0.029,UNSAT,26.851,Symphony,,mnist-net,image_7,/home/annelot/WARMSTART_PROJECT/baseline_symphony_21-01-2026+15_00/tmp/mnist-net/image_7/mnist-net_7_0_029.mps
24,0.031,UNSAT,49.952,Symphony,,mnist-net,image_7,/home/annelot/WARMSTART_PROJECT/baseline_symphony_21-01-2026+15_00/tmp/mnist-net/image_7/mnist-net_7_0_031.mps
25,0.033,UNSAT,458.467,Symphony,,mnist-net,image_7,/home/annelot/WARMSTART_PROJECT/baseline_symphony_21-01-2026+15_00/tmp/mnist-net/image_7/mnist-net_7_0_033.mps
26,0.035,UNSAT,2064.872,Symphony,,mnist-net,image_7,/home/annelot/WARMSTART_PROJECT/baseline_symphony_21-01-2026+15_00/tmp/mnist-net/image_7/mnist-net_7_0_035.mps
27,0.037,TIMEOUT,3600.0422790050507,Symphony,,mnist-net,image_7,/home/annelot/WARMSTART_PROJECT/baseline_symphony_21-01-2026+15_00/tmp/mnist-net/image_7/mnist-net_7_0_037.mps
0,0.181,TIMEOUT,3600.0482296943665,Symphony,,mnist-net,image_6,/home/annelot/WARMSTART_PROJECT/baseline_symphony_21-01-2026+15_00/tmp/mnist-net/image_6/mnist-net_6_0_181.mps
1,0.201,TIMEOUT,3600.0623524188995,Symphony,,mnist-net,image_6,/home/annelot/WARMSTART_PROJECT/baseline_symphony_21-01-2026+15_00/tmp/mnist-net/image_6/mnist-net_6_0_201.mps
2,0.161,TIMEOUT,3600.045012950897,Symphony,,mnist-net,image_6,/home/annelot/WARMSTART_PROJECT/baseline_symphony_21-01-2026+15_00/tmp/mnist-net/image_6/mnist-net_6_0_161.mps
3,0.221,TIMEOUT,3600.055769443512,Symphony,,mnist-net,image_6,/home/annelot/WARMSTART_PROJECT/baseline_symphony_21-01-2026+15_00/tmp/mnist-net/image_6/mnist-net_6_0_221.mps
4,0.141,TIMEOUT,3600.0461542606354,Symphony,,mnist-net,image_6,/home/annelot/WARMSTART_PROJECT/baseline_symphony_21-01-2026+15_00/tmp/mnist-net/image_6/mnist-net_6_0_141.mps
5,0.241,TIMEOUT,3600.053276062012,Symphony,,mnist-net,image_6,/home/annelot/WARMSTART_PROJECT/baseline_symphony_21-01-2026+15_00/tmp/mnist-net/image_6/mnist-net_6_0_241.mps
6,0.121,TIMEOUT,3600.057327747345,Symphony,,mnist-net,image_6,/home/annelot/WARMSTART_PROJECT/baseline_symphony_21-01-2026+15_00/tmp/mnist-net/image_6/mnist-net_6_0_121.mps
7,0.261,TIMEOUT,3600.055779695511,Symphony,,mnist-net,image_6,/home/annelot/WARMSTART_PROJECT/baseline_symphony_21-01-2026+15_00/tmp/mnist-net/image_6/mnist-net_6_0_261.mps
8,0.101,TIMEOUT,3600.0436651706696,Symphony,,mnist-net,image_6,/home/annelot/WARMSTART_PROJECT/baseline_symphony_21-01-2026+15_00/tmp/mnist-net/image_6/mnist-net_6_0_101.mps
9,0.281,TIMEOUT,3600.06593990326,Symphony,,mnist-net,image_6,/home/annelot/WARMSTART_PROJECT/baseline_symphony_21-01-2026+15_00/tmp/mnist-net/image_6/mnist-net_6_0_281.mps
10,0.081,SAT,1137.613,Symphony,,mnist-net,image_6,/home/annelot/WARMSTART_PROJECT/baseline_symphony_21-01-2026+15_00/tmp/mnist-net/image_6/mnist-net_6_0_081.mps
11,0.021,UNSAT,,Symphony,,mnist-net,image_6,/home/annelot/WARMSTART_PROJECT/baseline_symphony_21-01-2026+15_00/tmp/mnist-net/image_6/mnist-net_6_0_021.mps
12,0.041,TIMEOUT,3600.0340394973755,Symphony,,mnist-net,image_6,/home/annelot/WARMSTART_PROJECT/baseline_symphony_21-01-2026+15_00/tmp/mnist-net/image_6/mnist-net_6_0_041.mps
13,0.061,TIMEOUT,3600.03781747818,Symphony,,mnist-net,image_6,/home/annelot/WARMSTART_PROJECT/baseline_symphony_21-01-2026+15_00/tmp/mnist-net/image_6/mnist-net_6_0_061.mps
15,0.023,UNSAT,,Symphony,,mnist-net,image_6,/home/annelot/WARMSTART_PROJECT/baseline_symphony_21-01-2026+15_00/tmp/mnist-net/image_6/mnist-net_6_0_023.mps
16,0.025,UNSAT,,Symphony,,mnist-net,image_6,/home/annelot/WARMSTART_PROJECT/baseline_symphony_21-01-2026+15_00/tmp/mnist-net/image_6/mnist-net_6_0_025.mps
17,0.027,UNSAT,0.616,Symphony,,mnist-net,image_6,/home/annelot/WARMSTART_PROJECT/baseline_symphony_21-01-2026+15_00/tmp/mnist-net/image_6/mnist-net_6_0_027.mps
18,0.029,UNSAT,5.913,Symphony,,mnist-net,image_6,/home/annelot/WARMSTART_PROJECT/baseline_symphony_21-01-2026+15_00/tmp/mnist-net/image_6/mnist-net_6_0_029.mps
19,0.031,UNSAT,147.938,Symphony,,mnist-net,image_6,/home/annelot/WARMSTART_PROJECT/baseline_symphony_21-01-2026+15_00/tmp/mnist-net/image_6/mnist-net_6_0_031.mps
20,0.033,UNSAT,460.672,Symphony,,mnist-net,image_6,/home/annelot/WARMSTART_PROJECT/baseline_symphony_21-01-2026+15_00/tmp/mnist-net/image_6/mnist-net_6_0_033.mps
21,0.035,UNSAT,2825.176,Symphony,,mnist-net,image_6,/home/annelot/WARMSTART_PROJECT/baseline_symphony_21-01-2026+15_00/tmp/mnist-net/image_6/mnist-net_6_0_035.mps
22,0.079,TIMEOUT,3600.030681848526,Symphony,,mnist-net,image_6,/home/annelot/WARMSTART_PROJECT/baseline_symphony_21-01-2026+15_00/tmp/mnist-net/image_6/mnist-net_6_0_079.mps
23,0.037,TIMEOUT,3600.041308164597,Symphony,,mnist-net,image_6,/home/annelot/WARMSTART_PROJECT/baseline_symphony_21-01-2026+15_00/tmp/mnist-net/image_6/mnist-net_6_0_037.mps
0,0.181,TIMEOUT,3600.0487558841705,Symphony,,mnist-net,image_9,/home/annelot/WARMSTART_PROJECT/baseline_symphony_21-01-2026+15_00/tmp/mnist-net/image_9/mnist-net_9_0_181.mps
1,0.201,TIMEOUT,3600.0545449256897,Symphony,,mnist-net,image_9,/home/annelot/WARMSTART_PROJECT/baseline_symphony_21-01-2026+15_00/tmp/mnist-net/image_9/mnist-net_9_0_201.mps
2,0.161,TIMEOUT,3600.059894323349,Symphony,,mnist-net,image_9,/home/annelot/WARMSTART_PROJECT/baseline_symphony_21-01-2026+15_00/tmp/mnist-net/image_9/mnist-net_9_0_161.mps
3,0.221,TIMEOUT,3600.0467913150787,Symphony,,mnist-net,image_9,/home/annelot/WARMSTART_PROJECT/baseline_symphony_21-01-2026+15_00/tmp/mnist-net/image_9/mnist-net_9_0_221.mps
4,0.141,TIMEOUT,3600.0632333755493,Symphony,,mnist-net,image_9,/home/annelot/WARMSTART_PROJECT/baseline_symphony_21-01-2026+15_00/tmp/mnist-net/image_9/mnist-net_9_0_141.mps
5,0.241,TIMEOUT,3600.0500395298004,Symphony,,mnist-net,image_9,/home/annelot/WARMSTART_PROJECT/baseline_symphony_21-01-2026+15_00/tmp/mnist-net/image_9/mnist-net_9_0_241.mps
6,0.121,TIMEOUT,3600.037501335144,Symphony,,mnist-net,image_9,/home/annelot/WARMSTART_PROJECT/baseline_symphony_21-01-2026+15_00/tmp/mnist-net/image_9/mnist-net_9_0_121.mps
7,0.261,TIMEOUT,3600.054661512375,Symphony,,mnist-net,image_9,/home/annelot/WARMSTART_PROJECT/baseline_symphony_21-01-2026+15_00/tmp/mnist-net/image_9/mnist-net_9_0_261.mps
8,0.101,TIMEOUT,3600.0451114177704,Symphony,,mnist-net,image_9,/home/annelot/WARMSTART_PROJECT/baseline_symphony_21-01-2026+15_00/tmp/mnist-net/image_9/mnist-net_9_0_101.mps
9,0.281,TIMEOUT,3600.054613113404,Symphony,,mnist-net,image_9,/home/annelot/WARMSTART_PROJECT/baseline_symphony_21-01-2026+15_00/tmp/mnist-net/image_9/mnist-net_9_0_281.mps
10,0.081,TIMEOUT,3600.043604373932,Symphony,,mnist-net,image_9,/home/annelot/WARMSTART_PROJECT/baseline_symphony_21-01-2026+15_00/tmp/mnist-net/image_9/mnist-net_9_0_081.mps
11,0.301,TIMEOUT,3600.056573867798,Symphony,,mnist-net,image_9,/home/annelot/WARMSTART_PROJECT/baseline_symphony_21-01-2026+15_00/tmp/mnist-net/image_9/mnist-net_9_0_301.mps
12,0.061,SAT,238.681,Symphony,,mnist-net,image_9,/home/annelot/WARMSTART_PROJECT/baseline_symphony_21-01-2026+15_00/tmp/mnist-net/image_9/mnist-net_9_0_061.mps
13,0.021,UNSAT,,Symphony,,mnist-net,image_9,/home/annelot/WARMSTART_PROJECT/baseline_symphony_21-01-2026+15_00/tmp/mnist-net/image_9/mnist-net_9_0_021.mps
15,0.041,UNSAT,5.196,Symphony,,mnist-net,image_9,/home/annelot/WARMSTART_PROJECT/baseline_symphony_21-01-2026+15_00/tmp/mnist-net/image_9/mnist-net_9_0_041.mps
16,0.043,UNSAT,4.605,Symphony,,mnist-net,image_9,/home/annelot/WARMSTART_PROJECT/baseline_symphony_21-01-2026+15_00/tmp/mnist-net/image_9/mnist-net_9_0_043.mps
17,0.045,UNSAT,9.76,Symphony,,mnist-net,image_9,/home/annelot/WARMSTART_PROJECT/baseline_symphony_21-01-2026+15_00/tmp/mnist-net/image_9/mnist-net_9_0_045.mps
18,0.047,UNSAT,39.14,Symphony,,mnist-net,image_9,/home/annelot/WARMSTART_PROJECT/baseline_symphony_21-01-2026+15_00/tmp/mnist-net/image_9/mnist-net_9_0_047.mps
19,0.049,UNSAT,72.156,Symphony,,mnist-net,image_9,/home/annelot/WARMSTART_PROJECT/baseline_symphony_21-01-2026+15_00/tmp/mnist-net/image_9/mnist-net_9_0_049.mps
20,0.051,UNSAT,103.752,Symphony,,mnist-net,image_9,/home/annelot/WARMSTART_PROJECT/baseline_symphony_21-01-2026+15_00/tmp/mnist-net/image_9/mnist-net_9_0_051.mps
21,0.053,UNSAT,145.532,Symphony,,mnist-net,image_9,/home/annelot/WARMSTART_PROJECT/baseline_symphony_21-01-2026+15_00/tmp/mnist-net/image_9/mnist-net_9_0_053.mps
22,0.055,UNSAT,638.888,Symphony,,mnist-net,image_9,/home/annelot/WARMSTART_PROJECT/baseline_symphony_21-01-2026+15_00/tmp/mnist-net/image_9/mnist-net_9_0_055.mps
23,0.059,UNSAT,2275.459,Symphony,,mnist-net,image_9,/home/annelot/WARMSTART_PROJECT/baseline_symphony_21-01-2026+15_00/tmp/mnist-net/image_9/mnist-net_9_0_059.mps
24,0.057,UNSAT,1103.577,Symphony,,mnist-net,image_9,/home/annelot/WARMSTART_PROJECT/baseline_symphony_21-01-2026+15_00/tmp/mnist-net/image_9/mnist-net_9_0_057.mps
25,0.057,UNSAT,605.812,Symphony,,mnist-net,image_9,/home/annelot/WARMSTART_PROJECT/baseline_symphony_21-01-2026+15_00/tmp/mnist-net/image_9/mnist-net_9_0_057.mps
26,0.055,UNSAT,262.951,Symphony,,mnist-net,image_9,/home/annelot/WARMSTART_PROJECT/baseline_symphony_21-01-2026+15_00/tmp/mnist-net/image_9/mnist-net_9_0_055.mps
27,0.053,UNSAT,59.261,Symphony,,mnist-net,image_9,/home/annelot/WARMSTART_PROJECT/baseline_symphony_21-01-2026+15_00/tmp/mnist-net/image_9/mnist-net_9_0_053.mps
28,0.051,UNSAT,45.049,Symphony,,mnist-net,image_9,/home/annelot/WARMSTART_PROJECT/baseline_symphony_21-01-2026+15_00/tmp/mnist-net/image_9/mnist-net_9_0_051.mps
29,0.049,UNSAT,25.072,Symphony,,mnist-net,image_9,/home/annelot/WARMSTART_PROJECT/baseline_symphony_21-01-2026+15_00/tmp/mnist-net/image_9/mnist-net_9_0_049.mps
30,0.047,UNSAT,15.848,Symphony,,mnist-net,image_9,/home/annelot/WARMSTART_PROJECT/baseline_symphony_21-01-2026+15_00/tmp/mnist-net/image_9/mnist-net_9_0_047.mps
31,0.045,UNSAT,5.058,Symphony,,mnist-net,image_9,/home/annelot/WARMSTART_PROJECT/baseline_symphony_21-01-2026+15_00/tmp/mnist-net/image_9/mnist-net_9_0_045.mps
32,0.043,UNSAT,2.421,Symphony,,mnist-net,image_9,/home/annelot/WARMSTART_PROJECT/baseline_symphony_21-01-2026+15_00/tmp/mnist-net/image_9/mnist-net_9_0_043.mps
33,0.041,UNSAT,2.703,Symphony,,mnist-net,image_9,/home/annelot/WARMSTART_PROJECT/baseline_symphony_21-01-2026+15_00/tmp/mnist-net/image_9/mnist-net_9_0_041.mps
34,0.039,UNSAT,2.006,Symphony,,mnist-net,image_9,/home/annelot/WARMSTART_PROJECT/baseline_symphony_21-01-2026+15_00/tmp/mnist-net/image_9/mnist-net_9_0_039.mps
35,0.037,UNSAT,0.295,Symphony,,mnist-net,image_9,/home/annelot/WARMSTART_PROJECT/baseline_symphony_21-01-2026+15_00/tmp/mnist-net/image_9/mnist-net_9_0_037.mps
36,0.035,UNSAT,,Symphony,,mnist-net,image_9,/home/annelot/WARMSTART_PROJECT/baseline_symphony_21-01-2026+15_00/tmp/mnist-net/image_9/mnist-net_9_0_035.mps
37,0.033,UNSAT,,Symphony,,mnist-net,image_9,/home/annelot/WARMSTART_PROJECT/baseline_symphony_21-01-2026+15_00/tmp/mnist-net/image_9/mnist-net_9_0_033.mps
38,0.031,UNSAT,,Symphony,,mnist-net,image_9,/home/annelot/WARMSTART_PROJECT/baseline_symphony_21-01-2026+15_00/tmp/mnist-net/image_9/mnist-net_9_0_031.mps
39,0.029,UNSAT,,Symphony,,mnist-net,image_9,/home/annelot/WARMSTART_PROJECT/baseline_symphony_21-01-2026+15_00/tmp/mnist-net/image_9/mnist-net_9_0_029.mps
40,0.027,UNSAT,,Symphony,,mnist-net,image_9,/home/annelot/WARMSTART_PROJECT/baseline_symphony_21-01-2026+15_00/tmp/mnist-net/image_9/mnist-net_9_0_027.mps
41,0.059,UNSAT,3028.086,Symphony,,mnist-net,image_9,/home/annelot/WARMSTART_PROJECT/baseline_symphony_21-01-2026+15_00/tmp/mnist-net/image_9/mnist-net_9_0_059.mps
42,0.025,UNSAT,,Symphony,,mnist-net,image_9,/home/annelot/WARMSTART_PROJECT/baseline_symphony_21-01-2026+15_00/tmp/mnist-net/image_9/mnist-net_9_0_025.mps
43,0.023,UNSAT,,Symphony,,mnist-net,image_9,/home/annelot/WARMSTART_PROJECT/baseline_symphony_21-01-2026+15_00/tmp/mnist-net/image_9/mnist-net_9_0_023.mps
44,0.021,UNSAT,,Symphony,,mnist-net,image_9,/home/annelot/WARMSTART_PROJECT/baseline_symphony_21-01-2026+15_00/tmp/mnist-net/image_9/mnist-net_9_0_021.mps
45,0.061,SAT,281.47,Symphony,,mnist-net,image_9,/home/annelot/WARMSTART_PROJECT/baseline_symphony_21-01-2026+15_00/tmp/mnist-net/image_9/mnist-net_9_0_061.mps
46,0.019,UNSAT,,Symphony,,mnist-net,image_9,/home/annelot/WARMSTART_PROJECT/baseline_symphony_21-01-2026+15_00/tmp/mnist-net/image_9/mnist-net_9_0_019.mps
47,0.017,UNSAT,,Symphony,,mnist-net,image_9,/home/annelot/WARMSTART_PROJECT/baseline_symphony_21-01-2026+15_00/tmp/mnist-net/image_9/mnist-net_9_0_017.mps
48,0.015,UNSAT,,Symphony,,mnist-net,image_9,/home/annelot/WARMSTART_PROJECT/baseline_symphony_21-01-2026+15_00/tmp/mnist-net/image_9/mnist-net_9_0_015.mps
49,0.013,UNSAT,,Symphony,,mnist-net,image_9,/home/annelot/WARMSTART_PROJECT/baseline_symphony_21-01-2026+15_00/tmp/mnist-net/image_9/mnist-net_9_0_013.mps
50,0.011,ERR,,Symphony,,mnist-net,image_9,/home/annelot/WARMSTART_PROJECT/baseline_symphony_21-01-2026+15_00/tmp/mnist-net/image_9/mnist-net_9_0_011.mps
51,0.063,TIMEOUT,3600.0438680648804,Symphony,,mnist-net,image_9,/home/annelot/WARMSTART_PROJECT/baseline_symphony_21-01-2026+15_00/tmp/mnist-net/image_9/mnist-net_9_0_063.mps
0,0.181,TIMEOUT,3600.069388628006,Symphony,,mnist-net,image_2,/home/annelot/WARMSTART_PROJECT/baseline_symphony_21-01-2026+15_00/tmp/mnist-net/image_2/mnist-net_2_0_181.mps
1,0.201,TIMEOUT,3600.064629793167,Symphony,,mnist-net,image_2,/home/annelot/WARMSTART_PROJECT/baseline_symphony_21-01-2026+15_00/tmp/mnist-net/image_2/mnist-net_2_0_201.mps
2,0.161,TIMEOUT,3600.067805051804,Symphony,,mnist-net,image_2,/home/annelot/WARMSTART_PROJECT/baseline_symphony_21-01-2026+15_00/tmp/mnist-net/image_2/mnist-net_2_0_161.mps
3,0.221,TIMEOUT,3600.0557436943054,Symphony,,mnist-net,image_2,/home/annelot/WARMSTART_PROJECT/baseline_symphony_21-01-2026+15_00/tmp/mnist-net/image_2/mnist-net_2_0_221.mps
4,0.141,TIMEOUT,3600.051606178284,Symphony,,mnist-net,image_2,/home/annelot/WARMSTART_PROJECT/baseline_symphony_21-01-2026+15_00/tmp/mnist-net/image_2/mnist-net_2_0_141.mps
5,0.241,TIMEOUT,3600.0638716220856,Symphony,,mnist-net,image_2,/home/annelot/WARMSTART_PROJECT/baseline_symphony_21-01-2026+15_00/tmp/mnist-net/image_2/mnist-net_2_0_241.mps
6,0.121,TIMEOUT,3600.0526270866394,Symphony,,mnist-net,image_2,/home/annelot/WARMSTART_PROJECT/baseline_symphony_21-01-2026+15_00/tmp/mnist-net/image_2/mnist-net_2_0_121.mps
7,0.261,TIMEOUT,3600.060256004333,Symphony,,mnist-net,image_2,/home/annelot/WARMSTART_PROJECT/baseline_symphony_21-01-2026+15_00/tmp/mnist-net/image_2/mnist-net_2_0_261.mps
8,0.101,TIMEOUT,3600.0701792240143,Symphony,,mnist-net,image_2,/home/annelot/WARMSTART_PROJECT/baseline_symphony_21-01-2026+15_00/tmp/mnist-net/image_2/mnist-net_2_0_101.mps
9,0.281,TIMEOUT,3600.0648305416107,Symphony,,mnist-net,image_2,/home/annelot/WARMSTART_PROJECT/baseline_symphony_21-01-2026+15_00/tmp/mnist-net/image_2/mnist-net_2_0_281.mps
10,0.081,TIMEOUT,3600.05826163292,Symphony,,mnist-net,image_2,/home/annelot/WARMSTART_PROJECT/baseline_symphony_21-01-2026+15_00/tmp/mnist-net/image_2/mnist-net_2_0_081.mps
11,0.301,TIMEOUT,3600.0622568130493,Symphony,,mnist-net,image_2,/home/annelot/WARMSTART_PROJECT/baseline_symphony_21-01-2026+15_00/tmp/mnist-net/image_2/mnist-net_2_0_301.mps
12,0.061,TIMEOUT,3600.0604944229126,Symphony,,mnist-net,image_2,/home/annelot/WARMSTART_PROJECT/baseline_symphony_21-01-2026+15_00/tmp/mnist-net/image_2/mnist-net_2_0_061.mps
13,0.321,TIMEOUT,3600.066232442856,Symphony,,mnist-net,image_2,/home/annelot/WARMSTART_PROJECT/baseline_symphony_21-01-2026+15_00/tmp/mnist-net/image_2/mnist-net_2_0_321.mps
14,0.041,TIMEOUT,3600.047163963318,Symphony,,mnist-net,image_2,/home/annelot/WARMSTART_PROJECT/baseline_symphony_21-01-2026+15_00/tmp/mnist-net/image_2/mnist-net_2_0_041.mps
15,0.341,TIMEOUT,3600.0551710128784,Symphony,,mnist-net,image_2,/home/annelot/WARMSTART_PROJECT/baseline_symphony_21-01-2026+15_00/tmp/mnist-net/image_2/mnist-net_2_0_341.mps
17,0.361,TIMEOUT,3600.0705342292786,Symphony,,mnist-net,image_2,/home/annelot/WARMSTART_PROJECT/baseline_symphony_21-01-2026+15_00/tmp/mnist-net/image_2/mnist-net_2_0_361.mps
18,0.381,TIMEOUT,3600.063889980316,Symphony,,mnist-net,image_2,/home/annelot/WARMSTART_PROJECT/baseline_symphony_21-01-2026+15_00/tmp/mnist-net/image_2/mnist-net_2_0_381.mps
19,0.021,UNSAT,0.801,Symphony,,mnist-net,image_2,/home/annelot/WARMSTART_PROJECT/baseline_symphony_21-01-2026+15_00/tmp/mnist-net/image_2/mnist-net_2_0_021.mps
20,0.023,UNSAT,16.145,Symphony,,mnist-net,image_2,/home/annelot/WARMSTART_PROJECT/baseline_symphony_21-01-2026+15_00/tmp/mnist-net/image_2/mnist-net_2_0_023.mps
21,0.025,UNSAT,132.077,Symphony,,mnist-net,image_2,/home/annelot/WARMSTART_PROJECT/baseline_symphony_21-01-2026+15_00/tmp/mnist-net/image_2/mnist-net_2_0_025.mps
22,0.027,UNSAT,200.489,Symphony,,mnist-net,image_2,/home/annelot/WARMSTART_PROJECT/baseline_symphony_21-01-2026+15_00/tmp/mnist-net/image_2/mnist-net_2_0_027.mps
23,0.029,UNSAT,601.644,Symphony,,mnist-net,image_2,/home/annelot/WARMSTART_PROJECT/baseline_symphony_21-01-2026+15_00/tmp/mnist-net/image_2/mnist-net_2_0_029.mps
24,0.031,UNSAT,3471.306,Symphony,,mnist-net,image_2,/home/annelot/WARMSTART_PROJECT/baseline_symphony_21-01-2026+15_00/tmp/mnist-net/image_2/mnist-net_2_0_031.mps
25,0.033,UNSAT,3251.682,Symphony,,mnist-net,image_2,/home/annelot/WARMSTART_PROJECT/baseline_symphony_21-01-2026+15_00/tmp/mnist-net/image_2/mnist-net_2_0_033.mps
26,0.035,TIMEOUT,3600.0353384017944,Symphony,,mnist-net,image_2,/home/annelot/WARMSTART_PROJECT/baseline_symphony_21-01-2026+15_00/tmp/mnist-net/image_2/mnist-net_2_0_035.mps
0,0.181,TIMEOUT,3600.061947107315,Symphony,,mnist-net,image_1,/home/annelot/WARMSTART_PROJECT/baseline_symphony_21-01-2026+15_00/tmp/mnist-net/image_1/mnist-net_1_0_181.mps
1,0.201,TIMEOUT,3600.05153131485,Symphony,,mnist-net,image_1,/home/annelot/WARMSTART_PROJECT/baseline_symphony_21-01-2026+15_00/tmp/mnist-net/image_1/mnist-net_1_0_201.mps
2,0.161,TIMEOUT,3600.057243347168,Symphony,,mnist-net,image_1,/home/annelot/WARMSTART_PROJECT/baseline_symphony_21-01-2026+15_00/tmp/mnist-net/image_1/mnist-net_1_0_161.mps
3,0.221,TIMEOUT,3600.066825866699,Symphony,,mnist-net,image_1,/home/annelot/WARMSTART_PROJECT/baseline_symphony_21-01-2026+15_00/tmp/mnist-net/image_1/mnist-net_1_0_221.mps
4,0.141,TIMEOUT,3600.0553646087646,Symphony,,mnist-net,image_1,/home/annelot/WARMSTART_PROJECT/baseline_symphony_21-01-2026+15_00/tmp/mnist-net/image_1/mnist-net_1_0_141.mps
5,0.241,TIMEOUT,3600.0627365112305,Symphony,,mnist-net,image_1,/home/annelot/WARMSTART_PROJECT/baseline_symphony_21-01-2026+15_00/tmp/mnist-net/image_1/mnist-net_1_0_241.mps
6,0.121,TIMEOUT,3600.055729150772,Symphony,,mnist-net,image_1,/home/annelot/WARMSTART_PROJECT/baseline_symphony_21-01-2026+15_00/tmp/mnist-net/image_1/mnist-net_1_0_121.mps
7,0.261,TIMEOUT,3600.0707201957703,Symphony,,mnist-net,image_1,/home/annelot/WARMSTART_PROJECT/baseline_symphony_21-01-2026+15_00/tmp/mnist-net/image_1/mnist-net_1_0_261.mps
8,0.101,TIMEOUT,3600.0671310424805,Symphony,,mnist-net,image_1,/home/annelot/WARMSTART_PROJECT/baseline_symphony_21-01-2026+15_00/tmp/mnist-net/image_1/mnist-net_1_0_101.mps
9,0.281,TIMEOUT,3600.060788869858,Symphony,,mnist-net,image_1,/home/annelot/WARMSTART_PROJECT/baseline_symphony_21-01-2026+15_00/tmp/mnist-net/image_1/mnist-net_1_0_281.mps
10,0.081,TIMEOUT,3600.04966545105,Symphony,,mnist-net,image_1,/home/annelot/WARMSTART_PROJECT/baseline_symphony_21-01-2026+15_00/tmp/mnist-net/image_1/mnist-net_1_0_081.mps
11,0.301,TIMEOUT,3600.055458545685,Symphony,,mnist-net,image_1,/home/annelot/WARMSTART_PROJECT/baseline_symphony_21-01-2026+15_00/tmp/mnist-net/image_1/mnist-net_1_0_301.mps
12,0.061,TIMEOUT,3600.0484595298767,Symphony,,mnist-net,image_1,/home/annelot/WARMSTART_PROJECT/baseline_symphony_21-01-2026+15_00/tmp/mnist-net/image_1/mnist-net_1_0_061.mps
13,0.321,TIMEOUT,3600.0535764694214,Symphony,,mnist-net,image_1,/home/annelot/WARMSTART_PROJECT/baseline_symphony_21-01-2026+15_00/tmp/mnist-net/image_1/mnist-net_1_0_321.mps
15,0.361,TIMEOUT,3600.0472321510315,Symphony,,mnist-net,image_1,/home/annelot/WARMSTART_PROJECT/baseline_symphony_21-01-2026+15_00/tmp/mnist-net/image_1/mnist-net_1_0_361.mps
16,0.341,TIMEOUT,3600.06515955925,Symphony,,mnist-net,image_1,/home/annelot/WARMSTART_PROJECT/baseline_symphony_21-01-2026+15_00/tmp/mnist-net/image_1/mnist-net_1_0_341.mps
17,0.381,TIMEOUT,3600.047416448593,Symphony,,mnist-net,image_1,/home/annelot/WARMSTART_PROJECT/baseline_symphony_21-01-2026+15_00/tmp/mnist-net/image_1/mnist-net_1_0_381.mps
18,0.041,UNSAT,1520.144,Symphony,,mnist-net,image_1,/home/annelot/WARMSTART_PROJECT/baseline_symphony_21-01-2026+15_00/tmp/mnist-net/image_1/mnist-net_1_0_041.mps
19,0.043,UNSAT,1611.693,Symphony,,mnist-net,image_1,/home/annelot/WARMSTART_PROJECT/baseline_symphony_21-01-2026+15_00/tmp/mnist-net/image_1/mnist-net_1_0_043.mps
20,0.045,TIMEOUT,3600.035883188248,Symphony,,mnist-net,image_1,/home/annelot/WARMSTART_PROJECT/baseline_symphony_21-01-2026+15_00/tmp/mnist-net/image_1/mnist-net_1_0_045.mps
0,0.181,TIMEOUT,3600.055548667908,Symphony,,mnist-net,image_5,/home/annelot/WARMSTART_PROJECT/baseline_symphony_21-01-2026+15_00/tmp/mnist-net/image_5/mnist-net_5_0_181.mps
1,0.201,TIMEOUT,3600.0510790348053,Symphony,,mnist-net,image_5,/home/annelot/WARMSTART_PROJECT/baseline_symphony_21-01-2026+15_00/tmp/mnist-net/image_5/mnist-net_5_0_201.mps
2,0.161,TIMEOUT,3600.051567554474,Symphony,,mnist-net,image_5,/home/annelot/WARMSTART_PROJECT/baseline_symphony_21-01-2026+15_00/tmp/mnist-net/image_5/mnist-net_5_0_161.mps
3,0.221,TIMEOUT,3600.0639655590057,Symphony,,mnist-net,image_5,/home/annelot/WARMSTART_PROJECT/baseline_symphony_21-01-2026+15_00/tmp/mnist-net/image_5/mnist-net_5_0_221.mps
4,0.141,TIMEOUT,3600.0534298419952,Symphony,,mnist-net,image_5,/home/annelot/WARMSTART_PROJECT/baseline_symphony_21-01-2026+15_00/tmp/mnist-net/image_5/mnist-net_5_0_141.mps
5,0.241,TIMEOUT,3600.063477039337,Symphony,,mnist-net,image_5,/home/annelot/WARMSTART_PROJECT/baseline_symphony_21-01-2026+15_00/tmp/mnist-net/image_5/mnist-net_5_0_241.mps
6,0.121,TIMEOUT,3600.052516222,Symphony,,mnist-net,image_5,/home/annelot/WARMSTART_PROJECT/baseline_symphony_21-01-2026+15_00/tmp/mnist-net/image_5/mnist-net_5_0_121.mps
7,0.261,TIMEOUT,3600.0522260665894,Symphony,,mnist-net,image_5,/home/annelot/WARMSTART_PROJECT/baseline_symphony_21-01-2026+15_00/tmp/mnist-net/image_5/mnist-net_5_0_261.mps
8,0.101,TIMEOUT,3600.0693752765656,Symphony,,mnist-net,image_5,/home/annelot/WARMSTART_PROJECT/baseline_symphony_21-01-2026+15_00/tmp/mnist-net/image_5/mnist-net_5_0_101.mps
9,0.281,TIMEOUT,3600.05806350708,Symphony,,mnist-net,image_5,/home/annelot/WARMSTART_PROJECT/baseline_symphony_21-01-2026+15_00/tmp/mnist-net/image_5/mnist-net_5_0_281.mps
10,0.081,TIMEOUT,3600.0619065761566,Symphony,,mnist-net,image_5,/home/annelot/WARMSTART_PROJECT/baseline_symphony_21-01-2026+15_00/tmp/mnist-net/image_5/mnist-net_5_0_081.mps
11,0.301,TIMEOUT,3600.044917821884,Symphony,,mnist-net,image_5,/home/annelot/WARMSTART_PROJECT/baseline_symphony_21-01-2026+15_00/tmp/mnist-net/image_5/mnist-net_5_0_301.mps
12,0.061,TIMEOUT,3600.063873529434,Symphony,,mnist-net,image_5,/home/annelot/WARMSTART_PROJECT/baseline_symphony_21-01-2026+15_00/tmp/mnist-net/image_5/mnist-net_5_0_061.mps
13,0.321,TIMEOUT,3600.050008773804,Symphony,,mnist-net,image_5,/home/annelot/WARMSTART_PROJECT/baseline_symphony_21-01-2026+15_00/tmp/mnist-net/image_5/mnist-net_5_0_321.mps
14,0.041,TIMEOUT,3600.043270111084,Symphony,,mnist-net,image_5,/home/annelot/WARMSTART_PROJECT/baseline_symphony_21-01-2026+15_00/tmp/mnist-net/image_5/mnist-net_5_0_041.mps
15,0.341,TIMEOUT,3600.051419734955,Symphony,,mnist-net,image_5,/home/annelot/WARMSTART_PROJECT/baseline_symphony_21-01-2026+15_00/tmp/mnist-net/image_5/mnist-net_5_0_341.mps
16,0.021,UNSAT,,Symphony,,mnist-net,image_5,/home/annelot/WARMSTART_PROJECT/baseline_symphony_21-01-2026+15_00/tmp/mnist-net/image_5/mnist-net_5_0_021.mps
17,0.361,TIMEOUT,3600.0439109802246,Symphony,,mnist-net,image_5,/home/annelot/WARMSTART_PROJECT/baseline_symphony_21-01-2026+15_00/tmp/mnist-net/image_5/mnist-net_5_0_361.mps
18,0.381,TIMEOUT,3600.064126014709,Symphony,,mnist-net,image_5,/home/annelot/WARMSTART_PROJECT/baseline_symphony_21-01-2026+15_00/tmp/mnist-net/image_5/mnist-net_5_0_381.mps
20,0.023,UNSAT,0.653,Symphony,,mnist-net,image_5,/home/annelot/WARMSTART_PROJECT/baseline_symphony_21-01-2026+15_00/tmp/mnist-net/image_5/mnist-net_5_0_023.mps
21,0.025,UNSAT,12.746,Symphony,,mnist-net,image_5,/home/annelot/WARMSTART_PROJECT/baseline_symphony_21-01-2026+15_00/tmp/mnist-net/image_5/mnist-net_5_0_025.mps
22,0.027,UNSAT,13.126,Symphony,,mnist-net,image_5,/home/annelot/WARMSTART_PROJECT/baseline_symphony_21-01-2026+15_00/tmp/mnist-net/image_5/mnist-net_5_0_027.mps
23,0.029,UNSAT,108.484,Symphony,,mnist-net,image_5,/home/annelot/WARMSTART_PROJECT/baseline_symphony_21-01-2026+15_00/tmp/mnist-net/image_5/mnist-net_5_0_029.mps
24,0.031,UNSAT,334.093,Symphony,,mnist-net,image_5,/home/annelot/WARMSTART_PROJECT/baseline_symphony_21-01-2026+15_00/tmp/mnist-net/image_5/mnist-net_5_0_031.mps
25,0.033,UNSAT,668.607,Symphony,,mnist-net,image_5,/home/annelot/WARMSTART_PROJECT/baseline_symphony_21-01-2026+15_00/tmp/mnist-net/image_5/mnist-net_5_0_033.mps
26,0.035,UNSAT,2075.954,Symphony,,mnist-net,image_5,/home/annelot/WARMSTART_PROJECT/baseline_symphony_21-01-2026+15_00/tmp/mnist-net/image_5/mnist-net_5_0_035.mps
27,0.037,TIMEOUT,3600.0388536453247,Symphony,,mnist-net,image_5,/home/annelot/WARMSTART_PROJECT/baseline_symphony_21-01-2026+15_00/tmp/mnist-net/image_5/mnist-net_5_0_037.mps
0,0.181,TIMEOUT,3600.065885066986,Symphony,,mnist-net,image_0,/home/annelot/WARMSTART_PROJECT/baseline_symphony_21-01-2026+15_00/tmp/mnist-net/image_0/mnist-net_0_0_181.mps
1,0.201,TIMEOUT,3600.065897703171,Symphony,,mnist-net,image_0,/home/annelot/WARMSTART_PROJECT/baseline_symphony_21-01-2026+15_00/tmp/mnist-net/image_0/mnist-net_0_0_201.mps
2,0.161,TIMEOUT,3600.0650084018707,Symphony,,mnist-net,image_0,/home/annelot/WARMSTART_PROJECT/baseline_symphony_21-01-2026+15_00/tmp/mnist-net/image_0/mnist-net_0_0_161.mps
3,0.221,TIMEOUT,3600.057304382324,Symphony,,mnist-net,image_0,/home/annelot/WARMSTART_PROJECT/baseline_symphony_21-01-2026+15_00/tmp/mnist-net/image_0/mnist-net_0_0_221.mps
4,0.141,TIMEOUT,3600.0593309402466,Symphony,,mnist-net,image_0,/home/annelot/WARMSTART_PROJECT/baseline_symphony_21-01-2026+15_00/tmp/mnist-net/image_0/mnist-net_0_0_141.mps
5,0.241,TIMEOUT,3600.055496454239,Symphony,,mnist-net,image_0,/home/annelot/WARMSTART_PROJECT/baseline_symphony_21-01-2026+15_00/tmp/mnist-net/image_0/mnist-net_0_0_241.mps
6,0.121,TIMEOUT,3600.06443309784,Symphony,,mnist-net,image_0,/home/annelot/WARMSTART_PROJECT/baseline_symphony_21-01-2026+15_00/tmp/mnist-net/image_0/mnist-net_0_0_121.mps
7,0.261,TIMEOUT,3600.0462324619293,Symphony,,mnist-net,image_0,/home/annelot/WARMSTART_PROJECT/baseline_symphony_21-01-2026+15_00/tmp/mnist-net/image_0/mnist-net_0_0_261.mps
8,0.101,TIMEOUT,3600.069024562836,Symphony,,mnist-net,image_0,/home/annelot/WARMSTART_PROJECT/baseline_symphony_21-01-2026+15_00/tmp/mnist-net/image_0/mnist-net_0_0_101.mps
9,0.281,TIMEOUT,3600.0587682724,Symphony,,mnist-net,image_0,/home/annelot/WARMSTART_PROJECT/baseline_symphony_21-01-2026+15_00/tmp/mnist-net/image_0/mnist-net_0_0_281.mps
10,0.081,TIMEOUT,3600.066540002823,Symphony,,mnist-net,image_0,/home/annelot/WARMSTART_PROJECT/baseline_symphony_21-01-2026+15_00/tmp/mnist-net/image_0/mnist-net_0_0_081.mps
11,0.301,TIMEOUT,3600.053702354431,Symphony,,mnist-net,image_0,/home/annelot/WARMSTART_PROJECT/baseline_symphony_21-01-2026+15_00/tmp/mnist-net/image_0/mnist-net_0_0_301.mps
12,0.061,TIMEOUT,3600.053661108017,Symphony,,mnist-net,image_0,/home/annelot/WARMSTART_PROJECT/baseline_symphony_21-01-2026+15_00/tmp/mnist-net/image_0/mnist-net_0_0_061.mps
13,0.321,TIMEOUT,3600.0522894859314,Symphony,,mnist-net,image_0,/home/annelot/WARMSTART_PROJECT/baseline_symphony_21-01-2026+15_00/tmp/mnist-net/image_0/mnist-net_0_0_321.mps
15,0.361,TIMEOUT,3600.060373067856,Symphony,,mnist-net,image_0,/home/annelot/WARMSTART_PROJECT/baseline_symphony_21-01-2026+15_00/tmp/mnist-net/image_0/mnist-net_0_0_361.mps
16,0.341,TIMEOUT,3600.054740428925,Symphony,,mnist-net,image_0,/home/annelot/WARMSTART_PROJECT/baseline_symphony_21-01-2026+15_00/tmp/mnist-net/image_0/mnist-net_0_0_341.mps
17,0.381,TIMEOUT,3600.049542427063,Symphony,,mnist-net,image_0,/home/annelot/WARMSTART_PROJECT/baseline_symphony_21-01-2026+15_00/tmp/mnist-net/image_0/mnist-net_0_0_381.mps
18,0.041,UNSAT,3551.232,Symphony,,mnist-net,image_0,/home/annelot/WARMSTART_PROJECT/baseline_symphony_21-01-2026+15_00/tmp/mnist-net/image_0/mnist-net_0_0_041.mps
19,0.043,UNSAT,2197.591,Symphony,,mnist-net,image_0,/home/annelot/WARMSTART_PROJECT/baseline_symphony_21-01-2026+15_00/tmp/mnist-net/image_0/mnist-net_0_0_043.mps
20,0.045,TIMEOUT,3600.039582490921,Symphony,,mnist-net,image_0,/home/annelot/WARMSTART_PROJECT/baseline_symphony_21-01-2026+15_00/tmp/mnist-net/image_0/mnist-net_0_0_045.mps
0,0.181,TIMEOUT,3600.075904130936,Symphony,,mnist-net,image_4,/home/annelot/WARMSTART_PROJECT/baseline_symphony_21-01-2026+15_00/tmp/mnist-net/image_4/mnist-net_4_0_181.mps
1,0.201,TIMEOUT,3600.066854953766,Symphony,,mnist-net,image_4,/home/annelot/WARMSTART_PROJECT/baseline_symphony_21-01-2026+15_00/tmp/mnist-net/image_4/mnist-net_4_0_201.mps
2,0.161,TIMEOUT,3600.047795295716,Symphony,,mnist-net,image_4,/home/annelot/WARMSTART_PROJECT/baseline_symphony_21-01-2026+15_00/tmp/mnist-net/image_4/mnist-net_4_0_161.mps
3,0.221,TIMEOUT,3600.054803609848,Symphony,,mnist-net,image_4,/home/annelot/WARMSTART_PROJECT/baseline_symphony_21-01-2026+15_00/tmp/mnist-net/image_4/mnist-net_4_0_221.mps
4,0.141,TIMEOUT,3600.048236846924,Symphony,,mnist-net,image_4,/home/annelot/WARMSTART_PROJECT/baseline_symphony_21-01-2026+15_00/tmp/mnist-net/image_4/mnist-net_4_0_141.mps
5,0.241,TIMEOUT,3600.063380241394,Symphony,,mnist-net,image_4,/home/annelot/WARMSTART_PROJECT/baseline_symphony_21-01-2026+15_00/tmp/mnist-net/image_4/mnist-net_4_0_241.mps
6,0.121,TIMEOUT,3600.054605007172,Symphony,,mnist-net,image_4,/home/annelot/WARMSTART_PROJECT/baseline_symphony_21-01-2026+15_00/tmp/mnist-net/image_4/mnist-net_4_0_121.mps
7,0.261,TIMEOUT,3600.05366396904,Symphony,,mnist-net,image_4,/home/annelot/WARMSTART_PROJECT/baseline_symphony_21-01-2026+15_00/tmp/mnist-net/image_4/mnist-net_4_0_261.mps
8,0.101,TIMEOUT,3600.051745891571,Symphony,,mnist-net,image_4,/home/annelot/WARMSTART_PROJECT/baseline_symphony_21-01-2026+15_00/tmp/mnist-net/image_4/mnist-net_4_0_101.mps
9,0.281,TIMEOUT,3600.056419849396,Symphony,,mnist-net,image_4,/home/annelot/WARMSTART_PROJECT/baseline_symphony_21-01-2026+15_00/tmp/mnist-net/image_4/mnist-net_4_0_281.mps
10,0.081,TIMEOUT,3600.046628713608,Symphony,,mnist-net,image_4,/home/annelot/WARMSTART_PROJECT/baseline_symphony_21-01-2026+15_00/tmp/mnist-net/image_4/mnist-net_4_0_081.mps
11,0.301,TIMEOUT,3600.056076288224,Symphony,,mnist-net,image_4,/home/annelot/WARMSTART_PROJECT/baseline_symphony_21-01-2026+15_00/tmp/mnist-net/image_4/mnist-net_4_0_301.mps
12,0.061,TIMEOUT,3600.052515268326,Symphony,,mnist-net,image_4,/home/annelot/WARMSTART_PROJECT/baseline_symphony_21-01-2026+15_00/tmp/mnist-net/image_4/mnist-net_4_0_061.mps
13,0.321,TIMEOUT,3600.052368402481,Symphony,,mnist-net,image_4,/home/annelot/WARMSTART_PROJECT/baseline_symphony_21-01-2026+15_00/tmp/mnist-net/image_4/mnist-net_4_0_321.mps
14,0.041,SAT,2648.351,Symphony,,mnist-net,image_4,/home/annelot/WARMSTART_PROJECT/baseline_symphony_21-01-2026+15_00/tmp/mnist-net/image_4/mnist-net_4_0_041.mps
15,0.001,UNSAT,141.60336089134216,Symphony,,mnist-net,image_4,/home/annelot/WARMSTART_PROJECT/baseline_symphony_21-01-2026+15_00/tmp/mnist-net/image_4/mnist-net_4_0_001.mps
16,0.021,UNSAT,,Symphony,,mnist-net,image_4,/home/annelot/WARMSTART_PROJECT/baseline_symphony_21-01-2026+15_00/tmp/mnist-net/image_4/mnist-net_4_0_021.mps
17,0.021,UNSAT,,Symphony,,mnist-net,image_4,/home/annelot/WARMSTART_PROJECT/baseline_symphony_21-01-2026+15_00/tmp/mnist-net/image_4/mnist-net_4_0_021.mps
18,0.023,UNSAT,0.568,Symphony,,mnist-net,image_4,/home/annelot/WARMSTART_PROJECT/baseline_symphony_21-01-2026+15_00/tmp/mnist-net/image_4/mnist-net_4_0_023.mps
19,0.039,SAT,1390.303,Symphony,,mnist-net,image_4,/home/annelot/WARMSTART_PROJECT/baseline_symphony_21-01-2026+15_00/tmp/mnist-net/image_4/mnist-net_4_0_039.mps
20,0.025,UNSAT,,Symphony,,mnist-net,image_4,/home/annelot/WARMSTART_PROJECT/baseline_symphony_21-01-2026+15_00/tmp/mnist-net/image_4/mnist-net_4_0_025.mps
21,0.037,SAT,517.997,Symphony,,mnist-net,image_4,/home/annelot/WARMSTART_PROJECT/baseline_symphony_21-01-2026+15_00/tmp/mnist-net/image_4/mnist-net_4_0_037.mps
22,0.027,UNSAT,7.334,Symphony,,mnist-net,image_4,/home/annelot/WARMSTART_PROJECT/baseline_symphony_21-01-2026+15_00/tmp/mnist-net/image_4/mnist-net_4_0_027.mps
23,0.029,UNSAT,39.5,Symphony,,mnist-net,image_4,/home/annelot/WARMSTART_PROJECT/baseline_symphony_21-01-2026+15_00/tmp/mnist-net/image_4/mnist-net_4_0_029.mps
24,0.035,UNSAT,937.845,Symphony,,mnist-net,image_4,/home/annelot/WARMSTART_PROJECT/baseline_symphony_21-01-2026+15_00/tmp/mnist-net/image_4/mnist-net_4_0_035.mps
25,0.031,UNSAT,74.04,Symphony,,mnist-net,image_4,/home/annelot/WARMSTART_PROJECT/baseline_symphony_21-01-2026+15_00/tmp/mnist-net/image_4/mnist-net_4_0_031.mps
26,0.033,UNSAT,349.105,Symphony,,mnist-net,image_4,/home/annelot/WARMSTART_PROJECT/baseline_symphony_21-01-2026+15_00/tmp/mnist-net/image_4/mnist-net_4_0_033.mps
27,0.031,UNSAT,38.441,Symphony,,mnist-net,image_4,/home/annelot/WARMSTART_PROJECT/baseline_symphony_21-01-2026+15_00/tmp/mnist-net/image_4/mnist-net_4_0_031.mps
28,0.029,UNSAT,19.468,Symphony,,mnist-net,image_4,/home/annelot/WARMSTART_PROJECT/baseline_symphony_21-01-2026+15_00/tmp/mnist-net/image_4/mnist-net_4_0_029.mps
29,0.027,UNSAT,3.845,Symphony,,mnist-net,image_4,/home/annelot/WARMSTART_PROJECT/baseline_symphony_21-01-2026+15_00/tmp/mnist-net/image_4/mnist-net_4_0_027.mps
30,0.025,UNSAT,,Symphony,,mnist-net,image_4,/home/annelot/WARMSTART_PROJECT/baseline_symphony_21-01-2026+15_00/tmp/mnist-net/image_4/mnist-net_4_0_025.mps
31,0.033,UNSAT,805.345,Symphony,,mnist-net,image_4,/home/annelot/WARMSTART_PROJECT/baseline_symphony_21-01-2026+15_00/tmp/mnist-net/image_4/mnist-net_4_0_033.mps
32,0.023,UNSAT,0.362,Symphony,,mnist-net,image_4,/home/annelot/WARMSTART_PROJECT/baseline_symphony_21-01-2026+15_00/tmp/mnist-net/image_4/mnist-net_4_0_023.mps
33,0.021,UNSAT,,Symphony,,mnist-net,image_4,/home/annelot/WARMSTART_PROJECT/baseline_symphony_21-01-2026+15_00/tmp/mnist-net/image_4/mnist-net_4_0_021.mps
34,0.019,UNSAT,,Symphony,,mnist-net,image_4,/home/annelot/WARMSTART_PROJECT/baseline_symphony_21-01-2026+15_00/tmp/mnist-net/image_4/mnist-net_4_0_019.mps
35,0.017,UNSAT,,Symphony,,mnist-net,image_4,/home/annelot/WARMSTART_PROJECT/baseline_symphony_21-01-2026+15_00/tmp/mnist-net/image_4/mnist-net_4_0_017.mps
36,0.015,UNSAT,,Symphony,,mnist-net,image_4,/home/annelot/WARMSTART_PROJECT/baseline_symphony_21-01-2026+15_00/tmp/mnist-net/image_4/mnist-net_4_0_015.mps
37,0.013,UNSAT,,Symphony,,mnist-net,image_4,/home/annelot/WARMSTART_PROJECT/baseline_symphony_21-01-2026+15_00/tmp/mnist-net/image_4/mnist-net_4_0_013.mps
38,0.011,UNSAT,,Symphony,,mnist-net,image_4,/home/annelot/WARMSTART_PROJECT/baseline_symphony_21-01-2026+15_00/tmp/mnist-net/image_4/mnist-net_4_0_011.mps
39,0.009,UNSAT,,Symphony,,mnist-net,image_4,/home/annelot/WARMSTART_PROJECT/baseline_symphony_21-01-2026+15_00/tmp/mnist-net/image_4/mnist-net_4_0_009.mps
40,0.007,UNSAT,,Symphony,,mnist-net,image_4,/home/annelot/WARMSTART_PROJECT/baseline_symphony_21-01-2026+15_00/tmp/mnist-net/image_4/mnist-net_4_0_007.mps
41,0.005,ERR,,Symphony,,mnist-net,image_4,/home/annelot/WARMSTART_PROJECT/baseline_symphony_21-01-2026+15_00/tmp/mnist-net/image_4/mnist-net_4_0_005.mps
42,0.035,UNSAT,1678.364,Symphony,,mnist-net,image_4,/home/annelot/WARMSTART_PROJECT/baseline_symphony_21-01-2026+15_00/tmp/mnist-net/image_4/mnist-net_4_0_035.mps
43,0.037,SAT,786.937,Symphony,,mnist-net,image_4,/home/annelot/WARMSTART_PROJECT/baseline_symphony_21-01-2026+15_00/tmp/mnist-net/image_4/mnist-net_4_0_037.mps
44,0.039,SAT,1724.28,Symphony,,mnist-net,image_4,/home/annelot/WARMSTART_PROJECT/baseline_symphony_21-01-2026+15_00/tmp/mnist-net/image_4/mnist-net_4_0_039.mps
45,0.041,SAT,2913.887,Symphony,,mnist-net,image_4,/home/annelot/WARMSTART_PROJECT/baseline_symphony_21-01-2026+15_00/tmp/mnist-net/image_4/mnist-net_4_0_041.mps
46,0.043,TIMEOUT,3600.044013977051,Symphony,,mnist-net,image_4,/home/annelot/WARMSTART_PROJECT/baseline_symphony_21-01-2026+15_00/tmp/mnist-net/image_4/mnist-net_4_0_043.mps
0,0.181,TIMEOUT,3600.067073583603,Symphony,,mnist-net,image_3,/home/annelot/WARMSTART_PROJECT/baseline_symphony_21-01-2026+15_00/tmp/mnist-net/image_3/mnist-net_3_0_181.mps
1,0.201,TIMEOUT,3600.0729994773865,Symphony,,mnist-net,image_3,/home/annelot/WARMSTART_PROJECT/baseline_symphony_21-01-2026+15_00/tmp/mnist-net/image_3/mnist-net_3_0_201.mps
2,0.161,TIMEOUT,3600.076122045517,Symphony,,mnist-net,image_3,/home/annelot/WARMSTART_PROJECT/baseline_symphony_21-01-2026+15_00/tmp/mnist-net/image_3/mnist-net_3_0_161.mps
3,0.221,SAT,1430.739,Symphony,,mnist-net,image_3,/home/annelot/WARMSTART_PROJECT/baseline_symphony_21-01-2026+15_00/tmp/mnist-net/image_3/mnist-net_3_0_221.mps
5,0.101,TIMEOUT,3600.051955461502,Symphony,,mnist-net,image_3,/home/annelot/WARMSTART_PROJECT/baseline_symphony_21-01-2026+15_00/tmp/mnist-net/image_3/mnist-net_3_0_101.mps
6,0.121,TIMEOUT,3600.042316675186,Symphony,,mnist-net,image_3,/home/annelot/WARMSTART_PROJECT/baseline_symphony_21-01-2026+15_00/tmp/mnist-net/image_3/mnist-net_3_0_121.mps
7,0.081,TIMEOUT,3600.0454750061035,Symphony,,mnist-net,image_3,/home/annelot/WARMSTART_PROJECT/baseline_symphony_21-01-2026+15_00/tmp/mnist-net/image_3/mnist-net_3_0_081.mps
8,0.141,TIMEOUT,3600.070318222046,Symphony,,mnist-net,image_3,/home/annelot/WARMSTART_PROJECT/baseline_symphony_21-01-2026+15_00/tmp/mnist-net/image_3/mnist-net_3_0_141.mps
9,0.061,UNSAT,1922.838,Symphony,,mnist-net,image_3,/home/annelot/WARMSTART_PROJECT/baseline_symphony_21-01-2026+15_00/tmp/mnist-net/image_3/mnist-net_3_0_061.mps
10,0.219,TIMEOUT,3600.053443193436,Symphony,,mnist-net,image_3,/home/annelot/WARMSTART_PROJECT/baseline_symphony_21-01-2026+15_00/tmp/mnist-net/image_3/mnist-net_3_0_219.mps
11,0.063,TIMEOUT,3600.0432727336884,Symphony,,mnist-net,image_3,/home/annelot/WARMSTART_PROJECT/baseline_symphony_21-01-2026+15_00/tmp/mnist-net/image_3/mnist-net_3_0_063.mps
0,0.181,TIMEOUT,3600.0786221027374,Symphony,,mnist-net_256x4,image_7,/home/annelot/WARMSTART_PROJECT/baseline_symphony_21-01-2026+15_00/tmp/mnist-net_256x4/image_7/mnist-net_256x4_7_0_181.mps
1,0.201,TIMEOUT,3600.0859570503235,Symphony,,mnist-net_256x4,image_7,/home/annelot/WARMSTART_PROJECT/baseline_symphony_21-01-2026+15_00/tmp/mnist-net_256x4/image_7/mnist-net_256x4_7_0_201.mps
2,0.161,TIMEOUT,3600.0888724327087,Symphony,,mnist-net_256x4,image_7,/home/annelot/WARMSTART_PROJECT/baseline_symphony_21-01-2026+15_00/tmp/mnist-net_256x4/image_7/mnist-net_256x4_7_0_161.mps
3,0.221,TIMEOUT,3600.071228981018,Symphony,,mnist-net_256x4,image_7,/home/annelot/WARMSTART_PROJECT/baseline_symphony_21-01-2026+15_00/tmp/mnist-net_256x4/image_7/mnist-net_256x4_7_0_221.mps
4,0.141,TIMEOUT,3600.091648578644,Symphony,,mnist-net_256x4,image_7,/home/annelot/WARMSTART_PROJECT/baseline_symphony_21-01-2026+15_00/tmp/mnist-net_256x4/image_7/mnist-net_256x4_7_0_141.mps
5,0.241,TIMEOUT,3600.0463173389435,Symphony,,mnist-net_256x4,image_7,/home/annelot/WARMSTART_PROJECT/baseline_symphony_21-01-2026+15_00/tmp/mnist-net_256x4/image_7/mnist-net_256x4_7_0_241.mps
6,0.121,TIMEOUT,3600.076679944992,Symphony,,mnist-net_256x4,image_7,/home/annelot/WARMSTART_PROJECT/baseline_symphony_21-01-2026+15_00/tmp/mnist-net_256x4/image_7/mnist-net_256x4_7_0_121.mps
7,0.261,TIMEOUT,3600.0603024959564,Symphony,,mnist-net_256x4,image_7,/home/annelot/WARMSTART_PROJECT/baseline_symphony_21-01-2026+15_00/tmp/mnist-net_256x4/image_7/mnist-net_256x4_7_0_261.mps
8,0.101,TIMEOUT,3600.08904838562,Symphony,,mnist-net_256x4,image_7,/home/annelot/WARMSTART_PROJECT/baseline_symphony_21-01-2026+15_00/tmp/mnist-net_256x4/image_7/mnist-net_256x4_7_0_101.mps
9,0.281,TIMEOUT,3600.0589487552643,Symphony,,mnist-net_256x4,image_7,/home/annelot/WARMSTART_PROJECT/baseline_symphony_21-01-2026+15_00/tmp/mnist-net_256x4/image_7/mnist-net_256x4_7_0_281.mps
10,0.081,TIMEOUT,3600.085799217224,Symphony,,mnist-net_256x4,image_7,/home/annelot/WARMSTART_PROJECT/baseline_symphony_21-01-2026+15_00/tmp/mnist-net_256x4/image_7/mnist-net_256x4_7_0_081.mps
11,0.301,TIMEOUT,3600.0566251277924,Symphony,,mnist-net_256x4,image_7,/home/annelot/WARMSTART_PROJECT/baseline_symphony_21-01-2026+15_00/tmp/mnist-net_256x4/image_7/mnist-net_256x4_7_0_301.mps
12,0.061,TIMEOUT,3600.06339430809,Symphony,,mnist-net_256x4,image_7,/home/annelot/WARMSTART_PROJECT/baseline_symphony_21-01-2026+15_00/tmp/mnist-net_256x4/image_7/mnist-net_256x4_7_0_061.mps
13,0.321,TIMEOUT,3600.0565996170044,Symphony,,mnist-net_256x4,image_7,/home/annelot/WARMSTART_PROJECT/baseline_symphony_21-01-2026+15_00/tmp/mnist-net_256x4/image_7/mnist-net_256x4_7_0_321.mps
14,0.041,TIMEOUT,3600.050222873688,Symphony,,mnist-net_256x4,image_7,/home/annelot/WARMSTART_PROJECT/baseline_symphony_21-01-2026+15_00/tmp/mnist-net_256x4/image_7/mnist-net_256x4_7_0_041.mps
15,0.341,TIMEOUT,3600.0606682300568,Symphony,,mnist-net_256x4,image_7,/home/annelot/WARMSTART_PROJECT/baseline_symphony_21-01-2026+15_00/tmp/mnist-net_256x4/image_7/mnist-net_256x4_7_0_341.mps
16,0.021,TIMEOUT,3600.054494619369,Symphony,,mnist-net_256x4,image_7,/home/annelot/WARMSTART_PROJECT/baseline_symphony_21-01-2026+15_00/tmp/mnist-net_256x4/image_7/mnist-net_256x4_7_0_021.mps
17,0.361,TIMEOUT,3600.052206516266,Symphony,,mnist-net_256x4,image_7,/home/annelot/WARMSTART_PROJECT/baseline_symphony_21-01-2026+15_00/tmp/mnist-net_256x4/image_7/mnist-net_256x4_7_0_361.mps
18,0.001,UNSAT,28.629605531692505,Symphony,,mnist-net_256x4,image_7,/home/annelot/WARMSTART_PROJECT/baseline_symphony_21-01-2026+15_00/tmp/mnist-net_256x4/image_7/mnist-net_256x4_7_0_001.mps
19,0.381,TIMEOUT,3600.043176174164,Symphony,,mnist-net_256x4,image_7,/home/annelot/WARMSTART_PROJECT/baseline_symphony_21-01-2026+15_00/tmp/mnist-net_256x4/image_7/mnist-net_256x4_7_0_381.mps
21,0.003,UNSAT,,Symphony,,mnist-net_256x4,image_7,/home/annelot/WARMSTART_PROJECT/baseline_symphony_21-01-2026+15_00/tmp/mnist-net_256x4/image_7/mnist-net_256x4_7_0_003.mps
22,0.005,UNSAT,,Symphony,,mnist-net_256x4,image_7,/home/annelot/WARMSTART_PROJECT/baseline_symphony_21-01-2026+15_00/tmp/mnist-net_256x4/image_7/mnist-net_256x4_7_0_005.mps
23,0.007,UNSAT,,Symphony,,mnist-net_256x4,image_7,/home/annelot/WARMSTART_PROJECT/baseline_symphony_21-01-2026+15_00/tmp/mnist-net_256x4/image_7/mnist-net_256x4_7_0_007.mps
24,0.009,UNSAT,,Symphony,,mnist-net_256x4,image_7,/home/annelot/WARMSTART_PROJECT/baseline_symphony_21-01-2026+15_00/tmp/mnist-net_256x4/image_7/mnist-net_256x4_7_0_009.mps
25,0.011,UNSAT,,Symphony,,mnist-net_256x4,image_7,/home/annelot/WARMSTART_PROJECT/baseline_symphony_21-01-2026+15_00/tmp/mnist-net_256x4/image_7/mnist-net_256x4_7_0_011.mps
26,0.013,UNSAT,,Symphony,,mnist-net_256x4,image_7,/home/annelot/WARMSTART_PROJECT/baseline_symphony_21-01-2026+15_00/tmp/mnist-net_256x4/image_7/mnist-net_256x4_7_0_013.mps
27,0.015,UNSAT,,Symphony,,mnist-net_256x4,image_7,/home/annelot/WARMSTART_PROJECT/baseline_symphony_21-01-2026+15_00/tmp/mnist-net_256x4/image_7/mnist-net_256x4_7_0_015.mps
28,0.017,UNSAT,162.413,Symphony,,mnist-net_256x4,image_7,/home/annelot/WARMSTART_PROJECT/baseline_symphony_21-01-2026+15_00/tmp/mnist-net_256x4/image_7/mnist-net_256x4_7_0_017.mps
29,0.019,TIMEOUT,3600.040787935257,Symphony,,mnist-net_256x4,image_7,/home/annelot/WARMSTART_PROJECT/baseline_symphony_21-01-2026+15_00/tmp/mnist-net_256x4/image_7/mnist-net_256x4_7_0_019.mps
0,0.181,TIMEOUT,3600.115921020508,Symphony,,mnist-net_256x4,image_6,/home/annelot/WARMSTART_PROJECT/baseline_symphony_21-01-2026+15_00/tmp/mnist-net_256x4/image_6/mnist-net_256x4_6_0_181.mps
1,0.201,TIMEOUT,3600.1071112155914,Symphony,,mnist-net_256x4,image_6,/home/annelot/WARMSTART_PROJECT/baseline_symphony_21-01-2026+15_00/tmp/mnist-net_256x4/image_6/mnist-net_256x4_6_0_201.mps
2,0.161,TIMEOUT,3600.086447954178,Symphony,,mnist-net_256x4,image_6,/home/annelot/WARMSTART_PROJECT/baseline_symphony_21-01-2026+15_00/tmp/mnist-net_256x4/image_6/mnist-net_256x4_6_0_161.mps
3,0.221,TIMEOUT,3600.10027551651,Symphony,,mnist-net_256x4,image_6,/home/annelot/WARMSTART_PROJECT/baseline_symphony_21-01-2026+15_00/tmp/mnist-net_256x4/image_6/mnist-net_256x4_6_0_221.mps
4,0.141,TIMEOUT,3600.085260391236,Symphony,,mnist-net_256x4,image_6,/home/annelot/WARMSTART_PROJECT/baseline_symphony_21-01-2026+15_00/tmp/mnist-net_256x4/image_6/mnist-net_256x4_6_0_141.mps
5,0.241,TIMEOUT,3600.0594096183777,Symphony,,mnist-net_256x4,image_6,/home/annelot/WARMSTART_PROJECT/baseline_symphony_21-01-2026+15_00/tmp/mnist-net_256x4/image_6/mnist-net_256x4_6_0_241.mps
6,0.121,TIMEOUT,3600.1022865772247,Symphony,,mnist-net_256x4,image_6,/home/annelot/WARMSTART_PROJECT/baseline_symphony_21-01-2026+15_00/tmp/mnist-net_256x4/image_6/mnist-net_256x4_6_0_121.mps
7,0.261,TIMEOUT,3600.0910320281982,Symphony,,mnist-net_256x4,image_6,/home/annelot/WARMSTART_PROJECT/baseline_symphony_21-01-2026+15_00/tmp/mnist-net_256x4/image_6/mnist-net_256x4_6_0_261.mps
8,0.101,TIMEOUT,3600.082136631012,Symphony,,mnist-net_256x4,image_6,/home/annelot/WARMSTART_PROJECT/baseline_symphony_21-01-2026+15_00/tmp/mnist-net_256x4/image_6/mnist-net_256x4_6_0_101.mps
9,0.281,TIMEOUT,3600.067314863205,Symphony,,mnist-net_256x4,image_6,/home/annelot/WARMSTART_PROJECT/baseline_symphony_21-01-2026+15_00/tmp/mnist-net_256x4/image_6/mnist-net_256x4_6_0_281.mps
10,0.081,TIMEOUT,3600.08868265152,Symphony,,mnist-net_256x4,image_6,/home/annelot/WARMSTART_PROJECT/baseline_symphony_21-01-2026+15_00/tmp/mnist-net_256x4/image_6/mnist-net_256x4_6_0_081.mps
11,0.301,TIMEOUT,3600.052600622177,Symphony,,mnist-net_256x4,image_6,/home/annelot/WARMSTART_PROJECT/baseline_symphony_21-01-2026+15_00/tmp/mnist-net_256x4/image_6/mnist-net_256x4_6_0_301.mps
12,0.061,TIMEOUT,3600.0730612277985,Symphony,,mnist-net_256x4,image_6,/home/annelot/WARMSTART_PROJECT/baseline_symphony_21-01-2026+15_00/tmp/mnist-net_256x4/image_6/mnist-net_256x4_6_0_061.mps
13,0.321,TIMEOUT,3600.056535720825,Symphony,,mnist-net_256x4,image_6,/home/annelot/WARMSTART_PROJECT/baseline_symphony_21-01-2026+15_00/tmp/mnist-net_256x4/image_6/mnist-net_256x4_6_0_321.mps
14,0.041,TIMEOUT,3600.0684902668,Symphony,,mnist-net_256x4,image_6,/home/annelot/WARMSTART_PROJECT/baseline_symphony_21-01-2026+15_00/tmp/mnist-net_256x4/image_6/mnist-net_256x4_6_0_041.mps
15,0.341,TIMEOUT,3600.0701007843018,Symphony,,mnist-net_256x4,image_6,/home/annelot/WARMSTART_PROJECT/baseline_symphony_21-01-2026+15_00/tmp/mnist-net_256x4/image_6/mnist-net_256x4_6_0_341.mps
16,0.021,UNSAT,,Symphony,,mnist-net_256x4,image_6,/home/annelot/WARMSTART_PROJECT/baseline_symphony_21-01-2026+15_00/tmp/mnist-net_256x4/image_6/mnist-net_256x4_6_0_021.mps
17,0.361,TIMEOUT,3600.060171842575,Symphony,,mnist-net_256x4,image_6,/home/annelot/WARMSTART_PROJECT/baseline_symphony_21-01-2026+15_00/tmp/mnist-net_256x4/image_6/mnist-net_256x4_6_0_361.mps
18,0.381,TIMEOUT,3600.042958021164,Symphony,,mnist-net_256x4,image_6,/home/annelot/WARMSTART_PROJECT/baseline_symphony_21-01-2026+15_00/tmp/mnist-net_256x4/image_6/mnist-net_256x4_6_0_381.mps
20,0.023,UNSAT,,Symphony,,mnist-net_256x4,image_6,/home/annelot/WARMSTART_PROJECT/baseline_symphony_21-01-2026+15_00/tmp/mnist-net_256x4/image_6/mnist-net_256x4_6_0_023.mps
21,0.025,UNSAT,,Symphony,,mnist-net_256x4,image_6,/home/annelot/WARMSTART_PROJECT/baseline_symphony_21-01-2026+15_00/tmp/mnist-net_256x4/image_6/mnist-net_256x4_6_0_025.mps
22,0.027,UNSAT,9.14,Symphony,,mnist-net_256x4,image_6,/home/annelot/WARMSTART_PROJECT/baseline_symphony_21-01-2026+15_00/tmp/mnist-net_256x4/image_6/mnist-net_256x4_6_0_027.mps
23,0.029,UNSAT,66.803,Symphony,,mnist-net_256x4,image_6,/home/annelot/WARMSTART_PROJECT/baseline_symphony_21-01-2026+15_00/tmp/mnist-net_256x4/image_6/mnist-net_256x4_6_0_029.mps
24,0.031,UNSAT,1042.538,Symphony,,mnist-net_256x4,image_6,/home/annelot/WARMSTART_PROJECT/baseline_symphony_21-01-2026+15_00/tmp/mnist-net_256x4/image_6/mnist-net_256x4_6_0_031.mps
25,0.033,UNSAT,1849.761,Symphony,,mnist-net_256x4,image_6,/home/annelot/WARMSTART_PROJECT/baseline_symphony_21-01-2026+15_00/tmp/mnist-net_256x4/image_6/mnist-net_256x4_6_0_033.mps
26,0.035,TIMEOUT,3600.0610749721527,Symphony,,mnist-net_256x4,image_6,/home/annelot/WARMSTART_PROJECT/baseline_symphony_21-01-2026+15_00/tmp/mnist-net_256x4/image_6/mnist-net_256x4_6_0_035.mps
0,0.181,TIMEOUT,3600.109303236008,Symphony,,mnist-net_256x4,image_8,/home/annelot/WARMSTART_PROJECT/baseline_symphony_21-01-2026+15_00/tmp/mnist-net_256x4/image_8/mnist-net_256x4_8_0_181.mps
1,0.201,TIMEOUT,3600.1047587394714,Symphony,,mnist-net_256x4,image_8,/home/annelot/WARMSTART_PROJECT/baseline_symphony_21-01-2026+15_00/tmp/mnist-net_256x4/image_8/mnist-net_256x4_8_0_201.mps
2,0.161,TIMEOUT,3600.078825712204,Symphony,,mnist-net_256x4,image_8,/home/annelot/WARMSTART_PROJECT/baseline_symphony_21-01-2026+15_00/tmp/mnist-net_256x4/image_8/mnist-net_256x4_8_0_161.mps
3,0.221,TIMEOUT,3600.0827527046204,Symphony,,mnist-net_256x4,image_8,/home/annelot/WARMSTART_PROJECT/baseline_symphony_21-01-2026+15_00/tmp/mnist-net_256x4/image_8/mnist-net_256x4_8_0_221.mps
4,0.141,TIMEOUT,3600.092362880707,Symphony,,mnist-net_256x4,image_8,/home/annelot/WARMSTART_PROJECT/baseline_symphony_21-01-2026+15_00/tmp/mnist-net_256x4/image_8/mnist-net_256x4_8_0_141.mps
5,0.241,TIMEOUT,3600.047419786453,Symphony,,mnist-net_256x4,image_8,/home/annelot/WARMSTART_PROJECT/baseline_symphony_21-01-2026+15_00/tmp/mnist-net_256x4/image_8/mnist-net_256x4_8_0_241.mps
6,0.121,TIMEOUT,3600.080808401108,Symphony,,mnist-net_256x4,image_8,/home/annelot/WARMSTART_PROJECT/baseline_symphony_21-01-2026+15_00/tmp/mnist-net_256x4/image_8/mnist-net_256x4_8_0_121.mps
7,0.261,TIMEOUT,3600.0717191696167,Symphony,,mnist-net_256x4,image_8,/home/annelot/WARMSTART_PROJECT/baseline_symphony_21-01-2026+15_00/tmp/mnist-net_256x4/image_8/mnist-net_256x4_8_0_261.mps
8,0.101,TIMEOUT,3600.065668106079,Symphony,,mnist-net_256x4,image_8,/home/annelot/WARMSTART_PROJECT/baseline_symphony_21-01-2026+15_00/tmp/mnist-net_256x4/image_8/mnist-net_256x4_8_0_101.mps
9,0.281,TIMEOUT,3600.073633909225,Symphony,,mnist-net_256x4,image_8,/home/annelot/WARMSTART_PROJECT/baseline_symphony_21-01-2026+15_00/tmp/mnist-net_256x4/image_8/mnist-net_256x4_8_0_281.mps
10,0.081,TIMEOUT,3600.072923898697,Symphony,,mnist-net_256x4,image_8,/home/annelot/WARMSTART_PROJECT/baseline_symphony_21-01-2026+15_00/tmp/mnist-net_256x4/image_8/mnist-net_256x4_8_0_081.mps
11,0.301,TIMEOUT,3600.057604551316,Symphony,,mnist-net_256x4,image_8,/home/annelot/WARMSTART_PROJECT/baseline_symphony_21-01-2026+15_00/tmp/mnist-net_256x4/image_8/mnist-net_256x4_8_0_301.mps
12,0.061,TIMEOUT,3600.0568935871124,Symphony,,mnist-net_256x4,image_8,/home/annelot/WARMSTART_PROJECT/baseline_symphony_21-01-2026+15_00/tmp/mnist-net_256x4/image_8/mnist-net_256x4_8_0_061.mps
13,0.321,TIMEOUT,3600.074555158615,Symphony,,mnist-net_256x4,image_8,/home/annelot/WARMSTART_PROJECT/baseline_symphony_21-01-2026+15_00/tmp/mnist-net_256x4/image_8/mnist-net_256x4_8_0_321.mps
14,0.041,TIMEOUT,3600.0623710155487,Symphony,,mnist-net_256x4,image_8,/home/annelot/WARMSTART_PROJECT/baseline_symphony_21-01-2026+15_00/tmp/mnist-net_256x4/image_8/mnist-net_256x4_8_0_041.mps
15,0.341,TIMEOUT,3600.0659852027893,Symphony,,mnist-net_256x4,image_8,/home/annelot/WARMSTART_PROJECT/baseline_symphony_21-01-2026+15_00/tmp/mnist-net_256x4/image_8/mnist-net_256x4_8_0_341.mps
17,0.361,TIMEOUT,3600.0527589321136,Symphony,,mnist-net_256x4,image_8,/home/annelot/WARMSTART_PROJECT/baseline_symphony_21-01-2026+15_00/tmp/mnist-net_256x4/image_8/mnist-net_256x4_8_0_361.mps
18,0.381,TIMEOUT,3600.0680644512177,Symphony,,mnist-net_256x4,image_8,/home/annelot/WARMSTART_PROJECT/baseline_symphony_21-01-2026+15_00/tmp/mnist-net_256x4/image_8/mnist-net_256x4_8_0_381.mps
19,0.021,UNSAT,,Symphony,,mnist-net_256x4,image_8,/home/annelot/WARMSTART_PROJECT/baseline_symphony_21-01-2026+15_00/tmp/mnist-net_256x4/image_8/mnist-net_256x4_8_0_021.mps
20,0.023,UNSAT,,Symphony,,mnist-net_256x4,image_8,/home/annelot/WARMSTART_PROJECT/baseline_symphony_21-01-2026+15_00/tmp/mnist-net_256x4/image_8/mnist-net_256x4_8_0_023.mps
21,0.025,UNSAT,0.71,Symphony,,mnist-net_256x4,image_8,/home/annelot/WARMSTART_PROJECT/baseline_symphony_21-01-2026+15_00/tmp/mnist-net_256x4/image_8/mnist-net_256x4_8_0_025.mps
22,0.027,UNSAT,4.904,Symphony,,mnist-net_256x4,image_8,/home/annelot/WARMSTART_PROJECT/baseline_symphony_21-01-2026+15_00/tmp/mnist-net_256x4/image_8/mnist-net_256x4_8_0_027.mps
23,0.029,UNSAT,161.144,Symphony,,mnist-net_256x4,image_8,/home/annelot/WARMSTART_PROJECT/baseline_symphony_21-01-2026+15_00/tmp/mnist-net_256x4/image_8/mnist-net_256x4_8_0_029.mps
24,0.031,UNSAT,229.96,Symphony,,mnist-net_256x4,image_8,/home/annelot/WARMSTART_PROJECT/baseline_symphony_21-01-2026+15_00/tmp/mnist-net_256x4/image_8/mnist-net_256x4_8_0_031.mps
25,0.033,TIMEOUT,3600.051632881165,Symphony,,mnist-net_256x4,image_8,/home/annelot/WARMSTART_PROJECT/baseline_symphony_21-01-2026+15_00/tmp/mnist-net_256x4/image_8/mnist-net_256x4_8_0_033.mps
0,0.181,TIMEOUT,3600.1255462169647,Symphony,,mnist-net_256x4,image_9,/home/annelot/WARMSTART_PROJECT/baseline_symphony_21-01-2026+15_00/tmp/mnist-net_256x4/image_9/mnist-net_256x4_9_0_181.mps
1,0.201,TIMEOUT,3600.1003754138947,Symphony,,mnist-net_256x4,image_9,/home/annelot/WARMSTART_PROJECT/baseline_symphony_21-01-2026+15_00/tmp/mnist-net_256x4/image_9/mnist-net_256x4_9_0_201.mps
2,0.161,TIMEOUT,3600.097086906433,Symphony,,mnist-net_256x4,image_9,/home/annelot/WARMSTART_PROJECT/baseline_symphony_21-01-2026+15_00/tmp/mnist-net_256x4/image_9/mnist-net_256x4_9_0_161.mps
3,0.221,TIMEOUT,3600.091592073441,Symphony,,mnist-net_256x4,image_9,/home/annelot/WARMSTART_PROJECT/baseline_symphony_21-01-2026+15_00/tmp/mnist-net_256x4/image_9/mnist-net_256x4_9_0_221.mps
4,0.141,TIMEOUT,3600.095456123352,Symphony,,mnist-net_256x4,image_9,/home/annelot/WARMSTART_PROJECT/baseline_symphony_21-01-2026+15_00/tmp/mnist-net_256x4/image_9/mnist-net_256x4_9_0_141.mps
5,0.241,TIMEOUT,3600.053436756134,Symphony,,mnist-net_256x4,image_9,/home/annelot/WARMSTART_PROJECT/baseline_symphony_21-01-2026+15_00/tmp/mnist-net_256x4/image_9/mnist-net_256x4_9_0_241.mps
6,0.121,TIMEOUT,3600.070534706116,Symphony,,mnist-net_256x4,image_9,/home/annelot/WARMSTART_PROJECT/baseline_symphony_21-01-2026+15_00/tmp/mnist-net_256x4/image_9/mnist-net_256x4_9_0_121.mps
7,0.261,TIMEOUT,3600.073414802552,Symphony,,mnist-net_256x4,image_9,/home/annelot/WARMSTART_PROJECT/baseline_symphony_21-01-2026+15_00/tmp/mnist-net_256x4/image_9/mnist-net_256x4_9_0_261.mps
8,0.101,TIMEOUT,3600.049912214279,Symphony,,mnist-net_256x4,image_9,/home/annelot/WARMSTART_PROJECT/baseline_symphony_21-01-2026+15_00/tmp/mnist-net_256x4/image_9/mnist-net_256x4_9_0_101.mps
9,0.281,TIMEOUT,3600.0591769218445,Symphony,,mnist-net_256x4,image_9,/home/annelot/WARMSTART_PROJECT/baseline_symphony_21-01-2026+15_00/tmp/mnist-net_256x4/image_9/mnist-net_256x4_9_0_281.mps
10,0.081,TIMEOUT,3600.061043739319,Symphony,,mnist-net_256x4,image_9,/home/annelot/WARMSTART_PROJECT/baseline_symphony_21-01-2026+15_00/tmp/mnist-net_256x4/image_9/mnist-net_256x4_9_0_081.mps
11,0.301,TIMEOUT,3600.054976940155,Symphony,,mnist-net_256x4,image_9,/home/annelot/WARMSTART_PROJECT/baseline_symphony_21-01-2026+15_00/tmp/mnist-net_256x4/image_9/mnist-net_256x4_9_0_301.mps
12,0.061,TIMEOUT,3600.078565597534,Symphony,,mnist-net_256x4,image_9,/home/annelot/WARMSTART_PROJECT/baseline_symphony_21-01-2026+15_00/tmp/mnist-net_256x4/image_9/mnist-net_256x4_9_0_061.mps
13,0.321,TIMEOUT,3600.0595967769623,Symphony,,mnist-net_256x4,image_9,/home/annelot/WARMSTART_PROJECT/baseline_symphony_21-01-2026+15_00/tmp/mnist-net_256x4/image_9/mnist-net_256x4_9_0_321.mps
14,0.041,TIMEOUT,3600.062780618668,Symphony,,mnist-net_256x4,image_9,/home/annelot/WARMSTART_PROJECT/baseline_symphony_21-01-2026+15_00/tmp/mnist-net_256x4/image_9/mnist-net_256x4_9_0_041.mps
15,0.341,TIMEOUT,3600.0559227466583,Symphony,,mnist-net_256x4,image_9,/home/annelot/WARMSTART_PROJECT/baseline_symphony_21-01-2026+15_00/tmp/mnist-net_256x4/image_9/mnist-net_256x4_9_0_341.mps
16,0.021,UNSAT,,Symphony,,mnist-net_256x4,image_9,/home/annelot/WARMSTART_PROJECT/baseline_symphony_21-01-2026+15_00/tmp/mnist-net_256x4/image_9/mnist-net_256x4_9_0_021.mps
17,0.361,TIMEOUT,3600.044515132904,Symphony,,mnist-net_256x4,image_9,/home/annelot/WARMSTART_PROJECT/baseline_symphony_21-01-2026+15_00/tmp/mnist-net_256x4/image_9/mnist-net_256x4_9_0_361.mps
18,0.381,TIMEOUT,3600.047420978546,Symphony,,mnist-net_256x4,image_9,/home/annelot/WARMSTART_PROJECT/baseline_symphony_21-01-2026+15_00/tmp/mnist-net_256x4/image_9/mnist-net_256x4_9_0_381.mps
20,0.023,UNSAT,,Symphony,,mnist-net_256x4,image_9,/home/annelot/WARMSTART_PROJECT/baseline_symphony_21-01-2026+15_00/tmp/mnist-net_256x4/image_9/mnist-net_256x4_9_0_023.mps
21,0.025,UNSAT,,Symphony,,mnist-net_256x4,image_9,/home/annelot/WARMSTART_PROJECT/baseline_symphony_21-01-2026+15_00/tmp/mnist-net_256x4/image_9/mnist-net_256x4_9_0_025.mps
22,0.027,UNSAT,,Symphony,,mnist-net_256x4,image_9,/home/annelot/WARMSTART_PROJECT/baseline_symphony_21-01-2026+15_00/tmp/mnist-net_256x4/image_9/mnist-net_256x4_9_0_027.mps
23,0.029,UNSAT,,Symphony,,mnist-net_256x4,image_9,/home/annelot/WARMSTART_PROJECT/baseline_symphony_21-01-2026+15_00/tmp/mnist-net_256x4/image_9/mnist-net_256x4_9_0_029.mps
24,0.031,UNSAT,,Symphony,,mnist-net_256x4,image_9,/home/annelot/WARMSTART_PROJECT/baseline_symphony_21-01-2026+15_00/tmp/mnist-net_256x4/image_9/mnist-net_256x4_9_0_031.mps
25,0.033,UNSAT,62.097,Symphony,,mnist-net_256x4,image_9,/home/annelot/WARMSTART_PROJECT/baseline_symphony_21-01-2026+15_00/tmp/mnist-net_256x4/image_9/mnist-net_256x4_9_0_033.mps
26,0.035,UNSAT,186.251,Symphony,,mnist-net_256x4,image_9,/home/annelot/WARMSTART_PROJECT/baseline_symphony_21-01-2026+15_00/tmp/mnist-net_256x4/image_9/mnist-net_256x4_9_0_035.mps
27,0.037,UNSAT,279.8,Symphony,,mnist-net_256x4,image_9,/home/annelot/WARMSTART_PROJECT/baseline_symphony_21-01-2026+15_00/tmp/mnist-net_256x4/image_9/mnist-net_256x4_9_0_037.mps
28,0.039,UNSAT,2008.071,Symphony,,mnist-net_256x4,image_9,/home/annelot/WARMSTART_PROJECT/baseline_symphony_21-01-2026+15_00/tmp/mnist-net_256x4/image_9/mnist-net_256x4_9_0_039.mps
29,0.041,TIMEOUT,3600.057142019272,Symphony,,mnist-net_256x4,image_9,/home/annelot/WARMSTART_PROJECT/baseline_symphony_21-01-2026+15_00/tmp/mnist-net_256x4/image_9/mnist-net_256x4_9_0_041.mps
0,0.181,TIMEOUT,3600.0921683311462,Symphony,,mnist-net_256x4,image_2,/home/annelot/WARMSTART_PROJECT/baseline_symphony_21-01-2026+15_00/tmp/mnist-net_256x4/image_2/mnist-net_256x4_2_0_181.mps
1,0.201,TIMEOUT,3600.0887067317963,Symphony,,mnist-net_256x4,image_2,/home/annelot/WARMSTART_PROJECT/baseline_symphony_21-01-2026+15_00/tmp/mnist-net_256x4/image_2/mnist-net_256x4_2_0_201.mps
2,0.161,TIMEOUT,3600.064328193665,Symphony,,mnist-net_256x4,image_2,/home/annelot/WARMSTART_PROJECT/baseline_symphony_21-01-2026+15_00/tmp/mnist-net_256x4/image_2/mnist-net_256x4_2_0_161.mps
3,0.221,TIMEOUT,3600.0489122867584,Symphony,,mnist-net_256x4,image_2,/home/annelot/WARMSTART_PROJECT/baseline_symphony_21-01-2026+15_00/tmp/mnist-net_256x4/image_2/mnist-net_256x4_2_0_221.mps
4,0.141,TIMEOUT,3600.0836882591248,Symphony,,mnist-net_256x4,image_2,/home/annelot/WARMSTART_PROJECT/baseline_symphony_21-01-2026+15_00/tmp/mnist-net_256x4/image_2/mnist-net_256x4_2_0_141.mps
5,0.241,TIMEOUT,3600.0599155426025,Symphony,,mnist-net_256x4,image_2,/home/annelot/WARMSTART_PROJECT/baseline_symphony_21-01-2026+15_00/tmp/mnist-net_256x4/image_2/mnist-net_256x4_2_0_241.mps
6,0.121,TIMEOUT,3600.0662274360657,Symphony,,mnist-net_256x4,image_2,/home/annelot/WARMSTART_PROJECT/baseline_symphony_21-01-2026+15_00/tmp/mnist-net_256x4/image_2/mnist-net_256x4_2_0_121.mps
7,0.261,TIMEOUT,3600.0627393722534,Symphony,,mnist-net_256x4,image_2,/home/annelot/WARMSTART_PROJECT/baseline_symphony_21-01-2026+15_00/tmp/mnist-net_256x4/image_2/mnist-net_256x4_2_0_261.mps
8,0.101,TIMEOUT,3600.084091424942,Symphony,,mnist-net_256x4,image_2,/home/annelot/WARMSTART_PROJECT/baseline_symphony_21-01-2026+15_00/tmp/mnist-net_256x4/image_2/mnist-net_256x4_2_0_101.mps
9,0.281,TIMEOUT,3600.0546746253967,Symphony,,mnist-net_256x4,image_2,/home/annelot/WARMSTART_PROJECT/baseline_symphony_21-01-2026+15_00/tmp/mnist-net_256x4/image_2/mnist-net_256x4_2_0_281.mps
10,0.081,TIMEOUT,3600.0864493846893,Symphony,,mnist-net_256x4,image_2,/home/annelot/WARMSTART_PROJECT/baseline_symphony_21-01-2026+15_00/tmp/mnist-net_256x4/image_2/mnist-net_256x4_2_0_081.mps
11,0.301,TIMEOUT,3600.050266265869,Symphony,,mnist-net_256x4,image_2,/home/annelot/WARMSTART_PROJECT/baseline_symphony_21-01-2026+15_00/tmp/mnist-net_256x4/image_2/mnist-net_256x4_2_0_301.mps
12,0.061,TIMEOUT,3600.072015285492,Symphony,,mnist-net_256x4,image_2,/home/annelot/WARMSTART_PROJECT/baseline_symphony_21-01-2026+15_00/tmp/mnist-net_256x4/image_2/mnist-net_256x4_2_0_061.mps
13,0.321,TIMEOUT,3600.049688577652,Symphony,,mnist-net_256x4,image_2,/home/annelot/WARMSTART_PROJECT/baseline_symphony_21-01-2026+15_00/tmp/mnist-net_256x4/image_2/mnist-net_256x4_2_0_321.mps
14,0.041,TIMEOUT,3600.0650074481964,Symphony,,mnist-net_256x4,image_2,/home/annelot/WARMSTART_PROJECT/baseline_symphony_21-01-2026+15_00/tmp/mnist-net_256x4/image_2/mnist-net_256x4_2_0_041.mps
15,0.341,TIMEOUT,3600.0647299289703,Symphony,,mnist-net_256x4,image_2,/home/annelot/WARMSTART_PROJECT/baseline_symphony_21-01-2026+15_00/tmp/mnist-net_256x4/image_2/mnist-net_256x4_2_0_341.mps
17,0.361,TIMEOUT,3600.047952651977,Symphony,,mnist-net_256x4,image_2,/home/annelot/WARMSTART_PROJECT/baseline_symphony_21-01-2026+15_00/tmp/mnist-net_256x4/image_2/mnist-net_256x4_2_0_361.mps
18,0.381,TIMEOUT,3600.0457298755646,Symphony,,mnist-net_256x4,image_2,/home/annelot/WARMSTART_PROJECT/baseline_symphony_21-01-2026+15_00/tmp/mnist-net_256x4/image_2/mnist-net_256x4_2_0_381.mps
19,0.021,UNSAT,1797.952,Symphony,,mnist-net_256x4,image_2,/home/annelot/WARMSTART_PROJECT/baseline_symphony_21-01-2026+15_00/tmp/mnist-net_256x4/image_2/mnist-net_256x4_2_0_021.mps
20,0.023,TIMEOUT,3600.0389869213104,Symphony,,mnist-net_256x4,image_2,/home/annelot/WARMSTART_PROJECT/baseline_symphony_21-01-2026+15_00/tmp/mnist-net_256x4/image_2/mnist-net_256x4_2_0_023.mps
21,0.139,TIMEOUT,3600.063736438751,Symphony,,mnist-net_256x4,image_2,/home/annelot/WARMSTART_PROJECT/baseline_symphony_21-01-2026+15_00/tmp/mnist-net_256x4/image_2/mnist-net_256x4_2_0_139.mps
0,0.181,TIMEOUT,3600.071422100067,Symphony,,mnist-net_256x4,image_1,/home/annelot/WARMSTART_PROJECT/baseline_symphony_21-01-2026+15_00/tmp/mnist-net_256x4/image_1/mnist-net_256x4_1_0_181.mps
1,0.201,TIMEOUT,3600.090974330902,Symphony,,mnist-net_256x4,image_1,/home/annelot/WARMSTART_PROJECT/baseline_symphony_21-01-2026+15_00/tmp/mnist-net_256x4/image_1/mnist-net_256x4_1_0_201.mps
2,0.161,TIMEOUT,3600.06613779068,Symphony,,mnist-net_256x4,image_1,/home/annelot/WARMSTART_PROJECT/baseline_symphony_21-01-2026+15_00/tmp/mnist-net_256x4/image_1/mnist-net_256x4_1_0_161.mps
3,0.221,TIMEOUT,3600.093273639679,Symphony,,mnist-net_256x4,image_1,/home/annelot/WARMSTART_PROJECT/baseline_symphony_21-01-2026+15_00/tmp/mnist-net_256x4/image_1/mnist-net_256x4_1_0_221.mps
4,0.141,TIMEOUT,3600.096156358719,Symphony,,mnist-net_256x4,image_1,/home/annelot/WARMSTART_PROJECT/baseline_symphony_21-01-2026+15_00/tmp/mnist-net_256x4/image_1/mnist-net_256x4_1_0_141.mps
5,0.241,TIMEOUT,3600.082854747772,Symphony,,mnist-net_256x4,image_1,/home/annelot/WARMSTART_PROJECT/baseline_symphony_21-01-2026+15_00/tmp/mnist-net_256x4/image_1/mnist-net_256x4_1_0_241.mps
6,0.121,TIMEOUT,3600.074575662613,Symphony,,mnist-net_256x4,image_1,/home/annelot/WARMSTART_PROJECT/baseline_symphony_21-01-2026+15_00/tmp/mnist-net_256x4/image_1/mnist-net_256x4_1_0_121.mps
7,0.261,TIMEOUT,3600.087608575821,Symphony,,mnist-net_256x4,image_1,/home/annelot/WARMSTART_PROJECT/baseline_symphony_21-01-2026+15_00/tmp/mnist-net_256x4/image_1/mnist-net_256x4_1_0_261.mps
8,0.101,TIMEOUT,3600.0776121616364,Symphony,,mnist-net_256x4,image_1,/home/annelot/WARMSTART_PROJECT/baseline_symphony_21-01-2026+15_00/tmp/mnist-net_256x4/image_1/mnist-net_256x4_1_0_101.mps
9,0.281,TIMEOUT,3600.074706077576,Symphony,,mnist-net_256x4,image_1,/home/annelot/WARMSTART_PROJECT/baseline_symphony_21-01-2026+15_00/tmp/mnist-net_256x4/image_1/mnist-net_256x4_1_0_281.mps
10,0.081,TIMEOUT,3600.066902399063,Symphony,,mnist-net_256x4,image_1,/home/annelot/WARMSTART_PROJECT/baseline_symphony_21-01-2026+15_00/tmp/mnist-net_256x4/image_1/mnist-net_256x4_1_0_081.mps
11,0.301,TIMEOUT,3600.07039475441,Symphony,,mnist-net_256x4,image_1,/home/annelot/WARMSTART_PROJECT/baseline_symphony_21-01-2026+15_00/tmp/mnist-net_256x4/image_1/mnist-net_256x4_1_0_301.mps
12,0.061,TIMEOUT,3600.059402704239,Symphony,,mnist-net_256x4,image_1,/home/annelot/WARMSTART_PROJECT/baseline_symphony_21-01-2026+15_00/tmp/mnist-net_256x4/image_1/mnist-net_256x4_1_0_061.mps
13,0.321,TIMEOUT,3600.073523044586,Symphony,,mnist-net_256x4,image_1,/home/annelot/WARMSTART_PROJECT/baseline_symphony_21-01-2026+15_00/tmp/mnist-net_256x4/image_1/mnist-net_256x4_1_0_321.mps
14,0.041,UNSAT,1.055,Symphony,,mnist-net_256x4,image_1,/home/annelot/WARMSTART_PROJECT/baseline_symphony_21-01-2026+15_00/tmp/mnist-net_256x4/image_1/mnist-net_256x4_1_0_041.mps
15,0.361,TIMEOUT,3600.061455488205,Symphony,,mnist-net_256x4,image_1,/home/annelot/WARMSTART_PROJECT/baseline_symphony_21-01-2026+15_00/tmp/mnist-net_256x4/image_1/mnist-net_256x4_1_0_361.mps
16,0.341,TIMEOUT,3600.067898988724,Symphony,,mnist-net_256x4,image_1,/home/annelot/WARMSTART_PROJECT/baseline_symphony_21-01-2026+15_00/tmp/mnist-net_256x4/image_1/mnist-net_256x4_1_0_341.mps
17,0.381,TIMEOUT,3600.060323238373,Symphony,,mnist-net_256x4,image_1,/home/annelot/WARMSTART_PROJECT/baseline_symphony_21-01-2026+15_00/tmp/mnist-net_256x4/image_1/mnist-net_256x4_1_0_381.mps
19,0.043,UNSAT,163.362,Symphony,,mnist-net_256x4,image_1,/home/annelot/WARMSTART_PROJECT/baseline_symphony_21-01-2026+15_00/tmp/mnist-net_256x4/image_1/mnist-net_256x4_1_0_043.mps
20,0.045,UNSAT,311.733,Symphony,,mnist-net_256x4,image_1,/home/annelot/WARMSTART_PROJECT/baseline_symphony_21-01-2026+15_00/tmp/mnist-net_256x4/image_1/mnist-net_256x4_1_0_045.mps
21,0.047,TIMEOUT,3600.0600938797,Symphony,,mnist-net_256x4,image_1,/home/annelot/WARMSTART_PROJECT/baseline_symphony_21-01-2026+15_00/tmp/mnist-net_256x4/image_1/mnist-net_256x4_1_0_047.mps
22,0.139,TIMEOUT,3600.062365055084,Symphony,,mnist-net_256x4,image_1,/home/annelot/WARMSTART_PROJECT/baseline_symphony_21-01-2026+15_00/tmp/mnist-net_256x4/image_1/mnist-net_256x4_1_0_139.mps
0,0.181,TIMEOUT,3600.0712718963623,Symphony,,mnist-net_256x4,image_5,/home/annelot/WARMSTART_PROJECT/baseline_symphony_21-01-2026+15_00/tmp/mnist-net_256x4/image_5/mnist-net_256x4_5_0_181.mps
1,0.201,TIMEOUT,3600.0810334682465,Symphony,,mnist-net_256x4,image_5,/home/annelot/WARMSTART_PROJECT/baseline_symphony_21-01-2026+15_00/tmp/mnist-net_256x4/image_5/mnist-net_256x4_5_0_201.mps
2,0.161,TIMEOUT,3600.0747106075287,Symphony,,mnist-net_256x4,image_5,/home/annelot/WARMSTART_PROJECT/baseline_symphony_21-01-2026+15_00/tmp/mnist-net_256x4/image_5/mnist-net_256x4_5_0_161.mps
3,0.221,TIMEOUT,3600.070650577545,Symphony,,mnist-net_256x4,image_5,/home/annelot/WARMSTART_PROJECT/baseline_symphony_21-01-2026+15_00/tmp/mnist-net_256x4/image_5/mnist-net_256x4_5_0_221.mps
4,0.141,TIMEOUT,3600.081746816635,Symphony,,mnist-net_256x4,image_5,/home/annelot/WARMSTART_PROJECT/baseline_symphony_21-01-2026+15_00/tmp/mnist-net_256x4/image_5/mnist-net_256x4_5_0_141.mps
5,0.241,TIMEOUT,3600.0627048015594,Symphony,,mnist-net_256x4,image_5,/home/annelot/WARMSTART_PROJECT/baseline_symphony_21-01-2026+15_00/tmp/mnist-net_256x4/image_5/mnist-net_256x4_5_0_241.mps
6,0.121,TIMEOUT,3600.089241743088,Symphony,,mnist-net_256x4,image_5,/home/annelot/WARMSTART_PROJECT/baseline_symphony_21-01-2026+15_00/tmp/mnist-net_256x4/image_5/mnist-net_256x4_5_0_121.mps
7,0.261,TIMEOUT,3600.063232421875,Symphony,,mnist-net_256x4,image_5,/home/annelot/WARMSTART_PROJECT/baseline_symphony_21-01-2026+15_00/tmp/mnist-net_256x4/image_5/mnist-net_256x4_5_0_261.mps
8,0.101,TIMEOUT,3600.074061870575,Symphony,,mnist-net_256x4,image_5,/home/annelot/WARMSTART_PROJECT/baseline_symphony_21-01-2026+15_00/tmp/mnist-net_256x4/image_5/mnist-net_256x4_5_0_101.mps
9,0.281,TIMEOUT,3600.0537326335907,Symphony,,mnist-net_256x4,image_5,/home/annelot/WARMSTART_PROJECT/baseline_symphony_21-01-2026+15_00/tmp/mnist-net_256x4/image_5/mnist-net_256x4_5_0_281.mps
10,0.081,TIMEOUT,3600.0738282203674,Symphony,,mnist-net_256x4,image_5,/home/annelot/WARMSTART_PROJECT/baseline_symphony_21-01-2026+15_00/tmp/mnist-net_256x4/image_5/mnist-net_256x4_5_0_081.mps
11,0.301,TIMEOUT,3600.044432640076,Symphony,,mnist-net_256x4,image_5,/home/annelot/WARMSTART_PROJECT/baseline_symphony_21-01-2026+15_00/tmp/mnist-net_256x4/image_5/mnist-net_256x4_5_0_301.mps
12,0.061,TIMEOUT,3600.066346168518,Symphony,,mnist-net_256x4,image_5,/home/annelot/WARMSTART_PROJECT/baseline_symphony_21-01-2026+15_00/tmp/mnist-net_256x4/image_5/mnist-net_256x4_5_0_061.mps
13,0.321,TIMEOUT,3600.064022302628,Symphony,,mnist-net_256x4,image_5,/home/annelot/WARMSTART_PROJECT/baseline_symphony_21-01-2026+15_00/tmp/mnist-net_256x4/image_5/mnist-net_256x4_5_0_321.mps
14,0.041,TIMEOUT,3600.078093290329,Symphony,,mnist-net_256x4,image_5,/home/annelot/WARMSTART_PROJECT/baseline_symphony_21-01-2026+15_00/tmp/mnist-net_256x4/image_5/mnist-net_256x4_5_0_041.mps
15,0.341,TIMEOUT,3600.056153774261,Symphony,,mnist-net_256x4,image_5,/home/annelot/WARMSTART_PROJECT/baseline_symphony_21-01-2026+15_00/tmp/mnist-net_256x4/image_5/mnist-net_256x4_5_0_341.mps
16,0.021,UNSAT,,Symphony,,mnist-net_256x4,image_5,/home/annelot/WARMSTART_PROJECT/baseline_symphony_21-01-2026+15_00/tmp/mnist-net_256x4/image_5/mnist-net_256x4_5_0_021.mps
17,0.361,TIMEOUT,3600.05112695694,Symphony,,mnist-net_256x4,image_5,/home/annelot/WARMSTART_PROJECT/baseline_symphony_21-01-2026+15_00/tmp/mnist-net_256x4/image_5/mnist-net_256x4_5_0_361.mps
18,0.381,TIMEOUT,3600.046362876892,Symphony,,mnist-net_256x4,image_5,/home/annelot/WARMSTART_PROJECT/baseline_symphony_21-01-2026+15_00/tmp/mnist-net_256x4/image_5/mnist-net_256x4_5_0_381.mps
20,0.023,UNSAT,0.988,Symphony,,mnist-net_256x4,image_5,/home/annelot/WARMSTART_PROJECT/baseline_symphony_21-01-2026+15_00/tmp/mnist-net_256x4/image_5/mnist-net_256x4_5_0_023.mps
21,0.025,UNSAT,237.155,Symphony,,mnist-net_256x4,image_5,/home/annelot/WARMSTART_PROJECT/baseline_symphony_21-01-2026+15_00/tmp/mnist-net_256x4/image_5/mnist-net_256x4_5_0_025.mps
22,0.027,UNSAT,919.674,Symphony,,mnist-net_256x4,image_5,/home/annelot/WARMSTART_PROJECT/baseline_symphony_21-01-2026+15_00/tmp/mnist-net_256x4/image_5/mnist-net_256x4_5_0_027.mps
23,0.029,TIMEOUT,3600.043866634369,Symphony,,mnist-net_256x4,image_5,/home/annelot/WARMSTART_PROJECT/baseline_symphony_21-01-2026+15_00/tmp/mnist-net_256x4/image_5/mnist-net_256x4_5_0_029.mps
0,0.181,TIMEOUT,3600.0778665542603,Symphony,,mnist-net_256x4,image_0,/home/annelot/WARMSTART_PROJECT/baseline_symphony_21-01-2026+15_00/tmp/mnist-net_256x4/image_0/mnist-net_256x4_0_0_181.mps
1,0.201,TIMEOUT,3600.0868525505066,Symphony,,mnist-net_256x4,image_0,/home/annelot/WARMSTART_PROJECT/baseline_symphony_21-01-2026+15_00/tmp/mnist-net_256x4/image_0/mnist-net_256x4_0_0_201.mps
2,0.161,TIMEOUT,3600.052739143372,Symphony,,mnist-net_256x4,image_0,/home/annelot/WARMSTART_PROJECT/baseline_symphony_21-01-2026+15_00/tmp/mnist-net_256x4/image_0/mnist-net_256x4_0_0_161.mps
3,0.221,TIMEOUT,3600.0864622592926,Symphony,,mnist-net_256x4,image_0,/home/annelot/WARMSTART_PROJECT/baseline_symphony_21-01-2026+15_00/tmp/mnist-net_256x4/image_0/mnist-net_256x4_0_0_221.mps
4,0.141,TIMEOUT,3600.106132507324,Symphony,,mnist-net_256x4,image_0,/home/annelot/WARMSTART_PROJECT/baseline_symphony_21-01-2026+15_00/tmp/mnist-net_256x4/image_0/mnist-net_256x4_0_0_141.mps
5,0.241,TIMEOUT,3600.0818111896515,Symphony,,mnist-net_256x4,image_0,/home/annelot/WARMSTART_PROJECT/baseline_symphony_21-01-2026+15_00/tmp/mnist-net_256x4/image_0/mnist-net_256x4_0_0_241.mps
6,0.121,TIMEOUT,3600.101791381836,Symphony,,mnist-net_256x4,image_0,/home/annelot/WARMSTART_PROJECT/baseline_symphony_21-01-2026+15_00/tmp/mnist-net_256x4/image_0/mnist-net_256x4_0_0_121.mps
7,0.261,TIMEOUT,3600.085798978805,Symphony,,mnist-net_256x4,image_0,/home/annelot/WARMSTART_PROJECT/baseline_symphony_21-01-2026+15_00/tmp/mnist-net_256x4/image_0/mnist-net_256x4_0_0_261.mps
8,0.101,TIMEOUT,3600.063086271286,Symphony,,mnist-net_256x4,image_0,/home/annelot/WARMSTART_PROJECT/baseline_symphony_21-01-2026+15_00/tmp/mnist-net_256x4/image_0/mnist-net_256x4_0_0_101.mps
9,0.281,TIMEOUT,3600.060488224029,Symphony,,mnist-net_256x4,image_0,/home/annelot/WARMSTART_PROJECT/baseline_symphony_21-01-2026+15_00/tmp/mnist-net_256x4/image_0/mnist-net_256x4_0_0_281.mps
10,0.081,TIMEOUT,3600.0769367218018,Symphony,,mnist-net_256x4,image_0,/home/annelot/WARMSTART_PROJECT/baseline_symphony_21-01-2026+15_00/tmp/mnist-net_256x4/image_0/mnist-net_256x4_0_0_081.mps
11,0.301,TIMEOUT,3600.0683846473694,Symphony,,mnist-net_256x4,image_0,/home/annelot/WARMSTART_PROJECT/baseline_symphony_21-01-2026+15_00/tmp/mnist-net_256x4/image_0/mnist-net_256x4_0_0_301.mps
12,0.061,TIMEOUT,3600.0673224925995,Symphony,,mnist-net_256x4,image_0,/home/annelot/WARMSTART_PROJECT/baseline_symphony_21-01-2026+15_00/tmp/mnist-net_256x4/image_0/mnist-net_256x4_0_0_061.mps
13,0.321,TIMEOUT,3600.057926416397,Symphony,,mnist-net_256x4,image_0,/home/annelot/WARMSTART_PROJECT/baseline_symphony_21-01-2026+15_00/tmp/mnist-net_256x4/image_0/mnist-net_256x4_0_0_321.mps
14,0.041,TIMEOUT,3600.0766937732697,Symphony,,mnist-net_256x4,image_0,/home/annelot/WARMSTART_PROJECT/baseline_symphony_21-01-2026+15_00/tmp/mnist-net_256x4/image_0/mnist-net_256x4_0_0_041.mps
15,0.341,TIMEOUT,3600.064930677414,Symphony,,mnist-net_256x4,image_0,/home/annelot/WARMSTART_PROJECT/baseline_symphony_21-01-2026+15_00/tmp/mnist-net_256x4/image_0/mnist-net_256x4_0_0_341.mps
16,0.021,UNSAT,,Symphony,,mnist-net_256x4,image_0,/home/annelot/WARMSTART_PROJECT/baseline_symphony_21-01-2026+15_00/tmp/mnist-net_256x4/image_0/mnist-net_256x4_0_0_021.mps
17,0.361,TIMEOUT,3600.0477492809296,Symphony,,mnist-net_256x4,image_0,/home/annelot/WARMSTART_PROJECT/baseline_symphony_21-01-2026+15_00/tmp/mnist-net_256x4/image_0/mnist-net_256x4_0_0_361.mps
18,0.381,TIMEOUT,3600.045906305313,Symphony,,mnist-net_256x4,image_0,/home/annelot/WARMSTART_PROJECT/baseline_symphony_21-01-2026+15_00/tmp/mnist-net_256x4/image_0/mnist-net_256x4_0_0_381.mps
20,0.023,UNSAT,,Symphony,,mnist-net_256x4,image_0,/home/annelot/WARMSTART_PROJECT/baseline_symphony_21-01-2026+15_00/tmp/mnist-net_256x4/image_0/mnist-net_256x4_0_0_023.mps
21,0.025,UNSAT,,Symphony,,mnist-net_256x4,image_0,/home/annelot/WARMSTART_PROJECT/baseline_symphony_21-01-2026+15_00/tmp/mnist-net_256x4/image_0/mnist-net_256x4_0_0_025.mps
22,0.027,UNSAT,,Symphony,,mnist-net_256x4,image_0,/home/annelot/WARMSTART_PROJECT/baseline_symphony_21-01-2026+15_00/tmp/mnist-net_256x4/image_0/mnist-net_256x4_0_0_027.mps
23,0.029,UNSAT,,Symphony,,mnist-net_256x4,image_0,/home/annelot/WARMSTART_PROJECT/baseline_symphony_21-01-2026+15_00/tmp/mnist-net_256x4/image_0/mnist-net_256x4_0_0_029.mps
24,0.031,UNSAT,0.893,Symphony,,mnist-net_256x4,image_0,/home/annelot/WARMSTART_PROJECT/baseline_symphony_21-01-2026+15_00/tmp/mnist-net_256x4/image_0/mnist-net_256x4_0_0_031.mps
25,0.033,UNSAT,204.147,Symphony,,mnist-net_256x4,image_0,/home/annelot/WARMSTART_PROJECT/baseline_symphony_21-01-2026+15_00/tmp/mnist-net_256x4/image_0/mnist-net_256x4_0_0_033.mps
26,0.035,UNSAT,266.413,Symphony,,mnist-net_256x4,image_0,/home/annelot/WARMSTART_PROJECT/baseline_symphony_21-01-2026+15_00/tmp/mnist-net_256x4/image_0/mnist-net_256x4_0_0_035.mps
27,0.037,TIMEOUT,3600.0547711849213,Symphony,,mnist-net_256x4,image_0,/home/annelot/WARMSTART_PROJECT/baseline_symphony_21-01-2026+15_00/tmp/mnist-net_256x4/image_0/mnist-net_256x4_0_0_037.mps
0,0.181,TIMEOUT,3600.087451696396,Symphony,,mnist-net_256x4,image_4,/home/annelot/WARMSTART_PROJECT/baseline_symphony_21-01-2026+15_00/tmp/mnist-net_256x4/image_4/mnist-net_256x4_4_0_181.mps
1,0.201,TIMEOUT,3600.062931537628,Symphony,,mnist-net_256x4,image_4,/home/annelot/WARMSTART_PROJECT/baseline_symphony_21-01-2026+15_00/tmp/mnist-net_256x4/image_4/mnist-net_256x4_4_0_201.mps
2,0.161,TIMEOUT,3600.0631098747253,Symphony,,mnist-net_256x4,image_4,/home/annelot/WARMSTART_PROJECT/baseline_symphony_21-01-2026+15_00/tmp/mnist-net_256x4/image_4/mnist-net_256x4_4_0_161.mps
3,0.221,TIMEOUT,3600.0471336841583,Symphony,,mnist-net_256x4,image_4,/home/annelot/WARMSTART_PROJECT/baseline_symphony_21-01-2026+15_00/tmp/mnist-net_256x4/image_4/mnist-net_256x4_4_0_221.mps
4,0.141,TIMEOUT,3600.07731294632,Symphony,,mnist-net_256x4,image_4,/home/annelot/WARMSTART_PROJECT/baseline_symphony_21-01-2026+15_00/tmp/mnist-net_256x4/image_4/mnist-net_256x4_4_0_141.mps
5,0.241,TIMEOUT,3600.050891637802,Symphony,,mnist-net_256x4,image_4,/home/annelot/WARMSTART_PROJECT/baseline_symphony_21-01-2026+15_00/tmp/mnist-net_256x4/image_4/mnist-net_256x4_4_0_241.mps
6,0.121,TIMEOUT,3600.0795605182648,Symphony,,mnist-net_256x4,image_4,/home/annelot/WARMSTART_PROJECT/baseline_symphony_21-01-2026+15_00/tmp/mnist-net_256x4/image_4/mnist-net_256x4_4_0_121.mps
7,0.261,TIMEOUT,3600.0447607040405,Symphony,,mnist-net_256x4,image_4,/home/annelot/WARMSTART_PROJECT/baseline_symphony_21-01-2026+15_00/tmp/mnist-net_256x4/image_4/mnist-net_256x4_4_0_261.mps
8,0.101,TIMEOUT,3600.078105688095,Symphony,,mnist-net_256x4,image_4,/home/annelot/WARMSTART_PROJECT/baseline_symphony_21-01-2026+15_00/tmp/mnist-net_256x4/image_4/mnist-net_256x4_4_0_101.mps
9,0.281,TIMEOUT,3600.053257226944,Symphony,,mnist-net_256x4,image_4,/home/annelot/WARMSTART_PROJECT/baseline_symphony_21-01-2026+15_00/tmp/mnist-net_256x4/image_4/mnist-net_256x4_4_0_281.mps
10,0.081,TIMEOUT,3600.092478752136,Symphony,,mnist-net_256x4,image_4,/home/annelot/WARMSTART_PROJECT/baseline_symphony_21-01-2026+15_00/tmp/mnist-net_256x4/image_4/mnist-net_256x4_4_0_081.mps
11,0.301,TIMEOUT,3600.048505306244,Symphony,,mnist-net_256x4,image_4,/home/annelot/WARMSTART_PROJECT/baseline_symphony_21-01-2026+15_00/tmp/mnist-net_256x4/image_4/mnist-net_256x4_4_0_301.mps
12,0.061,TIMEOUT,3600.049078464508,Symphony,,mnist-net_256x4,image_4,/home/annelot/WARMSTART_PROJECT/baseline_symphony_21-01-2026+15_00/tmp/mnist-net_256x4/image_4/mnist-net_256x4_4_0_061.mps
13,0.321,TIMEOUT,3600.0487117767334,Symphony,,mnist-net_256x4,image_4,/home/annelot/WARMSTART_PROJECT/baseline_symphony_21-01-2026+15_00/tmp/mnist-net_256x4/image_4/mnist-net_256x4_4_0_321.mps
14,0.041,TIMEOUT,3600.0626797676086,Symphony,,mnist-net_256x4,image_4,/home/annelot/WARMSTART_PROJECT/baseline_symphony_21-01-2026+15_00/tmp/mnist-net_256x4/image_4/mnist-net_256x4_4_0_041.mps
15,0.341,TIMEOUT,3600.0547688007355,Symphony,,mnist-net_256x4,image_4,/home/annelot/WARMSTART_PROJECT/baseline_symphony_21-01-2026+15_00/tmp/mnist-net_256x4/image_4/mnist-net_256x4_4_0_341.mps
16,0.021,UNSAT,,Symphony,,mnist-net_256x4,image_4,/home/annelot/WARMSTART_PROJECT/baseline_symphony_21-01-2026+15_00/tmp/mnist-net_256x4/image_4/mnist-net_256x4_4_0_021.mps
17,0.361,TIMEOUT,3600.044495344162,Symphony,,mnist-net_256x4,image_4,/home/annelot/WARMSTART_PROJECT/baseline_symphony_21-01-2026+15_00/tmp/mnist-net_256x4/image_4/mnist-net_256x4_4_0_361.mps
18,0.381,TIMEOUT,3600.0532343387604,Symphony,,mnist-net_256x4,image_4,/home/annelot/WARMSTART_PROJECT/baseline_symphony_21-01-2026+15_00/tmp/mnist-net_256x4/image_4/mnist-net_256x4_4_0_381.mps
20,0.023,UNSAT,,Symphony,,mnist-net_256x4,image_4,/home/annelot/WARMSTART_PROJECT/baseline_symphony_21-01-2026+15_00/tmp/mnist-net_256x4/image_4/mnist-net_256x4_4_0_023.mps
21,0.025,UNSAT,,Symphony,,mnist-net_256x4,image_4,/home/annelot/WARMSTART_PROJECT/baseline_symphony_21-01-2026+15_00/tmp/mnist-net_256x4/image_4/mnist-net_256x4_4_0_025.mps
22,0.027,UNSAT,,Symphony,,mnist-net_256x4,image_4,/home/annelot/WARMSTART_PROJECT/baseline_symphony_21-01-2026+15_00/tmp/mnist-net_256x4/image_4/mnist-net_256x4_4_0_027.mps
23,0.029,UNSAT,,Symphony,,mnist-net_256x4,image_4,/home/annelot/WARMSTART_PROJECT/baseline_symphony_21-01-2026+15_00/tmp/mnist-net_256x4/image_4/mnist-net_256x4_4_0_029.mps
24,0.031,TIMEOUT,3600.0508370399475,Symphony,,mnist-net_256x4,image_4,/home/annelot/WARMSTART_PROJECT/baseline_symphony_21-01-2026+15_00/tmp/mnist-net_256x4/image_4/mnist-net_256x4_4_0_031.mps
0,0.181,TIMEOUT,3600.0701711177826,Symphony,,mnist-net_256x4,image_3,/home/annelot/WARMSTART_PROJECT/baseline_symphony_21-01-2026+15_00/tmp/mnist-net_256x4/image_3/mnist-net_256x4_3_0_181.mps
1,0.201,TIMEOUT,3600.10735487938,Symphony,,mnist-net_256x4,image_3,/home/annelot/WARMSTART_PROJECT/baseline_symphony_21-01-2026+15_00/tmp/mnist-net_256x4/image_3/mnist-net_256x4_3_0_201.mps
2,0.161,TIMEOUT,3600.072438240052,Symphony,,mnist-net_256x4,image_3,/home/annelot/WARMSTART_PROJECT/baseline_symphony_21-01-2026+15_00/tmp/mnist-net_256x4/image_3/mnist-net_256x4_3_0_161.mps
3,0.221,TIMEOUT,3600.0834691524506,Symphony,,mnist-net_256x4,image_3,/home/annelot/WARMSTART_PROJECT/baseline_symphony_21-01-2026+15_00/tmp/mnist-net_256x4/image_3/mnist-net_256x4_3_0_221.mps
4,0.141,TIMEOUT,3600.0784788131714,Symphony,,mnist-net_256x4,image_3,/home/annelot/WARMSTART_PROJECT/baseline_symphony_21-01-2026+15_00/tmp/mnist-net_256x4/image_3/mnist-net_256x4_3_0_141.mps
5,0.241,TIMEOUT,3600.0731205940247,Symphony,,mnist-net_256x4,image_3,/home/annelot/WARMSTART_PROJECT/baseline_symphony_21-01-2026+15_00/tmp/mnist-net_256x4/image_3/mnist-net_256x4_3_0_241.mps
6,0.121,TIMEOUT,3600.0686223506927,Symphony,,mnist-net_256x4,image_3,/home/annelot/WARMSTART_PROJECT/baseline_symphony_21-01-2026+15_00/tmp/mnist-net_256x4/image_3/mnist-net_256x4_3_0_121.mps
7,0.261,TIMEOUT,3600.080584526062,Symphony,,mnist-net_256x4,image_3,/home/annelot/WARMSTART_PROJECT/baseline_symphony_21-01-2026+15_00/tmp/mnist-net_256x4/image_3/mnist-net_256x4_3_0_261.mps
8,0.101,TIMEOUT,3600.083429813385,Symphony,,mnist-net_256x4,image_3,/home/annelot/WARMSTART_PROJECT/baseline_symphony_21-01-2026+15_00/tmp/mnist-net_256x4/image_3/mnist-net_256x4_3_0_101.mps
9,0.281,TIMEOUT,3600.057445049286,Symphony,,mnist-net_256x4,image_3,/home/annelot/WARMSTART_PROJECT/baseline_symphony_21-01-2026+15_00/tmp/mnist-net_256x4/image_3/mnist-net_256x4_3_0_281.mps
10,0.081,TIMEOUT,3600.070197105408,Symphony,,mnist-net_256x4,image_3,/home/annelot/WARMSTART_PROJECT/baseline_symphony_21-01-2026+15_00/tmp/mnist-net_256x4/image_3/mnist-net_256x4_3_0_081.mps
11,0.301,TIMEOUT,3600.088514566421,Symphony,,mnist-net_256x4,image_3,/home/annelot/WARMSTART_PROJECT/baseline_symphony_21-01-2026+15_00/tmp/mnist-net_256x4/image_3/mnist-net_256x4_3_0_301.mps
12,0.061,TIMEOUT,3600.0651099681854,Symphony,,mnist-net_256x4,image_3,/home/annelot/WARMSTART_PROJECT/baseline_symphony_21-01-2026+15_00/tmp/mnist-net_256x4/image_3/mnist-net_256x4_3_0_061.mps
13,0.321,TIMEOUT,3600.0572061538696,Symphony,,mnist-net_256x4,image_3,/home/annelot/WARMSTART_PROJECT/baseline_symphony_21-01-2026+15_00/tmp/mnist-net_256x4/image_3/mnist-net_256x4_3_0_321.mps
14,0.041,UNSAT,0.789,Symphony,,mnist-net_256x4,image_3,/home/annelot/WARMSTART_PROJECT/baseline_symphony_21-01-2026+15_00/tmp/mnist-net_256x4/image_3/mnist-net_256x4_3_0_041.mps
15,0.361,TIMEOUT,3600.078980922699,Symphony,,mnist-net_256x4,image_3,/home/annelot/WARMSTART_PROJECT/baseline_symphony_21-01-2026+15_00/tmp/mnist-net_256x4/image_3/mnist-net_256x4_3_0_361.mps
16,0.341,TIMEOUT,3600.08249783516,Symphony,,mnist-net_256x4,image_3,/home/annelot/WARMSTART_PROJECT/baseline_symphony_21-01-2026+15_00/tmp/mnist-net_256x4/image_3/mnist-net_256x4_3_0_341.mps
17,0.381,TIMEOUT,3600.054889202118,Symphony,,mnist-net_256x4,image_3,/home/annelot/WARMSTART_PROJECT/baseline_symphony_21-01-2026+15_00/tmp/mnist-net_256x4/image_3/mnist-net_256x4_3_0_381.mps
18,0.061,TIMEOUT,3600.0665698051453,Symphony,,mnist-net_256x4,image_3,/home/annelot/WARMSTART_PROJECT/baseline_symphony_21-01-2026+15_00/tmp/mnist-net_256x4/image_3/mnist-net_256x4_3_0_061.mps
19,0.219,TIMEOUT,3600.0731539726257,Symphony,,mnist-net_256x4,image_3,/home/annelot/WARMSTART_PROJECT/baseline_symphony_21-01-2026+15_00/tmp/mnist-net_256x4/image_3/mnist-net_256x4_3_0_219.mps
