first_mps,second_mps,result,time,warmstart_type,configuration
/home/annelot/WARMSTART_PROJECT/baseline_symphony_21-01-2026+15_00/tmp/mnist-net_256x2/image_6/mnist-net_256x2_6_0_021.mps,/home/annelot/WARMSTART_PROJECT/baseline_symphony_21-01-2026+15_00/tmp/mnist-net_256x2/image_6/mnist-net_256x2_6_0_025.mps,ERR,,UNSAT-UNSAT,None
/home/annelot/WARMSTART_PROJECT/baseline_symphony_21-01-2026+15_00/tmp/mnist-net_256x2/image_6/mnist-net_256x2_6_0_021.mps,/home/annelot/WARMSTART_PROJECT/baseline_symphony_21-01-2026+15_00/tmp/mnist-net_256x2/image_6/mnist-net_256x2_6_0_023.mps,ERR,,UNSAT-UNSAT,None
/home/annelot/WARMSTART_PROJECT/baseline_symphony_21-01-2026+15_00/tmp/mnist-net_256x2/image_6/mnist-net_256x2_6_0_021.mps,/home/annelot/WARMSTART_PROJECT/baseline_symphony_21-01-2026+15_00/tmp/mnist-net_256x2/image_6/mnist-net_256x2_6_0_027.mps,ERR,,UNSAT-UNSAT,None
/home/annelot/WARMSTART_PROJECT/baseline_symphony_21-01-2026+15_00/tmp/mnist-net_256x2/image_6/mnist-net_256x2_6_0_021.mps,/home/annelot/WARMSTART_PROJECT/baseline_symphony_21-01-2026+15_00/tmp/mnist-net_256x2/image_6/mnist-net_256x2_6_0_029.mps,ERR,,UNSAT-UNSAT,None
/home/annelot/WARMSTART_PROJECT/baseline_symphony_21-01-2026+15_00/tmp/mnist-net_256x2/image_6/mnist-net_256x2_6_0_021.mps,/home/annelot/WARMSTART_PROJECT/baseline_symphony_21-01-2026+15_00/tmp/mnist-net_256x2/image_6/mnist-net_256x2_6_0_033.mps,ERR,,UNSAT-UNSAT,None
/home/annelot/WARMSTART_PROJECT/baseline_symphony_21-01-2026+15_00/tmp/mnist-net_256x2/image_6/mnist-net_256x2_6_0_021.mps,/home/annelot/WARMSTART_PROJECT/baseline_symphony_21-01-2026+15_00/tmp/mnist-net_256x2/image_6/mnist-net_256x2_6_0_031.mps,ERR,,UNSAT-UNSAT,None
/home/annelot/WARMSTART_PROJECT/baseline_symphony_21-01-2026+15_00/tmp/mnist-net_256x2/image_6/mnist-net_256x2_6_0_021.mps,/home/annelot/WARMSTART_PROJECT/baseline_symphony_21-01-2026+15_00/tmp/mnist-net_256x2/image_6/mnist-net_256x2_6_0_035.mps,ERR,,UNSAT-UNSAT,None
/home/annelot/WARMSTART_PROJECT/baseline_symphony_21-01-2026+15_00/tmp/mnist-net_256x2/image_6/mnist-net_256x2_6_0_023.mps,/home/annelot/WARMSTART_PROJECT/baseline_symphony_21-01-2026+15_00/tmp/mnist-net_256x2/image_6/mnist-net_256x2_6_0_025.mps,UNSAT,0.331,UNSAT-UNSAT,None
/home/annelot/WARMSTART_PROJECT/baseline_symphony_21-01-2026+15_00/tmp/mnist-net_256x2/image_6/mnist-net_256x2_6_0_023.mps,/home/annelot/WARMSTART_PROJECT/baseline_symphony_21-01-2026+15_00/tmp/mnist-net_256x2/image_6/mnist-net_256x2_6_0_027.mps,UNSAT,0.353,UNSAT-UNSAT,None
/home/annelot/WARMSTART_PROJECT/baseline_symphony_21-01-2026+15_00/tmp/mnist-net_256x2/image_6/mnist-net_256x2_6_0_023.mps,/home/annelot/WARMSTART_PROJECT/baseline_symphony_21-01-2026+15_00/tmp/mnist-net_256x2/image_6/mnist-net_256x2_6_0_029.mps,UNSAT,0.354,UNSAT-UNSAT,None
/home/annelot/WARMSTART_PROJECT/baseline_symphony_21-01-2026+15_00/tmp/mnist-net_256x2/image_6/mnist-net_256x2_6_0_023.mps,/home/annelot/WARMSTART_PROJECT/baseline_symphony_21-01-2026+15_00/tmp/mnist-net_256x2/image_6/mnist-net_256x2_6_0_033.mps,UNSAT,0.345,UNSAT-UNSAT,None
/home/annelot/WARMSTART_PROJECT/baseline_symphony_21-01-2026+15_00/tmp/mnist-net_256x2/image_6/mnist-net_256x2_6_0_023.mps,/home/annelot/WARMSTART_PROJECT/baseline_symphony_21-01-2026+15_00/tmp/mnist-net_256x2/image_6/mnist-net_256x2_6_0_031.mps,UNSAT,0.349,UNSAT-UNSAT,None
/home/annelot/WARMSTART_PROJECT/baseline_symphony_21-01-2026+15_00/tmp/mnist-net_256x2/image_6/mnist-net_256x2_6_0_023.mps,/home/annelot/WARMSTART_PROJECT/baseline_symphony_21-01-2026+15_00/tmp/mnist-net_256x2/image_6/mnist-net_256x2_6_0_035.mps,UNSAT,0.335,UNSAT-UNSAT,None
/home/annelot/WARMSTART_PROJECT/baseline_symphony_21-01-2026+15_00/tmp/mnist-net_256x2/image_6/mnist-net_256x2_6_0_025.mps,/home/annelot/WARMSTART_PROJECT/baseline_symphony_21-01-2026+15_00/tmp/mnist-net_256x2/image_6/mnist-net_256x2_6_0_027.mps,UNSAT,3.14,UNSAT-UNSAT,None
/home/annelot/WARMSTART_PROJECT/baseline_symphony_21-01-2026+15_00/tmp/mnist-net_256x2/image_6/mnist-net_256x2_6_0_025.mps,/home/annelot/WARMSTART_PROJECT/baseline_symphony_21-01-2026+15_00/tmp/mnist-net_256x2/image_6/mnist-net_256x2_6_0_029.mps,UNSAT,3.183,UNSAT-UNSAT,None
/home/annelot/WARMSTART_PROJECT/baseline_symphony_21-01-2026+15_00/tmp/mnist-net_256x2/image_7/mnist-net_256x2_7_0_025.mps,/home/annelot/WARMSTART_PROJECT/baseline_symphony_21-01-2026+15_00/tmp/mnist-net_256x2/image_7/mnist-net_256x2_7_0_029.mps,UNSAT,17.002,UNSAT-UNSAT,None
/home/annelot/WARMSTART_PROJECT/baseline_symphony_21-01-2026+15_00/tmp/mnist-net_256x2/image_7/mnist-net_256x2_7_0_025.mps,/home/annelot/WARMSTART_PROJECT/baseline_symphony_21-01-2026+15_00/tmp/mnist-net_256x2/image_7/mnist-net_256x2_7_0_027.mps,UNSAT,16.961,UNSAT-UNSAT,None
/home/annelot/WARMSTART_PROJECT/baseline_symphony_21-01-2026+15_00/tmp/mnist-net_256x2/image_7/mnist-net_256x2_7_0_025.mps,/home/annelot/WARMSTART_PROJECT/baseline_symphony_21-01-2026+15_00/tmp/mnist-net_256x2/image_7/mnist-net_256x2_7_0_033.mps,UNSAT,16.935,UNSAT-UNSAT,None
/home/annelot/WARMSTART_PROJECT/baseline_symphony_21-01-2026+15_00/tmp/mnist-net_256x2/image_7/mnist-net_256x2_7_0_025.mps,/home/annelot/WARMSTART_PROJECT/baseline_symphony_21-01-2026+15_00/tmp/mnist-net_256x2/image_7/mnist-net_256x2_7_0_031.mps,UNSAT,17.004,UNSAT-UNSAT,None
/home/annelot/WARMSTART_PROJECT/baseline_symphony_21-01-2026+15_00/tmp/mnist-net_256x2/image_6/mnist-net_256x2_6_0_025.mps,/home/annelot/WARMSTART_PROJECT/baseline_symphony_21-01-2026+15_00/tmp/mnist-net_256x2/image_6/mnist-net_256x2_6_0_031.mps,UNSAT,3.097,UNSAT-UNSAT,None
/home/annelot/WARMSTART_PROJECT/baseline_symphony_21-01-2026+15_00/tmp/mnist-net_256x2/image_6/mnist-net_256x2_6_0_025.mps,/home/annelot/WARMSTART_PROJECT/baseline_symphony_21-01-2026+15_00/tmp/mnist-net_256x2/image_6/mnist-net_256x2_6_0_033.mps,UNSAT,3.141,UNSAT-UNSAT,None
/home/annelot/WARMSTART_PROJECT/baseline_symphony_21-01-2026+15_00/tmp/mnist-net_256x2/image_6/mnist-net_256x2_6_0_025.mps,/home/annelot/WARMSTART_PROJECT/baseline_symphony_21-01-2026+15_00/tmp/mnist-net_256x2/image_6/mnist-net_256x2_6_0_035.mps,UNSAT,3.134,UNSAT-UNSAT,None
/home/annelot/WARMSTART_PROJECT/baseline_symphony_21-01-2026+15_00/tmp/mnist-net_256x2/image_6/mnist-net_256x2_6_0_027.mps,/home/annelot/WARMSTART_PROJECT/baseline_symphony_21-01-2026+15_00/tmp/mnist-net_256x2/image_6/mnist-net_256x2_6_0_033.mps,UNSAT,22.434,UNSAT-UNSAT,None
/home/annelot/WARMSTART_PROJECT/baseline_symphony_21-01-2026+15_00/tmp/mnist-net_256x2/image_6/mnist-net_256x2_6_0_027.mps,/home/annelot/WARMSTART_PROJECT/baseline_symphony_21-01-2026+15_00/tmp/mnist-net_256x2/image_6/mnist-net_256x2_6_0_031.mps,UNSAT,22.521,UNSAT-UNSAT,None
/home/annelot/WARMSTART_PROJECT/baseline_symphony_21-01-2026+15_00/tmp/mnist-net_256x2/image_6/mnist-net_256x2_6_0_027.mps,/home/annelot/WARMSTART_PROJECT/baseline_symphony_21-01-2026+15_00/tmp/mnist-net_256x2/image_6/mnist-net_256x2_6_0_029.mps,UNSAT,22.643,UNSAT-UNSAT,None
/home/annelot/WARMSTART_PROJECT/baseline_symphony_21-01-2026+15_00/tmp/mnist-net_256x2/image_6/mnist-net_256x2_6_0_027.mps,/home/annelot/WARMSTART_PROJECT/baseline_symphony_21-01-2026+15_00/tmp/mnist-net_256x2/image_6/mnist-net_256x2_6_0_035.mps,UNSAT,22.269,UNSAT-UNSAT,None
/home/annelot/WARMSTART_PROJECT/baseline_symphony_21-01-2026+15_00/tmp/mnist-net_256x2/image_7/mnist-net_256x2_7_0_027.mps,/home/annelot/WARMSTART_PROJECT/baseline_symphony_21-01-2026+15_00/tmp/mnist-net_256x2/image_7/mnist-net_256x2_7_0_029.mps,UNSAT,58.041,UNSAT-UNSAT,None
/home/annelot/WARMSTART_PROJECT/baseline_symphony_21-01-2026+15_00/tmp/mnist-net_256x2/image_7/mnist-net_256x2_7_0_027.mps,/home/annelot/WARMSTART_PROJECT/baseline_symphony_21-01-2026+15_00/tmp/mnist-net_256x2/image_7/mnist-net_256x2_7_0_031.mps,UNSAT,58.171,UNSAT-UNSAT,None
/home/annelot/WARMSTART_PROJECT/baseline_symphony_21-01-2026+15_00/tmp/mnist-net_256x2/image_7/mnist-net_256x2_7_0_027.mps,/home/annelot/WARMSTART_PROJECT/baseline_symphony_21-01-2026+15_00/tmp/mnist-net_256x2/image_7/mnist-net_256x2_7_0_033.mps,UNSAT,58.383,UNSAT-UNSAT,None
/home/annelot/WARMSTART_PROJECT/baseline_symphony_21-01-2026+15_00/tmp/mnist-net_256x2/image_6/mnist-net_256x2_6_0_029.mps,/home/annelot/WARMSTART_PROJECT/baseline_symphony_21-01-2026+15_00/tmp/mnist-net_256x2/image_6/mnist-net_256x2_6_0_031.mps,UNSAT,70.371,UNSAT-UNSAT,None
/home/annelot/WARMSTART_PROJECT/baseline_symphony_21-01-2026+15_00/tmp/mnist-net_256x2/image_5/mnist-net_256x2_5_0_021.mps,/home/annelot/WARMSTART_PROJECT/baseline_symphony_21-01-2026+15_00/tmp/mnist-net_256x2/image_5/mnist-net_256x2_5_0_033.mps,ERR,,UNSAT-UNSAT,None
/home/annelot/WARMSTART_PROJECT/baseline_symphony_21-01-2026+15_00/tmp/mnist-net_256x2/image_6/mnist-net_256x2_6_0_029.mps,/home/annelot/WARMSTART_PROJECT/baseline_symphony_21-01-2026+15_00/tmp/mnist-net_256x2/image_6/mnist-net_256x2_6_0_033.mps,UNSAT,70.266,UNSAT-UNSAT,None
/home/annelot/WARMSTART_PROJECT/baseline_symphony_21-01-2026+15_00/tmp/mnist-net_256x2/image_5/mnist-net_256x2_5_0_021.mps,/home/annelot/WARMSTART_PROJECT/baseline_symphony_21-01-2026+15_00/tmp/mnist-net_256x2/image_5/mnist-net_256x2_5_0_035.mps,ERR,,UNSAT-UNSAT,None
/home/annelot/WARMSTART_PROJECT/baseline_symphony_21-01-2026+15_00/tmp/mnist-net_256x2/image_5/mnist-net_256x2_5_0_021.mps,/home/annelot/WARMSTART_PROJECT/baseline_symphony_21-01-2026+15_00/tmp/mnist-net_256x2/image_5/mnist-net_256x2_5_0_037.mps,ERR,,UNSAT-UNSAT,None
/home/annelot/WARMSTART_PROJECT/baseline_symphony_21-01-2026+15_00/tmp/mnist-net_256x2/image_5/mnist-net_256x2_5_0_023.mps,/home/annelot/WARMSTART_PROJECT/baseline_symphony_21-01-2026+15_00/tmp/mnist-net_256x2/image_5/mnist-net_256x2_5_0_025.mps,ERR,,UNSAT-UNSAT,None
/home/annelot/WARMSTART_PROJECT/baseline_symphony_21-01-2026+15_00/tmp/mnist-net_256x2/image_5/mnist-net_256x2_5_0_023.mps,/home/annelot/WARMSTART_PROJECT/baseline_symphony_21-01-2026+15_00/tmp/mnist-net_256x2/image_5/mnist-net_256x2_5_0_029.mps,ERR,,UNSAT-UNSAT,None
/home/annelot/WARMSTART_PROJECT/baseline_symphony_21-01-2026+15_00/tmp/mnist-net_256x2/image_5/mnist-net_256x2_5_0_023.mps,/home/annelot/WARMSTART_PROJECT/baseline_symphony_21-01-2026+15_00/tmp/mnist-net_256x2/image_5/mnist-net_256x2_5_0_027.mps,ERR,,UNSAT-UNSAT,None
/home/annelot/WARMSTART_PROJECT/baseline_symphony_21-01-2026+15_00/tmp/mnist-net_256x2/image_5/mnist-net_256x2_5_0_023.mps,/home/annelot/WARMSTART_PROJECT/baseline_symphony_21-01-2026+15_00/tmp/mnist-net_256x2/image_5/mnist-net_256x2_5_0_031.mps,ERR,,UNSAT-UNSAT,None
/home/annelot/WARMSTART_PROJECT/baseline_symphony_21-01-2026+15_00/tmp/mnist-net_256x2/image_5/mnist-net_256x2_5_0_023.mps,/home/annelot/WARMSTART_PROJECT/baseline_symphony_21-01-2026+15_00/tmp/mnist-net_256x2/image_5/mnist-net_256x2_5_0_033.mps,ERR,,UNSAT-UNSAT,None
/home/annelot/WARMSTART_PROJECT/baseline_symphony_21-01-2026+15_00/tmp/mnist-net_256x2/image_5/mnist-net_256x2_5_0_023.mps,/home/annelot/WARMSTART_PROJECT/baseline_symphony_21-01-2026+15_00/tmp/mnist-net_256x2/image_5/mnist-net_256x2_5_0_037.mps,ERR,,UNSAT-UNSAT,None
/home/annelot/WARMSTART_PROJECT/baseline_symphony_21-01-2026+15_00/tmp/mnist-net_256x2/image_5/mnist-net_256x2_5_0_023.mps,/home/annelot/WARMSTART_PROJECT/baseline_symphony_21-01-2026+15_00/tmp/mnist-net_256x2/image_5/mnist-net_256x2_5_0_035.mps,ERR,,UNSAT-UNSAT,None
/home/annelot/WARMSTART_PROJECT/baseline_symphony_21-01-2026+15_00/tmp/mnist-net_256x2/image_5/mnist-net_256x2_5_0_025.mps,/home/annelot/WARMSTART_PROJECT/baseline_symphony_21-01-2026+15_00/tmp/mnist-net_256x2/image_5/mnist-net_256x2_5_0_027.mps,UNSAT,0.287,UNSAT-UNSAT,None
/home/annelot/WARMSTART_PROJECT/baseline_symphony_21-01-2026+15_00/tmp/mnist-net_256x2/image_5/mnist-net_256x2_5_0_025.mps,/home/annelot/WARMSTART_PROJECT/baseline_symphony_21-01-2026+15_00/tmp/mnist-net_256x2/image_5/mnist-net_256x2_5_0_029.mps,UNSAT,0.287,UNSAT-UNSAT,None
/home/annelot/WARMSTART_PROJECT/baseline_symphony_21-01-2026+15_00/tmp/mnist-net_256x2/image_5/mnist-net_256x2_5_0_025.mps,/home/annelot/WARMSTART_PROJECT/baseline_symphony_21-01-2026+15_00/tmp/mnist-net_256x2/image_5/mnist-net_256x2_5_0_031.mps,UNSAT,0.297,UNSAT-UNSAT,None
/home/annelot/WARMSTART_PROJECT/baseline_symphony_21-01-2026+15_00/tmp/mnist-net_256x2/image_5/mnist-net_256x2_5_0_025.mps,/home/annelot/WARMSTART_PROJECT/baseline_symphony_21-01-2026+15_00/tmp/mnist-net_256x2/image_5/mnist-net_256x2_5_0_033.mps,UNSAT,0.296,UNSAT-UNSAT,None
/home/annelot/WARMSTART_PROJECT/baseline_symphony_21-01-2026+15_00/tmp/mnist-net_256x2/image_5/mnist-net_256x2_5_0_025.mps,/home/annelot/WARMSTART_PROJECT/baseline_symphony_21-01-2026+15_00/tmp/mnist-net_256x2/image_5/mnist-net_256x2_5_0_037.mps,UNSAT,0.293,UNSAT-UNSAT,None
/home/annelot/WARMSTART_PROJECT/baseline_symphony_21-01-2026+15_00/tmp/mnist-net_256x2/image_5/mnist-net_256x2_5_0_025.mps,/home/annelot/WARMSTART_PROJECT/baseline_symphony_21-01-2026+15_00/tmp/mnist-net_256x2/image_5/mnist-net_256x2_5_0_035.mps,UNSAT,0.297,UNSAT-UNSAT,None
/home/annelot/WARMSTART_PROJECT/baseline_symphony_21-01-2026+15_00/tmp/mnist-net_256x2/image_5/mnist-net_256x2_5_0_027.mps,/home/annelot/WARMSTART_PROJECT/baseline_symphony_21-01-2026+15_00/tmp/mnist-net_256x2/image_5/mnist-net_256x2_5_0_031.mps,UNSAT,5.106,UNSAT-UNSAT,None
/home/annelot/WARMSTART_PROJECT/baseline_symphony_21-01-2026+15_00/tmp/mnist-net_256x2/image_5/mnist-net_256x2_5_0_027.mps,/home/annelot/WARMSTART_PROJECT/baseline_symphony_21-01-2026+15_00/tmp/mnist-net_256x2/image_5/mnist-net_256x2_5_0_029.mps,UNSAT,5.096,UNSAT-UNSAT,None
/home/annelot/WARMSTART_PROJECT/baseline_symphony_21-01-2026+15_00/tmp/mnist-net_256x2/image_6/mnist-net_256x2_6_0_029.mps,/home/annelot/WARMSTART_PROJECT/baseline_symphony_21-01-2026+15_00/tmp/mnist-net_256x2/image_6/mnist-net_256x2_6_0_035.mps,UNSAT,68.884,UNSAT-UNSAT,None
/home/annelot/WARMSTART_PROJECT/baseline_symphony_21-01-2026+15_00/tmp/mnist-net_256x2/image_5/mnist-net_256x2_5_0_027.mps,/home/annelot/WARMSTART_PROJECT/baseline_symphony_21-01-2026+15_00/tmp/mnist-net_256x2/image_5/mnist-net_256x2_5_0_033.mps,UNSAT,5.061,UNSAT-UNSAT,None
/home/annelot/WARMSTART_PROJECT/baseline_symphony_21-01-2026+15_00/tmp/mnist-net_256x2/image_5/mnist-net_256x2_5_0_027.mps,/home/annelot/WARMSTART_PROJECT/baseline_symphony_21-01-2026+15_00/tmp/mnist-net_256x2/image_5/mnist-net_256x2_5_0_035.mps,UNSAT,5.063,UNSAT-UNSAT,None
/home/annelot/WARMSTART_PROJECT/baseline_symphony_21-01-2026+15_00/tmp/mnist-net_256x2/image_5/mnist-net_256x2_5_0_027.mps,/home/annelot/WARMSTART_PROJECT/baseline_symphony_21-01-2026+15_00/tmp/mnist-net_256x2/image_5/mnist-net_256x2_5_0_037.mps,UNSAT,5.059,UNSAT-UNSAT,None
/home/annelot/WARMSTART_PROJECT/baseline_symphony_21-01-2026+15_00/tmp/mnist-net_256x2/image_5/mnist-net_256x2_5_0_029.mps,/home/annelot/WARMSTART_PROJECT/baseline_symphony_21-01-2026+15_00/tmp/mnist-net_256x2/image_5/mnist-net_256x2_5_0_033.mps,UNSAT,28.698,UNSAT-UNSAT,None
/home/annelot/WARMSTART_PROJECT/baseline_symphony_21-01-2026+15_00/tmp/mnist-net_256x2/image_5/mnist-net_256x2_5_0_029.mps,/home/annelot/WARMSTART_PROJECT/baseline_symphony_21-01-2026+15_00/tmp/mnist-net_256x2/image_5/mnist-net_256x2_5_0_031.mps,UNSAT,28.714,UNSAT-UNSAT,None
/home/annelot/WARMSTART_PROJECT/baseline_symphony_21-01-2026+15_00/tmp/mnist-net_256x2/image_5/mnist-net_256x2_5_0_029.mps,/home/annelot/WARMSTART_PROJECT/baseline_symphony_21-01-2026+15_00/tmp/mnist-net_256x2/image_5/mnist-net_256x2_5_0_035.mps,UNSAT,28.674,UNSAT-UNSAT,None
/home/annelot/WARMSTART_PROJECT/baseline_symphony_21-01-2026+15_00/tmp/mnist-net_256x2/image_5/mnist-net_256x2_5_0_031.mps,/home/annelot/WARMSTART_PROJECT/baseline_symphony_21-01-2026+15_00/tmp/mnist-net_256x2/image_5/mnist-net_256x2_5_0_033.mps,UNSAT,20.202,UNSAT-UNSAT,None
/home/annelot/WARMSTART_PROJECT/baseline_symphony_21-01-2026+15_00/tmp/mnist-net_256x2/image_5/mnist-net_256x2_5_0_031.mps,/home/annelot/WARMSTART_PROJECT/baseline_symphony_21-01-2026+15_00/tmp/mnist-net_256x2/image_5/mnist-net_256x2_5_0_035.mps,UNSAT,20.224,UNSAT-UNSAT,None
/home/annelot/WARMSTART_PROJECT/baseline_symphony_21-01-2026+15_00/tmp/mnist-net_256x2/image_5/mnist-net_256x2_5_0_029.mps,/home/annelot/WARMSTART_PROJECT/baseline_symphony_21-01-2026+15_00/tmp/mnist-net_256x2/image_5/mnist-net_256x2_5_0_037.mps,UNSAT,28.589,UNSAT-UNSAT,None
/home/annelot/WARMSTART_PROJECT/baseline_symphony_21-01-2026+15_00/tmp/mnist-net_256x2/image_5/mnist-net_256x2_5_0_031.mps,/home/annelot/WARMSTART_PROJECT/baseline_symphony_21-01-2026+15_00/tmp/mnist-net_256x2/image_5/mnist-net_256x2_5_0_037.mps,UNSAT,20.152,UNSAT-UNSAT,None
/home/annelot/WARMSTART_PROJECT/baseline_symphony_21-01-2026+15_00/tmp/mnist-net_256x2/image_5/mnist-net_256x2_5_0_033.mps,/home/annelot/WARMSTART_PROJECT/baseline_symphony_21-01-2026+15_00/tmp/mnist-net_256x2/image_5/mnist-net_256x2_5_0_035.mps,UNSAT,104.232,UNSAT-UNSAT,None
/home/annelot/WARMSTART_PROJECT/baseline_symphony_21-01-2026+15_00/tmp/mnist-net/image_9/mnist-net_9_0_033.mps,/home/annelot/WARMSTART_PROJECT/baseline_symphony_21-01-2026+15_00/tmp/mnist-net/image_9/mnist-net_9_0_037.mps,ERR,,UNSAT-UNSAT,None
/home/annelot/WARMSTART_PROJECT/baseline_symphony_21-01-2026+15_00/tmp/mnist-net/image_9/mnist-net_9_0_033.mps,/home/annelot/WARMSTART_PROJECT/baseline_symphony_21-01-2026+15_00/tmp/mnist-net/image_9/mnist-net_9_0_039.mps,ERR,,UNSAT-UNSAT,None
/home/annelot/WARMSTART_PROJECT/baseline_symphony_21-01-2026+15_00/tmp/mnist-net/image_9/mnist-net_9_0_033.mps,/home/annelot/WARMSTART_PROJECT/baseline_symphony_21-01-2026+15_00/tmp/mnist-net/image_9/mnist-net_9_0_041.mps,ERR,,UNSAT-UNSAT,None
/home/annelot/WARMSTART_PROJECT/baseline_symphony_21-01-2026+15_00/tmp/mnist-net/image_9/mnist-net_9_0_033.mps,/home/annelot/WARMSTART_PROJECT/baseline_symphony_21-01-2026+15_00/tmp/mnist-net/image_9/mnist-net_9_0_043.mps,ERR,,UNSAT-UNSAT,None
/home/annelot/WARMSTART_PROJECT/baseline_symphony_21-01-2026+15_00/tmp/mnist-net/image_9/mnist-net_9_0_033.mps,/home/annelot/WARMSTART_PROJECT/baseline_symphony_21-01-2026+15_00/tmp/mnist-net/image_9/mnist-net_9_0_045.mps,ERR,,UNSAT-UNSAT,None
/home/annelot/WARMSTART_PROJECT/baseline_symphony_21-01-2026+15_00/tmp/mnist-net_256x2/image_5/mnist-net_256x2_5_0_033.mps,/home/annelot/WARMSTART_PROJECT/baseline_symphony_21-01-2026+15_00/tmp/mnist-net_256x2/image_5/mnist-net_256x2_5_0_037.mps,UNSAT,103.484,UNSAT-UNSAT,None
/home/annelot/WARMSTART_PROJECT/baseline_symphony_21-01-2026+15_00/tmp/mnist-net/image_9/mnist-net_9_0_033.mps,/home/annelot/WARMSTART_PROJECT/baseline_symphony_21-01-2026+15_00/tmp/mnist-net/image_9/mnist-net_9_0_049.mps,ERR,,UNSAT-UNSAT,None
/home/annelot/WARMSTART_PROJECT/baseline_symphony_21-01-2026+15_00/tmp/mnist-net/image_9/mnist-net_9_0_033.mps,/home/annelot/WARMSTART_PROJECT/baseline_symphony_21-01-2026+15_00/tmp/mnist-net/image_9/mnist-net_9_0_047.mps,ERR,,UNSAT-UNSAT,None
/home/annelot/WARMSTART_PROJECT/baseline_symphony_21-01-2026+15_00/tmp/mnist-net/image_9/mnist-net_9_0_033.mps,/home/annelot/WARMSTART_PROJECT/baseline_symphony_21-01-2026+15_00/tmp/mnist-net/image_9/mnist-net_9_0_051.mps,ERR,,UNSAT-UNSAT,None
/home/annelot/WARMSTART_PROJECT/baseline_symphony_21-01-2026+15_00/tmp/mnist-net/image_9/mnist-net_9_0_033.mps,/home/annelot/WARMSTART_PROJECT/baseline_symphony_21-01-2026+15_00/tmp/mnist-net/image_9/mnist-net_9_0_053.mps,ERR,,UNSAT-UNSAT,None
/home/annelot/WARMSTART_PROJECT/baseline_symphony_21-01-2026+15_00/tmp/mnist-net/image_9/mnist-net_9_0_033.mps,/home/annelot/WARMSTART_PROJECT/baseline_symphony_21-01-2026+15_00/tmp/mnist-net/image_9/mnist-net_9_0_057.mps,ERR,,UNSAT-UNSAT,None
/home/annelot/WARMSTART_PROJECT/baseline_symphony_21-01-2026+15_00/tmp/mnist-net/image_9/mnist-net_9_0_033.mps,/home/annelot/WARMSTART_PROJECT/baseline_symphony_21-01-2026+15_00/tmp/mnist-net/image_9/mnist-net_9_0_055.mps,ERR,,UNSAT-UNSAT,None
/home/annelot/WARMSTART_PROJECT/baseline_symphony_21-01-2026+15_00/tmp/mnist-net/image_9/mnist-net_9_0_033.mps,/home/annelot/WARMSTART_PROJECT/baseline_symphony_21-01-2026+15_00/tmp/mnist-net/image_9/mnist-net_9_0_059.mps,ERR,,UNSAT-UNSAT,None
/home/annelot/WARMSTART_PROJECT/baseline_symphony_21-01-2026+15_00/tmp/mnist-net/image_9/mnist-net_9_0_035.mps,/home/annelot/WARMSTART_PROJECT/baseline_symphony_21-01-2026+15_00/tmp/mnist-net/image_9/mnist-net_9_0_037.mps,ERR,,UNSAT-UNSAT,None
/home/annelot/WARMSTART_PROJECT/baseline_symphony_21-01-2026+15_00/tmp/mnist-net/image_9/mnist-net_9_0_035.mps,/home/annelot/WARMSTART_PROJECT/baseline_symphony_21-01-2026+15_00/tmp/mnist-net/image_9/mnist-net_9_0_039.mps,ERR,,UNSAT-UNSAT,None
/home/annelot/WARMSTART_PROJECT/baseline_symphony_21-01-2026+15_00/tmp/mnist-net/image_9/mnist-net_9_0_035.mps,/home/annelot/WARMSTART_PROJECT/baseline_symphony_21-01-2026+15_00/tmp/mnist-net/image_9/mnist-net_9_0_041.mps,ERR,,UNSAT-UNSAT,None
/home/annelot/WARMSTART_PROJECT/baseline_symphony_21-01-2026+15_00/tmp/mnist-net/image_9/mnist-net_9_0_035.mps,/home/annelot/WARMSTART_PROJECT/baseline_symphony_21-01-2026+15_00/tmp/mnist-net/image_9/mnist-net_9_0_045.mps,ERR,,UNSAT-UNSAT,None
/home/annelot/WARMSTART_PROJECT/baseline_symphony_21-01-2026+15_00/tmp/mnist-net/image_9/mnist-net_9_0_035.mps,/home/annelot/WARMSTART_PROJECT/baseline_symphony_21-01-2026+15_00/tmp/mnist-net/image_9/mnist-net_9_0_043.mps,ERR,,UNSAT-UNSAT,None
/home/annelot/WARMSTART_PROJECT/baseline_symphony_21-01-2026+15_00/tmp/mnist-net/image_9/mnist-net_9_0_035.mps,/home/annelot/WARMSTART_PROJECT/baseline_symphony_21-01-2026+15_00/tmp/mnist-net/image_9/mnist-net_9_0_047.mps,ERR,,UNSAT-UNSAT,None
/home/annelot/WARMSTART_PROJECT/baseline_symphony_21-01-2026+15_00/tmp/mnist-net/image_9/mnist-net_9_0_035.mps,/home/annelot/WARMSTART_PROJECT/baseline_symphony_21-01-2026+15_00/tmp/mnist-net/image_9/mnist-net_9_0_049.mps,ERR,,UNSAT-UNSAT,None
/home/annelot/WARMSTART_PROJECT/baseline_symphony_21-01-2026+15_00/tmp/mnist-net/image_9/mnist-net_9_0_035.mps,/home/annelot/WARMSTART_PROJECT/baseline_symphony_21-01-2026+15_00/tmp/mnist-net/image_9/mnist-net_9_0_051.mps,ERR,,UNSAT-UNSAT,None
/home/annelot/WARMSTART_PROJECT/baseline_symphony_21-01-2026+15_00/tmp/mnist-net/image_9/mnist-net_9_0_035.mps,/home/annelot/WARMSTART_PROJECT/baseline_symphony_21-01-2026+15_00/tmp/mnist-net/image_9/mnist-net_9_0_053.mps,ERR,,UNSAT-UNSAT,None
/home/annelot/WARMSTART_PROJECT/baseline_symphony_21-01-2026+15_00/tmp/mnist-net/image_9/mnist-net_9_0_035.mps,/home/annelot/WARMSTART_PROJECT/baseline_symphony_21-01-2026+15_00/tmp/mnist-net/image_9/mnist-net_9_0_055.mps,ERR,,UNSAT-UNSAT,None
/home/annelot/WARMSTART_PROJECT/baseline_symphony_21-01-2026+15_00/tmp/mnist-net/image_9/mnist-net_9_0_035.mps,/home/annelot/WARMSTART_PROJECT/baseline_symphony_21-01-2026+15_00/tmp/mnist-net/image_9/mnist-net_9_0_057.mps,ERR,,UNSAT-UNSAT,None
/home/annelot/WARMSTART_PROJECT/baseline_symphony_21-01-2026+15_00/tmp/mnist-net/image_9/mnist-net_9_0_035.mps,/home/annelot/WARMSTART_PROJECT/baseline_symphony_21-01-2026+15_00/tmp/mnist-net/image_9/mnist-net_9_0_059.mps,ERR,,UNSAT-UNSAT,None
/home/annelot/WARMSTART_PROJECT/baseline_symphony_21-01-2026+15_00/tmp/mnist-net/image_9/mnist-net_9_0_037.mps,/home/annelot/WARMSTART_PROJECT/baseline_symphony_21-01-2026+15_00/tmp/mnist-net/image_9/mnist-net_9_0_039.mps,UNSAT,0.389,UNSAT-UNSAT,None
/home/annelot/WARMSTART_PROJECT/baseline_symphony_21-01-2026+15_00/tmp/mnist-net/image_9/mnist-net_9_0_037.mps,/home/annelot/WARMSTART_PROJECT/baseline_symphony_21-01-2026+15_00/tmp/mnist-net/image_9/mnist-net_9_0_041.mps,UNSAT,0.381,UNSAT-UNSAT,None
/home/annelot/WARMSTART_PROJECT/baseline_symphony_21-01-2026+15_00/tmp/mnist-net/image_9/mnist-net_9_0_037.mps,/home/annelot/WARMSTART_PROJECT/baseline_symphony_21-01-2026+15_00/tmp/mnist-net/image_9/mnist-net_9_0_043.mps,UNSAT,0.415,UNSAT-UNSAT,None
/home/annelot/WARMSTART_PROJECT/baseline_symphony_21-01-2026+15_00/tmp/mnist-net/image_9/mnist-net_9_0_037.mps,/home/annelot/WARMSTART_PROJECT/baseline_symphony_21-01-2026+15_00/tmp/mnist-net/image_9/mnist-net_9_0_045.mps,UNSAT,0.415,UNSAT-UNSAT,None
/home/annelot/WARMSTART_PROJECT/baseline_symphony_21-01-2026+15_00/tmp/mnist-net/image_9/mnist-net_9_0_037.mps,/home/annelot/WARMSTART_PROJECT/baseline_symphony_21-01-2026+15_00/tmp/mnist-net/image_9/mnist-net_9_0_047.mps,UNSAT,0.412,UNSAT-UNSAT,None
/home/annelot/WARMSTART_PROJECT/baseline_symphony_21-01-2026+15_00/tmp/mnist-net/image_9/mnist-net_9_0_037.mps,/home/annelot/WARMSTART_PROJECT/baseline_symphony_21-01-2026+15_00/tmp/mnist-net/image_9/mnist-net_9_0_049.mps,UNSAT,0.418,UNSAT-UNSAT,None
/home/annelot/WARMSTART_PROJECT/baseline_symphony_21-01-2026+15_00/tmp/mnist-net/image_9/mnist-net_9_0_037.mps,/home/annelot/WARMSTART_PROJECT/baseline_symphony_21-01-2026+15_00/tmp/mnist-net/image_9/mnist-net_9_0_051.mps,UNSAT,0.407,UNSAT-UNSAT,None
/home/annelot/WARMSTART_PROJECT/baseline_symphony_21-01-2026+15_00/tmp/mnist-net/image_9/mnist-net_9_0_037.mps,/home/annelot/WARMSTART_PROJECT/baseline_symphony_21-01-2026+15_00/tmp/mnist-net/image_9/mnist-net_9_0_053.mps,UNSAT,0.414,UNSAT-UNSAT,None
/home/annelot/WARMSTART_PROJECT/baseline_symphony_21-01-2026+15_00/tmp/mnist-net/image_9/mnist-net_9_0_037.mps,/home/annelot/WARMSTART_PROJECT/baseline_symphony_21-01-2026+15_00/tmp/mnist-net/image_9/mnist-net_9_0_055.mps,UNSAT,0.41,UNSAT-UNSAT,None
/home/annelot/WARMSTART_PROJECT/baseline_symphony_21-01-2026+15_00/tmp/mnist-net/image_9/mnist-net_9_0_037.mps,/home/annelot/WARMSTART_PROJECT/baseline_symphony_21-01-2026+15_00/tmp/mnist-net/image_9/mnist-net_9_0_057.mps,UNSAT,0.413,UNSAT-UNSAT,None
/home/annelot/WARMSTART_PROJECT/baseline_symphony_21-01-2026+15_00/tmp/mnist-net/image_9/mnist-net_9_0_037.mps,/home/annelot/WARMSTART_PROJECT/baseline_symphony_21-01-2026+15_00/tmp/mnist-net/image_9/mnist-net_9_0_059.mps,UNSAT,0.391,UNSAT-UNSAT,None
/home/annelot/WARMSTART_PROJECT/baseline_symphony_21-01-2026+15_00/tmp/mnist-net/image_9/mnist-net_9_0_039.mps,/home/annelot/WARMSTART_PROJECT/baseline_symphony_21-01-2026+15_00/tmp/mnist-net/image_9/mnist-net_9_0_041.mps,UNSAT,3.664,UNSAT-UNSAT,None
/home/annelot/WARMSTART_PROJECT/baseline_symphony_21-01-2026+15_00/tmp/mnist-net/image_9/mnist-net_9_0_039.mps,/home/annelot/WARMSTART_PROJECT/baseline_symphony_21-01-2026+15_00/tmp/mnist-net/image_9/mnist-net_9_0_043.mps,UNSAT,3.626,UNSAT-UNSAT,None
/home/annelot/WARMSTART_PROJECT/baseline_symphony_21-01-2026+15_00/tmp/mnist-net/image_9/mnist-net_9_0_039.mps,/home/annelot/WARMSTART_PROJECT/baseline_symphony_21-01-2026+15_00/tmp/mnist-net/image_9/mnist-net_9_0_045.mps,UNSAT,3.645,UNSAT-UNSAT,None
/home/annelot/WARMSTART_PROJECT/baseline_symphony_21-01-2026+15_00/tmp/mnist-net/image_9/mnist-net_9_0_039.mps,/home/annelot/WARMSTART_PROJECT/baseline_symphony_21-01-2026+15_00/tmp/mnist-net/image_9/mnist-net_9_0_047.mps,UNSAT,3.623,UNSAT-UNSAT,None
/home/annelot/WARMSTART_PROJECT/baseline_symphony_21-01-2026+15_00/tmp/mnist-net/image_9/mnist-net_9_0_039.mps,/home/annelot/WARMSTART_PROJECT/baseline_symphony_21-01-2026+15_00/tmp/mnist-net/image_9/mnist-net_9_0_049.mps,UNSAT,3.653,UNSAT-UNSAT,None
/home/annelot/WARMSTART_PROJECT/baseline_symphony_21-01-2026+15_00/tmp/mnist-net/image_9/mnist-net_9_0_039.mps,/home/annelot/WARMSTART_PROJECT/baseline_symphony_21-01-2026+15_00/tmp/mnist-net/image_9/mnist-net_9_0_051.mps,UNSAT,3.642,UNSAT-UNSAT,None
/home/annelot/WARMSTART_PROJECT/baseline_symphony_21-01-2026+15_00/tmp/mnist-net/image_9/mnist-net_9_0_039.mps,/home/annelot/WARMSTART_PROJECT/baseline_symphony_21-01-2026+15_00/tmp/mnist-net/image_9/mnist-net_9_0_053.mps,UNSAT,3.659,UNSAT-UNSAT,None
/home/annelot/WARMSTART_PROJECT/baseline_symphony_21-01-2026+15_00/tmp/mnist-net/image_9/mnist-net_9_0_039.mps,/home/annelot/WARMSTART_PROJECT/baseline_symphony_21-01-2026+15_00/tmp/mnist-net/image_9/mnist-net_9_0_055.mps,UNSAT,3.689,UNSAT-UNSAT,None
/home/annelot/WARMSTART_PROJECT/baseline_symphony_21-01-2026+15_00/tmp/mnist-net/image_9/mnist-net_9_0_039.mps,/home/annelot/WARMSTART_PROJECT/baseline_symphony_21-01-2026+15_00/tmp/mnist-net/image_9/mnist-net_9_0_057.mps,UNSAT,3.688,UNSAT-UNSAT,None
/home/annelot/WARMSTART_PROJECT/baseline_symphony_21-01-2026+15_00/tmp/mnist-net/image_9/mnist-net_9_0_039.mps,/home/annelot/WARMSTART_PROJECT/baseline_symphony_21-01-2026+15_00/tmp/mnist-net/image_9/mnist-net_9_0_059.mps,UNSAT,3.694,UNSAT-UNSAT,None
/home/annelot/WARMSTART_PROJECT/baseline_symphony_21-01-2026+15_00/tmp/mnist-net/image_9/mnist-net_9_0_041.mps,/home/annelot/WARMSTART_PROJECT/baseline_symphony_21-01-2026+15_00/tmp/mnist-net/image_9/mnist-net_9_0_043.mps,UNSAT,4.498,UNSAT-UNSAT,None
/home/annelot/WARMSTART_PROJECT/baseline_symphony_21-01-2026+15_00/tmp/mnist-net/image_9/mnist-net_9_0_041.mps,/home/annelot/WARMSTART_PROJECT/baseline_symphony_21-01-2026+15_00/tmp/mnist-net/image_9/mnist-net_9_0_045.mps,UNSAT,4.527,UNSAT-UNSAT,None
/home/annelot/WARMSTART_PROJECT/baseline_symphony_21-01-2026+15_00/tmp/mnist-net/image_9/mnist-net_9_0_041.mps,/home/annelot/WARMSTART_PROJECT/baseline_symphony_21-01-2026+15_00/tmp/mnist-net/image_9/mnist-net_9_0_047.mps,UNSAT,4.519,UNSAT-UNSAT,None
/home/annelot/WARMSTART_PROJECT/baseline_symphony_21-01-2026+15_00/tmp/mnist-net/image_9/mnist-net_9_0_041.mps,/home/annelot/WARMSTART_PROJECT/baseline_symphony_21-01-2026+15_00/tmp/mnist-net/image_9/mnist-net_9_0_049.mps,UNSAT,4.517,UNSAT-UNSAT,None
/home/annelot/WARMSTART_PROJECT/baseline_symphony_21-01-2026+15_00/tmp/mnist-net/image_9/mnist-net_9_0_041.mps,/home/annelot/WARMSTART_PROJECT/baseline_symphony_21-01-2026+15_00/tmp/mnist-net/image_9/mnist-net_9_0_051.mps,UNSAT,4.524,UNSAT-UNSAT,None
/home/annelot/WARMSTART_PROJECT/baseline_symphony_21-01-2026+15_00/tmp/mnist-net/image_9/mnist-net_9_0_041.mps,/home/annelot/WARMSTART_PROJECT/baseline_symphony_21-01-2026+15_00/tmp/mnist-net/image_9/mnist-net_9_0_053.mps,UNSAT,4.523,UNSAT-UNSAT,None
/home/annelot/WARMSTART_PROJECT/baseline_symphony_21-01-2026+15_00/tmp/mnist-net/image_9/mnist-net_9_0_041.mps,/home/annelot/WARMSTART_PROJECT/baseline_symphony_21-01-2026+15_00/tmp/mnist-net/image_9/mnist-net_9_0_055.mps,UNSAT,4.541,UNSAT-UNSAT,None
/home/annelot/WARMSTART_PROJECT/baseline_symphony_21-01-2026+15_00/tmp/mnist-net/image_9/mnist-net_9_0_041.mps,/home/annelot/WARMSTART_PROJECT/baseline_symphony_21-01-2026+15_00/tmp/mnist-net/image_9/mnist-net_9_0_057.mps,UNSAT,4.502,UNSAT-UNSAT,None
/home/annelot/WARMSTART_PROJECT/baseline_symphony_21-01-2026+15_00/tmp/mnist-net/image_9/mnist-net_9_0_041.mps,/home/annelot/WARMSTART_PROJECT/baseline_symphony_21-01-2026+15_00/tmp/mnist-net/image_9/mnist-net_9_0_059.mps,UNSAT,4.515,UNSAT-UNSAT,None
/home/annelot/WARMSTART_PROJECT/baseline_symphony_21-01-2026+15_00/tmp/mnist-net/image_9/mnist-net_9_0_043.mps,/home/annelot/WARMSTART_PROJECT/baseline_symphony_21-01-2026+15_00/tmp/mnist-net/image_9/mnist-net_9_0_045.mps,UNSAT,4.471,UNSAT-UNSAT,None
/home/annelot/WARMSTART_PROJECT/baseline_symphony_21-01-2026+15_00/tmp/mnist-net/image_9/mnist-net_9_0_043.mps,/home/annelot/WARMSTART_PROJECT/baseline_symphony_21-01-2026+15_00/tmp/mnist-net/image_9/mnist-net_9_0_047.mps,UNSAT,4.486,UNSAT-UNSAT,None
/home/annelot/WARMSTART_PROJECT/baseline_symphony_21-01-2026+15_00/tmp/mnist-net/image_9/mnist-net_9_0_043.mps,/home/annelot/WARMSTART_PROJECT/baseline_symphony_21-01-2026+15_00/tmp/mnist-net/image_9/mnist-net_9_0_049.mps,UNSAT,4.468,UNSAT-UNSAT,None
/home/annelot/WARMSTART_PROJECT/baseline_symphony_21-01-2026+15_00/tmp/mnist-net/image_9/mnist-net_9_0_043.mps,/home/annelot/WARMSTART_PROJECT/baseline_symphony_21-01-2026+15_00/tmp/mnist-net/image_9/mnist-net_9_0_051.mps,UNSAT,4.428,UNSAT-UNSAT,None
/home/annelot/WARMSTART_PROJECT/baseline_symphony_21-01-2026+15_00/tmp/mnist-net/image_9/mnist-net_9_0_043.mps,/home/annelot/WARMSTART_PROJECT/baseline_symphony_21-01-2026+15_00/tmp/mnist-net/image_9/mnist-net_9_0_053.mps,UNSAT,4.481,UNSAT-UNSAT,None
/home/annelot/WARMSTART_PROJECT/baseline_symphony_21-01-2026+15_00/tmp/mnist-net/image_9/mnist-net_9_0_043.mps,/home/annelot/WARMSTART_PROJECT/baseline_symphony_21-01-2026+15_00/tmp/mnist-net/image_9/mnist-net_9_0_055.mps,UNSAT,4.459,UNSAT-UNSAT,None
/home/annelot/WARMSTART_PROJECT/baseline_symphony_21-01-2026+15_00/tmp/mnist-net/image_9/mnist-net_9_0_043.mps,/home/annelot/WARMSTART_PROJECT/baseline_symphony_21-01-2026+15_00/tmp/mnist-net/image_9/mnist-net_9_0_057.mps,UNSAT,4.476,UNSAT-UNSAT,None
/home/annelot/WARMSTART_PROJECT/baseline_symphony_21-01-2026+15_00/tmp/mnist-net/image_9/mnist-net_9_0_043.mps,/home/annelot/WARMSTART_PROJECT/baseline_symphony_21-01-2026+15_00/tmp/mnist-net/image_9/mnist-net_9_0_059.mps,UNSAT,4.44,UNSAT-UNSAT,None
/home/annelot/WARMSTART_PROJECT/baseline_symphony_21-01-2026+15_00/tmp/mnist-net/image_9/mnist-net_9_0_045.mps,/home/annelot/WARMSTART_PROJECT/baseline_symphony_21-01-2026+15_00/tmp/mnist-net/image_9/mnist-net_9_0_047.mps,UNSAT,11.28,UNSAT-UNSAT,None
/home/annelot/WARMSTART_PROJECT/baseline_symphony_21-01-2026+15_00/tmp/mnist-net/image_9/mnist-net_9_0_045.mps,/home/annelot/WARMSTART_PROJECT/baseline_symphony_21-01-2026+15_00/tmp/mnist-net/image_9/mnist-net_9_0_049.mps,UNSAT,11.261,UNSAT-UNSAT,None
/home/annelot/WARMSTART_PROJECT/baseline_symphony_21-01-2026+15_00/tmp/mnist-net_256x2/image_5/mnist-net_256x2_5_0_035.mps,/home/annelot/WARMSTART_PROJECT/baseline_symphony_21-01-2026+15_00/tmp/mnist-net_256x2/image_5/mnist-net_256x2_5_0_037.mps,UNSAT,214.672,UNSAT-UNSAT,None
/home/annelot/WARMSTART_PROJECT/baseline_symphony_21-01-2026+15_00/tmp/mnist-net_256x2/image_7/mnist-net_256x2_7_0_029.mps,/home/annelot/WARMSTART_PROJECT/baseline_symphony_21-01-2026+15_00/tmp/mnist-net_256x2/image_7/mnist-net_256x2_7_0_033.mps,UNSAT,410.763,UNSAT-UNSAT,None
/home/annelot/WARMSTART_PROJECT/baseline_symphony_21-01-2026+15_00/tmp/mnist-net_256x2/image_7/mnist-net_256x2_7_0_029.mps,/home/annelot/WARMSTART_PROJECT/baseline_symphony_21-01-2026+15_00/tmp/mnist-net_256x2/image_7/mnist-net_256x2_7_0_031.mps,UNSAT,410.906,UNSAT-UNSAT,None
/home/annelot/WARMSTART_PROJECT/baseline_symphony_21-01-2026+15_00/tmp/mnist-net/image_9/mnist-net_9_0_045.mps,/home/annelot/WARMSTART_PROJECT/baseline_symphony_21-01-2026+15_00/tmp/mnist-net/image_9/mnist-net_9_0_051.mps,UNSAT,10.937,UNSAT-UNSAT,None
/home/annelot/WARMSTART_PROJECT/baseline_symphony_21-01-2026+15_00/tmp/mnist-net/image_9/mnist-net_9_0_045.mps,/home/annelot/WARMSTART_PROJECT/baseline_symphony_21-01-2026+15_00/tmp/mnist-net/image_9/mnist-net_9_0_053.mps,UNSAT,11.156,UNSAT-UNSAT,None
/home/annelot/WARMSTART_PROJECT/baseline_symphony_21-01-2026+15_00/tmp/mnist-net_256x2/image_6/mnist-net_256x2_6_0_031.mps,/home/annelot/WARMSTART_PROJECT/baseline_symphony_21-01-2026+15_00/tmp/mnist-net_256x2/image_6/mnist-net_256x2_6_0_035.mps,UNSAT,558.69,UNSAT-UNSAT,None
/home/annelot/WARMSTART_PROJECT/baseline_symphony_21-01-2026+15_00/tmp/mnist-net_256x2/image_6/mnist-net_256x2_6_0_031.mps,/home/annelot/WARMSTART_PROJECT/baseline_symphony_21-01-2026+15_00/tmp/mnist-net_256x2/image_6/mnist-net_256x2_6_0_033.mps,UNSAT,561.288,UNSAT-UNSAT,None
/home/annelot/WARMSTART_PROJECT/baseline_symphony_21-01-2026+15_00/tmp/mnist-net_256x4/image_2/mnist-net_256x4_2_0_021.mps,/home/annelot/WARMSTART_PROJECT/baseline_symphony_21-01-2026+15_00/tmp/mnist-net_256x4/image_2/mnist-net_256x4_2_0_023.mps,UNSAT,268.464,UNSAT-TIMEOUT,None
/home/annelot/WARMSTART_PROJECT/baseline_symphony_21-01-2026+15_00/tmp/mnist-net_256x2/image_6/mnist-net_256x2_6_0_035.mps,/home/annelot/WARMSTART_PROJECT/baseline_symphony_21-01-2026+15_00/tmp/mnist-net_256x2/image_6/mnist-net_256x2_6_0_037.mps,UNSAT,1201.227,UNSAT-TIMEOUT,None
/home/annelot/WARMSTART_PROJECT/baseline_symphony_21-01-2026+15_00/tmp/mnist-net_256x2/image_6/mnist-net_256x2_6_0_035.mps,/home/annelot/WARMSTART_PROJECT/baseline_symphony_21-01-2026+15_00/tmp/mnist-net_256x2/image_6/mnist-net_256x2_6_0_041.mps,UNSAT,1204.492,UNSAT-TIMEOUT,None
/home/annelot/WARMSTART_PROJECT/baseline_symphony_21-01-2026+15_00/tmp/mnist-net_256x2/image_6/mnist-net_256x2_6_0_035.mps,/home/annelot/WARMSTART_PROJECT/baseline_symphony_21-01-2026+15_00/tmp/mnist-net_256x2/image_6/mnist-net_256x2_6_0_061.mps,UNSAT,1201.214,UNSAT-TIMEOUT,None
/home/annelot/WARMSTART_PROJECT/baseline_symphony_21-01-2026+15_00/tmp/mnist-net_256x2/image_8/mnist-net_256x2_8_0_021.mps,/home/annelot/WARMSTART_PROJECT/baseline_symphony_21-01-2026+15_00/tmp/mnist-net_256x2/image_8/mnist-net_256x2_8_0_023.mps,UNSAT,0.211,UNSAT-UNSAT,None
/home/annelot/WARMSTART_PROJECT/baseline_symphony_21-01-2026+15_00/tmp/mnist-net_256x2/image_8/mnist-net_256x2_8_0_021.mps,/home/annelot/WARMSTART_PROJECT/baseline_symphony_21-01-2026+15_00/tmp/mnist-net_256x2/image_8/mnist-net_256x2_8_0_025.mps,UNSAT,0.22,UNSAT-UNSAT,None
/home/annelot/WARMSTART_PROJECT/baseline_symphony_21-01-2026+15_00/tmp/mnist-net_256x2/image_8/mnist-net_256x2_8_0_021.mps,/home/annelot/WARMSTART_PROJECT/baseline_symphony_21-01-2026+15_00/tmp/mnist-net_256x2/image_8/mnist-net_256x2_8_0_027.mps,UNSAT,0.222,UNSAT-UNSAT,None
/home/annelot/WARMSTART_PROJECT/baseline_symphony_21-01-2026+15_00/tmp/mnist-net_256x2/image_8/mnist-net_256x2_8_0_021.mps,/home/annelot/WARMSTART_PROJECT/baseline_symphony_21-01-2026+15_00/tmp/mnist-net_256x2/image_8/mnist-net_256x2_8_0_029.mps,UNSAT,0.219,UNSAT-UNSAT,None
/home/annelot/WARMSTART_PROJECT/baseline_symphony_21-01-2026+15_00/tmp/mnist-net_256x2/image_8/mnist-net_256x2_8_0_021.mps,/home/annelot/WARMSTART_PROJECT/baseline_symphony_21-01-2026+15_00/tmp/mnist-net_256x2/image_8/mnist-net_256x2_8_0_031.mps,UNSAT,0.223,UNSAT-UNSAT,None
/home/annelot/WARMSTART_PROJECT/baseline_symphony_21-01-2026+15_00/tmp/mnist-net_256x2/image_6/mnist-net_256x2_6_0_035.mps,/home/annelot/WARMSTART_PROJECT/baseline_symphony_21-01-2026+15_00/tmp/mnist-net_256x2/image_6/mnist-net_256x2_6_0_081.mps,UNSAT,1206.215,UNSAT-TIMEOUT,None
/home/annelot/WARMSTART_PROJECT/baseline_symphony_21-01-2026+15_00/tmp/mnist-net_256x2/image_8/mnist-net_256x2_8_0_021.mps,/home/annelot/WARMSTART_PROJECT/baseline_symphony_21-01-2026+15_00/tmp/mnist-net_256x2/image_8/mnist-net_256x2_8_0_033.mps,UNSAT,0.235,UNSAT-UNSAT,None
/home/annelot/WARMSTART_PROJECT/baseline_symphony_21-01-2026+15_00/tmp/mnist-net_256x2/image_8/mnist-net_256x2_8_0_021.mps,/home/annelot/WARMSTART_PROJECT/baseline_symphony_21-01-2026+15_00/tmp/mnist-net_256x2/image_8/mnist-net_256x2_8_0_035.mps,UNSAT,0.232,UNSAT-UNSAT,None
/home/annelot/WARMSTART_PROJECT/baseline_symphony_21-01-2026+15_00/tmp/mnist-net_256x2/image_6/mnist-net_256x2_6_0_033.mps,/home/annelot/WARMSTART_PROJECT/baseline_symphony_21-01-2026+15_00/tmp/mnist-net_256x2/image_6/mnist-net_256x2_6_0_035.mps,UNSAT,1575.32,UNSAT-UNSAT,None
/home/annelot/WARMSTART_PROJECT/baseline_symphony_21-01-2026+15_00/tmp/mnist-net_256x2/image_8/mnist-net_256x2_8_0_021.mps,/home/annelot/WARMSTART_PROJECT/baseline_symphony_21-01-2026+15_00/tmp/mnist-net_256x2/image_8/mnist-net_256x2_8_0_037.mps,UNSAT,0.219,UNSAT-UNSAT,None
/home/annelot/WARMSTART_PROJECT/baseline_symphony_21-01-2026+15_00/tmp/mnist-net_256x2/image_8/mnist-net_256x2_8_0_023.mps,/home/annelot/WARMSTART_PROJECT/baseline_symphony_21-01-2026+15_00/tmp/mnist-net_256x2/image_8/mnist-net_256x2_8_0_027.mps,UNSAT,1.202,UNSAT-UNSAT,None
/home/annelot/WARMSTART_PROJECT/baseline_symphony_21-01-2026+15_00/tmp/mnist-net_256x2/image_8/mnist-net_256x2_8_0_023.mps,/home/annelot/WARMSTART_PROJECT/baseline_symphony_21-01-2026+15_00/tmp/mnist-net_256x2/image_8/mnist-net_256x2_8_0_025.mps,UNSAT,1.201,UNSAT-UNSAT,None
/home/annelot/WARMSTART_PROJECT/baseline_symphony_21-01-2026+15_00/tmp/mnist-net_256x2/image_8/mnist-net_256x2_8_0_023.mps,/home/annelot/WARMSTART_PROJECT/baseline_symphony_21-01-2026+15_00/tmp/mnist-net_256x2/image_8/mnist-net_256x2_8_0_031.mps,UNSAT,1.229,UNSAT-UNSAT,None
/home/annelot/WARMSTART_PROJECT/baseline_symphony_21-01-2026+15_00/tmp/mnist-net_256x2/image_8/mnist-net_256x2_8_0_023.mps,/home/annelot/WARMSTART_PROJECT/baseline_symphony_21-01-2026+15_00/tmp/mnist-net_256x2/image_8/mnist-net_256x2_8_0_033.mps,UNSAT,1.245,UNSAT-UNSAT,None
/home/annelot/WARMSTART_PROJECT/baseline_symphony_21-01-2026+15_00/tmp/mnist-net_256x2/image_8/mnist-net_256x2_8_0_023.mps,/home/annelot/WARMSTART_PROJECT/baseline_symphony_21-01-2026+15_00/tmp/mnist-net_256x2/image_8/mnist-net_256x2_8_0_029.mps,UNSAT,1.229,UNSAT-UNSAT,None
/home/annelot/WARMSTART_PROJECT/baseline_symphony_21-01-2026+15_00/tmp/mnist-net_256x2/image_8/mnist-net_256x2_8_0_023.mps,/home/annelot/WARMSTART_PROJECT/baseline_symphony_21-01-2026+15_00/tmp/mnist-net_256x2/image_8/mnist-net_256x2_8_0_035.mps,UNSAT,1.231,UNSAT-UNSAT,None
/home/annelot/WARMSTART_PROJECT/baseline_symphony_21-01-2026+15_00/tmp/mnist-net_256x2/image_8/mnist-net_256x2_8_0_023.mps,/home/annelot/WARMSTART_PROJECT/baseline_symphony_21-01-2026+15_00/tmp/mnist-net_256x2/image_8/mnist-net_256x2_8_0_037.mps,UNSAT,1.239,UNSAT-UNSAT,None
/home/annelot/WARMSTART_PROJECT/baseline_symphony_21-01-2026+15_00/tmp/mnist-net_256x2/image_8/mnist-net_256x2_8_0_025.mps,/home/annelot/WARMSTART_PROJECT/baseline_symphony_21-01-2026+15_00/tmp/mnist-net_256x2/image_8/mnist-net_256x2_8_0_027.mps,UNSAT,7.717,UNSAT-UNSAT,None
/home/annelot/WARMSTART_PROJECT/baseline_symphony_21-01-2026+15_00/tmp/mnist-net_256x2/image_8/mnist-net_256x2_8_0_025.mps,/home/annelot/WARMSTART_PROJECT/baseline_symphony_21-01-2026+15_00/tmp/mnist-net_256x2/image_8/mnist-net_256x2_8_0_029.mps,UNSAT,7.703,UNSAT-UNSAT,None
/home/annelot/WARMSTART_PROJECT/baseline_symphony_21-01-2026+15_00/tmp/mnist-net_256x2/image_8/mnist-net_256x2_8_0_025.mps,/home/annelot/WARMSTART_PROJECT/baseline_symphony_21-01-2026+15_00/tmp/mnist-net_256x2/image_8/mnist-net_256x2_8_0_031.mps,UNSAT,7.731,UNSAT-UNSAT,None
/home/annelot/WARMSTART_PROJECT/baseline_symphony_21-01-2026+15_00/tmp/mnist-net_256x2/image_8/mnist-net_256x2_8_0_025.mps,/home/annelot/WARMSTART_PROJECT/baseline_symphony_21-01-2026+15_00/tmp/mnist-net_256x2/image_8/mnist-net_256x2_8_0_033.mps,UNSAT,7.735,UNSAT-UNSAT,None
/home/annelot/WARMSTART_PROJECT/baseline_symphony_21-01-2026+15_00/tmp/mnist-net_256x2/image_8/mnist-net_256x2_8_0_025.mps,/home/annelot/WARMSTART_PROJECT/baseline_symphony_21-01-2026+15_00/tmp/mnist-net_256x2/image_8/mnist-net_256x2_8_0_035.mps,UNSAT,7.721,UNSAT-UNSAT,None
/home/annelot/WARMSTART_PROJECT/baseline_symphony_21-01-2026+15_00/tmp/mnist-net_256x2/image_8/mnist-net_256x2_8_0_025.mps,/home/annelot/WARMSTART_PROJECT/baseline_symphony_21-01-2026+15_00/tmp/mnist-net_256x2/image_8/mnist-net_256x2_8_0_037.mps,UNSAT,7.763,UNSAT-UNSAT,None
/home/annelot/WARMSTART_PROJECT/baseline_symphony_21-01-2026+15_00/tmp/mnist-net_256x2/image_8/mnist-net_256x2_8_0_027.mps,/home/annelot/WARMSTART_PROJECT/baseline_symphony_21-01-2026+15_00/tmp/mnist-net_256x2/image_8/mnist-net_256x2_8_0_029.mps,UNSAT,13.135,UNSAT-UNSAT,None
/home/annelot/WARMSTART_PROJECT/baseline_symphony_21-01-2026+15_00/tmp/mnist-net_256x2/image_8/mnist-net_256x2_8_0_027.mps,/home/annelot/WARMSTART_PROJECT/baseline_symphony_21-01-2026+15_00/tmp/mnist-net_256x2/image_8/mnist-net_256x2_8_0_031.mps,UNSAT,13.104,UNSAT-UNSAT,None
/home/annelot/WARMSTART_PROJECT/baseline_symphony_21-01-2026+15_00/tmp/mnist-net_256x2/image_8/mnist-net_256x2_8_0_027.mps,/home/annelot/WARMSTART_PROJECT/baseline_symphony_21-01-2026+15_00/tmp/mnist-net_256x2/image_8/mnist-net_256x2_8_0_033.mps,UNSAT,13.185,UNSAT-UNSAT,None
/home/annelot/WARMSTART_PROJECT/baseline_symphony_21-01-2026+15_00/tmp/mnist-net_256x2/image_8/mnist-net_256x2_8_0_027.mps,/home/annelot/WARMSTART_PROJECT/baseline_symphony_21-01-2026+15_00/tmp/mnist-net_256x2/image_8/mnist-net_256x2_8_0_035.mps,UNSAT,13.114,UNSAT-UNSAT,None
/home/annelot/WARMSTART_PROJECT/baseline_symphony_21-01-2026+15_00/tmp/mnist-net_256x2/image_8/mnist-net_256x2_8_0_027.mps,/home/annelot/WARMSTART_PROJECT/baseline_symphony_21-01-2026+15_00/tmp/mnist-net_256x2/image_8/mnist-net_256x2_8_0_037.mps,UNSAT,13.113,UNSAT-UNSAT,None
/home/annelot/WARMSTART_PROJECT/baseline_symphony_21-01-2026+15_00/tmp/mnist-net_256x2/image_8/mnist-net_256x2_8_0_029.mps,/home/annelot/WARMSTART_PROJECT/baseline_symphony_21-01-2026+15_00/tmp/mnist-net_256x2/image_8/mnist-net_256x2_8_0_031.mps,UNSAT,22.393,UNSAT-UNSAT,None
/home/annelot/WARMSTART_PROJECT/baseline_symphony_21-01-2026+15_00/tmp/mnist-net_256x2/image_8/mnist-net_256x2_8_0_029.mps,/home/annelot/WARMSTART_PROJECT/baseline_symphony_21-01-2026+15_00/tmp/mnist-net_256x2/image_8/mnist-net_256x2_8_0_033.mps,UNSAT,22.302,UNSAT-UNSAT,None
/home/annelot/WARMSTART_PROJECT/baseline_symphony_21-01-2026+15_00/tmp/mnist-net_256x2/image_8/mnist-net_256x2_8_0_029.mps,/home/annelot/WARMSTART_PROJECT/baseline_symphony_21-01-2026+15_00/tmp/mnist-net_256x2/image_8/mnist-net_256x2_8_0_035.mps,UNSAT,22.306,UNSAT-UNSAT,None
/home/annelot/WARMSTART_PROJECT/baseline_symphony_21-01-2026+15_00/tmp/mnist-net_256x2/image_8/mnist-net_256x2_8_0_029.mps,/home/annelot/WARMSTART_PROJECT/baseline_symphony_21-01-2026+15_00/tmp/mnist-net_256x2/image_8/mnist-net_256x2_8_0_037.mps,UNSAT,22.359,UNSAT-UNSAT,None
/home/annelot/WARMSTART_PROJECT/baseline_symphony_21-01-2026+15_00/tmp/mnist-net_256x2/image_7/mnist-net_256x2_7_0_033.mps,/home/annelot/WARMSTART_PROJECT/baseline_symphony_21-01-2026+15_00/tmp/mnist-net_256x2/image_7/mnist-net_256x2_7_0_281.mps,UNSAT,1173.865,UNSAT-TIMEOUT,None
/home/annelot/WARMSTART_PROJECT/baseline_symphony_21-01-2026+15_00/tmp/mnist-net_256x2/image_7/mnist-net_256x2_7_0_033.mps,/home/annelot/WARMSTART_PROJECT/baseline_symphony_21-01-2026+15_00/tmp/mnist-net_256x2/image_7/mnist-net_256x2_7_0_241.mps,UNSAT,1173.198,UNSAT-TIMEOUT,None
/home/annelot/WARMSTART_PROJECT/baseline_symphony_21-01-2026+15_00/tmp/mnist-net_256x2/image_7/mnist-net_256x2_7_0_033.mps,/home/annelot/WARMSTART_PROJECT/baseline_symphony_21-01-2026+15_00/tmp/mnist-net_256x2/image_7/mnist-net_256x2_7_0_261.mps,UNSAT,1173.489,UNSAT-TIMEOUT,None
/home/annelot/WARMSTART_PROJECT/baseline_symphony_21-01-2026+15_00/tmp/mnist-net_256x2/image_7/mnist-net_256x2_7_0_033.mps,/home/annelot/WARMSTART_PROJECT/baseline_symphony_21-01-2026+15_00/tmp/mnist-net_256x2/image_7/mnist-net_256x2_7_0_221.mps,UNSAT,1174.954,UNSAT-TIMEOUT,None
/home/annelot/WARMSTART_PROJECT/baseline_symphony_21-01-2026+15_00/tmp/mnist-net_256x2/image_7/mnist-net_256x2_7_0_033.mps,/home/annelot/WARMSTART_PROJECT/baseline_symphony_21-01-2026+15_00/tmp/mnist-net_256x2/image_7/mnist-net_256x2_7_0_301.mps,UNSAT,1174.983,UNSAT-TIMEOUT,None
/home/annelot/WARMSTART_PROJECT/baseline_symphony_21-01-2026+15_00/tmp/mnist-net_256x2/image_7/mnist-net_256x2_7_0_033.mps,/home/annelot/WARMSTART_PROJECT/baseline_symphony_21-01-2026+15_00/tmp/mnist-net_256x2/image_7/mnist-net_256x2_7_0_321.mps,UNSAT,1177.207,UNSAT-TIMEOUT,None
/home/annelot/WARMSTART_PROJECT/baseline_symphony_21-01-2026+15_00/tmp/mnist-net_256x2/image_7/mnist-net_256x2_7_0_033.mps,/home/annelot/WARMSTART_PROJECT/baseline_symphony_21-01-2026+15_00/tmp/mnist-net_256x2/image_7/mnist-net_256x2_7_0_201.mps,UNSAT,1179.755,UNSAT-TIMEOUT,None
/home/annelot/WARMSTART_PROJECT/baseline_symphony_21-01-2026+15_00/tmp/mnist-net_256x2/image_8/mnist-net_256x2_8_0_031.mps,/home/annelot/WARMSTART_PROJECT/baseline_symphony_21-01-2026+15_00/tmp/mnist-net_256x2/image_8/mnist-net_256x2_8_0_033.mps,UNSAT,49.798,UNSAT-UNSAT,None
/home/annelot/WARMSTART_PROJECT/baseline_symphony_21-01-2026+15_00/tmp/mnist-net_256x2/image_8/mnist-net_256x2_8_0_031.mps,/home/annelot/WARMSTART_PROJECT/baseline_symphony_21-01-2026+15_00/tmp/mnist-net_256x2/image_8/mnist-net_256x2_8_0_035.mps,UNSAT,49.626,UNSAT-UNSAT,None
/home/annelot/WARMSTART_PROJECT/baseline_symphony_21-01-2026+15_00/tmp/mnist-net_256x2/image_8/mnist-net_256x2_8_0_031.mps,/home/annelot/WARMSTART_PROJECT/baseline_symphony_21-01-2026+15_00/tmp/mnist-net_256x2/image_8/mnist-net_256x2_8_0_037.mps,UNSAT,49.842,UNSAT-UNSAT,None
/home/annelot/WARMSTART_PROJECT/baseline_symphony_21-01-2026+15_00/tmp/mnist-net_256x2/image_8/mnist-net_256x2_8_0_033.mps,/home/annelot/WARMSTART_PROJECT/baseline_symphony_21-01-2026+15_00/tmp/mnist-net_256x2/image_8/mnist-net_256x2_8_0_037.mps,UNSAT,103.461,UNSAT-UNSAT,None
/home/annelot/WARMSTART_PROJECT/baseline_symphony_21-01-2026+15_00/tmp/mnist-net_256x2/image_8/mnist-net_256x2_8_0_033.mps,/home/annelot/WARMSTART_PROJECT/baseline_symphony_21-01-2026+15_00/tmp/mnist-net_256x2/image_8/mnist-net_256x2_8_0_035.mps,UNSAT,103.57,UNSAT-UNSAT,None
/home/annelot/WARMSTART_PROJECT/baseline_symphony_21-01-2026+15_00/tmp/mnist-net_256x2/image_9/mnist-net_256x2_9_0_021.mps,/home/annelot/WARMSTART_PROJECT/baseline_symphony_21-01-2026+15_00/tmp/mnist-net_256x2/image_9/mnist-net_256x2_9_0_023.mps,ERR,,UNSAT-UNSAT,None
/home/annelot/WARMSTART_PROJECT/baseline_symphony_21-01-2026+15_00/tmp/mnist-net_256x2/image_9/mnist-net_256x2_9_0_021.mps,/home/annelot/WARMSTART_PROJECT/baseline_symphony_21-01-2026+15_00/tmp/mnist-net_256x2/image_9/mnist-net_256x2_9_0_025.mps,ERR,,UNSAT-UNSAT,None
/home/annelot/WARMSTART_PROJECT/baseline_symphony_21-01-2026+15_00/tmp/mnist-net_256x2/image_9/mnist-net_256x2_9_0_021.mps,/home/annelot/WARMSTART_PROJECT/baseline_symphony_21-01-2026+15_00/tmp/mnist-net_256x2/image_9/mnist-net_256x2_9_0_027.mps,ERR,,UNSAT-UNSAT,None
/home/annelot/WARMSTART_PROJECT/baseline_symphony_21-01-2026+15_00/tmp/mnist-net_256x2/image_9/mnist-net_256x2_9_0_021.mps,/home/annelot/WARMSTART_PROJECT/baseline_symphony_21-01-2026+15_00/tmp/mnist-net_256x2/image_9/mnist-net_256x2_9_0_033.mps,ERR,,UNSAT-UNSAT,None
/home/annelot/WARMSTART_PROJECT/baseline_symphony_21-01-2026+15_00/tmp/mnist-net_256x2/image_9/mnist-net_256x2_9_0_021.mps,/home/annelot/WARMSTART_PROJECT/baseline_symphony_21-01-2026+15_00/tmp/mnist-net_256x2/image_9/mnist-net_256x2_9_0_031.mps,ERR,,UNSAT-UNSAT,None
/home/annelot/WARMSTART_PROJECT/baseline_symphony_21-01-2026+15_00/tmp/mnist-net_256x2/image_9/mnist-net_256x2_9_0_021.mps,/home/annelot/WARMSTART_PROJECT/baseline_symphony_21-01-2026+15_00/tmp/mnist-net_256x2/image_9/mnist-net_256x2_9_0_029.mps,ERR,,UNSAT-UNSAT,None
/home/annelot/WARMSTART_PROJECT/baseline_symphony_21-01-2026+15_00/tmp/mnist-net_256x2/image_9/mnist-net_256x2_9_0_021.mps,/home/annelot/WARMSTART_PROJECT/baseline_symphony_21-01-2026+15_00/tmp/mnist-net_256x2/image_9/mnist-net_256x2_9_0_037.mps,ERR,,UNSAT-UNSAT,None
/home/annelot/WARMSTART_PROJECT/baseline_symphony_21-01-2026+15_00/tmp/mnist-net_256x2/image_9/mnist-net_256x2_9_0_021.mps,/home/annelot/WARMSTART_PROJECT/baseline_symphony_21-01-2026+15_00/tmp/mnist-net_256x2/image_9/mnist-net_256x2_9_0_041.mps,ERR,,UNSAT-UNSAT,None
/home/annelot/WARMSTART_PROJECT/baseline_symphony_21-01-2026+15_00/tmp/mnist-net_256x2/image_9/mnist-net_256x2_9_0_021.mps,/home/annelot/WARMSTART_PROJECT/baseline_symphony_21-01-2026+15_00/tmp/mnist-net_256x2/image_9/mnist-net_256x2_9_0_039.mps,ERR,,UNSAT-UNSAT,None
/home/annelot/WARMSTART_PROJECT/baseline_symphony_21-01-2026+15_00/tmp/mnist-net_256x2/image_9/mnist-net_256x2_9_0_021.mps,/home/annelot/WARMSTART_PROJECT/baseline_symphony_21-01-2026+15_00/tmp/mnist-net_256x2/image_9/mnist-net_256x2_9_0_035.mps,ERR,,UNSAT-UNSAT,None
/home/annelot/WARMSTART_PROJECT/baseline_symphony_21-01-2026+15_00/tmp/mnist-net_256x2/image_9/mnist-net_256x2_9_0_021.mps,/home/annelot/WARMSTART_PROJECT/baseline_symphony_21-01-2026+15_00/tmp/mnist-net_256x2/image_9/mnist-net_256x2_9_0_043.mps,ERR,,UNSAT-UNSAT,None
/home/annelot/WARMSTART_PROJECT/baseline_symphony_21-01-2026+15_00/tmp/mnist-net_256x2/image_9/mnist-net_256x2_9_0_021.mps,/home/annelot/WARMSTART_PROJECT/baseline_symphony_21-01-2026+15_00/tmp/mnist-net_256x2/image_9/mnist-net_256x2_9_0_049.mps,ERR,,UNSAT-UNSAT,None
/home/annelot/WARMSTART_PROJECT/baseline_symphony_21-01-2026+15_00/tmp/mnist-net_256x2/image_9/mnist-net_256x2_9_0_021.mps,/home/annelot/WARMSTART_PROJECT/baseline_symphony_21-01-2026+15_00/tmp/mnist-net_256x2/image_9/mnist-net_256x2_9_0_045.mps,ERR,,UNSAT-UNSAT,None
/home/annelot/WARMSTART_PROJECT/baseline_symphony_21-01-2026+15_00/tmp/mnist-net_256x2/image_9/mnist-net_256x2_9_0_021.mps,/home/annelot/WARMSTART_PROJECT/baseline_symphony_21-01-2026+15_00/tmp/mnist-net_256x2/image_9/mnist-net_256x2_9_0_047.mps,ERR,,UNSAT-UNSAT,None
/home/annelot/WARMSTART_PROJECT/baseline_symphony_21-01-2026+15_00/tmp/mnist-net_256x2/image_9/mnist-net_256x2_9_0_021.mps,/home/annelot/WARMSTART_PROJECT/baseline_symphony_21-01-2026+15_00/tmp/mnist-net_256x2/image_9/mnist-net_256x2_9_0_055.mps,ERR,,UNSAT-UNSAT,None
/home/annelot/WARMSTART_PROJECT/baseline_symphony_21-01-2026+15_00/tmp/mnist-net_256x2/image_9/mnist-net_256x2_9_0_021.mps,/home/annelot/WARMSTART_PROJECT/baseline_symphony_21-01-2026+15_00/tmp/mnist-net_256x2/image_9/mnist-net_256x2_9_0_057.mps,ERR,,UNSAT-UNSAT,None
/home/annelot/WARMSTART_PROJECT/baseline_symphony_21-01-2026+15_00/tmp/mnist-net_256x2/image_9/mnist-net_256x2_9_0_021.mps,/home/annelot/WARMSTART_PROJECT/baseline_symphony_21-01-2026+15_00/tmp/mnist-net_256x2/image_9/mnist-net_256x2_9_0_053.mps,ERR,,UNSAT-UNSAT,None
/home/annelot/WARMSTART_PROJECT/baseline_symphony_21-01-2026+15_00/tmp/mnist-net_256x2/image_9/mnist-net_256x2_9_0_021.mps,/home/annelot/WARMSTART_PROJECT/baseline_symphony_21-01-2026+15_00/tmp/mnist-net_256x2/image_9/mnist-net_256x2_9_0_051.mps,ERR,,UNSAT-UNSAT,None
/home/annelot/WARMSTART_PROJECT/baseline_symphony_21-01-2026+15_00/tmp/mnist-net_256x2/image_9/mnist-net_256x2_9_0_021.mps,/home/annelot/WARMSTART_PROJECT/baseline_symphony_21-01-2026+15_00/tmp/mnist-net_256x2/image_9/mnist-net_256x2_9_0_059.mps,ERR,,UNSAT-UNSAT,None
/home/annelot/WARMSTART_PROJECT/baseline_symphony_21-01-2026+15_00/tmp/mnist-net_256x2/image_9/mnist-net_256x2_9_0_021.mps,/home/annelot/WARMSTART_PROJECT/baseline_symphony_21-01-2026+15_00/tmp/mnist-net_256x2/image_9/mnist-net_256x2_9_0_063.mps,ERR,,UNSAT-UNSAT,None
/home/annelot/WARMSTART_PROJECT/baseline_symphony_21-01-2026+15_00/tmp/mnist-net_256x2/image_9/mnist-net_256x2_9_0_021.mps,/home/annelot/WARMSTART_PROJECT/baseline_symphony_21-01-2026+15_00/tmp/mnist-net_256x2/image_9/mnist-net_256x2_9_0_065.mps,ERR,,UNSAT-UNSAT,None
/home/annelot/WARMSTART_PROJECT/baseline_symphony_21-01-2026+15_00/tmp/mnist-net_256x2/image_9/mnist-net_256x2_9_0_021.mps,/home/annelot/WARMSTART_PROJECT/baseline_symphony_21-01-2026+15_00/tmp/mnist-net_256x2/image_9/mnist-net_256x2_9_0_061.mps,ERR,,UNSAT-UNSAT,None
/home/annelot/WARMSTART_PROJECT/baseline_symphony_21-01-2026+15_00/tmp/mnist-net_256x2/image_9/mnist-net_256x2_9_0_023.mps,/home/annelot/WARMSTART_PROJECT/baseline_symphony_21-01-2026+15_00/tmp/mnist-net_256x2/image_9/mnist-net_256x2_9_0_029.mps,ERR,,UNSAT-UNSAT,None
/home/annelot/WARMSTART_PROJECT/baseline_symphony_21-01-2026+15_00/tmp/mnist-net_256x2/image_9/mnist-net_256x2_9_0_023.mps,/home/annelot/WARMSTART_PROJECT/baseline_symphony_21-01-2026+15_00/tmp/mnist-net_256x2/image_9/mnist-net_256x2_9_0_031.mps,ERR,,UNSAT-UNSAT,None
/home/annelot/WARMSTART_PROJECT/baseline_symphony_21-01-2026+15_00/tmp/mnist-net_256x2/image_9/mnist-net_256x2_9_0_023.mps,/home/annelot/WARMSTART_PROJECT/baseline_symphony_21-01-2026+15_00/tmp/mnist-net_256x2/image_9/mnist-net_256x2_9_0_025.mps,ERR,,UNSAT-UNSAT,None
/home/annelot/WARMSTART_PROJECT/baseline_symphony_21-01-2026+15_00/tmp/mnist-net_256x2/image_9/mnist-net_256x2_9_0_023.mps,/home/annelot/WARMSTART_PROJECT/baseline_symphony_21-01-2026+15_00/tmp/mnist-net_256x2/image_9/mnist-net_256x2_9_0_027.mps,ERR,,UNSAT-UNSAT,None
/home/annelot/WARMSTART_PROJECT/baseline_symphony_21-01-2026+15_00/tmp/mnist-net_256x2/image_9/mnist-net_256x2_9_0_023.mps,/home/annelot/WARMSTART_PROJECT/baseline_symphony_21-01-2026+15_00/tmp/mnist-net_256x2/image_9/mnist-net_256x2_9_0_039.mps,ERR,,UNSAT-UNSAT,None
/home/annelot/WARMSTART_PROJECT/baseline_symphony_21-01-2026+15_00/tmp/mnist-net_256x2/image_9/mnist-net_256x2_9_0_023.mps,/home/annelot/WARMSTART_PROJECT/baseline_symphony_21-01-2026+15_00/tmp/mnist-net_256x2/image_9/mnist-net_256x2_9_0_035.mps,ERR,,UNSAT-UNSAT,None
/home/annelot/WARMSTART_PROJECT/baseline_symphony_21-01-2026+15_00/tmp/mnist-net_256x2/image_9/mnist-net_256x2_9_0_023.mps,/home/annelot/WARMSTART_PROJECT/baseline_symphony_21-01-2026+15_00/tmp/mnist-net_256x2/image_9/mnist-net_256x2_9_0_037.mps,ERR,,UNSAT-UNSAT,None
/home/annelot/WARMSTART_PROJECT/baseline_symphony_21-01-2026+15_00/tmp/mnist-net_256x2/image_9/mnist-net_256x2_9_0_023.mps,/home/annelot/WARMSTART_PROJECT/baseline_symphony_21-01-2026+15_00/tmp/mnist-net_256x2/image_9/mnist-net_256x2_9_0_033.mps,ERR,,UNSAT-UNSAT,None
/home/annelot/WARMSTART_PROJECT/baseline_symphony_21-01-2026+15_00/tmp/mnist-net_256x2/image_9/mnist-net_256x2_9_0_023.mps,/home/annelot/WARMSTART_PROJECT/baseline_symphony_21-01-2026+15_00/tmp/mnist-net_256x2/image_9/mnist-net_256x2_9_0_041.mps,ERR,,UNSAT-UNSAT,None
/home/annelot/WARMSTART_PROJECT/baseline_symphony_21-01-2026+15_00/tmp/mnist-net_256x2/image_9/mnist-net_256x2_9_0_023.mps,/home/annelot/WARMSTART_PROJECT/baseline_symphony_21-01-2026+15_00/tmp/mnist-net_256x2/image_9/mnist-net_256x2_9_0_047.mps,ERR,,UNSAT-UNSAT,None
/home/annelot/WARMSTART_PROJECT/baseline_symphony_21-01-2026+15_00/tmp/mnist-net_256x2/image_9/mnist-net_256x2_9_0_023.mps,/home/annelot/WARMSTART_PROJECT/baseline_symphony_21-01-2026+15_00/tmp/mnist-net_256x2/image_9/mnist-net_256x2_9_0_045.mps,ERR,,UNSAT-UNSAT,None
/home/annelot/WARMSTART_PROJECT/baseline_symphony_21-01-2026+15_00/tmp/mnist-net_256x2/image_9/mnist-net_256x2_9_0_023.mps,/home/annelot/WARMSTART_PROJECT/baseline_symphony_21-01-2026+15_00/tmp/mnist-net_256x2/image_9/mnist-net_256x2_9_0_043.mps,ERR,,UNSAT-UNSAT,None
/home/annelot/WARMSTART_PROJECT/baseline_symphony_21-01-2026+15_00/tmp/mnist-net_256x2/image_9/mnist-net_256x2_9_0_023.mps,/home/annelot/WARMSTART_PROJECT/baseline_symphony_21-01-2026+15_00/tmp/mnist-net_256x2/image_9/mnist-net_256x2_9_0_051.mps,ERR,,UNSAT-UNSAT,None
/home/annelot/WARMSTART_PROJECT/baseline_symphony_21-01-2026+15_00/tmp/mnist-net_256x2/image_9/mnist-net_256x2_9_0_023.mps,/home/annelot/WARMSTART_PROJECT/baseline_symphony_21-01-2026+15_00/tmp/mnist-net_256x2/image_9/mnist-net_256x2_9_0_055.mps,ERR,,UNSAT-UNSAT,None
/home/annelot/WARMSTART_PROJECT/baseline_symphony_21-01-2026+15_00/tmp/mnist-net_256x2/image_9/mnist-net_256x2_9_0_023.mps,/home/annelot/WARMSTART_PROJECT/baseline_symphony_21-01-2026+15_00/tmp/mnist-net_256x2/image_9/mnist-net_256x2_9_0_053.mps,ERR,,UNSAT-UNSAT,None
/home/annelot/WARMSTART_PROJECT/baseline_symphony_21-01-2026+15_00/tmp/mnist-net_256x2/image_9/mnist-net_256x2_9_0_023.mps,/home/annelot/WARMSTART_PROJECT/baseline_symphony_21-01-2026+15_00/tmp/mnist-net_256x2/image_9/mnist-net_256x2_9_0_049.mps,ERR,,UNSAT-UNSAT,None
/home/annelot/WARMSTART_PROJECT/baseline_symphony_21-01-2026+15_00/tmp/mnist-net_256x2/image_9/mnist-net_256x2_9_0_023.mps,/home/annelot/WARMSTART_PROJECT/baseline_symphony_21-01-2026+15_00/tmp/mnist-net_256x2/image_9/mnist-net_256x2_9_0_061.mps,ERR,,UNSAT-UNSAT,None
/home/annelot/WARMSTART_PROJECT/baseline_symphony_21-01-2026+15_00/tmp/mnist-net_256x2/image_9/mnist-net_256x2_9_0_023.mps,/home/annelot/WARMSTART_PROJECT/baseline_symphony_21-01-2026+15_00/tmp/mnist-net_256x2/image_9/mnist-net_256x2_9_0_063.mps,ERR,,UNSAT-UNSAT,None
/home/annelot/WARMSTART_PROJECT/baseline_symphony_21-01-2026+15_00/tmp/mnist-net_256x2/image_9/mnist-net_256x2_9_0_023.mps,/home/annelot/WARMSTART_PROJECT/baseline_symphony_21-01-2026+15_00/tmp/mnist-net_256x2/image_9/mnist-net_256x2_9_0_059.mps,ERR,,UNSAT-UNSAT,None
/home/annelot/WARMSTART_PROJECT/baseline_symphony_21-01-2026+15_00/tmp/mnist-net_256x2/image_9/mnist-net_256x2_9_0_023.mps,/home/annelot/WARMSTART_PROJECT/baseline_symphony_21-01-2026+15_00/tmp/mnist-net_256x2/image_9/mnist-net_256x2_9_0_057.mps,ERR,,UNSAT-UNSAT,None
/home/annelot/WARMSTART_PROJECT/baseline_symphony_21-01-2026+15_00/tmp/mnist-net_256x2/image_9/mnist-net_256x2_9_0_025.mps,/home/annelot/WARMSTART_PROJECT/baseline_symphony_21-01-2026+15_00/tmp/mnist-net_256x2/image_9/mnist-net_256x2_9_0_031.mps,ERR,,UNSAT-UNSAT,None
/home/annelot/WARMSTART_PROJECT/baseline_symphony_21-01-2026+15_00/tmp/mnist-net_256x2/image_9/mnist-net_256x2_9_0_025.mps,/home/annelot/WARMSTART_PROJECT/baseline_symphony_21-01-2026+15_00/tmp/mnist-net_256x2/image_9/mnist-net_256x2_9_0_027.mps,ERR,,UNSAT-UNSAT,None
/home/annelot/WARMSTART_PROJECT/baseline_symphony_21-01-2026+15_00/tmp/mnist-net_256x2/image_9/mnist-net_256x2_9_0_025.mps,/home/annelot/WARMSTART_PROJECT/baseline_symphony_21-01-2026+15_00/tmp/mnist-net_256x2/image_9/mnist-net_256x2_9_0_029.mps,ERR,,UNSAT-UNSAT,None
/home/annelot/WARMSTART_PROJECT/baseline_symphony_21-01-2026+15_00/tmp/mnist-net_256x2/image_9/mnist-net_256x2_9_0_023.mps,/home/annelot/WARMSTART_PROJECT/baseline_symphony_21-01-2026+15_00/tmp/mnist-net_256x2/image_9/mnist-net_256x2_9_0_065.mps,ERR,,UNSAT-UNSAT,None
/home/annelot/WARMSTART_PROJECT/baseline_symphony_21-01-2026+15_00/tmp/mnist-net_256x2/image_9/mnist-net_256x2_9_0_025.mps,/home/annelot/WARMSTART_PROJECT/baseline_symphony_21-01-2026+15_00/tmp/mnist-net_256x2/image_9/mnist-net_256x2_9_0_033.mps,ERR,,UNSAT-UNSAT,None
/home/annelot/WARMSTART_PROJECT/baseline_symphony_21-01-2026+15_00/tmp/mnist-net_256x2/image_9/mnist-net_256x2_9_0_025.mps,/home/annelot/WARMSTART_PROJECT/baseline_symphony_21-01-2026+15_00/tmp/mnist-net_256x2/image_9/mnist-net_256x2_9_0_039.mps,ERR,,UNSAT-UNSAT,None
/home/annelot/WARMSTART_PROJECT/baseline_symphony_21-01-2026+15_00/tmp/mnist-net_256x2/image_9/mnist-net_256x2_9_0_025.mps,/home/annelot/WARMSTART_PROJECT/baseline_symphony_21-01-2026+15_00/tmp/mnist-net_256x2/image_9/mnist-net_256x2_9_0_035.mps,ERR,,UNSAT-UNSAT,None
/home/annelot/WARMSTART_PROJECT/baseline_symphony_21-01-2026+15_00/tmp/mnist-net_256x2/image_9/mnist-net_256x2_9_0_025.mps,/home/annelot/WARMSTART_PROJECT/baseline_symphony_21-01-2026+15_00/tmp/mnist-net_256x2/image_9/mnist-net_256x2_9_0_037.mps,ERR,,UNSAT-UNSAT,None
/home/annelot/WARMSTART_PROJECT/baseline_symphony_21-01-2026+15_00/tmp/mnist-net_256x2/image_9/mnist-net_256x2_9_0_025.mps,/home/annelot/WARMSTART_PROJECT/baseline_symphony_21-01-2026+15_00/tmp/mnist-net_256x2/image_9/mnist-net_256x2_9_0_043.mps,ERR,,UNSAT-UNSAT,None
/home/annelot/WARMSTART_PROJECT/baseline_symphony_21-01-2026+15_00/tmp/mnist-net_256x2/image_9/mnist-net_256x2_9_0_025.mps,/home/annelot/WARMSTART_PROJECT/baseline_symphony_21-01-2026+15_00/tmp/mnist-net_256x2/image_9/mnist-net_256x2_9_0_047.mps,ERR,,UNSAT-UNSAT,None
/home/annelot/WARMSTART_PROJECT/baseline_symphony_21-01-2026+15_00/tmp/mnist-net_256x2/image_9/mnist-net_256x2_9_0_025.mps,/home/annelot/WARMSTART_PROJECT/baseline_symphony_21-01-2026+15_00/tmp/mnist-net_256x2/image_9/mnist-net_256x2_9_0_045.mps,ERR,,UNSAT-UNSAT,None
/home/annelot/WARMSTART_PROJECT/baseline_symphony_21-01-2026+15_00/tmp/mnist-net_256x2/image_9/mnist-net_256x2_9_0_025.mps,/home/annelot/WARMSTART_PROJECT/baseline_symphony_21-01-2026+15_00/tmp/mnist-net_256x2/image_9/mnist-net_256x2_9_0_041.mps,ERR,,UNSAT-UNSAT,None
/home/annelot/WARMSTART_PROJECT/baseline_symphony_21-01-2026+15_00/tmp/mnist-net_256x2/image_9/mnist-net_256x2_9_0_025.mps,/home/annelot/WARMSTART_PROJECT/baseline_symphony_21-01-2026+15_00/tmp/mnist-net_256x2/image_9/mnist-net_256x2_9_0_051.mps,ERR,,UNSAT-UNSAT,None
/home/annelot/WARMSTART_PROJECT/baseline_symphony_21-01-2026+15_00/tmp/mnist-net_256x2/image_9/mnist-net_256x2_9_0_025.mps,/home/annelot/WARMSTART_PROJECT/baseline_symphony_21-01-2026+15_00/tmp/mnist-net_256x2/image_9/mnist-net_256x2_9_0_055.mps,ERR,,UNSAT-UNSAT,None
/home/annelot/WARMSTART_PROJECT/baseline_symphony_21-01-2026+15_00/tmp/mnist-net_256x2/image_9/mnist-net_256x2_9_0_025.mps,/home/annelot/WARMSTART_PROJECT/baseline_symphony_21-01-2026+15_00/tmp/mnist-net_256x2/image_9/mnist-net_256x2_9_0_053.mps,ERR,,UNSAT-UNSAT,None
/home/annelot/WARMSTART_PROJECT/baseline_symphony_21-01-2026+15_00/tmp/mnist-net_256x2/image_9/mnist-net_256x2_9_0_025.mps,/home/annelot/WARMSTART_PROJECT/baseline_symphony_21-01-2026+15_00/tmp/mnist-net_256x2/image_9/mnist-net_256x2_9_0_049.mps,ERR,,UNSAT-UNSAT,None
/home/annelot/WARMSTART_PROJECT/baseline_symphony_21-01-2026+15_00/tmp/mnist-net_256x2/image_9/mnist-net_256x2_9_0_025.mps,/home/annelot/WARMSTART_PROJECT/baseline_symphony_21-01-2026+15_00/tmp/mnist-net_256x2/image_9/mnist-net_256x2_9_0_059.mps,ERR,,UNSAT-UNSAT,None
/home/annelot/WARMSTART_PROJECT/baseline_symphony_21-01-2026+15_00/tmp/mnist-net_256x2/image_9/mnist-net_256x2_9_0_025.mps,/home/annelot/WARMSTART_PROJECT/baseline_symphony_21-01-2026+15_00/tmp/mnist-net_256x2/image_9/mnist-net_256x2_9_0_061.mps,ERR,,UNSAT-UNSAT,None
/home/annelot/WARMSTART_PROJECT/baseline_symphony_21-01-2026+15_00/tmp/mnist-net_256x2/image_9/mnist-net_256x2_9_0_025.mps,/home/annelot/WARMSTART_PROJECT/baseline_symphony_21-01-2026+15_00/tmp/mnist-net_256x2/image_9/mnist-net_256x2_9_0_063.mps,ERR,,UNSAT-UNSAT,None
/home/annelot/WARMSTART_PROJECT/baseline_symphony_21-01-2026+15_00/tmp/mnist-net_256x2/image_9/mnist-net_256x2_9_0_025.mps,/home/annelot/WARMSTART_PROJECT/baseline_symphony_21-01-2026+15_00/tmp/mnist-net_256x2/image_9/mnist-net_256x2_9_0_057.mps,ERR,,UNSAT-UNSAT,None
/home/annelot/WARMSTART_PROJECT/baseline_symphony_21-01-2026+15_00/tmp/mnist-net_256x2/image_9/mnist-net_256x2_9_0_027.mps,/home/annelot/WARMSTART_PROJECT/baseline_symphony_21-01-2026+15_00/tmp/mnist-net_256x2/image_9/mnist-net_256x2_9_0_031.mps,ERR,,UNSAT-UNSAT,None
/home/annelot/WARMSTART_PROJECT/baseline_symphony_21-01-2026+15_00/tmp/mnist-net_256x2/image_9/mnist-net_256x2_9_0_027.mps,/home/annelot/WARMSTART_PROJECT/baseline_symphony_21-01-2026+15_00/tmp/mnist-net_256x2/image_9/mnist-net_256x2_9_0_033.mps,ERR,,UNSAT-UNSAT,None
/home/annelot/WARMSTART_PROJECT/baseline_symphony_21-01-2026+15_00/tmp/mnist-net_256x2/image_9/mnist-net_256x2_9_0_025.mps,/home/annelot/WARMSTART_PROJECT/baseline_symphony_21-01-2026+15_00/tmp/mnist-net_256x2/image_9/mnist-net_256x2_9_0_065.mps,ERR,,UNSAT-UNSAT,None
/home/annelot/WARMSTART_PROJECT/baseline_symphony_21-01-2026+15_00/tmp/mnist-net_256x2/image_9/mnist-net_256x2_9_0_027.mps,/home/annelot/WARMSTART_PROJECT/baseline_symphony_21-01-2026+15_00/tmp/mnist-net_256x2/image_9/mnist-net_256x2_9_0_029.mps,ERR,,UNSAT-UNSAT,None
/home/annelot/WARMSTART_PROJECT/baseline_symphony_21-01-2026+15_00/tmp/mnist-net_256x2/image_9/mnist-net_256x2_9_0_027.mps,/home/annelot/WARMSTART_PROJECT/baseline_symphony_21-01-2026+15_00/tmp/mnist-net_256x2/image_9/mnist-net_256x2_9_0_037.mps,ERR,,UNSAT-UNSAT,None
/home/annelot/WARMSTART_PROJECT/baseline_symphony_21-01-2026+15_00/tmp/mnist-net_256x2/image_9/mnist-net_256x2_9_0_027.mps,/home/annelot/WARMSTART_PROJECT/baseline_symphony_21-01-2026+15_00/tmp/mnist-net_256x2/image_9/mnist-net_256x2_9_0_039.mps,ERR,,UNSAT-UNSAT,None
/home/annelot/WARMSTART_PROJECT/baseline_symphony_21-01-2026+15_00/tmp/mnist-net_256x2/image_9/mnist-net_256x2_9_0_027.mps,/home/annelot/WARMSTART_PROJECT/baseline_symphony_21-01-2026+15_00/tmp/mnist-net_256x2/image_9/mnist-net_256x2_9_0_041.mps,ERR,,UNSAT-UNSAT,None
/home/annelot/WARMSTART_PROJECT/baseline_symphony_21-01-2026+15_00/tmp/mnist-net_256x2/image_9/mnist-net_256x2_9_0_027.mps,/home/annelot/WARMSTART_PROJECT/baseline_symphony_21-01-2026+15_00/tmp/mnist-net_256x2/image_9/mnist-net_256x2_9_0_035.mps,ERR,,UNSAT-UNSAT,None
/home/annelot/WARMSTART_PROJECT/baseline_symphony_21-01-2026+15_00/tmp/mnist-net_256x2/image_9/mnist-net_256x2_9_0_027.mps,/home/annelot/WARMSTART_PROJECT/baseline_symphony_21-01-2026+15_00/tmp/mnist-net_256x2/image_9/mnist-net_256x2_9_0_047.mps,ERR,,UNSAT-UNSAT,None
/home/annelot/WARMSTART_PROJECT/baseline_symphony_21-01-2026+15_00/tmp/mnist-net_256x2/image_9/mnist-net_256x2_9_0_027.mps,/home/annelot/WARMSTART_PROJECT/baseline_symphony_21-01-2026+15_00/tmp/mnist-net_256x2/image_9/mnist-net_256x2_9_0_043.mps,ERR,,UNSAT-UNSAT,None
/home/annelot/WARMSTART_PROJECT/baseline_symphony_21-01-2026+15_00/tmp/mnist-net_256x2/image_9/mnist-net_256x2_9_0_027.mps,/home/annelot/WARMSTART_PROJECT/baseline_symphony_21-01-2026+15_00/tmp/mnist-net_256x2/image_9/mnist-net_256x2_9_0_049.mps,ERR,,UNSAT-UNSAT,None
/home/annelot/WARMSTART_PROJECT/baseline_symphony_21-01-2026+15_00/tmp/mnist-net_256x2/image_9/mnist-net_256x2_9_0_027.mps,/home/annelot/WARMSTART_PROJECT/baseline_symphony_21-01-2026+15_00/tmp/mnist-net_256x2/image_9/mnist-net_256x2_9_0_045.mps,ERR,,UNSAT-UNSAT,None
/home/annelot/WARMSTART_PROJECT/baseline_symphony_21-01-2026+15_00/tmp/mnist-net_256x2/image_9/mnist-net_256x2_9_0_027.mps,/home/annelot/WARMSTART_PROJECT/baseline_symphony_21-01-2026+15_00/tmp/mnist-net_256x2/image_9/mnist-net_256x2_9_0_053.mps,ERR,,UNSAT-UNSAT,None
/home/annelot/WARMSTART_PROJECT/baseline_symphony_21-01-2026+15_00/tmp/mnist-net_256x2/image_9/mnist-net_256x2_9_0_027.mps,/home/annelot/WARMSTART_PROJECT/baseline_symphony_21-01-2026+15_00/tmp/mnist-net_256x2/image_9/mnist-net_256x2_9_0_055.mps,ERR,,UNSAT-UNSAT,None
/home/annelot/WARMSTART_PROJECT/baseline_symphony_21-01-2026+15_00/tmp/mnist-net_256x2/image_9/mnist-net_256x2_9_0_027.mps,/home/annelot/WARMSTART_PROJECT/baseline_symphony_21-01-2026+15_00/tmp/mnist-net_256x2/image_9/mnist-net_256x2_9_0_057.mps,ERR,,UNSAT-UNSAT,None
/home/annelot/WARMSTART_PROJECT/baseline_symphony_21-01-2026+15_00/tmp/mnist-net_256x2/image_9/mnist-net_256x2_9_0_027.mps,/home/annelot/WARMSTART_PROJECT/baseline_symphony_21-01-2026+15_00/tmp/mnist-net_256x2/image_9/mnist-net_256x2_9_0_051.mps,ERR,,UNSAT-UNSAT,None
/home/annelot/WARMSTART_PROJECT/baseline_symphony_21-01-2026+15_00/tmp/mnist-net_256x2/image_9/mnist-net_256x2_9_0_027.mps,/home/annelot/WARMSTART_PROJECT/baseline_symphony_21-01-2026+15_00/tmp/mnist-net_256x2/image_9/mnist-net_256x2_9_0_065.mps,ERR,,UNSAT-UNSAT,None
/home/annelot/WARMSTART_PROJECT/baseline_symphony_21-01-2026+15_00/tmp/mnist-net_256x2/image_9/mnist-net_256x2_9_0_027.mps,/home/annelot/WARMSTART_PROJECT/baseline_symphony_21-01-2026+15_00/tmp/mnist-net_256x2/image_9/mnist-net_256x2_9_0_063.mps,ERR,,UNSAT-UNSAT,None
/home/annelot/WARMSTART_PROJECT/baseline_symphony_21-01-2026+15_00/tmp/mnist-net_256x2/image_9/mnist-net_256x2_9_0_027.mps,/home/annelot/WARMSTART_PROJECT/baseline_symphony_21-01-2026+15_00/tmp/mnist-net_256x2/image_9/mnist-net_256x2_9_0_061.mps,ERR,,UNSAT-UNSAT,None
/home/annelot/WARMSTART_PROJECT/baseline_symphony_21-01-2026+15_00/tmp/mnist-net_256x2/image_9/mnist-net_256x2_9_0_027.mps,/home/annelot/WARMSTART_PROJECT/baseline_symphony_21-01-2026+15_00/tmp/mnist-net_256x2/image_9/mnist-net_256x2_9_0_059.mps,ERR,,UNSAT-UNSAT,None
/home/annelot/WARMSTART_PROJECT/baseline_symphony_21-01-2026+15_00/tmp/mnist-net_256x2/image_9/mnist-net_256x2_9_0_029.mps,/home/annelot/WARMSTART_PROJECT/baseline_symphony_21-01-2026+15_00/tmp/mnist-net_256x2/image_9/mnist-net_256x2_9_0_037.mps,ERR,,UNSAT-UNSAT,None
/home/annelot/WARMSTART_PROJECT/baseline_symphony_21-01-2026+15_00/tmp/mnist-net_256x2/image_9/mnist-net_256x2_9_0_029.mps,/home/annelot/WARMSTART_PROJECT/baseline_symphony_21-01-2026+15_00/tmp/mnist-net_256x2/image_9/mnist-net_256x2_9_0_031.mps,ERR,,UNSAT-UNSAT,None
/home/annelot/WARMSTART_PROJECT/baseline_symphony_21-01-2026+15_00/tmp/mnist-net_256x2/image_9/mnist-net_256x2_9_0_029.mps,/home/annelot/WARMSTART_PROJECT/baseline_symphony_21-01-2026+15_00/tmp/mnist-net_256x2/image_9/mnist-net_256x2_9_0_035.mps,ERR,,UNSAT-UNSAT,None
/home/annelot/WARMSTART_PROJECT/baseline_symphony_21-01-2026+15_00/tmp/mnist-net_256x2/image_9/mnist-net_256x2_9_0_029.mps,/home/annelot/WARMSTART_PROJECT/baseline_symphony_21-01-2026+15_00/tmp/mnist-net_256x2/image_9/mnist-net_256x2_9_0_033.mps,ERR,,UNSAT-UNSAT,None
/home/annelot/WARMSTART_PROJECT/baseline_symphony_21-01-2026+15_00/tmp/mnist-net_256x2/image_9/mnist-net_256x2_9_0_029.mps,/home/annelot/WARMSTART_PROJECT/baseline_symphony_21-01-2026+15_00/tmp/mnist-net_256x2/image_9/mnist-net_256x2_9_0_045.mps,ERR,,UNSAT-UNSAT,None
/home/annelot/WARMSTART_PROJECT/baseline_symphony_21-01-2026+15_00/tmp/mnist-net_256x2/image_9/mnist-net_256x2_9_0_029.mps,/home/annelot/WARMSTART_PROJECT/baseline_symphony_21-01-2026+15_00/tmp/mnist-net_256x2/image_9/mnist-net_256x2_9_0_039.mps,ERR,,UNSAT-UNSAT,None
/home/annelot/WARMSTART_PROJECT/baseline_symphony_21-01-2026+15_00/tmp/mnist-net_256x2/image_9/mnist-net_256x2_9_0_029.mps,/home/annelot/WARMSTART_PROJECT/baseline_symphony_21-01-2026+15_00/tmp/mnist-net_256x2/image_9/mnist-net_256x2_9_0_041.mps,ERR,,UNSAT-UNSAT,None
/home/annelot/WARMSTART_PROJECT/baseline_symphony_21-01-2026+15_00/tmp/mnist-net_256x2/image_9/mnist-net_256x2_9_0_029.mps,/home/annelot/WARMSTART_PROJECT/baseline_symphony_21-01-2026+15_00/tmp/mnist-net_256x2/image_9/mnist-net_256x2_9_0_043.mps,ERR,,UNSAT-UNSAT,None
/home/annelot/WARMSTART_PROJECT/baseline_symphony_21-01-2026+15_00/tmp/mnist-net_256x2/image_9/mnist-net_256x2_9_0_029.mps,/home/annelot/WARMSTART_PROJECT/baseline_symphony_21-01-2026+15_00/tmp/mnist-net_256x2/image_9/mnist-net_256x2_9_0_053.mps,ERR,,UNSAT-UNSAT,None
/home/annelot/WARMSTART_PROJECT/baseline_symphony_21-01-2026+15_00/tmp/mnist-net_256x2/image_9/mnist-net_256x2_9_0_029.mps,/home/annelot/WARMSTART_PROJECT/baseline_symphony_21-01-2026+15_00/tmp/mnist-net_256x2/image_9/mnist-net_256x2_9_0_047.mps,ERR,,UNSAT-UNSAT,None
/home/annelot/WARMSTART_PROJECT/baseline_symphony_21-01-2026+15_00/tmp/mnist-net_256x2/image_9/mnist-net_256x2_9_0_029.mps,/home/annelot/WARMSTART_PROJECT/baseline_symphony_21-01-2026+15_00/tmp/mnist-net_256x2/image_9/mnist-net_256x2_9_0_049.mps,ERR,,UNSAT-UNSAT,None
/home/annelot/WARMSTART_PROJECT/baseline_symphony_21-01-2026+15_00/tmp/mnist-net_256x2/image_9/mnist-net_256x2_9_0_029.mps,/home/annelot/WARMSTART_PROJECT/baseline_symphony_21-01-2026+15_00/tmp/mnist-net_256x2/image_9/mnist-net_256x2_9_0_051.mps,ERR,,UNSAT-UNSAT,None
/home/annelot/WARMSTART_PROJECT/baseline_symphony_21-01-2026+15_00/tmp/mnist-net_256x2/image_9/mnist-net_256x2_9_0_029.mps,/home/annelot/WARMSTART_PROJECT/baseline_symphony_21-01-2026+15_00/tmp/mnist-net_256x2/image_9/mnist-net_256x2_9_0_059.mps,ERR,,UNSAT-UNSAT,None
/home/annelot/WARMSTART_PROJECT/baseline_symphony_21-01-2026+15_00/tmp/mnist-net_256x2/image_9/mnist-net_256x2_9_0_029.mps,/home/annelot/WARMSTART_PROJECT/baseline_symphony_21-01-2026+15_00/tmp/mnist-net_256x2/image_9/mnist-net_256x2_9_0_055.mps,ERR,,UNSAT-UNSAT,None
/home/annelot/WARMSTART_PROJECT/baseline_symphony_21-01-2026+15_00/tmp/mnist-net_256x2/image_9/mnist-net_256x2_9_0_029.mps,/home/annelot/WARMSTART_PROJECT/baseline_symphony_21-01-2026+15_00/tmp/mnist-net_256x2/image_9/mnist-net_256x2_9_0_057.mps,ERR,,UNSAT-UNSAT,None
/home/annelot/WARMSTART_PROJECT/baseline_symphony_21-01-2026+15_00/tmp/mnist-net_256x2/image_9/mnist-net_256x2_9_0_029.mps,/home/annelot/WARMSTART_PROJECT/baseline_symphony_21-01-2026+15_00/tmp/mnist-net_256x2/image_9/mnist-net_256x2_9_0_061.mps,ERR,,UNSAT-UNSAT,None
/home/annelot/WARMSTART_PROJECT/baseline_symphony_21-01-2026+15_00/tmp/mnist-net_256x2/image_9/mnist-net_256x2_9_0_031.mps,/home/annelot/WARMSTART_PROJECT/baseline_symphony_21-01-2026+15_00/tmp/mnist-net_256x2/image_9/mnist-net_256x2_9_0_035.mps,ERR,,UNSAT-UNSAT,None
/home/annelot/WARMSTART_PROJECT/baseline_symphony_21-01-2026+15_00/tmp/mnist-net_256x2/image_9/mnist-net_256x2_9_0_031.mps,/home/annelot/WARMSTART_PROJECT/baseline_symphony_21-01-2026+15_00/tmp/mnist-net_256x2/image_9/mnist-net_256x2_9_0_033.mps,ERR,,UNSAT-UNSAT,None
/home/annelot/WARMSTART_PROJECT/baseline_symphony_21-01-2026+15_00/tmp/mnist-net_256x2/image_9/mnist-net_256x2_9_0_029.mps,/home/annelot/WARMSTART_PROJECT/baseline_symphony_21-01-2026+15_00/tmp/mnist-net_256x2/image_9/mnist-net_256x2_9_0_063.mps,ERR,,UNSAT-UNSAT,None
/home/annelot/WARMSTART_PROJECT/baseline_symphony_21-01-2026+15_00/tmp/mnist-net_256x2/image_9/mnist-net_256x2_9_0_029.mps,/home/annelot/WARMSTART_PROJECT/baseline_symphony_21-01-2026+15_00/tmp/mnist-net_256x2/image_9/mnist-net_256x2_9_0_065.mps,ERR,,UNSAT-UNSAT,None
/home/annelot/WARMSTART_PROJECT/baseline_symphony_21-01-2026+15_00/tmp/mnist-net_256x2/image_9/mnist-net_256x2_9_0_031.mps,/home/annelot/WARMSTART_PROJECT/baseline_symphony_21-01-2026+15_00/tmp/mnist-net_256x2/image_9/mnist-net_256x2_9_0_043.mps,ERR,,UNSAT-UNSAT,None
/home/annelot/WARMSTART_PROJECT/baseline_symphony_21-01-2026+15_00/tmp/mnist-net_256x2/image_9/mnist-net_256x2_9_0_031.mps,/home/annelot/WARMSTART_PROJECT/baseline_symphony_21-01-2026+15_00/tmp/mnist-net_256x2/image_9/mnist-net_256x2_9_0_041.mps,ERR,,UNSAT-UNSAT,None
/home/annelot/WARMSTART_PROJECT/baseline_symphony_21-01-2026+15_00/tmp/mnist-net_256x2/image_9/mnist-net_256x2_9_0_031.mps,/home/annelot/WARMSTART_PROJECT/baseline_symphony_21-01-2026+15_00/tmp/mnist-net_256x2/image_9/mnist-net_256x2_9_0_037.mps,ERR,,UNSAT-UNSAT,None
/home/annelot/WARMSTART_PROJECT/baseline_symphony_21-01-2026+15_00/tmp/mnist-net_256x2/image_9/mnist-net_256x2_9_0_031.mps,/home/annelot/WARMSTART_PROJECT/baseline_symphony_21-01-2026+15_00/tmp/mnist-net_256x2/image_9/mnist-net_256x2_9_0_039.mps,ERR,,UNSAT-UNSAT,None
/home/annelot/WARMSTART_PROJECT/baseline_symphony_21-01-2026+15_00/tmp/mnist-net_256x2/image_9/mnist-net_256x2_9_0_031.mps,/home/annelot/WARMSTART_PROJECT/baseline_symphony_21-01-2026+15_00/tmp/mnist-net_256x2/image_9/mnist-net_256x2_9_0_051.mps,ERR,,UNSAT-UNSAT,None
/home/annelot/WARMSTART_PROJECT/baseline_symphony_21-01-2026+15_00/tmp/mnist-net_256x2/image_9/mnist-net_256x2_9_0_031.mps,/home/annelot/WARMSTART_PROJECT/baseline_symphony_21-01-2026+15_00/tmp/mnist-net_256x2/image_9/mnist-net_256x2_9_0_049.mps,ERR,,UNSAT-UNSAT,None
/home/annelot/WARMSTART_PROJECT/baseline_symphony_21-01-2026+15_00/tmp/mnist-net_256x2/image_9/mnist-net_256x2_9_0_031.mps,/home/annelot/WARMSTART_PROJECT/baseline_symphony_21-01-2026+15_00/tmp/mnist-net_256x2/image_9/mnist-net_256x2_9_0_047.mps,ERR,,UNSAT-UNSAT,None
/home/annelot/WARMSTART_PROJECT/baseline_symphony_21-01-2026+15_00/tmp/mnist-net_256x2/image_9/mnist-net_256x2_9_0_031.mps,/home/annelot/WARMSTART_PROJECT/baseline_symphony_21-01-2026+15_00/tmp/mnist-net_256x2/image_9/mnist-net_256x2_9_0_045.mps,ERR,,UNSAT-UNSAT,None
/home/annelot/WARMSTART_PROJECT/baseline_symphony_21-01-2026+15_00/tmp/mnist-net_256x2/image_9/mnist-net_256x2_9_0_031.mps,/home/annelot/WARMSTART_PROJECT/baseline_symphony_21-01-2026+15_00/tmp/mnist-net_256x2/image_9/mnist-net_256x2_9_0_053.mps,ERR,,UNSAT-UNSAT,None
/home/annelot/WARMSTART_PROJECT/baseline_symphony_21-01-2026+15_00/tmp/mnist-net_256x2/image_9/mnist-net_256x2_9_0_031.mps,/home/annelot/WARMSTART_PROJECT/baseline_symphony_21-01-2026+15_00/tmp/mnist-net_256x2/image_9/mnist-net_256x2_9_0_059.mps,ERR,,UNSAT-UNSAT,None
/home/annelot/WARMSTART_PROJECT/baseline_symphony_21-01-2026+15_00/tmp/mnist-net_256x2/image_9/mnist-net_256x2_9_0_031.mps,/home/annelot/WARMSTART_PROJECT/baseline_symphony_21-01-2026+15_00/tmp/mnist-net_256x2/image_9/mnist-net_256x2_9_0_055.mps,ERR,,UNSAT-UNSAT,None
/home/annelot/WARMSTART_PROJECT/baseline_symphony_21-01-2026+15_00/tmp/mnist-net_256x2/image_9/mnist-net_256x2_9_0_031.mps,/home/annelot/WARMSTART_PROJECT/baseline_symphony_21-01-2026+15_00/tmp/mnist-net_256x2/image_9/mnist-net_256x2_9_0_057.mps,ERR,,UNSAT-UNSAT,None
/home/annelot/WARMSTART_PROJECT/baseline_symphony_21-01-2026+15_00/tmp/mnist-net_256x2/image_9/mnist-net_256x2_9_0_031.mps,/home/annelot/WARMSTART_PROJECT/baseline_symphony_21-01-2026+15_00/tmp/mnist-net_256x2/image_9/mnist-net_256x2_9_0_063.mps,ERR,,UNSAT-UNSAT,None
/home/annelot/WARMSTART_PROJECT/baseline_symphony_21-01-2026+15_00/tmp/mnist-net_256x2/image_9/mnist-net_256x2_9_0_031.mps,/home/annelot/WARMSTART_PROJECT/baseline_symphony_21-01-2026+15_00/tmp/mnist-net_256x2/image_9/mnist-net_256x2_9_0_065.mps,ERR,,UNSAT-UNSAT,None
/home/annelot/WARMSTART_PROJECT/baseline_symphony_21-01-2026+15_00/tmp/mnist-net_256x2/image_9/mnist-net_256x2_9_0_031.mps,/home/annelot/WARMSTART_PROJECT/baseline_symphony_21-01-2026+15_00/tmp/mnist-net_256x2/image_9/mnist-net_256x2_9_0_061.mps,ERR,,UNSAT-UNSAT,None
/home/annelot/WARMSTART_PROJECT/baseline_symphony_21-01-2026+15_00/tmp/mnist-net_256x2/image_9/mnist-net_256x2_9_0_033.mps,/home/annelot/WARMSTART_PROJECT/baseline_symphony_21-01-2026+15_00/tmp/mnist-net_256x2/image_9/mnist-net_256x2_9_0_035.mps,UNSAT,0.517,UNSAT-UNSAT,None
/home/annelot/WARMSTART_PROJECT/baseline_symphony_21-01-2026+15_00/tmp/mnist-net_256x2/image_9/mnist-net_256x2_9_0_033.mps,/home/annelot/WARMSTART_PROJECT/baseline_symphony_21-01-2026+15_00/tmp/mnist-net_256x2/image_9/mnist-net_256x2_9_0_037.mps,UNSAT,0.561,UNSAT-UNSAT,None
/home/annelot/WARMSTART_PROJECT/baseline_symphony_21-01-2026+15_00/tmp/mnist-net_256x2/image_9/mnist-net_256x2_9_0_033.mps,/home/annelot/WARMSTART_PROJECT/baseline_symphony_21-01-2026+15_00/tmp/mnist-net_256x2/image_9/mnist-net_256x2_9_0_041.mps,UNSAT,0.568,UNSAT-UNSAT,None
/home/annelot/WARMSTART_PROJECT/baseline_symphony_21-01-2026+15_00/tmp/mnist-net_256x2/image_9/mnist-net_256x2_9_0_033.mps,/home/annelot/WARMSTART_PROJECT/baseline_symphony_21-01-2026+15_00/tmp/mnist-net_256x2/image_9/mnist-net_256x2_9_0_039.mps,UNSAT,0.561,UNSAT-UNSAT,None
/home/annelot/WARMSTART_PROJECT/baseline_symphony_21-01-2026+15_00/tmp/mnist-net_256x2/image_9/mnist-net_256x2_9_0_033.mps,/home/annelot/WARMSTART_PROJECT/baseline_symphony_21-01-2026+15_00/tmp/mnist-net_256x2/image_9/mnist-net_256x2_9_0_043.mps,UNSAT,0.574,UNSAT-UNSAT,None
/home/annelot/WARMSTART_PROJECT/baseline_symphony_21-01-2026+15_00/tmp/mnist-net_256x2/image_9/mnist-net_256x2_9_0_033.mps,/home/annelot/WARMSTART_PROJECT/baseline_symphony_21-01-2026+15_00/tmp/mnist-net_256x2/image_9/mnist-net_256x2_9_0_049.mps,UNSAT,0.563,UNSAT-UNSAT,None
/home/annelot/WARMSTART_PROJECT/baseline_symphony_21-01-2026+15_00/tmp/mnist-net_256x2/image_9/mnist-net_256x2_9_0_033.mps,/home/annelot/WARMSTART_PROJECT/baseline_symphony_21-01-2026+15_00/tmp/mnist-net_256x2/image_9/mnist-net_256x2_9_0_045.mps,UNSAT,0.564,UNSAT-UNSAT,None
/home/annelot/WARMSTART_PROJECT/baseline_symphony_21-01-2026+15_00/tmp/mnist-net_256x2/image_9/mnist-net_256x2_9_0_033.mps,/home/annelot/WARMSTART_PROJECT/baseline_symphony_21-01-2026+15_00/tmp/mnist-net_256x2/image_9/mnist-net_256x2_9_0_047.mps,UNSAT,0.567,UNSAT-UNSAT,None
/home/annelot/WARMSTART_PROJECT/baseline_symphony_21-01-2026+15_00/tmp/mnist-net_256x2/image_9/mnist-net_256x2_9_0_033.mps,/home/annelot/WARMSTART_PROJECT/baseline_symphony_21-01-2026+15_00/tmp/mnist-net_256x2/image_9/mnist-net_256x2_9_0_051.mps,UNSAT,0.564,UNSAT-UNSAT,None
/home/annelot/WARMSTART_PROJECT/baseline_symphony_21-01-2026+15_00/tmp/mnist-net_256x2/image_9/mnist-net_256x2_9_0_033.mps,/home/annelot/WARMSTART_PROJECT/baseline_symphony_21-01-2026+15_00/tmp/mnist-net_256x2/image_9/mnist-net_256x2_9_0_055.mps,UNSAT,0.57,UNSAT-UNSAT,None
/home/annelot/WARMSTART_PROJECT/baseline_symphony_21-01-2026+15_00/tmp/mnist-net_256x2/image_9/mnist-net_256x2_9_0_033.mps,/home/annelot/WARMSTART_PROJECT/baseline_symphony_21-01-2026+15_00/tmp/mnist-net_256x2/image_9/mnist-net_256x2_9_0_057.mps,UNSAT,0.572,UNSAT-UNSAT,None
/home/annelot/WARMSTART_PROJECT/baseline_symphony_21-01-2026+15_00/tmp/mnist-net_256x2/image_9/mnist-net_256x2_9_0_033.mps,/home/annelot/WARMSTART_PROJECT/baseline_symphony_21-01-2026+15_00/tmp/mnist-net_256x2/image_9/mnist-net_256x2_9_0_059.mps,UNSAT,0.575,UNSAT-UNSAT,None
/home/annelot/WARMSTART_PROJECT/baseline_symphony_21-01-2026+15_00/tmp/mnist-net_256x2/image_9/mnist-net_256x2_9_0_033.mps,/home/annelot/WARMSTART_PROJECT/baseline_symphony_21-01-2026+15_00/tmp/mnist-net_256x2/image_9/mnist-net_256x2_9_0_053.mps,UNSAT,0.574,UNSAT-UNSAT,None
/home/annelot/WARMSTART_PROJECT/baseline_symphony_21-01-2026+15_00/tmp/mnist-net_256x2/image_9/mnist-net_256x2_9_0_033.mps,/home/annelot/WARMSTART_PROJECT/baseline_symphony_21-01-2026+15_00/tmp/mnist-net_256x2/image_9/mnist-net_256x2_9_0_065.mps,UNSAT,0.57,UNSAT-UNSAT,None
/home/annelot/WARMSTART_PROJECT/baseline_symphony_21-01-2026+15_00/tmp/mnist-net_256x2/image_9/mnist-net_256x2_9_0_033.mps,/home/annelot/WARMSTART_PROJECT/baseline_symphony_21-01-2026+15_00/tmp/mnist-net_256x2/image_9/mnist-net_256x2_9_0_061.mps,UNSAT,0.575,UNSAT-UNSAT,None
/home/annelot/WARMSTART_PROJECT/baseline_symphony_21-01-2026+15_00/tmp/mnist-net_256x2/image_9/mnist-net_256x2_9_0_033.mps,/home/annelot/WARMSTART_PROJECT/baseline_symphony_21-01-2026+15_00/tmp/mnist-net_256x2/image_9/mnist-net_256x2_9_0_063.mps,UNSAT,0.573,UNSAT-UNSAT,None
/home/annelot/WARMSTART_PROJECT/baseline_symphony_21-01-2026+15_00/tmp/mnist-net_256x2/image_9/mnist-net_256x2_9_0_035.mps,/home/annelot/WARMSTART_PROJECT/baseline_symphony_21-01-2026+15_00/tmp/mnist-net_256x2/image_9/mnist-net_256x2_9_0_037.mps,UNSAT,13.883,UNSAT-UNSAT,None
/home/annelot/WARMSTART_PROJECT/baseline_symphony_21-01-2026+15_00/tmp/mnist-net_256x2/image_9/mnist-net_256x2_9_0_035.mps,/home/annelot/WARMSTART_PROJECT/baseline_symphony_21-01-2026+15_00/tmp/mnist-net_256x2/image_9/mnist-net_256x2_9_0_043.mps,UNSAT,13.933,UNSAT-UNSAT,None
/home/annelot/WARMSTART_PROJECT/baseline_symphony_21-01-2026+15_00/tmp/mnist-net_256x2/image_9/mnist-net_256x2_9_0_035.mps,/home/annelot/WARMSTART_PROJECT/baseline_symphony_21-01-2026+15_00/tmp/mnist-net_256x2/image_9/mnist-net_256x2_9_0_041.mps,UNSAT,13.899,UNSAT-UNSAT,None
/home/annelot/WARMSTART_PROJECT/baseline_symphony_21-01-2026+15_00/tmp/mnist-net_256x2/image_9/mnist-net_256x2_9_0_035.mps,/home/annelot/WARMSTART_PROJECT/baseline_symphony_21-01-2026+15_00/tmp/mnist-net_256x2/image_9/mnist-net_256x2_9_0_039.mps,UNSAT,13.913,UNSAT-UNSAT,None
/home/annelot/WARMSTART_PROJECT/baseline_symphony_21-01-2026+15_00/tmp/mnist-net_256x2/image_9/mnist-net_256x2_9_0_035.mps,/home/annelot/WARMSTART_PROJECT/baseline_symphony_21-01-2026+15_00/tmp/mnist-net_256x2/image_9/mnist-net_256x2_9_0_045.mps,UNSAT,13.814,UNSAT-UNSAT,None
/home/annelot/WARMSTART_PROJECT/baseline_symphony_21-01-2026+15_00/tmp/mnist-net_256x2/image_9/mnist-net_256x2_9_0_035.mps,/home/annelot/WARMSTART_PROJECT/baseline_symphony_21-01-2026+15_00/tmp/mnist-net_256x2/image_9/mnist-net_256x2_9_0_051.mps,UNSAT,13.67,UNSAT-UNSAT,None
/home/annelot/WARMSTART_PROJECT/baseline_symphony_21-01-2026+15_00/tmp/mnist-net_256x2/image_9/mnist-net_256x2_9_0_035.mps,/home/annelot/WARMSTART_PROJECT/baseline_symphony_21-01-2026+15_00/tmp/mnist-net_256x2/image_9/mnist-net_256x2_9_0_049.mps,UNSAT,13.685,UNSAT-UNSAT,None
/home/annelot/WARMSTART_PROJECT/baseline_symphony_21-01-2026+15_00/tmp/mnist-net_256x2/image_9/mnist-net_256x2_9_0_035.mps,/home/annelot/WARMSTART_PROJECT/baseline_symphony_21-01-2026+15_00/tmp/mnist-net_256x2/image_9/mnist-net_256x2_9_0_047.mps,UNSAT,13.777,UNSAT-UNSAT,None
/home/annelot/WARMSTART_PROJECT/baseline_symphony_21-01-2026+15_00/tmp/mnist-net_256x2/image_9/mnist-net_256x2_9_0_035.mps,/home/annelot/WARMSTART_PROJECT/baseline_symphony_21-01-2026+15_00/tmp/mnist-net_256x2/image_9/mnist-net_256x2_9_0_053.mps,UNSAT,13.551,UNSAT-UNSAT,None
/home/annelot/WARMSTART_PROJECT/baseline_symphony_21-01-2026+15_00/tmp/mnist-net_256x2/image_9/mnist-net_256x2_9_0_035.mps,/home/annelot/WARMSTART_PROJECT/baseline_symphony_21-01-2026+15_00/tmp/mnist-net_256x2/image_9/mnist-net_256x2_9_0_055.mps,UNSAT,13.743,UNSAT-UNSAT,None
/home/annelot/WARMSTART_PROJECT/baseline_symphony_21-01-2026+15_00/tmp/mnist-net_256x2/image_9/mnist-net_256x2_9_0_035.mps,/home/annelot/WARMSTART_PROJECT/baseline_symphony_21-01-2026+15_00/tmp/mnist-net_256x2/image_9/mnist-net_256x2_9_0_059.mps,UNSAT,13.727,UNSAT-UNSAT,None
/home/annelot/WARMSTART_PROJECT/baseline_symphony_21-01-2026+15_00/tmp/mnist-net_256x2/image_9/mnist-net_256x2_9_0_035.mps,/home/annelot/WARMSTART_PROJECT/baseline_symphony_21-01-2026+15_00/tmp/mnist-net_256x2/image_9/mnist-net_256x2_9_0_057.mps,UNSAT,13.822,UNSAT-UNSAT,None
/home/annelot/WARMSTART_PROJECT/baseline_symphony_21-01-2026+15_00/tmp/mnist-net_256x2/image_9/mnist-net_256x2_9_0_035.mps,/home/annelot/WARMSTART_PROJECT/baseline_symphony_21-01-2026+15_00/tmp/mnist-net_256x2/image_9/mnist-net_256x2_9_0_061.mps,UNSAT,13.694,UNSAT-UNSAT,None
/home/annelot/WARMSTART_PROJECT/baseline_symphony_21-01-2026+15_00/tmp/mnist-net_256x2/image_9/mnist-net_256x2_9_0_035.mps,/home/annelot/WARMSTART_PROJECT/baseline_symphony_21-01-2026+15_00/tmp/mnist-net_256x2/image_9/mnist-net_256x2_9_0_063.mps,UNSAT,13.583,UNSAT-UNSAT,None
/home/annelot/WARMSTART_PROJECT/baseline_symphony_21-01-2026+15_00/tmp/mnist-net_256x2/image_9/mnist-net_256x2_9_0_035.mps,/home/annelot/WARMSTART_PROJECT/baseline_symphony_21-01-2026+15_00/tmp/mnist-net_256x2/image_9/mnist-net_256x2_9_0_065.mps,UNSAT,13.789,UNSAT-UNSAT,None
/home/annelot/WARMSTART_PROJECT/baseline_symphony_21-01-2026+15_00/tmp/mnist-net_256x2/image_9/mnist-net_256x2_9_0_037.mps,/home/annelot/WARMSTART_PROJECT/baseline_symphony_21-01-2026+15_00/tmp/mnist-net_256x2/image_9/mnist-net_256x2_9_0_039.mps,UNSAT,16.908,UNSAT-UNSAT,None
/home/annelot/WARMSTART_PROJECT/baseline_symphony_21-01-2026+15_00/tmp/mnist-net_256x2/image_9/mnist-net_256x2_9_0_037.mps,/home/annelot/WARMSTART_PROJECT/baseline_symphony_21-01-2026+15_00/tmp/mnist-net_256x2/image_9/mnist-net_256x2_9_0_041.mps,UNSAT,16.98,UNSAT-UNSAT,None
/home/annelot/WARMSTART_PROJECT/baseline_symphony_21-01-2026+15_00/tmp/mnist-net_256x2/image_9/mnist-net_256x2_9_0_037.mps,/home/annelot/WARMSTART_PROJECT/baseline_symphony_21-01-2026+15_00/tmp/mnist-net_256x2/image_9/mnist-net_256x2_9_0_043.mps,UNSAT,16.861,UNSAT-UNSAT,None
/home/annelot/WARMSTART_PROJECT/baseline_symphony_21-01-2026+15_00/tmp/mnist-net_256x2/image_9/mnist-net_256x2_9_0_037.mps,/home/annelot/WARMSTART_PROJECT/baseline_symphony_21-01-2026+15_00/tmp/mnist-net_256x2/image_9/mnist-net_256x2_9_0_045.mps,UNSAT,16.706,UNSAT-UNSAT,None
/home/annelot/WARMSTART_PROJECT/baseline_symphony_21-01-2026+15_00/tmp/mnist-net_256x2/image_9/mnist-net_256x2_9_0_037.mps,/home/annelot/WARMSTART_PROJECT/baseline_symphony_21-01-2026+15_00/tmp/mnist-net_256x2/image_9/mnist-net_256x2_9_0_047.mps,UNSAT,16.936,UNSAT-UNSAT,None
/home/annelot/WARMSTART_PROJECT/baseline_symphony_21-01-2026+15_00/tmp/mnist-net_256x2/image_9/mnist-net_256x2_9_0_037.mps,/home/annelot/WARMSTART_PROJECT/baseline_symphony_21-01-2026+15_00/tmp/mnist-net_256x2/image_9/mnist-net_256x2_9_0_049.mps,UNSAT,16.9,UNSAT-UNSAT,None
/home/annelot/WARMSTART_PROJECT/baseline_symphony_21-01-2026+15_00/tmp/mnist-net_256x2/image_9/mnist-net_256x2_9_0_037.mps,/home/annelot/WARMSTART_PROJECT/baseline_symphony_21-01-2026+15_00/tmp/mnist-net_256x2/image_9/mnist-net_256x2_9_0_051.mps,UNSAT,16.913,UNSAT-UNSAT,None
/home/annelot/WARMSTART_PROJECT/baseline_symphony_21-01-2026+15_00/tmp/mnist-net_256x2/image_8/mnist-net_256x2_8_0_039.mps,/home/annelot/WARMSTART_PROJECT/baseline_symphony_21-01-2026+15_00/tmp/mnist-net_256x2/image_8/mnist-net_256x2_8_0_061.mps,SAT,284.814,SAT-TIMEOUT,None
/home/annelot/WARMSTART_PROJECT/baseline_symphony_21-01-2026+15_00/tmp/mnist-net_256x2/image_8/mnist-net_256x2_8_0_039.mps,/home/annelot/WARMSTART_PROJECT/baseline_symphony_21-01-2026+15_00/tmp/mnist-net_256x2/image_8/mnist-net_256x2_8_0_041.mps,SAT,284.958,SAT-TIMEOUT,None
/home/annelot/WARMSTART_PROJECT/baseline_symphony_21-01-2026+15_00/tmp/mnist-net_256x2/image_9/mnist-net_256x2_9_0_037.mps,/home/annelot/WARMSTART_PROJECT/baseline_symphony_21-01-2026+15_00/tmp/mnist-net_256x2/image_9/mnist-net_256x2_9_0_053.mps,UNSAT,16.876,UNSAT-UNSAT,None
/home/annelot/WARMSTART_PROJECT/baseline_symphony_21-01-2026+15_00/tmp/mnist-net_256x2/image_8/mnist-net_256x2_8_0_039.mps,/home/annelot/WARMSTART_PROJECT/baseline_symphony_21-01-2026+15_00/tmp/mnist-net_256x2/image_8/mnist-net_256x2_8_0_081.mps,SAT,285.63,SAT-TIMEOUT,None
/home/annelot/WARMSTART_PROJECT/baseline_symphony_21-01-2026+15_00/tmp/mnist-net_256x2/image_9/mnist-net_256x2_9_0_037.mps,/home/annelot/WARMSTART_PROJECT/baseline_symphony_21-01-2026+15_00/tmp/mnist-net_256x2/image_9/mnist-net_256x2_9_0_055.mps,UNSAT,16.787,UNSAT-UNSAT,None
/home/annelot/WARMSTART_PROJECT/baseline_symphony_21-01-2026+15_00/tmp/mnist-net_256x2/image_8/mnist-net_256x2_8_0_039.mps,/home/annelot/WARMSTART_PROJECT/baseline_symphony_21-01-2026+15_00/tmp/mnist-net_256x2/image_8/mnist-net_256x2_8_0_101.mps,SAT,285.901,SAT-TIMEOUT,None
/home/annelot/WARMSTART_PROJECT/baseline_symphony_21-01-2026+15_00/tmp/mnist-net_256x2/image_9/mnist-net_256x2_9_0_037.mps,/home/annelot/WARMSTART_PROJECT/baseline_symphony_21-01-2026+15_00/tmp/mnist-net_256x2/image_9/mnist-net_256x2_9_0_065.mps,UNSAT,10.474,UNSAT-UNSAT,None
/home/annelot/WARMSTART_PROJECT/baseline_symphony_21-01-2026+15_00/tmp/mnist-net_256x2/image_9/mnist-net_256x2_9_0_037.mps,/home/annelot/WARMSTART_PROJECT/baseline_symphony_21-01-2026+15_00/tmp/mnist-net_256x2/image_9/mnist-net_256x2_9_0_063.mps,UNSAT,10.47,UNSAT-UNSAT,None
/home/annelot/WARMSTART_PROJECT/baseline_symphony_21-01-2026+15_00/tmp/mnist-net_256x2/image_9/mnist-net_256x2_9_0_037.mps,/home/annelot/WARMSTART_PROJECT/baseline_symphony_21-01-2026+15_00/tmp/mnist-net_256x2/image_9/mnist-net_256x2_9_0_057.mps,UNSAT,16.956,UNSAT-UNSAT,None
/home/annelot/WARMSTART_PROJECT/baseline_symphony_21-01-2026+15_00/tmp/mnist-net_256x2/image_9/mnist-net_256x2_9_0_037.mps,/home/annelot/WARMSTART_PROJECT/baseline_symphony_21-01-2026+15_00/tmp/mnist-net_256x2/image_9/mnist-net_256x2_9_0_059.mps,UNSAT,16.925,UNSAT-UNSAT,None
/home/annelot/WARMSTART_PROJECT/baseline_symphony_21-01-2026+15_00/tmp/mnist-net_256x2/image_9/mnist-net_256x2_9_0_037.mps,/home/annelot/WARMSTART_PROJECT/baseline_symphony_21-01-2026+15_00/tmp/mnist-net_256x2/image_9/mnist-net_256x2_9_0_061.mps,UNSAT,16.893,UNSAT-UNSAT,None
/home/annelot/WARMSTART_PROJECT/baseline_symphony_21-01-2026+15_00/tmp/mnist-net_256x2/image_8/mnist-net_256x2_8_0_039.mps,/home/annelot/WARMSTART_PROJECT/baseline_symphony_21-01-2026+15_00/tmp/mnist-net_256x2/image_8/mnist-net_256x2_8_0_201.mps,SAT,283.653,SAT-TIMEOUT,None
/home/annelot/WARMSTART_PROJECT/baseline_symphony_21-01-2026+15_00/tmp/mnist-net_256x2/image_8/mnist-net_256x2_8_0_039.mps,/home/annelot/WARMSTART_PROJECT/baseline_symphony_21-01-2026+15_00/tmp/mnist-net_256x2/image_8/mnist-net_256x2_8_0_181.mps,SAT,283.783,SAT-TIMEOUT,None
/home/annelot/WARMSTART_PROJECT/baseline_symphony_21-01-2026+15_00/tmp/mnist-net_256x2/image_9/mnist-net_256x2_9_0_039.mps,/home/annelot/WARMSTART_PROJECT/baseline_symphony_21-01-2026+15_00/tmp/mnist-net_256x2/image_9/mnist-net_256x2_9_0_045.mps,UNSAT,103.138,UNSAT-UNSAT,None
/home/annelot/WARMSTART_PROJECT/baseline_symphony_21-01-2026+15_00/tmp/mnist-net_256x2/image_9/mnist-net_256x2_9_0_039.mps,/home/annelot/WARMSTART_PROJECT/baseline_symphony_21-01-2026+15_00/tmp/mnist-net_256x2/image_9/mnist-net_256x2_9_0_047.mps,UNSAT,103.403,UNSAT-UNSAT,None
/home/annelot/WARMSTART_PROJECT/baseline_symphony_21-01-2026+15_00/tmp/mnist-net_256x2/image_9/mnist-net_256x2_9_0_039.mps,/home/annelot/WARMSTART_PROJECT/baseline_symphony_21-01-2026+15_00/tmp/mnist-net_256x2/image_9/mnist-net_256x2_9_0_051.mps,UNSAT,103.116,UNSAT-UNSAT,None
/home/annelot/WARMSTART_PROJECT/baseline_symphony_21-01-2026+15_00/tmp/mnist-net_256x2/image_9/mnist-net_256x2_9_0_039.mps,/home/annelot/WARMSTART_PROJECT/baseline_symphony_21-01-2026+15_00/tmp/mnist-net_256x2/image_9/mnist-net_256x2_9_0_053.mps,UNSAT,103.413,UNSAT-UNSAT,None
/home/annelot/WARMSTART_PROJECT/baseline_symphony_21-01-2026+15_00/tmp/mnist-net_256x2/image_9/mnist-net_256x2_9_0_041.mps,/home/annelot/WARMSTART_PROJECT/baseline_symphony_21-01-2026+15_00/tmp/mnist-net_256x2/image_9/mnist-net_256x2_9_0_043.mps,UNSAT,57.721,UNSAT-UNSAT,None
/home/annelot/WARMSTART_PROJECT/baseline_symphony_21-01-2026+15_00/tmp/mnist-net_256x2/image_9/mnist-net_256x2_9_0_041.mps,/home/annelot/WARMSTART_PROJECT/baseline_symphony_21-01-2026+15_00/tmp/mnist-net_256x2/image_9/mnist-net_256x2_9_0_045.mps,UNSAT,57.756,UNSAT-UNSAT,None
/home/annelot/WARMSTART_PROJECT/baseline_symphony_21-01-2026+15_00/tmp/mnist-net_256x2/image_9/mnist-net_256x2_9_0_039.mps,/home/annelot/WARMSTART_PROJECT/baseline_symphony_21-01-2026+15_00/tmp/mnist-net_256x2/image_9/mnist-net_256x2_9_0_041.mps,UNSAT,168.066,UNSAT-UNSAT,None
/home/annelot/WARMSTART_PROJECT/baseline_symphony_21-01-2026+15_00/tmp/mnist-net_256x2/image_9/mnist-net_256x2_9_0_039.mps,/home/annelot/WARMSTART_PROJECT/baseline_symphony_21-01-2026+15_00/tmp/mnist-net_256x2/image_9/mnist-net_256x2_9_0_043.mps,UNSAT,167.181,UNSAT-UNSAT,None
/home/annelot/WARMSTART_PROJECT/baseline_symphony_21-01-2026+15_00/tmp/mnist-net_256x2/image_9/mnist-net_256x2_9_0_039.mps,/home/annelot/WARMSTART_PROJECT/baseline_symphony_21-01-2026+15_00/tmp/mnist-net_256x2/image_9/mnist-net_256x2_9_0_049.mps,UNSAT,168.217,UNSAT-UNSAT,None
/home/annelot/WARMSTART_PROJECT/baseline_symphony_21-01-2026+15_00/tmp/mnist-net_256x2/image_8/mnist-net_256x2_8_0_039.mps,/home/annelot/WARMSTART_PROJECT/baseline_symphony_21-01-2026+15_00/tmp/mnist-net_256x2/image_8/mnist-net_256x2_8_0_121.mps,SAT,459.845,SAT-TIMEOUT,None
/home/annelot/WARMSTART_PROJECT/baseline_symphony_21-01-2026+15_00/tmp/mnist-net_256x2/image_8/mnist-net_256x2_8_0_039.mps,/home/annelot/WARMSTART_PROJECT/baseline_symphony_21-01-2026+15_00/tmp/mnist-net_256x2/image_8/mnist-net_256x2_8_0_141.mps,SAT,459.665,SAT-TIMEOUT,None
/home/annelot/WARMSTART_PROJECT/baseline_symphony_21-01-2026+15_00/tmp/mnist-net_256x2/image_9/mnist-net_256x2_9_0_039.mps,/home/annelot/WARMSTART_PROJECT/baseline_symphony_21-01-2026+15_00/tmp/mnist-net_256x2/image_9/mnist-net_256x2_9_0_055.mps,UNSAT,167.785,UNSAT-UNSAT,None
/home/annelot/WARMSTART_PROJECT/baseline_symphony_21-01-2026+15_00/tmp/mnist-net_256x2/image_9/mnist-net_256x2_9_0_039.mps,/home/annelot/WARMSTART_PROJECT/baseline_symphony_21-01-2026+15_00/tmp/mnist-net_256x2/image_9/mnist-net_256x2_9_0_057.mps,UNSAT,167.816,UNSAT-UNSAT,None
/home/annelot/WARMSTART_PROJECT/baseline_symphony_21-01-2026+15_00/tmp/mnist-net_256x2/image_8/mnist-net_256x2_8_0_039.mps,/home/annelot/WARMSTART_PROJECT/baseline_symphony_21-01-2026+15_00/tmp/mnist-net_256x2/image_8/mnist-net_256x2_8_0_161.mps,SAT,462.073,SAT-TIMEOUT,None
/home/annelot/WARMSTART_PROJECT/baseline_symphony_21-01-2026+15_00/tmp/mnist-net_256x2/image_9/mnist-net_256x2_9_0_039.mps,/home/annelot/WARMSTART_PROJECT/baseline_symphony_21-01-2026+15_00/tmp/mnist-net_256x2/image_9/mnist-net_256x2_9_0_059.mps,UNSAT,103.099,UNSAT-UNSAT,None
/home/annelot/WARMSTART_PROJECT/baseline_symphony_21-01-2026+15_00/tmp/mnist-net_256x2/image_9/mnist-net_256x2_9_0_039.mps,/home/annelot/WARMSTART_PROJECT/baseline_symphony_21-01-2026+15_00/tmp/mnist-net_256x2/image_9/mnist-net_256x2_9_0_061.mps,UNSAT,103.11,UNSAT-UNSAT,None
/home/annelot/WARMSTART_PROJECT/baseline_symphony_21-01-2026+15_00/tmp/mnist-net_256x2/image_9/mnist-net_256x2_9_0_039.mps,/home/annelot/WARMSTART_PROJECT/baseline_symphony_21-01-2026+15_00/tmp/mnist-net_256x2/image_9/mnist-net_256x2_9_0_063.mps,UNSAT,103.317,UNSAT-UNSAT,None
/home/annelot/WARMSTART_PROJECT/baseline_symphony_21-01-2026+15_00/tmp/mnist-net_256x2/image_9/mnist-net_256x2_9_0_039.mps,/home/annelot/WARMSTART_PROJECT/baseline_symphony_21-01-2026+15_00/tmp/mnist-net_256x2/image_9/mnist-net_256x2_9_0_065.mps,UNSAT,103.485,UNSAT-UNSAT,None
/home/annelot/WARMSTART_PROJECT/baseline_symphony_21-01-2026+15_00/tmp/mnist-net_256x2/image_9/mnist-net_256x2_9_0_041.mps,/home/annelot/WARMSTART_PROJECT/baseline_symphony_21-01-2026+15_00/tmp/mnist-net_256x2/image_9/mnist-net_256x2_9_0_047.mps,UNSAT,57.777,UNSAT-UNSAT,None
/home/annelot/WARMSTART_PROJECT/baseline_symphony_21-01-2026+15_00/tmp/mnist-net_256x2/image_9/mnist-net_256x2_9_0_041.mps,/home/annelot/WARMSTART_PROJECT/baseline_symphony_21-01-2026+15_00/tmp/mnist-net_256x2/image_9/mnist-net_256x2_9_0_049.mps,UNSAT,57.711,UNSAT-UNSAT,None
/home/annelot/WARMSTART_PROJECT/baseline_symphony_21-01-2026+15_00/tmp/mnist-net_256x2/image_8/mnist-net_256x2_8_0_035.mps,/home/annelot/WARMSTART_PROJECT/baseline_symphony_21-01-2026+15_00/tmp/mnist-net_256x2/image_8/mnist-net_256x2_8_0_037.mps,UNSAT,583.157,UNSAT-UNSAT,None
/home/annelot/WARMSTART_PROJECT/baseline_symphony_21-01-2026+15_00/tmp/mnist-net_256x2/image_9/mnist-net_256x2_9_0_041.mps,/home/annelot/WARMSTART_PROJECT/baseline_symphony_21-01-2026+15_00/tmp/mnist-net_256x2/image_9/mnist-net_256x2_9_0_053.mps,UNSAT,93.475,UNSAT-UNSAT,None
/home/annelot/WARMSTART_PROJECT/baseline_symphony_21-01-2026+15_00/tmp/mnist-net_256x2/image_9/mnist-net_256x2_9_0_041.mps,/home/annelot/WARMSTART_PROJECT/baseline_symphony_21-01-2026+15_00/tmp/mnist-net_256x2/image_9/mnist-net_256x2_9_0_051.mps,UNSAT,93.881,UNSAT-UNSAT,None
/home/annelot/WARMSTART_PROJECT/baseline_symphony_21-01-2026+15_00/tmp/mnist-net_256x2/image_9/mnist-net_256x2_9_0_041.mps,/home/annelot/WARMSTART_PROJECT/baseline_symphony_21-01-2026+15_00/tmp/mnist-net_256x2/image_9/mnist-net_256x2_9_0_055.mps,UNSAT,94.042,UNSAT-UNSAT,None
/home/annelot/WARMSTART_PROJECT/baseline_symphony_21-01-2026+15_00/tmp/mnist-net_256x2/image_9/mnist-net_256x2_9_0_041.mps,/home/annelot/WARMSTART_PROJECT/baseline_symphony_21-01-2026+15_00/tmp/mnist-net_256x2/image_9/mnist-net_256x2_9_0_057.mps,UNSAT,93.588,UNSAT-UNSAT,None
/home/annelot/WARMSTART_PROJECT/baseline_symphony_21-01-2026+15_00/tmp/mnist-net_256x2/image_9/mnist-net_256x2_9_0_041.mps,/home/annelot/WARMSTART_PROJECT/baseline_symphony_21-01-2026+15_00/tmp/mnist-net_256x2/image_9/mnist-net_256x2_9_0_061.mps,UNSAT,93.371,UNSAT-UNSAT,None
/home/annelot/WARMSTART_PROJECT/baseline_symphony_21-01-2026+15_00/tmp/mnist-net_256x2/image_9/mnist-net_256x2_9_0_041.mps,/home/annelot/WARMSTART_PROJECT/baseline_symphony_21-01-2026+15_00/tmp/mnist-net_256x2/image_9/mnist-net_256x2_9_0_059.mps,UNSAT,93.729,UNSAT-UNSAT,None
/home/annelot/WARMSTART_PROJECT/baseline_symphony_21-01-2026+15_00/tmp/mnist-net_256x2/image_9/mnist-net_256x2_9_0_041.mps,/home/annelot/WARMSTART_PROJECT/baseline_symphony_21-01-2026+15_00/tmp/mnist-net_256x2/image_9/mnist-net_256x2_9_0_063.mps,UNSAT,93.825,UNSAT-UNSAT,None
/home/annelot/WARMSTART_PROJECT/baseline_symphony_21-01-2026+15_00/tmp/mnist-net_256x2/image_9/mnist-net_256x2_9_0_041.mps,/home/annelot/WARMSTART_PROJECT/baseline_symphony_21-01-2026+15_00/tmp/mnist-net_256x2/image_9/mnist-net_256x2_9_0_065.mps,UNSAT,93.634,UNSAT-UNSAT,None
/home/annelot/WARMSTART_PROJECT/baseline_symphony_21-01-2026+15_00/tmp/mnist-net_256x2/image_8/mnist-net_256x2_8_0_039.mps,/home/annelot/WARMSTART_PROJECT/baseline_symphony_21-01-2026+15_00/tmp/mnist-net_256x2/image_8/mnist-net_256x2_8_0_361.mps,SAT,459.926,SAT-TIMEOUT,None
/home/annelot/WARMSTART_PROJECT/baseline_symphony_21-01-2026+15_00/tmp/mnist-net_256x2/image_8/mnist-net_256x2_8_0_039.mps,/home/annelot/WARMSTART_PROJECT/baseline_symphony_21-01-2026+15_00/tmp/mnist-net_256x2/image_8/mnist-net_256x2_8_0_341.mps,SAT,460.011,SAT-TIMEOUT,None
/home/annelot/WARMSTART_PROJECT/baseline_symphony_21-01-2026+15_00/tmp/mnist-net_256x2/image_8/mnist-net_256x2_8_0_039.mps,/home/annelot/WARMSTART_PROJECT/baseline_symphony_21-01-2026+15_00/tmp/mnist-net_256x2/image_8/mnist-net_256x2_8_0_261.mps,SAT,460.964,SAT-TIMEOUT,None
/home/annelot/WARMSTART_PROJECT/baseline_symphony_21-01-2026+15_00/tmp/mnist-net_256x2/image_8/mnist-net_256x2_8_0_039.mps,/home/annelot/WARMSTART_PROJECT/baseline_symphony_21-01-2026+15_00/tmp/mnist-net_256x2/image_8/mnist-net_256x2_8_0_381.mps,SAT,461.486,SAT-TIMEOUT,None
/home/annelot/WARMSTART_PROJECT/baseline_symphony_21-01-2026+15_00/tmp/mnist-net_256x2/image_8/mnist-net_256x2_8_0_039.mps,/home/annelot/WARMSTART_PROJECT/baseline_symphony_21-01-2026+15_00/tmp/mnist-net_256x2/image_8/mnist-net_256x2_8_0_321.mps,SAT,461.419,SAT-TIMEOUT,None
/home/annelot/WARMSTART_PROJECT/baseline_symphony_21-01-2026+15_00/tmp/mnist-net_256x2/image_8/mnist-net_256x2_8_0_039.mps,/home/annelot/WARMSTART_PROJECT/baseline_symphony_21-01-2026+15_00/tmp/mnist-net_256x2/image_8/mnist-net_256x2_8_0_281.mps,SAT,461.774,SAT-TIMEOUT,None
/home/annelot/WARMSTART_PROJECT/baseline_symphony_21-01-2026+15_00/tmp/mnist-net_256x2/image_8/mnist-net_256x2_8_0_039.mps,/home/annelot/WARMSTART_PROJECT/baseline_symphony_21-01-2026+15_00/tmp/mnist-net_256x2/image_8/mnist-net_256x2_8_0_301.mps,SAT,463.016,SAT-TIMEOUT,None
/home/annelot/WARMSTART_PROJECT/baseline_symphony_21-01-2026+15_00/tmp/mnist-net_256x2/image_8/mnist-net_256x2_8_0_039.mps,/home/annelot/WARMSTART_PROJECT/baseline_symphony_21-01-2026+15_00/tmp/mnist-net_256x2/image_8/mnist-net_256x2_8_0_241.mps,SAT,462.516,SAT-TIMEOUT,None
/home/annelot/WARMSTART_PROJECT/baseline_symphony_21-01-2026+15_00/tmp/mnist-net_256x2/image_8/mnist-net_256x2_8_0_039.mps,/home/annelot/WARMSTART_PROJECT/baseline_symphony_21-01-2026+15_00/tmp/mnist-net_256x2/image_8/mnist-net_256x2_8_0_221.mps,SAT,466.445,SAT-TIMEOUT,None
/home/annelot/WARMSTART_PROJECT/baseline_symphony_21-01-2026+15_00/tmp/mnist-net_256x2/image_9/mnist-net_256x2_9_0_043.mps,/home/annelot/WARMSTART_PROJECT/baseline_symphony_21-01-2026+15_00/tmp/mnist-net_256x2/image_9/mnist-net_256x2_9_0_045.mps,UNSAT,99.104,UNSAT-UNSAT,None
/home/annelot/WARMSTART_PROJECT/baseline_symphony_21-01-2026+15_00/tmp/mnist-net_256x2/image_9/mnist-net_256x2_9_0_043.mps,/home/annelot/WARMSTART_PROJECT/baseline_symphony_21-01-2026+15_00/tmp/mnist-net_256x2/image_9/mnist-net_256x2_9_0_047.mps,UNSAT,99.266,UNSAT-UNSAT,None
/home/annelot/WARMSTART_PROJECT/baseline_symphony_21-01-2026+15_00/tmp/mnist-net_256x2/image_9/mnist-net_256x2_9_0_043.mps,/home/annelot/WARMSTART_PROJECT/baseline_symphony_21-01-2026+15_00/tmp/mnist-net_256x2/image_9/mnist-net_256x2_9_0_049.mps,UNSAT,99.457,UNSAT-UNSAT,None
/home/annelot/WARMSTART_PROJECT/baseline_symphony_21-01-2026+15_00/tmp/mnist-net_256x2/image_9/mnist-net_256x2_9_0_043.mps,/home/annelot/WARMSTART_PROJECT/baseline_symphony_21-01-2026+15_00/tmp/mnist-net_256x2/image_9/mnist-net_256x2_9_0_051.mps,UNSAT,99.741,UNSAT-UNSAT,None
/home/annelot/WARMSTART_PROJECT/baseline_symphony_21-01-2026+15_00/tmp/mnist-net_256x2/image_9/mnist-net_256x2_9_0_043.mps,/home/annelot/WARMSTART_PROJECT/baseline_symphony_21-01-2026+15_00/tmp/mnist-net_256x2/image_9/mnist-net_256x2_9_0_053.mps,UNSAT,99.31,UNSAT-UNSAT,None
/home/annelot/WARMSTART_PROJECT/baseline_symphony_21-01-2026+15_00/tmp/mnist-net_256x2/image_9/mnist-net_256x2_9_0_043.mps,/home/annelot/WARMSTART_PROJECT/baseline_symphony_21-01-2026+15_00/tmp/mnist-net_256x2/image_9/mnist-net_256x2_9_0_055.mps,UNSAT,99.299,UNSAT-UNSAT,None
/home/annelot/WARMSTART_PROJECT/baseline_symphony_21-01-2026+15_00/tmp/mnist-net_256x2/image_9/mnist-net_256x2_9_0_043.mps,/home/annelot/WARMSTART_PROJECT/baseline_symphony_21-01-2026+15_00/tmp/mnist-net_256x2/image_9/mnist-net_256x2_9_0_057.mps,UNSAT,99.217,UNSAT-UNSAT,None
/home/annelot/WARMSTART_PROJECT/baseline_symphony_21-01-2026+15_00/tmp/mnist-net_256x2/image_9/mnist-net_256x2_9_0_043.mps,/home/annelot/WARMSTART_PROJECT/baseline_symphony_21-01-2026+15_00/tmp/mnist-net_256x2/image_9/mnist-net_256x2_9_0_059.mps,UNSAT,160.846,UNSAT-UNSAT,None
/home/annelot/WARMSTART_PROJECT/baseline_symphony_21-01-2026+15_00/tmp/mnist-net_256x2/image_9/mnist-net_256x2_9_0_043.mps,/home/annelot/WARMSTART_PROJECT/baseline_symphony_21-01-2026+15_00/tmp/mnist-net_256x2/image_9/mnist-net_256x2_9_0_061.mps,UNSAT,161.852,UNSAT-UNSAT,None
/home/annelot/WARMSTART_PROJECT/baseline_symphony_21-01-2026+15_00/tmp/mnist-net_256x2/image_9/mnist-net_256x2_9_0_043.mps,/home/annelot/WARMSTART_PROJECT/baseline_symphony_21-01-2026+15_00/tmp/mnist-net_256x2/image_9/mnist-net_256x2_9_0_063.mps,UNSAT,162.037,UNSAT-UNSAT,None
/home/annelot/WARMSTART_PROJECT/baseline_symphony_21-01-2026+15_00/tmp/mnist-net_256x2/image_9/mnist-net_256x2_9_0_043.mps,/home/annelot/WARMSTART_PROJECT/baseline_symphony_21-01-2026+15_00/tmp/mnist-net_256x2/image_9/mnist-net_256x2_9_0_065.mps,UNSAT,161.26,UNSAT-UNSAT,None
/home/annelot/WARMSTART_PROJECT/baseline_symphony_21-01-2026+15_00/tmp/mnist-net_256x2/image_9/mnist-net_256x2_9_0_047.mps,/home/annelot/WARMSTART_PROJECT/baseline_symphony_21-01-2026+15_00/tmp/mnist-net_256x2/image_9/mnist-net_256x2_9_0_063.mps,UNSAT,125.642,UNSAT-UNSAT,None
/home/annelot/WARMSTART_PROJECT/baseline_symphony_21-01-2026+15_00/tmp/mnist-net_256x2/image_9/mnist-net_256x2_9_0_047.mps,/home/annelot/WARMSTART_PROJECT/baseline_symphony_21-01-2026+15_00/tmp/mnist-net_256x2/image_9/mnist-net_256x2_9_0_065.mps,UNSAT,125.835,UNSAT-UNSAT,None
/home/annelot/WARMSTART_PROJECT/baseline_symphony_21-01-2026+15_00/tmp/mnist-net_256x2/image_9/mnist-net_256x2_9_0_049.mps,/home/annelot/WARMSTART_PROJECT/baseline_symphony_21-01-2026+15_00/tmp/mnist-net_256x2/image_9/mnist-net_256x2_9_0_051.mps,UNSAT,119.795,UNSAT-UNSAT,None
/home/annelot/WARMSTART_PROJECT/baseline_symphony_21-01-2026+15_00/tmp/mnist-net_256x2/image_9/mnist-net_256x2_9_0_049.mps,/home/annelot/WARMSTART_PROJECT/baseline_symphony_21-01-2026+15_00/tmp/mnist-net_256x2/image_9/mnist-net_256x2_9_0_053.mps,UNSAT,120.106,UNSAT-UNSAT,None
/home/annelot/WARMSTART_PROJECT/baseline_symphony_21-01-2026+15_00/tmp/mnist-net_256x2/image_9/mnist-net_256x2_9_0_049.mps,/home/annelot/WARMSTART_PROJECT/baseline_symphony_21-01-2026+15_00/tmp/mnist-net_256x2/image_9/mnist-net_256x2_9_0_055.mps,UNSAT,119.647,UNSAT-UNSAT,None
/home/annelot/WARMSTART_PROJECT/baseline_symphony_21-01-2026+15_00/tmp/mnist-net_256x2/image_9/mnist-net_256x2_9_0_049.mps,/home/annelot/WARMSTART_PROJECT/baseline_symphony_21-01-2026+15_00/tmp/mnist-net_256x2/image_9/mnist-net_256x2_9_0_057.mps,UNSAT,120.092,UNSAT-UNSAT,None
/home/annelot/WARMSTART_PROJECT/baseline_symphony_21-01-2026+15_00/tmp/mnist-net_256x2/image_9/mnist-net_256x2_9_0_049.mps,/home/annelot/WARMSTART_PROJECT/baseline_symphony_21-01-2026+15_00/tmp/mnist-net_256x2/image_9/mnist-net_256x2_9_0_059.mps,UNSAT,119.481,UNSAT-UNSAT,None
/home/annelot/WARMSTART_PROJECT/baseline_symphony_21-01-2026+15_00/tmp/mnist-net_256x2/image_9/mnist-net_256x2_9_0_047.mps,/home/annelot/WARMSTART_PROJECT/baseline_symphony_21-01-2026+15_00/tmp/mnist-net_256x2/image_9/mnist-net_256x2_9_0_049.mps,UNSAT,204.007,UNSAT-UNSAT,None
/home/annelot/WARMSTART_PROJECT/baseline_symphony_21-01-2026+15_00/tmp/mnist-net_256x2/image_9/mnist-net_256x2_9_0_047.mps,/home/annelot/WARMSTART_PROJECT/baseline_symphony_21-01-2026+15_00/tmp/mnist-net_256x2/image_9/mnist-net_256x2_9_0_053.mps,UNSAT,204.696,UNSAT-UNSAT,None
/home/annelot/WARMSTART_PROJECT/baseline_symphony_21-01-2026+15_00/tmp/mnist-net_256x2/image_9/mnist-net_256x2_9_0_047.mps,/home/annelot/WARMSTART_PROJECT/baseline_symphony_21-01-2026+15_00/tmp/mnist-net_256x2/image_9/mnist-net_256x2_9_0_057.mps,UNSAT,204.783,UNSAT-UNSAT,None
/home/annelot/WARMSTART_PROJECT/baseline_symphony_21-01-2026+15_00/tmp/mnist-net_256x2/image_9/mnist-net_256x2_9_0_047.mps,/home/annelot/WARMSTART_PROJECT/baseline_symphony_21-01-2026+15_00/tmp/mnist-net_256x2/image_9/mnist-net_256x2_9_0_055.mps,UNSAT,204.667,UNSAT-UNSAT,None
/home/annelot/WARMSTART_PROJECT/baseline_symphony_21-01-2026+15_00/tmp/mnist-net_256x2/image_9/mnist-net_256x2_9_0_047.mps,/home/annelot/WARMSTART_PROJECT/baseline_symphony_21-01-2026+15_00/tmp/mnist-net_256x2/image_9/mnist-net_256x2_9_0_051.mps,UNSAT,204.976,UNSAT-UNSAT,None
/home/annelot/WARMSTART_PROJECT/baseline_symphony_21-01-2026+15_00/tmp/mnist-net_256x2/image_9/mnist-net_256x2_9_0_047.mps,/home/annelot/WARMSTART_PROJECT/baseline_symphony_21-01-2026+15_00/tmp/mnist-net_256x2/image_9/mnist-net_256x2_9_0_059.mps,UNSAT,205.24,UNSAT-UNSAT,None
/home/annelot/WARMSTART_PROJECT/baseline_symphony_21-01-2026+15_00/tmp/mnist-net_256x2/image_9/mnist-net_256x2_9_0_047.mps,/home/annelot/WARMSTART_PROJECT/baseline_symphony_21-01-2026+15_00/tmp/mnist-net_256x2/image_9/mnist-net_256x2_9_0_061.mps,UNSAT,207.942,UNSAT-UNSAT,None
/home/annelot/WARMSTART_PROJECT/baseline_symphony_21-01-2026+15_00/tmp/mnist-net_256x2/image_9/mnist-net_256x2_9_0_049.mps,/home/annelot/WARMSTART_PROJECT/baseline_symphony_21-01-2026+15_00/tmp/mnist-net_256x2/image_9/mnist-net_256x2_9_0_061.mps,UNSAT,192.579,UNSAT-UNSAT,None
/home/annelot/WARMSTART_PROJECT/baseline_symphony_21-01-2026+15_00/tmp/mnist-net_256x2/image_9/mnist-net_256x2_9_0_049.mps,/home/annelot/WARMSTART_PROJECT/baseline_symphony_21-01-2026+15_00/tmp/mnist-net_256x2/image_9/mnist-net_256x2_9_0_063.mps,UNSAT,193.754,UNSAT-UNSAT,None
/home/annelot/WARMSTART_PROJECT/baseline_symphony_21-01-2026+15_00/tmp/mnist-net_256x2/image_9/mnist-net_256x2_9_0_049.mps,/home/annelot/WARMSTART_PROJECT/baseline_symphony_21-01-2026+15_00/tmp/mnist-net_256x2/image_9/mnist-net_256x2_9_0_065.mps,UNSAT,193.804,UNSAT-UNSAT,None
/home/annelot/WARMSTART_PROJECT/baseline_symphony_21-01-2026+15_00/tmp/mnist-net_256x2/image_9/mnist-net_256x2_9_0_045.mps,/home/annelot/WARMSTART_PROJECT/baseline_symphony_21-01-2026+15_00/tmp/mnist-net_256x2/image_9/mnist-net_256x2_9_0_049.mps,UNSAT,437.11,UNSAT-UNSAT,None
/home/annelot/WARMSTART_PROJECT/baseline_symphony_21-01-2026+15_00/tmp/mnist-net_256x2/image_9/mnist-net_256x2_9_0_045.mps,/home/annelot/WARMSTART_PROJECT/baseline_symphony_21-01-2026+15_00/tmp/mnist-net_256x2/image_9/mnist-net_256x2_9_0_047.mps,UNSAT,438.234,UNSAT-UNSAT,None
/home/annelot/WARMSTART_PROJECT/baseline_symphony_21-01-2026+15_00/tmp/mnist-net_256x2/image_9/mnist-net_256x2_9_0_045.mps,/home/annelot/WARMSTART_PROJECT/baseline_symphony_21-01-2026+15_00/tmp/mnist-net_256x2/image_9/mnist-net_256x2_9_0_051.mps,UNSAT,439.199,UNSAT-UNSAT,None
/home/annelot/WARMSTART_PROJECT/baseline_symphony_21-01-2026+15_00/tmp/mnist-net_256x2/image_9/mnist-net_256x2_9_0_045.mps,/home/annelot/WARMSTART_PROJECT/baseline_symphony_21-01-2026+15_00/tmp/mnist-net_256x2/image_9/mnist-net_256x2_9_0_053.mps,UNSAT,437.733,UNSAT-UNSAT,None
/home/annelot/WARMSTART_PROJECT/baseline_symphony_21-01-2026+15_00/tmp/mnist-net_256x2/image_9/mnist-net_256x2_9_0_045.mps,/home/annelot/WARMSTART_PROJECT/baseline_symphony_21-01-2026+15_00/tmp/mnist-net_256x2/image_9/mnist-net_256x2_9_0_057.mps,UNSAT,439.37,UNSAT-UNSAT,None
/home/annelot/WARMSTART_PROJECT/baseline_symphony_21-01-2026+15_00/tmp/mnist-net_256x2/image_9/mnist-net_256x2_9_0_045.mps,/home/annelot/WARMSTART_PROJECT/baseline_symphony_21-01-2026+15_00/tmp/mnist-net_256x2/image_9/mnist-net_256x2_9_0_055.mps,UNSAT,439.676,UNSAT-UNSAT,None
/home/annelot/WARMSTART_PROJECT/baseline_symphony_21-01-2026+15_00/tmp/mnist-net_256x2/image_9/mnist-net_256x2_9_0_045.mps,/home/annelot/WARMSTART_PROJECT/baseline_symphony_21-01-2026+15_00/tmp/mnist-net_256x2/image_9/mnist-net_256x2_9_0_059.mps,UNSAT,437.735,UNSAT-UNSAT,None
/home/annelot/WARMSTART_PROJECT/baseline_symphony_21-01-2026+15_00/tmp/mnist-net_256x2/image_9/mnist-net_256x2_9_0_045.mps,/home/annelot/WARMSTART_PROJECT/baseline_symphony_21-01-2026+15_00/tmp/mnist-net_256x2/image_9/mnist-net_256x2_9_0_061.mps,UNSAT,439.2,UNSAT-UNSAT,None
/home/annelot/WARMSTART_PROJECT/baseline_symphony_21-01-2026+15_00/tmp/mnist-net_256x2/image_9/mnist-net_256x2_9_0_045.mps,/home/annelot/WARMSTART_PROJECT/baseline_symphony_21-01-2026+15_00/tmp/mnist-net_256x2/image_9/mnist-net_256x2_9_0_063.mps,UNSAT,437.511,UNSAT-UNSAT,None
/home/annelot/WARMSTART_PROJECT/baseline_symphony_21-01-2026+15_00/tmp/mnist-net_256x2/image_9/mnist-net_256x2_9_0_045.mps,/home/annelot/WARMSTART_PROJECT/baseline_symphony_21-01-2026+15_00/tmp/mnist-net_256x2/image_9/mnist-net_256x2_9_0_065.mps,UNSAT,437.861,UNSAT-UNSAT,None
/home/annelot/WARMSTART_PROJECT/baseline_symphony_21-01-2026+15_00/tmp/mnist-net_256x2/image_9/mnist-net_256x2_9_0_053.mps,/home/annelot/WARMSTART_PROJECT/baseline_symphony_21-01-2026+15_00/tmp/mnist-net_256x2/image_9/mnist-net_256x2_9_0_055.mps,UNSAT,440.634,UNSAT-UNSAT,None
/home/annelot/WARMSTART_PROJECT/baseline_symphony_21-01-2026+15_00/tmp/mnist-net_256x2/image_9/mnist-net_256x2_9_0_051.mps,/home/annelot/WARMSTART_PROJECT/baseline_symphony_21-01-2026+15_00/tmp/mnist-net_256x2/image_9/mnist-net_256x2_9_0_055.mps,UNSAT,421.657,UNSAT-UNSAT,None
/home/annelot/WARMSTART_PROJECT/baseline_symphony_21-01-2026+15_00/tmp/mnist-net_256x2/image_9/mnist-net_256x2_9_0_051.mps,/home/annelot/WARMSTART_PROJECT/baseline_symphony_21-01-2026+15_00/tmp/mnist-net_256x2/image_9/mnist-net_256x2_9_0_057.mps,UNSAT,421.692,UNSAT-UNSAT,None
/home/annelot/WARMSTART_PROJECT/baseline_symphony_21-01-2026+15_00/tmp/mnist-net_256x2/image_9/mnist-net_256x2_9_0_051.mps,/home/annelot/WARMSTART_PROJECT/baseline_symphony_21-01-2026+15_00/tmp/mnist-net_256x2/image_9/mnist-net_256x2_9_0_059.mps,UNSAT,422.701,UNSAT-UNSAT,None
/home/annelot/WARMSTART_PROJECT/baseline_symphony_21-01-2026+15_00/tmp/mnist-net_256x2/image_9/mnist-net_256x2_9_0_051.mps,/home/annelot/WARMSTART_PROJECT/baseline_symphony_21-01-2026+15_00/tmp/mnist-net_256x2/image_9/mnist-net_256x2_9_0_061.mps,UNSAT,423.575,UNSAT-UNSAT,None
/home/annelot/WARMSTART_PROJECT/baseline_symphony_21-01-2026+15_00/tmp/mnist-net_256x2/image_2/mnist-net_256x2_2_0_021.mps,/home/annelot/WARMSTART_PROJECT/baseline_symphony_21-01-2026+15_00/tmp/mnist-net_256x2/image_2/mnist-net_256x2_2_0_023.mps,UNSAT,0.207,UNSAT-UNSAT,None
/home/annelot/WARMSTART_PROJECT/baseline_symphony_21-01-2026+15_00/tmp/mnist-net_256x2/image_2/mnist-net_256x2_2_0_021.mps,/home/annelot/WARMSTART_PROJECT/baseline_symphony_21-01-2026+15_00/tmp/mnist-net_256x2/image_2/mnist-net_256x2_2_0_025.mps,UNSAT,0.21,UNSAT-UNSAT,None
/home/annelot/WARMSTART_PROJECT/baseline_symphony_21-01-2026+15_00/tmp/mnist-net_256x2/image_2/mnist-net_256x2_2_0_021.mps,/home/annelot/WARMSTART_PROJECT/baseline_symphony_21-01-2026+15_00/tmp/mnist-net_256x2/image_2/mnist-net_256x2_2_0_027.mps,UNSAT,0.21,UNSAT-UNSAT,None
/home/annelot/WARMSTART_PROJECT/baseline_symphony_21-01-2026+15_00/tmp/mnist-net_256x2/image_9/mnist-net_256x2_9_0_051.mps,/home/annelot/WARMSTART_PROJECT/baseline_symphony_21-01-2026+15_00/tmp/mnist-net_256x2/image_9/mnist-net_256x2_9_0_063.mps,UNSAT,421.919,UNSAT-UNSAT,None
/home/annelot/WARMSTART_PROJECT/baseline_symphony_21-01-2026+15_00/tmp/mnist-net_256x2/image_2/mnist-net_256x2_2_0_021.mps,/home/annelot/WARMSTART_PROJECT/baseline_symphony_21-01-2026+15_00/tmp/mnist-net_256x2/image_2/mnist-net_256x2_2_0_029.mps,UNSAT,0.211,UNSAT-UNSAT,None
/home/annelot/WARMSTART_PROJECT/baseline_symphony_21-01-2026+15_00/tmp/mnist-net_256x2/image_2/mnist-net_256x2_2_0_021.mps,/home/annelot/WARMSTART_PROJECT/baseline_symphony_21-01-2026+15_00/tmp/mnist-net_256x2/image_2/mnist-net_256x2_2_0_031.mps,UNSAT,0.208,UNSAT-UNSAT,None
/home/annelot/WARMSTART_PROJECT/baseline_symphony_21-01-2026+15_00/tmp/mnist-net_256x2/image_9/mnist-net_256x2_9_0_051.mps,/home/annelot/WARMSTART_PROJECT/baseline_symphony_21-01-2026+15_00/tmp/mnist-net_256x2/image_9/mnist-net_256x2_9_0_065.mps,UNSAT,422.119,UNSAT-UNSAT,None
/home/annelot/WARMSTART_PROJECT/baseline_symphony_21-01-2026+15_00/tmp/mnist-net_256x2/image_2/mnist-net_256x2_2_0_021.mps,/home/annelot/WARMSTART_PROJECT/baseline_symphony_21-01-2026+15_00/tmp/mnist-net_256x2/image_2/mnist-net_256x2_2_0_033.mps,UNSAT,0.211,UNSAT-UNSAT,None
/home/annelot/WARMSTART_PROJECT/baseline_symphony_21-01-2026+15_00/tmp/mnist-net_256x2/image_2/mnist-net_256x2_2_0_023.mps,/home/annelot/WARMSTART_PROJECT/baseline_symphony_21-01-2026+15_00/tmp/mnist-net_256x2/image_2/mnist-net_256x2_2_0_025.mps,UNSAT,2.615,UNSAT-UNSAT,None
/home/annelot/WARMSTART_PROJECT/baseline_symphony_21-01-2026+15_00/tmp/mnist-net_256x2/image_2/mnist-net_256x2_2_0_023.mps,/home/annelot/WARMSTART_PROJECT/baseline_symphony_21-01-2026+15_00/tmp/mnist-net_256x2/image_2/mnist-net_256x2_2_0_027.mps,UNSAT,2.614,UNSAT-UNSAT,None
/home/annelot/WARMSTART_PROJECT/baseline_symphony_21-01-2026+15_00/tmp/mnist-net_256x2/image_2/mnist-net_256x2_2_0_023.mps,/home/annelot/WARMSTART_PROJECT/baseline_symphony_21-01-2026+15_00/tmp/mnist-net_256x2/image_2/mnist-net_256x2_2_0_029.mps,UNSAT,2.633,UNSAT-UNSAT,None
/home/annelot/WARMSTART_PROJECT/baseline_symphony_21-01-2026+15_00/tmp/mnist-net_256x2/image_2/mnist-net_256x2_2_0_023.mps,/home/annelot/WARMSTART_PROJECT/baseline_symphony_21-01-2026+15_00/tmp/mnist-net_256x2/image_2/mnist-net_256x2_2_0_033.mps,UNSAT,2.614,UNSAT-UNSAT,None
/home/annelot/WARMSTART_PROJECT/baseline_symphony_21-01-2026+15_00/tmp/mnist-net_256x2/image_2/mnist-net_256x2_2_0_023.mps,/home/annelot/WARMSTART_PROJECT/baseline_symphony_21-01-2026+15_00/tmp/mnist-net_256x2/image_2/mnist-net_256x2_2_0_031.mps,UNSAT,2.613,UNSAT-UNSAT,None
/home/annelot/WARMSTART_PROJECT/baseline_symphony_21-01-2026+15_00/tmp/mnist-net_256x2/image_2/mnist-net_256x2_2_0_025.mps,/home/annelot/WARMSTART_PROJECT/baseline_symphony_21-01-2026+15_00/tmp/mnist-net_256x2/image_2/mnist-net_256x2_2_0_027.mps,UNSAT,17.442,UNSAT-UNSAT,None
/home/annelot/WARMSTART_PROJECT/baseline_symphony_21-01-2026+15_00/tmp/mnist-net_256x2/image_2/mnist-net_256x2_2_0_025.mps,/home/annelot/WARMSTART_PROJECT/baseline_symphony_21-01-2026+15_00/tmp/mnist-net_256x2/image_2/mnist-net_256x2_2_0_031.mps,UNSAT,17.415,UNSAT-UNSAT,None
/home/annelot/WARMSTART_PROJECT/baseline_symphony_21-01-2026+15_00/tmp/mnist-net_256x2/image_2/mnist-net_256x2_2_0_025.mps,/home/annelot/WARMSTART_PROJECT/baseline_symphony_21-01-2026+15_00/tmp/mnist-net_256x2/image_2/mnist-net_256x2_2_0_029.mps,UNSAT,17.411,UNSAT-UNSAT,None
/home/annelot/WARMSTART_PROJECT/baseline_symphony_21-01-2026+15_00/tmp/mnist-net_256x2/image_2/mnist-net_256x2_2_0_027.mps,/home/annelot/WARMSTART_PROJECT/baseline_symphony_21-01-2026+15_00/tmp/mnist-net_256x2/image_2/mnist-net_256x2_2_0_029.mps,UNSAT,12.913,UNSAT-UNSAT,None
/home/annelot/WARMSTART_PROJECT/baseline_symphony_21-01-2026+15_00/tmp/mnist-net_256x2/image_2/mnist-net_256x2_2_0_027.mps,/home/annelot/WARMSTART_PROJECT/baseline_symphony_21-01-2026+15_00/tmp/mnist-net_256x2/image_2/mnist-net_256x2_2_0_031.mps,UNSAT,12.913,UNSAT-UNSAT,None
/home/annelot/WARMSTART_PROJECT/baseline_symphony_21-01-2026+15_00/tmp/mnist-net_256x2/image_2/mnist-net_256x2_2_0_025.mps,/home/annelot/WARMSTART_PROJECT/baseline_symphony_21-01-2026+15_00/tmp/mnist-net_256x2/image_2/mnist-net_256x2_2_0_033.mps,UNSAT,17.483,UNSAT-UNSAT,None
/home/annelot/WARMSTART_PROJECT/baseline_symphony_21-01-2026+15_00/tmp/mnist-net_256x2/image_2/mnist-net_256x2_2_0_027.mps,/home/annelot/WARMSTART_PROJECT/baseline_symphony_21-01-2026+15_00/tmp/mnist-net_256x2/image_2/mnist-net_256x2_2_0_033.mps,UNSAT,12.878,UNSAT-UNSAT,None
/home/annelot/WARMSTART_PROJECT/baseline_symphony_21-01-2026+15_00/tmp/mnist-net_256x2/image_2/mnist-net_256x2_2_0_029.mps,/home/annelot/WARMSTART_PROJECT/baseline_symphony_21-01-2026+15_00/tmp/mnist-net_256x2/image_2/mnist-net_256x2_2_0_031.mps,UNSAT,66.298,UNSAT-UNSAT,None
/home/annelot/WARMSTART_PROJECT/baseline_symphony_21-01-2026+15_00/tmp/mnist-net_256x2/image_2/mnist-net_256x2_2_0_029.mps,/home/annelot/WARMSTART_PROJECT/baseline_symphony_21-01-2026+15_00/tmp/mnist-net_256x2/image_2/mnist-net_256x2_2_0_033.mps,UNSAT,66.569,UNSAT-UNSAT,None
/home/annelot/WARMSTART_PROJECT/baseline_symphony_21-01-2026+15_00/tmp/mnist-net_256x2/image_9/mnist-net_256x2_9_0_057.mps,/home/annelot/WARMSTART_PROJECT/baseline_symphony_21-01-2026+15_00/tmp/mnist-net_256x2/image_9/mnist-net_256x2_9_0_059.mps,UNSAT,467.916,UNSAT-UNSAT,None
/home/annelot/WARMSTART_PROJECT/baseline_symphony_21-01-2026+15_00/tmp/mnist-net_256x2/image_9/mnist-net_256x2_9_0_057.mps,/home/annelot/WARMSTART_PROJECT/baseline_symphony_21-01-2026+15_00/tmp/mnist-net_256x2/image_9/mnist-net_256x2_9_0_061.mps,UNSAT,466.881,UNSAT-UNSAT,None
/home/annelot/WARMSTART_PROJECT/baseline_symphony_21-01-2026+15_00/tmp/mnist-net_256x2/image_9/mnist-net_256x2_9_0_057.mps,/home/annelot/WARMSTART_PROJECT/baseline_symphony_21-01-2026+15_00/tmp/mnist-net_256x2/image_9/mnist-net_256x2_9_0_063.mps,UNSAT,468.257,UNSAT-UNSAT,None
/home/annelot/WARMSTART_PROJECT/baseline_symphony_21-01-2026+15_00/tmp/mnist-net_256x2/image_9/mnist-net_256x2_9_0_057.mps,/home/annelot/WARMSTART_PROJECT/baseline_symphony_21-01-2026+15_00/tmp/mnist-net_256x2/image_9/mnist-net_256x2_9_0_065.mps,UNSAT,468.64,UNSAT-UNSAT,None
/home/annelot/WARMSTART_PROJECT/baseline_symphony_21-01-2026+15_00/tmp/mnist-net_256x2/image_9/mnist-net_256x2_9_0_051.mps,/home/annelot/WARMSTART_PROJECT/baseline_symphony_21-01-2026+15_00/tmp/mnist-net_256x2/image_9/mnist-net_256x2_9_0_053.mps,UNSAT,690.496,UNSAT-UNSAT,None
/home/annelot/WARMSTART_PROJECT/baseline_symphony_21-01-2026+15_00/tmp/mnist-net_256x2/image_9/mnist-net_256x2_9_0_053.mps,/home/annelot/WARMSTART_PROJECT/baseline_symphony_21-01-2026+15_00/tmp/mnist-net_256x2/image_9/mnist-net_256x2_9_0_057.mps,UNSAT,720.704,UNSAT-UNSAT,None
/home/annelot/WARMSTART_PROJECT/baseline_symphony_21-01-2026+15_00/tmp/mnist-net_256x2/image_9/mnist-net_256x2_9_0_053.mps,/home/annelot/WARMSTART_PROJECT/baseline_symphony_21-01-2026+15_00/tmp/mnist-net_256x2/image_9/mnist-net_256x2_9_0_063.mps,UNSAT,721.888,UNSAT-UNSAT,None
/home/annelot/WARMSTART_PROJECT/baseline_symphony_21-01-2026+15_00/tmp/mnist-net_256x2/image_9/mnist-net_256x2_9_0_053.mps,/home/annelot/WARMSTART_PROJECT/baseline_symphony_21-01-2026+15_00/tmp/mnist-net_256x2/image_9/mnist-net_256x2_9_0_061.mps,UNSAT,722.732,UNSAT-UNSAT,None
/home/annelot/WARMSTART_PROJECT/baseline_symphony_21-01-2026+15_00/tmp/mnist-net_256x2/image_9/mnist-net_256x2_9_0_053.mps,/home/annelot/WARMSTART_PROJECT/baseline_symphony_21-01-2026+15_00/tmp/mnist-net_256x2/image_9/mnist-net_256x2_9_0_059.mps,UNSAT,723.296,UNSAT-UNSAT,None
/home/annelot/WARMSTART_PROJECT/baseline_symphony_21-01-2026+15_00/tmp/mnist-net_256x2/image_9/mnist-net_256x2_9_0_053.mps,/home/annelot/WARMSTART_PROJECT/baseline_symphony_21-01-2026+15_00/tmp/mnist-net_256x2/image_9/mnist-net_256x2_9_0_065.mps,UNSAT,723.116,UNSAT-UNSAT,None
/home/annelot/WARMSTART_PROJECT/baseline_symphony_21-01-2026+15_00/tmp/mnist-net_256x2/image_2/mnist-net_256x2_2_0_031.mps,/home/annelot/WARMSTART_PROJECT/baseline_symphony_21-01-2026+15_00/tmp/mnist-net_256x2/image_2/mnist-net_256x2_2_0_033.mps,UNSAT,228.456,UNSAT-UNSAT,None
/home/annelot/WARMSTART_PROJECT/baseline_symphony_21-01-2026+15_00/tmp/mnist-net_256x2/image_2/mnist-net_256x2_2_0_033.mps,/home/annelot/WARMSTART_PROJECT/baseline_symphony_21-01-2026+15_00/tmp/mnist-net_256x2/image_2/mnist-net_256x2_2_0_061.mps,UNSAT,443.468,UNSAT-TIMEOUT,None
/home/annelot/WARMSTART_PROJECT/baseline_symphony_21-01-2026+15_00/tmp/mnist-net_256x2/image_2/mnist-net_256x2_2_0_033.mps,/home/annelot/WARMSTART_PROJECT/baseline_symphony_21-01-2026+15_00/tmp/mnist-net_256x2/image_2/mnist-net_256x2_2_0_081.mps,UNSAT,445.514,UNSAT-TIMEOUT,None
/home/annelot/WARMSTART_PROJECT/baseline_symphony_21-01-2026+15_00/tmp/mnist-net_256x2/image_2/mnist-net_256x2_2_0_033.mps,/home/annelot/WARMSTART_PROJECT/baseline_symphony_21-01-2026+15_00/tmp/mnist-net_256x2/image_2/mnist-net_256x2_2_0_301.mps,UNSAT,443.467,UNSAT-TIMEOUT,None
/home/annelot/WARMSTART_PROJECT/baseline_symphony_21-01-2026+15_00/tmp/mnist-net_256x2/image_2/mnist-net_256x2_2_0_033.mps,/home/annelot/WARMSTART_PROJECT/baseline_symphony_21-01-2026+15_00/tmp/mnist-net_256x2/image_2/mnist-net_256x2_2_0_035.mps,UNSAT,748.17,UNSAT-TIMEOUT,None
/home/annelot/WARMSTART_PROJECT/baseline_symphony_21-01-2026+15_00/tmp/mnist-net_256x2/image_2/mnist-net_256x2_2_0_033.mps,/home/annelot/WARMSTART_PROJECT/baseline_symphony_21-01-2026+15_00/tmp/mnist-net_256x2/image_2/mnist-net_256x2_2_0_041.mps,UNSAT,749.8,UNSAT-TIMEOUT,None
/home/annelot/WARMSTART_PROJECT/baseline_symphony_21-01-2026+15_00/tmp/mnist-net_256x2/image_1/mnist-net_256x2_1_0_021.mps,/home/annelot/WARMSTART_PROJECT/baseline_symphony_21-01-2026+15_00/tmp/mnist-net_256x2/image_1/mnist-net_256x2_1_0_023.mps,ERR,,UNSAT-UNSAT,None
/home/annelot/WARMSTART_PROJECT/baseline_symphony_21-01-2026+15_00/tmp/mnist-net_256x2/image_1/mnist-net_256x2_1_0_021.mps,/home/annelot/WARMSTART_PROJECT/baseline_symphony_21-01-2026+15_00/tmp/mnist-net_256x2/image_1/mnist-net_256x2_1_0_025.mps,ERR,,UNSAT-UNSAT,None
/home/annelot/WARMSTART_PROJECT/baseline_symphony_21-01-2026+15_00/tmp/mnist-net_256x2/image_1/mnist-net_256x2_1_0_021.mps,/home/annelot/WARMSTART_PROJECT/baseline_symphony_21-01-2026+15_00/tmp/mnist-net_256x2/image_1/mnist-net_256x2_1_0_027.mps,ERR,,UNSAT-UNSAT,None
/home/annelot/WARMSTART_PROJECT/baseline_symphony_21-01-2026+15_00/tmp/mnist-net_256x2/image_1/mnist-net_256x2_1_0_021.mps,/home/annelot/WARMSTART_PROJECT/baseline_symphony_21-01-2026+15_00/tmp/mnist-net_256x2/image_1/mnist-net_256x2_1_0_029.mps,ERR,,UNSAT-UNSAT,None
/home/annelot/WARMSTART_PROJECT/baseline_symphony_21-01-2026+15_00/tmp/mnist-net_256x2/image_1/mnist-net_256x2_1_0_021.mps,/home/annelot/WARMSTART_PROJECT/baseline_symphony_21-01-2026+15_00/tmp/mnist-net_256x2/image_1/mnist-net_256x2_1_0_031.mps,ERR,,UNSAT-UNSAT,None
/home/annelot/WARMSTART_PROJECT/baseline_symphony_21-01-2026+15_00/tmp/mnist-net_256x2/image_1/mnist-net_256x2_1_0_021.mps,/home/annelot/WARMSTART_PROJECT/baseline_symphony_21-01-2026+15_00/tmp/mnist-net_256x2/image_1/mnist-net_256x2_1_0_033.mps,ERR,,UNSAT-UNSAT,None
/home/annelot/WARMSTART_PROJECT/baseline_symphony_21-01-2026+15_00/tmp/mnist-net_256x2/image_1/mnist-net_256x2_1_0_021.mps,/home/annelot/WARMSTART_PROJECT/baseline_symphony_21-01-2026+15_00/tmp/mnist-net_256x2/image_1/mnist-net_256x2_1_0_035.mps,ERR,,UNSAT-UNSAT,None
/home/annelot/WARMSTART_PROJECT/baseline_symphony_21-01-2026+15_00/tmp/mnist-net_256x2/image_1/mnist-net_256x2_1_0_021.mps,/home/annelot/WARMSTART_PROJECT/baseline_symphony_21-01-2026+15_00/tmp/mnist-net_256x2/image_1/mnist-net_256x2_1_0_037.mps,ERR,,UNSAT-UNSAT,None
/home/annelot/WARMSTART_PROJECT/baseline_symphony_21-01-2026+15_00/tmp/mnist-net_256x2/image_1/mnist-net_256x2_1_0_021.mps,/home/annelot/WARMSTART_PROJECT/baseline_symphony_21-01-2026+15_00/tmp/mnist-net_256x2/image_1/mnist-net_256x2_1_0_039.mps,ERR,,UNSAT-UNSAT,None
/home/annelot/WARMSTART_PROJECT/baseline_symphony_21-01-2026+15_00/tmp/mnist-net_256x2/image_1/mnist-net_256x2_1_0_021.mps,/home/annelot/WARMSTART_PROJECT/baseline_symphony_21-01-2026+15_00/tmp/mnist-net_256x2/image_1/mnist-net_256x2_1_0_041.mps,ERR,,UNSAT-UNSAT,None
/home/annelot/WARMSTART_PROJECT/baseline_symphony_21-01-2026+15_00/tmp/mnist-net_256x2/image_1/mnist-net_256x2_1_0_021.mps,/home/annelot/WARMSTART_PROJECT/baseline_symphony_21-01-2026+15_00/tmp/mnist-net_256x2/image_1/mnist-net_256x2_1_0_043.mps,ERR,,UNSAT-UNSAT,None
/home/annelot/WARMSTART_PROJECT/baseline_symphony_21-01-2026+15_00/tmp/mnist-net_256x2/image_1/mnist-net_256x2_1_0_021.mps,/home/annelot/WARMSTART_PROJECT/baseline_symphony_21-01-2026+15_00/tmp/mnist-net_256x2/image_1/mnist-net_256x2_1_0_045.mps,ERR,,UNSAT-UNSAT,None
/home/annelot/WARMSTART_PROJECT/baseline_symphony_21-01-2026+15_00/tmp/mnist-net_256x2/image_1/mnist-net_256x2_1_0_021.mps,/home/annelot/WARMSTART_PROJECT/baseline_symphony_21-01-2026+15_00/tmp/mnist-net_256x2/image_1/mnist-net_256x2_1_0_047.mps,ERR,,UNSAT-UNSAT,None
/home/annelot/WARMSTART_PROJECT/baseline_symphony_21-01-2026+15_00/tmp/mnist-net_256x2/image_1/mnist-net_256x2_1_0_021.mps,/home/annelot/WARMSTART_PROJECT/baseline_symphony_21-01-2026+15_00/tmp/mnist-net_256x2/image_1/mnist-net_256x2_1_0_049.mps,ERR,,UNSAT-UNSAT,None
/home/annelot/WARMSTART_PROJECT/baseline_symphony_21-01-2026+15_00/tmp/mnist-net_256x2/image_1/mnist-net_256x2_1_0_021.mps,/home/annelot/WARMSTART_PROJECT/baseline_symphony_21-01-2026+15_00/tmp/mnist-net_256x2/image_1/mnist-net_256x2_1_0_051.mps,ERR,,UNSAT-UNSAT,None
/home/annelot/WARMSTART_PROJECT/baseline_symphony_21-01-2026+15_00/tmp/mnist-net_256x2/image_1/mnist-net_256x2_1_0_023.mps,/home/annelot/WARMSTART_PROJECT/baseline_symphony_21-01-2026+15_00/tmp/mnist-net_256x2/image_1/mnist-net_256x2_1_0_025.mps,ERR,,UNSAT-UNSAT,None
/home/annelot/WARMSTART_PROJECT/baseline_symphony_21-01-2026+15_00/tmp/mnist-net_256x2/image_1/mnist-net_256x2_1_0_023.mps,/home/annelot/WARMSTART_PROJECT/baseline_symphony_21-01-2026+15_00/tmp/mnist-net_256x2/image_1/mnist-net_256x2_1_0_027.mps,ERR,,UNSAT-UNSAT,None
/home/annelot/WARMSTART_PROJECT/baseline_symphony_21-01-2026+15_00/tmp/mnist-net_256x2/image_1/mnist-net_256x2_1_0_023.mps,/home/annelot/WARMSTART_PROJECT/baseline_symphony_21-01-2026+15_00/tmp/mnist-net_256x2/image_1/mnist-net_256x2_1_0_029.mps,ERR,,UNSAT-UNSAT,None
/home/annelot/WARMSTART_PROJECT/baseline_symphony_21-01-2026+15_00/tmp/mnist-net_256x2/image_1/mnist-net_256x2_1_0_023.mps,/home/annelot/WARMSTART_PROJECT/baseline_symphony_21-01-2026+15_00/tmp/mnist-net_256x2/image_1/mnist-net_256x2_1_0_031.mps,ERR,,UNSAT-UNSAT,None
/home/annelot/WARMSTART_PROJECT/baseline_symphony_21-01-2026+15_00/tmp/mnist-net_256x2/image_1/mnist-net_256x2_1_0_023.mps,/home/annelot/WARMSTART_PROJECT/baseline_symphony_21-01-2026+15_00/tmp/mnist-net_256x2/image_1/mnist-net_256x2_1_0_033.mps,ERR,,UNSAT-UNSAT,None
/home/annelot/WARMSTART_PROJECT/baseline_symphony_21-01-2026+15_00/tmp/mnist-net_256x2/image_1/mnist-net_256x2_1_0_023.mps,/home/annelot/WARMSTART_PROJECT/baseline_symphony_21-01-2026+15_00/tmp/mnist-net_256x2/image_1/mnist-net_256x2_1_0_035.mps,ERR,,UNSAT-UNSAT,None
/home/annelot/WARMSTART_PROJECT/baseline_symphony_21-01-2026+15_00/tmp/mnist-net_256x2/image_1/mnist-net_256x2_1_0_023.mps,/home/annelot/WARMSTART_PROJECT/baseline_symphony_21-01-2026+15_00/tmp/mnist-net_256x2/image_1/mnist-net_256x2_1_0_037.mps,ERR,,UNSAT-UNSAT,None
/home/annelot/WARMSTART_PROJECT/baseline_symphony_21-01-2026+15_00/tmp/mnist-net_256x2/image_1/mnist-net_256x2_1_0_023.mps,/home/annelot/WARMSTART_PROJECT/baseline_symphony_21-01-2026+15_00/tmp/mnist-net_256x2/image_1/mnist-net_256x2_1_0_039.mps,ERR,,UNSAT-UNSAT,None
/home/annelot/WARMSTART_PROJECT/baseline_symphony_21-01-2026+15_00/tmp/mnist-net_256x2/image_1/mnist-net_256x2_1_0_023.mps,/home/annelot/WARMSTART_PROJECT/baseline_symphony_21-01-2026+15_00/tmp/mnist-net_256x2/image_1/mnist-net_256x2_1_0_041.mps,ERR,,UNSAT-UNSAT,None
/home/annelot/WARMSTART_PROJECT/baseline_symphony_21-01-2026+15_00/tmp/mnist-net_256x2/image_1/mnist-net_256x2_1_0_023.mps,/home/annelot/WARMSTART_PROJECT/baseline_symphony_21-01-2026+15_00/tmp/mnist-net_256x2/image_1/mnist-net_256x2_1_0_043.mps,ERR,,UNSAT-UNSAT,None
/home/annelot/WARMSTART_PROJECT/baseline_symphony_21-01-2026+15_00/tmp/mnist-net_256x2/image_1/mnist-net_256x2_1_0_023.mps,/home/annelot/WARMSTART_PROJECT/baseline_symphony_21-01-2026+15_00/tmp/mnist-net_256x2/image_1/mnist-net_256x2_1_0_045.mps,ERR,,UNSAT-UNSAT,None
/home/annelot/WARMSTART_PROJECT/baseline_symphony_21-01-2026+15_00/tmp/mnist-net_256x2/image_1/mnist-net_256x2_1_0_023.mps,/home/annelot/WARMSTART_PROJECT/baseline_symphony_21-01-2026+15_00/tmp/mnist-net_256x2/image_1/mnist-net_256x2_1_0_047.mps,ERR,,UNSAT-UNSAT,None
/home/annelot/WARMSTART_PROJECT/baseline_symphony_21-01-2026+15_00/tmp/mnist-net_256x2/image_1/mnist-net_256x2_1_0_023.mps,/home/annelot/WARMSTART_PROJECT/baseline_symphony_21-01-2026+15_00/tmp/mnist-net_256x2/image_1/mnist-net_256x2_1_0_049.mps,ERR,,UNSAT-UNSAT,None
/home/annelot/WARMSTART_PROJECT/baseline_symphony_21-01-2026+15_00/tmp/mnist-net_256x2/image_1/mnist-net_256x2_1_0_023.mps,/home/annelot/WARMSTART_PROJECT/baseline_symphony_21-01-2026+15_00/tmp/mnist-net_256x2/image_1/mnist-net_256x2_1_0_051.mps,ERR,,UNSAT-UNSAT,None
/home/annelot/WARMSTART_PROJECT/baseline_symphony_21-01-2026+15_00/tmp/mnist-net_256x2/image_1/mnist-net_256x2_1_0_025.mps,/home/annelot/WARMSTART_PROJECT/baseline_symphony_21-01-2026+15_00/tmp/mnist-net_256x2/image_1/mnist-net_256x2_1_0_027.mps,ERR,,UNSAT-UNSAT,None
/home/annelot/WARMSTART_PROJECT/baseline_symphony_21-01-2026+15_00/tmp/mnist-net_256x2/image_1/mnist-net_256x2_1_0_025.mps,/home/annelot/WARMSTART_PROJECT/baseline_symphony_21-01-2026+15_00/tmp/mnist-net_256x2/image_1/mnist-net_256x2_1_0_029.mps,ERR,,UNSAT-UNSAT,None
/home/annelot/WARMSTART_PROJECT/baseline_symphony_21-01-2026+15_00/tmp/mnist-net_256x2/image_1/mnist-net_256x2_1_0_025.mps,/home/annelot/WARMSTART_PROJECT/baseline_symphony_21-01-2026+15_00/tmp/mnist-net_256x2/image_1/mnist-net_256x2_1_0_031.mps,ERR,,UNSAT-UNSAT,None
/home/annelot/WARMSTART_PROJECT/baseline_symphony_21-01-2026+15_00/tmp/mnist-net_256x2/image_1/mnist-net_256x2_1_0_025.mps,/home/annelot/WARMSTART_PROJECT/baseline_symphony_21-01-2026+15_00/tmp/mnist-net_256x2/image_1/mnist-net_256x2_1_0_033.mps,ERR,,UNSAT-UNSAT,None
/home/annelot/WARMSTART_PROJECT/baseline_symphony_21-01-2026+15_00/tmp/mnist-net_256x2/image_1/mnist-net_256x2_1_0_025.mps,/home/annelot/WARMSTART_PROJECT/baseline_symphony_21-01-2026+15_00/tmp/mnist-net_256x2/image_1/mnist-net_256x2_1_0_035.mps,ERR,,UNSAT-UNSAT,None
/home/annelot/WARMSTART_PROJECT/baseline_symphony_21-01-2026+15_00/tmp/mnist-net_256x2/image_1/mnist-net_256x2_1_0_025.mps,/home/annelot/WARMSTART_PROJECT/baseline_symphony_21-01-2026+15_00/tmp/mnist-net_256x2/image_1/mnist-net_256x2_1_0_037.mps,ERR,,UNSAT-UNSAT,None
/home/annelot/WARMSTART_PROJECT/baseline_symphony_21-01-2026+15_00/tmp/mnist-net_256x2/image_1/mnist-net_256x2_1_0_025.mps,/home/annelot/WARMSTART_PROJECT/baseline_symphony_21-01-2026+15_00/tmp/mnist-net_256x2/image_1/mnist-net_256x2_1_0_039.mps,ERR,,UNSAT-UNSAT,None
/home/annelot/WARMSTART_PROJECT/baseline_symphony_21-01-2026+15_00/tmp/mnist-net_256x2/image_1/mnist-net_256x2_1_0_025.mps,/home/annelot/WARMSTART_PROJECT/baseline_symphony_21-01-2026+15_00/tmp/mnist-net_256x2/image_1/mnist-net_256x2_1_0_041.mps,ERR,,UNSAT-UNSAT,None
/home/annelot/WARMSTART_PROJECT/baseline_symphony_21-01-2026+15_00/tmp/mnist-net_256x2/image_1/mnist-net_256x2_1_0_025.mps,/home/annelot/WARMSTART_PROJECT/baseline_symphony_21-01-2026+15_00/tmp/mnist-net_256x2/image_1/mnist-net_256x2_1_0_043.mps,ERR,,UNSAT-UNSAT,None
/home/annelot/WARMSTART_PROJECT/baseline_symphony_21-01-2026+15_00/tmp/mnist-net_256x2/image_1/mnist-net_256x2_1_0_025.mps,/home/annelot/WARMSTART_PROJECT/baseline_symphony_21-01-2026+15_00/tmp/mnist-net_256x2/image_1/mnist-net_256x2_1_0_045.mps,ERR,,UNSAT-UNSAT,None
/home/annelot/WARMSTART_PROJECT/baseline_symphony_21-01-2026+15_00/tmp/mnist-net_256x2/image_1/mnist-net_256x2_1_0_025.mps,/home/annelot/WARMSTART_PROJECT/baseline_symphony_21-01-2026+15_00/tmp/mnist-net_256x2/image_1/mnist-net_256x2_1_0_047.mps,ERR,,UNSAT-UNSAT,None
/home/annelot/WARMSTART_PROJECT/baseline_symphony_21-01-2026+15_00/tmp/mnist-net_256x2/image_1/mnist-net_256x2_1_0_025.mps,/home/annelot/WARMSTART_PROJECT/baseline_symphony_21-01-2026+15_00/tmp/mnist-net_256x2/image_1/mnist-net_256x2_1_0_049.mps,ERR,,UNSAT-UNSAT,None
/home/annelot/WARMSTART_PROJECT/baseline_symphony_21-01-2026+15_00/tmp/mnist-net_256x2/image_1/mnist-net_256x2_1_0_025.mps,/home/annelot/WARMSTART_PROJECT/baseline_symphony_21-01-2026+15_00/tmp/mnist-net_256x2/image_1/mnist-net_256x2_1_0_051.mps,ERR,,UNSAT-UNSAT,None
/home/annelot/WARMSTART_PROJECT/baseline_symphony_21-01-2026+15_00/tmp/mnist-net_256x2/image_1/mnist-net_256x2_1_0_027.mps,/home/annelot/WARMSTART_PROJECT/baseline_symphony_21-01-2026+15_00/tmp/mnist-net_256x2/image_1/mnist-net_256x2_1_0_029.mps,ERR,,UNSAT-UNSAT,None
/home/annelot/WARMSTART_PROJECT/baseline_symphony_21-01-2026+15_00/tmp/mnist-net_256x2/image_1/mnist-net_256x2_1_0_027.mps,/home/annelot/WARMSTART_PROJECT/baseline_symphony_21-01-2026+15_00/tmp/mnist-net_256x2/image_1/mnist-net_256x2_1_0_031.mps,ERR,,UNSAT-UNSAT,None
/home/annelot/WARMSTART_PROJECT/baseline_symphony_21-01-2026+15_00/tmp/mnist-net_256x2/image_1/mnist-net_256x2_1_0_027.mps,/home/annelot/WARMSTART_PROJECT/baseline_symphony_21-01-2026+15_00/tmp/mnist-net_256x2/image_1/mnist-net_256x2_1_0_033.mps,ERR,,UNSAT-UNSAT,None
/home/annelot/WARMSTART_PROJECT/baseline_symphony_21-01-2026+15_00/tmp/mnist-net_256x2/image_1/mnist-net_256x2_1_0_027.mps,/home/annelot/WARMSTART_PROJECT/baseline_symphony_21-01-2026+15_00/tmp/mnist-net_256x2/image_1/mnist-net_256x2_1_0_035.mps,ERR,,UNSAT-UNSAT,None
/home/annelot/WARMSTART_PROJECT/baseline_symphony_21-01-2026+15_00/tmp/mnist-net_256x2/image_1/mnist-net_256x2_1_0_027.mps,/home/annelot/WARMSTART_PROJECT/baseline_symphony_21-01-2026+15_00/tmp/mnist-net_256x2/image_1/mnist-net_256x2_1_0_037.mps,ERR,,UNSAT-UNSAT,None
/home/annelot/WARMSTART_PROJECT/baseline_symphony_21-01-2026+15_00/tmp/mnist-net_256x2/image_1/mnist-net_256x2_1_0_027.mps,/home/annelot/WARMSTART_PROJECT/baseline_symphony_21-01-2026+15_00/tmp/mnist-net_256x2/image_1/mnist-net_256x2_1_0_039.mps,ERR,,UNSAT-UNSAT,None
/home/annelot/WARMSTART_PROJECT/baseline_symphony_21-01-2026+15_00/tmp/mnist-net_256x2/image_1/mnist-net_256x2_1_0_027.mps,/home/annelot/WARMSTART_PROJECT/baseline_symphony_21-01-2026+15_00/tmp/mnist-net_256x2/image_1/mnist-net_256x2_1_0_041.mps,ERR,,UNSAT-UNSAT,None
/home/annelot/WARMSTART_PROJECT/baseline_symphony_21-01-2026+15_00/tmp/mnist-net_256x2/image_1/mnist-net_256x2_1_0_027.mps,/home/annelot/WARMSTART_PROJECT/baseline_symphony_21-01-2026+15_00/tmp/mnist-net_256x2/image_1/mnist-net_256x2_1_0_043.mps,ERR,,UNSAT-UNSAT,None
/home/annelot/WARMSTART_PROJECT/baseline_symphony_21-01-2026+15_00/tmp/mnist-net_256x2/image_1/mnist-net_256x2_1_0_027.mps,/home/annelot/WARMSTART_PROJECT/baseline_symphony_21-01-2026+15_00/tmp/mnist-net_256x2/image_1/mnist-net_256x2_1_0_045.mps,ERR,,UNSAT-UNSAT,None
/home/annelot/WARMSTART_PROJECT/baseline_symphony_21-01-2026+15_00/tmp/mnist-net_256x2/image_1/mnist-net_256x2_1_0_027.mps,/home/annelot/WARMSTART_PROJECT/baseline_symphony_21-01-2026+15_00/tmp/mnist-net_256x2/image_1/mnist-net_256x2_1_0_047.mps,ERR,,UNSAT-UNSAT,None
/home/annelot/WARMSTART_PROJECT/baseline_symphony_21-01-2026+15_00/tmp/mnist-net_256x2/image_1/mnist-net_256x2_1_0_027.mps,/home/annelot/WARMSTART_PROJECT/baseline_symphony_21-01-2026+15_00/tmp/mnist-net_256x2/image_1/mnist-net_256x2_1_0_049.mps,ERR,,UNSAT-UNSAT,None
/home/annelot/WARMSTART_PROJECT/baseline_symphony_21-01-2026+15_00/tmp/mnist-net_256x2/image_1/mnist-net_256x2_1_0_027.mps,/home/annelot/WARMSTART_PROJECT/baseline_symphony_21-01-2026+15_00/tmp/mnist-net_256x2/image_1/mnist-net_256x2_1_0_051.mps,ERR,,UNSAT-UNSAT,None
/home/annelot/WARMSTART_PROJECT/baseline_symphony_21-01-2026+15_00/tmp/mnist-net_256x2/image_1/mnist-net_256x2_1_0_029.mps,/home/annelot/WARMSTART_PROJECT/baseline_symphony_21-01-2026+15_00/tmp/mnist-net_256x2/image_1/mnist-net_256x2_1_0_031.mps,UNSAT,0.196,UNSAT-UNSAT,None
/home/annelot/WARMSTART_PROJECT/baseline_symphony_21-01-2026+15_00/tmp/mnist-net_256x2/image_1/mnist-net_256x2_1_0_029.mps,/home/annelot/WARMSTART_PROJECT/baseline_symphony_21-01-2026+15_00/tmp/mnist-net_256x2/image_1/mnist-net_256x2_1_0_033.mps,UNSAT,0.208,UNSAT-UNSAT,None
/home/annelot/WARMSTART_PROJECT/baseline_symphony_21-01-2026+15_00/tmp/mnist-net_256x2/image_1/mnist-net_256x2_1_0_029.mps,/home/annelot/WARMSTART_PROJECT/baseline_symphony_21-01-2026+15_00/tmp/mnist-net_256x2/image_1/mnist-net_256x2_1_0_035.mps,UNSAT,0.205,UNSAT-UNSAT,None
/home/annelot/WARMSTART_PROJECT/baseline_symphony_21-01-2026+15_00/tmp/mnist-net_256x2/image_1/mnist-net_256x2_1_0_029.mps,/home/annelot/WARMSTART_PROJECT/baseline_symphony_21-01-2026+15_00/tmp/mnist-net_256x2/image_1/mnist-net_256x2_1_0_037.mps,UNSAT,0.205,UNSAT-UNSAT,None
/home/annelot/WARMSTART_PROJECT/baseline_symphony_21-01-2026+15_00/tmp/mnist-net_256x2/image_1/mnist-net_256x2_1_0_029.mps,/home/annelot/WARMSTART_PROJECT/baseline_symphony_21-01-2026+15_00/tmp/mnist-net_256x2/image_1/mnist-net_256x2_1_0_039.mps,UNSAT,0.202,UNSAT-UNSAT,None
/home/annelot/WARMSTART_PROJECT/baseline_symphony_21-01-2026+15_00/tmp/mnist-net_256x2/image_1/mnist-net_256x2_1_0_029.mps,/home/annelot/WARMSTART_PROJECT/baseline_symphony_21-01-2026+15_00/tmp/mnist-net_256x2/image_1/mnist-net_256x2_1_0_041.mps,UNSAT,0.202,UNSAT-UNSAT,None
/home/annelot/WARMSTART_PROJECT/baseline_symphony_21-01-2026+15_00/tmp/mnist-net_256x2/image_1/mnist-net_256x2_1_0_029.mps,/home/annelot/WARMSTART_PROJECT/baseline_symphony_21-01-2026+15_00/tmp/mnist-net_256x2/image_1/mnist-net_256x2_1_0_043.mps,UNSAT,0.204,UNSAT-UNSAT,None
/home/annelot/WARMSTART_PROJECT/baseline_symphony_21-01-2026+15_00/tmp/mnist-net_256x2/image_1/mnist-net_256x2_1_0_029.mps,/home/annelot/WARMSTART_PROJECT/baseline_symphony_21-01-2026+15_00/tmp/mnist-net_256x2/image_1/mnist-net_256x2_1_0_045.mps,UNSAT,0.205,UNSAT-UNSAT,None
/home/annelot/WARMSTART_PROJECT/baseline_symphony_21-01-2026+15_00/tmp/mnist-net_256x2/image_1/mnist-net_256x2_1_0_029.mps,/home/annelot/WARMSTART_PROJECT/baseline_symphony_21-01-2026+15_00/tmp/mnist-net_256x2/image_1/mnist-net_256x2_1_0_047.mps,UNSAT,0.208,UNSAT-UNSAT,None
/home/annelot/WARMSTART_PROJECT/baseline_symphony_21-01-2026+15_00/tmp/mnist-net_256x2/image_1/mnist-net_256x2_1_0_029.mps,/home/annelot/WARMSTART_PROJECT/baseline_symphony_21-01-2026+15_00/tmp/mnist-net_256x2/image_1/mnist-net_256x2_1_0_049.mps,UNSAT,0.204,UNSAT-UNSAT,None
/home/annelot/WARMSTART_PROJECT/baseline_symphony_21-01-2026+15_00/tmp/mnist-net_256x2/image_1/mnist-net_256x2_1_0_029.mps,/home/annelot/WARMSTART_PROJECT/baseline_symphony_21-01-2026+15_00/tmp/mnist-net_256x2/image_1/mnist-net_256x2_1_0_051.mps,UNSAT,0.205,UNSAT-UNSAT,None
/home/annelot/WARMSTART_PROJECT/baseline_symphony_21-01-2026+15_00/tmp/mnist-net_256x2/image_1/mnist-net_256x2_1_0_031.mps,/home/annelot/WARMSTART_PROJECT/baseline_symphony_21-01-2026+15_00/tmp/mnist-net_256x2/image_1/mnist-net_256x2_1_0_033.mps,UNSAT,2.754,UNSAT-UNSAT,None
/home/annelot/WARMSTART_PROJECT/baseline_symphony_21-01-2026+15_00/tmp/mnist-net_256x2/image_2/mnist-net_256x2_2_0_033.mps,/home/annelot/WARMSTART_PROJECT/baseline_symphony_21-01-2026+15_00/tmp/mnist-net_256x2/image_2/mnist-net_256x2_2_0_101.mps,UNSAT,745.768,UNSAT-TIMEOUT,None
/home/annelot/WARMSTART_PROJECT/baseline_symphony_21-01-2026+15_00/tmp/mnist-net_256x2/image_1/mnist-net_256x2_1_0_031.mps,/home/annelot/WARMSTART_PROJECT/baseline_symphony_21-01-2026+15_00/tmp/mnist-net_256x2/image_1/mnist-net_256x2_1_0_035.mps,UNSAT,2.761,UNSAT-UNSAT,None
/home/annelot/WARMSTART_PROJECT/baseline_symphony_21-01-2026+15_00/tmp/mnist-net_256x2/image_1/mnist-net_256x2_1_0_031.mps,/home/annelot/WARMSTART_PROJECT/baseline_symphony_21-01-2026+15_00/tmp/mnist-net_256x2/image_1/mnist-net_256x2_1_0_037.mps,UNSAT,2.728,UNSAT-UNSAT,None
/home/annelot/WARMSTART_PROJECT/baseline_symphony_21-01-2026+15_00/tmp/mnist-net_256x2/image_1/mnist-net_256x2_1_0_031.mps,/home/annelot/WARMSTART_PROJECT/baseline_symphony_21-01-2026+15_00/tmp/mnist-net_256x2/image_1/mnist-net_256x2_1_0_039.mps,UNSAT,2.752,UNSAT-UNSAT,None
/home/annelot/WARMSTART_PROJECT/baseline_symphony_21-01-2026+15_00/tmp/mnist-net_256x2/image_1/mnist-net_256x2_1_0_031.mps,/home/annelot/WARMSTART_PROJECT/baseline_symphony_21-01-2026+15_00/tmp/mnist-net_256x2/image_1/mnist-net_256x2_1_0_041.mps,UNSAT,2.752,UNSAT-UNSAT,None
/home/annelot/WARMSTART_PROJECT/baseline_symphony_21-01-2026+15_00/tmp/mnist-net_256x2/image_1/mnist-net_256x2_1_0_031.mps,/home/annelot/WARMSTART_PROJECT/baseline_symphony_21-01-2026+15_00/tmp/mnist-net_256x2/image_1/mnist-net_256x2_1_0_043.mps,UNSAT,2.746,UNSAT-UNSAT,None
/home/annelot/WARMSTART_PROJECT/baseline_symphony_21-01-2026+15_00/tmp/mnist-net_256x2/image_1/mnist-net_256x2_1_0_031.mps,/home/annelot/WARMSTART_PROJECT/baseline_symphony_21-01-2026+15_00/tmp/mnist-net_256x2/image_1/mnist-net_256x2_1_0_045.mps,UNSAT,2.749,UNSAT-UNSAT,None
/home/annelot/WARMSTART_PROJECT/baseline_symphony_21-01-2026+15_00/tmp/mnist-net_256x2/image_1/mnist-net_256x2_1_0_031.mps,/home/annelot/WARMSTART_PROJECT/baseline_symphony_21-01-2026+15_00/tmp/mnist-net_256x2/image_1/mnist-net_256x2_1_0_047.mps,UNSAT,2.763,UNSAT-UNSAT,None
/home/annelot/WARMSTART_PROJECT/baseline_symphony_21-01-2026+15_00/tmp/mnist-net_256x2/image_1/mnist-net_256x2_1_0_031.mps,/home/annelot/WARMSTART_PROJECT/baseline_symphony_21-01-2026+15_00/tmp/mnist-net_256x2/image_1/mnist-net_256x2_1_0_049.mps,UNSAT,2.723,UNSAT-UNSAT,None
/home/annelot/WARMSTART_PROJECT/baseline_symphony_21-01-2026+15_00/tmp/mnist-net_256x2/image_1/mnist-net_256x2_1_0_031.mps,/home/annelot/WARMSTART_PROJECT/baseline_symphony_21-01-2026+15_00/tmp/mnist-net_256x2/image_1/mnist-net_256x2_1_0_051.mps,UNSAT,2.757,UNSAT-UNSAT,None
/home/annelot/WARMSTART_PROJECT/baseline_symphony_21-01-2026+15_00/tmp/mnist-net_256x2/image_1/mnist-net_256x2_1_0_033.mps,/home/annelot/WARMSTART_PROJECT/baseline_symphony_21-01-2026+15_00/tmp/mnist-net_256x2/image_1/mnist-net_256x2_1_0_035.mps,UNSAT,10.583,UNSAT-UNSAT,None
/home/annelot/WARMSTART_PROJECT/baseline_symphony_21-01-2026+15_00/tmp/mnist-net_256x2/image_1/mnist-net_256x2_1_0_033.mps,/home/annelot/WARMSTART_PROJECT/baseline_symphony_21-01-2026+15_00/tmp/mnist-net_256x2/image_1/mnist-net_256x2_1_0_037.mps,UNSAT,10.556,UNSAT-UNSAT,None
/home/annelot/WARMSTART_PROJECT/baseline_symphony_21-01-2026+15_00/tmp/mnist-net_256x2/image_1/mnist-net_256x2_1_0_033.mps,/home/annelot/WARMSTART_PROJECT/baseline_symphony_21-01-2026+15_00/tmp/mnist-net_256x2/image_1/mnist-net_256x2_1_0_039.mps,UNSAT,10.576,UNSAT-UNSAT,None
/home/annelot/WARMSTART_PROJECT/baseline_symphony_21-01-2026+15_00/tmp/mnist-net_256x2/image_1/mnist-net_256x2_1_0_033.mps,/home/annelot/WARMSTART_PROJECT/baseline_symphony_21-01-2026+15_00/tmp/mnist-net_256x2/image_1/mnist-net_256x2_1_0_041.mps,UNSAT,10.499,UNSAT-UNSAT,None
/home/annelot/WARMSTART_PROJECT/baseline_symphony_21-01-2026+15_00/tmp/mnist-net_256x2/image_1/mnist-net_256x2_1_0_033.mps,/home/annelot/WARMSTART_PROJECT/baseline_symphony_21-01-2026+15_00/tmp/mnist-net_256x2/image_1/mnist-net_256x2_1_0_043.mps,UNSAT,10.546,UNSAT-UNSAT,None
/home/annelot/WARMSTART_PROJECT/baseline_symphony_21-01-2026+15_00/tmp/mnist-net_256x2/image_1/mnist-net_256x2_1_0_033.mps,/home/annelot/WARMSTART_PROJECT/baseline_symphony_21-01-2026+15_00/tmp/mnist-net_256x2/image_1/mnist-net_256x2_1_0_045.mps,UNSAT,10.522,UNSAT-UNSAT,None
/home/annelot/WARMSTART_PROJECT/baseline_symphony_21-01-2026+15_00/tmp/mnist-net_256x2/image_1/mnist-net_256x2_1_0_033.mps,/home/annelot/WARMSTART_PROJECT/baseline_symphony_21-01-2026+15_00/tmp/mnist-net_256x2/image_1/mnist-net_256x2_1_0_047.mps,UNSAT,10.531,UNSAT-UNSAT,None
/home/annelot/WARMSTART_PROJECT/baseline_symphony_21-01-2026+15_00/tmp/mnist-net_256x2/image_1/mnist-net_256x2_1_0_033.mps,/home/annelot/WARMSTART_PROJECT/baseline_symphony_21-01-2026+15_00/tmp/mnist-net_256x2/image_1/mnist-net_256x2_1_0_049.mps,UNSAT,10.443,UNSAT-UNSAT,None
/home/annelot/WARMSTART_PROJECT/baseline_symphony_21-01-2026+15_00/tmp/mnist-net_256x2/image_9/mnist-net_256x2_9_0_059.mps,/home/annelot/WARMSTART_PROJECT/baseline_symphony_21-01-2026+15_00/tmp/mnist-net_256x2/image_9/mnist-net_256x2_9_0_061.mps,UNSAT,833.883,UNSAT-UNSAT,None
/home/annelot/WARMSTART_PROJECT/baseline_symphony_21-01-2026+15_00/tmp/mnist-net_256x2/image_9/mnist-net_256x2_9_0_059.mps,/home/annelot/WARMSTART_PROJECT/baseline_symphony_21-01-2026+15_00/tmp/mnist-net_256x2/image_9/mnist-net_256x2_9_0_065.mps,UNSAT,833.067,UNSAT-UNSAT,None
/home/annelot/WARMSTART_PROJECT/baseline_symphony_21-01-2026+15_00/tmp/mnist-net_256x2/image_9/mnist-net_256x2_9_0_059.mps,/home/annelot/WARMSTART_PROJECT/baseline_symphony_21-01-2026+15_00/tmp/mnist-net_256x2/image_9/mnist-net_256x2_9_0_063.mps,UNSAT,836.667,UNSAT-UNSAT,None
/home/annelot/WARMSTART_PROJECT/baseline_symphony_21-01-2026+15_00/tmp/mnist-net_256x2/image_1/mnist-net_256x2_1_0_033.mps,/home/annelot/WARMSTART_PROJECT/baseline_symphony_21-01-2026+15_00/tmp/mnist-net_256x2/image_1/mnist-net_256x2_1_0_051.mps,UNSAT,10.424,UNSAT-UNSAT,None
/home/annelot/WARMSTART_PROJECT/baseline_symphony_21-01-2026+15_00/tmp/mnist-net_256x2/image_1/mnist-net_256x2_1_0_035.mps,/home/annelot/WARMSTART_PROJECT/baseline_symphony_21-01-2026+15_00/tmp/mnist-net_256x2/image_1/mnist-net_256x2_1_0_037.mps,UNSAT,10.456,UNSAT-UNSAT,None
/home/annelot/WARMSTART_PROJECT/baseline_symphony_21-01-2026+15_00/tmp/mnist-net_256x2/image_1/mnist-net_256x2_1_0_035.mps,/home/annelot/WARMSTART_PROJECT/baseline_symphony_21-01-2026+15_00/tmp/mnist-net_256x2/image_1/mnist-net_256x2_1_0_039.mps,UNSAT,10.404,UNSAT-UNSAT,None
/home/annelot/WARMSTART_PROJECT/baseline_symphony_21-01-2026+15_00/tmp/mnist-net_256x2/image_2/mnist-net_256x2_2_0_033.mps,/home/annelot/WARMSTART_PROJECT/baseline_symphony_21-01-2026+15_00/tmp/mnist-net_256x2/image_2/mnist-net_256x2_2_0_121.mps,UNSAT,738.42,UNSAT-TIMEOUT,None
/home/annelot/WARMSTART_PROJECT/baseline_symphony_21-01-2026+15_00/tmp/mnist-net_256x2/image_2/mnist-net_256x2_2_0_033.mps,/home/annelot/WARMSTART_PROJECT/baseline_symphony_21-01-2026+15_00/tmp/mnist-net_256x2/image_2/mnist-net_256x2_2_0_321.mps,UNSAT,445.076,UNSAT-TIMEOUT,None
/home/annelot/WARMSTART_PROJECT/baseline_symphony_21-01-2026+15_00/tmp/mnist-net_256x2/image_1/mnist-net_256x2_1_0_035.mps,/home/annelot/WARMSTART_PROJECT/baseline_symphony_21-01-2026+15_00/tmp/mnist-net_256x2/image_1/mnist-net_256x2_1_0_041.mps,UNSAT,10.391,UNSAT-UNSAT,None
/home/annelot/WARMSTART_PROJECT/baseline_symphony_21-01-2026+15_00/tmp/mnist-net_256x2/image_2/mnist-net_256x2_2_0_033.mps,/home/annelot/WARMSTART_PROJECT/baseline_symphony_21-01-2026+15_00/tmp/mnist-net_256x2/image_2/mnist-net_256x2_2_0_141.mps,UNSAT,740.922,UNSAT-TIMEOUT,None
/home/annelot/WARMSTART_PROJECT/baseline_symphony_21-01-2026+15_00/tmp/mnist-net_256x2/image_1/mnist-net_256x2_1_0_035.mps,/home/annelot/WARMSTART_PROJECT/baseline_symphony_21-01-2026+15_00/tmp/mnist-net_256x2/image_1/mnist-net_256x2_1_0_043.mps,UNSAT,10.42,UNSAT-UNSAT,None
/home/annelot/WARMSTART_PROJECT/baseline_symphony_21-01-2026+15_00/tmp/mnist-net_256x2/image_1/mnist-net_256x2_1_0_035.mps,/home/annelot/WARMSTART_PROJECT/baseline_symphony_21-01-2026+15_00/tmp/mnist-net_256x2/image_1/mnist-net_256x2_1_0_045.mps,UNSAT,10.365,UNSAT-UNSAT,None
/home/annelot/WARMSTART_PROJECT/baseline_symphony_21-01-2026+15_00/tmp/mnist-net_256x2/image_2/mnist-net_256x2_2_0_033.mps,/home/annelot/WARMSTART_PROJECT/baseline_symphony_21-01-2026+15_00/tmp/mnist-net_256x2/image_2/mnist-net_256x2_2_0_341.mps,UNSAT,446.865,UNSAT-TIMEOUT,None
/home/annelot/WARMSTART_PROJECT/baseline_symphony_21-01-2026+15_00/tmp/mnist-net_256x2/image_1/mnist-net_256x2_1_0_035.mps,/home/annelot/WARMSTART_PROJECT/baseline_symphony_21-01-2026+15_00/tmp/mnist-net_256x2/image_1/mnist-net_256x2_1_0_047.mps,UNSAT,10.331,UNSAT-UNSAT,None
/home/annelot/WARMSTART_PROJECT/baseline_symphony_21-01-2026+15_00/tmp/mnist-net_256x2/image_2/mnist-net_256x2_2_0_033.mps,/home/annelot/WARMSTART_PROJECT/baseline_symphony_21-01-2026+15_00/tmp/mnist-net_256x2/image_2/mnist-net_256x2_2_0_161.mps,UNSAT,742.242,UNSAT-TIMEOUT,None
/home/annelot/WARMSTART_PROJECT/baseline_symphony_21-01-2026+15_00/tmp/mnist-net_256x2/image_1/mnist-net_256x2_1_0_035.mps,/home/annelot/WARMSTART_PROJECT/baseline_symphony_21-01-2026+15_00/tmp/mnist-net_256x2/image_1/mnist-net_256x2_1_0_049.mps,UNSAT,10.28,UNSAT-UNSAT,None
/home/annelot/WARMSTART_PROJECT/baseline_symphony_21-01-2026+15_00/tmp/mnist-net_256x2/image_1/mnist-net_256x2_1_0_035.mps,/home/annelot/WARMSTART_PROJECT/baseline_symphony_21-01-2026+15_00/tmp/mnist-net_256x2/image_1/mnist-net_256x2_1_0_051.mps,UNSAT,10.028,UNSAT-UNSAT,None
/home/annelot/WARMSTART_PROJECT/baseline_symphony_21-01-2026+15_00/tmp/mnist-net_256x2/image_2/mnist-net_256x2_2_0_033.mps,/home/annelot/WARMSTART_PROJECT/baseline_symphony_21-01-2026+15_00/tmp/mnist-net_256x2/image_2/mnist-net_256x2_2_0_181.mps,UNSAT,738.354,UNSAT-TIMEOUT,None
/home/annelot/WARMSTART_PROJECT/baseline_symphony_21-01-2026+15_00/tmp/mnist-net_256x2/image_1/mnist-net_256x2_1_0_037.mps,/home/annelot/WARMSTART_PROJECT/baseline_symphony_21-01-2026+15_00/tmp/mnist-net_256x2/image_1/mnist-net_256x2_1_0_039.mps,UNSAT,16.889,UNSAT-UNSAT,None
/home/annelot/WARMSTART_PROJECT/baseline_symphony_21-01-2026+15_00/tmp/mnist-net_256x2/image_2/mnist-net_256x2_2_0_033.mps,/home/annelot/WARMSTART_PROJECT/baseline_symphony_21-01-2026+15_00/tmp/mnist-net_256x2/image_2/mnist-net_256x2_2_0_201.mps,UNSAT,739.814,UNSAT-TIMEOUT,None
/home/annelot/WARMSTART_PROJECT/baseline_symphony_21-01-2026+15_00/tmp/mnist-net_256x2/image_1/mnist-net_256x2_1_0_037.mps,/home/annelot/WARMSTART_PROJECT/baseline_symphony_21-01-2026+15_00/tmp/mnist-net_256x2/image_1/mnist-net_256x2_1_0_049.mps,UNSAT,16.945,UNSAT-UNSAT,None
/home/annelot/WARMSTART_PROJECT/baseline_symphony_21-01-2026+15_00/tmp/mnist-net_256x2/image_2/mnist-net_256x2_2_0_033.mps,/home/annelot/WARMSTART_PROJECT/baseline_symphony_21-01-2026+15_00/tmp/mnist-net_256x2/image_2/mnist-net_256x2_2_0_221.mps,UNSAT,743.488,UNSAT-TIMEOUT,None
/home/annelot/WARMSTART_PROJECT/baseline_symphony_21-01-2026+15_00/tmp/mnist-net_256x2/image_2/mnist-net_256x2_2_0_033.mps,/home/annelot/WARMSTART_PROJECT/baseline_symphony_21-01-2026+15_00/tmp/mnist-net_256x2/image_2/mnist-net_256x2_2_0_261.mps,UNSAT,741.907,UNSAT-TIMEOUT,None
/home/annelot/WARMSTART_PROJECT/baseline_symphony_21-01-2026+15_00/tmp/mnist-net_256x2/image_2/mnist-net_256x2_2_0_033.mps,/home/annelot/WARMSTART_PROJECT/baseline_symphony_21-01-2026+15_00/tmp/mnist-net_256x2/image_2/mnist-net_256x2_2_0_241.mps,UNSAT,741.896,UNSAT-TIMEOUT,None
/home/annelot/WARMSTART_PROJECT/baseline_symphony_21-01-2026+15_00/tmp/mnist-net_256x2/image_2/mnist-net_256x2_2_0_033.mps,/home/annelot/WARMSTART_PROJECT/baseline_symphony_21-01-2026+15_00/tmp/mnist-net_256x2/image_2/mnist-net_256x2_2_0_281.mps,UNSAT,740.795,UNSAT-TIMEOUT,None
/home/annelot/WARMSTART_PROJECT/baseline_symphony_21-01-2026+15_00/tmp/mnist-net_256x2/image_1/mnist-net_256x2_1_0_037.mps,/home/annelot/WARMSTART_PROJECT/baseline_symphony_21-01-2026+15_00/tmp/mnist-net_256x2/image_1/mnist-net_256x2_1_0_041.mps,UNSAT,27.338,UNSAT-UNSAT,None
/home/annelot/WARMSTART_PROJECT/baseline_symphony_21-01-2026+15_00/tmp/mnist-net_256x2/image_1/mnist-net_256x2_1_0_037.mps,/home/annelot/WARMSTART_PROJECT/baseline_symphony_21-01-2026+15_00/tmp/mnist-net_256x2/image_1/mnist-net_256x2_1_0_043.mps,UNSAT,27.262,UNSAT-UNSAT,None
/home/annelot/WARMSTART_PROJECT/baseline_symphony_21-01-2026+15_00/tmp/mnist-net_256x2/image_1/mnist-net_256x2_1_0_037.mps,/home/annelot/WARMSTART_PROJECT/baseline_symphony_21-01-2026+15_00/tmp/mnist-net_256x2/image_1/mnist-net_256x2_1_0_045.mps,UNSAT,27.257,UNSAT-UNSAT,None
/home/annelot/WARMSTART_PROJECT/baseline_symphony_21-01-2026+15_00/tmp/mnist-net_256x2/image_1/mnist-net_256x2_1_0_037.mps,/home/annelot/WARMSTART_PROJECT/baseline_symphony_21-01-2026+15_00/tmp/mnist-net_256x2/image_1/mnist-net_256x2_1_0_047.mps,UNSAT,27.188,UNSAT-UNSAT,None
/home/annelot/WARMSTART_PROJECT/baseline_symphony_21-01-2026+15_00/tmp/mnist-net_256x2/image_1/mnist-net_256x2_1_0_039.mps,/home/annelot/WARMSTART_PROJECT/baseline_symphony_21-01-2026+15_00/tmp/mnist-net_256x2/image_1/mnist-net_256x2_1_0_049.mps,UNSAT,17.551,UNSAT-UNSAT,None
/home/annelot/WARMSTART_PROJECT/baseline_symphony_21-01-2026+15_00/tmp/mnist-net_256x2/image_1/mnist-net_256x2_1_0_037.mps,/home/annelot/WARMSTART_PROJECT/baseline_symphony_21-01-2026+15_00/tmp/mnist-net_256x2/image_1/mnist-net_256x2_1_0_051.mps,UNSAT,27.095,UNSAT-UNSAT,None
/home/annelot/WARMSTART_PROJECT/baseline_symphony_21-01-2026+15_00/tmp/mnist-net_256x2/image_1/mnist-net_256x2_1_0_039.mps,/home/annelot/WARMSTART_PROJECT/baseline_symphony_21-01-2026+15_00/tmp/mnist-net_256x2/image_1/mnist-net_256x2_1_0_041.mps,UNSAT,28.042,UNSAT-UNSAT,None
/home/annelot/WARMSTART_PROJECT/baseline_symphony_21-01-2026+15_00/tmp/mnist-net_256x2/image_1/mnist-net_256x2_1_0_039.mps,/home/annelot/WARMSTART_PROJECT/baseline_symphony_21-01-2026+15_00/tmp/mnist-net_256x2/image_1/mnist-net_256x2_1_0_043.mps,UNSAT,28.107,UNSAT-UNSAT,None
/home/annelot/WARMSTART_PROJECT/baseline_symphony_21-01-2026+15_00/tmp/mnist-net_256x2/image_1/mnist-net_256x2_1_0_039.mps,/home/annelot/WARMSTART_PROJECT/baseline_symphony_21-01-2026+15_00/tmp/mnist-net_256x2/image_1/mnist-net_256x2_1_0_045.mps,UNSAT,27.916,UNSAT-UNSAT,None
/home/annelot/WARMSTART_PROJECT/baseline_symphony_21-01-2026+15_00/tmp/mnist-net_256x2/image_1/mnist-net_256x2_1_0_039.mps,/home/annelot/WARMSTART_PROJECT/baseline_symphony_21-01-2026+15_00/tmp/mnist-net_256x2/image_1/mnist-net_256x2_1_0_047.mps,UNSAT,27.926,UNSAT-UNSAT,None
/home/annelot/WARMSTART_PROJECT/baseline_symphony_21-01-2026+15_00/tmp/mnist-net_256x2/image_1/mnist-net_256x2_1_0_039.mps,/home/annelot/WARMSTART_PROJECT/baseline_symphony_21-01-2026+15_00/tmp/mnist-net_256x2/image_1/mnist-net_256x2_1_0_051.mps,UNSAT,28.314,UNSAT-UNSAT,None
/home/annelot/WARMSTART_PROJECT/baseline_symphony_21-01-2026+15_00/tmp/mnist-net_256x2/image_1/mnist-net_256x2_1_0_041.mps,/home/annelot/WARMSTART_PROJECT/baseline_symphony_21-01-2026+15_00/tmp/mnist-net_256x2/image_1/mnist-net_256x2_1_0_043.mps,UNSAT,33.215,UNSAT-UNSAT,None
/home/annelot/WARMSTART_PROJECT/baseline_symphony_21-01-2026+15_00/tmp/mnist-net_256x2/image_1/mnist-net_256x2_1_0_041.mps,/home/annelot/WARMSTART_PROJECT/baseline_symphony_21-01-2026+15_00/tmp/mnist-net_256x2/image_1/mnist-net_256x2_1_0_045.mps,UNSAT,53.516,UNSAT-UNSAT,None
/home/annelot/WARMSTART_PROJECT/baseline_symphony_21-01-2026+15_00/tmp/mnist-net_256x2/image_1/mnist-net_256x2_1_0_041.mps,/home/annelot/WARMSTART_PROJECT/baseline_symphony_21-01-2026+15_00/tmp/mnist-net_256x2/image_1/mnist-net_256x2_1_0_047.mps,UNSAT,53.775,UNSAT-UNSAT,None
/home/annelot/WARMSTART_PROJECT/baseline_symphony_21-01-2026+15_00/tmp/mnist-net_256x2/image_1/mnist-net_256x2_1_0_041.mps,/home/annelot/WARMSTART_PROJECT/baseline_symphony_21-01-2026+15_00/tmp/mnist-net_256x2/image_1/mnist-net_256x2_1_0_049.mps,UNSAT,53.656,UNSAT-UNSAT,None
/home/annelot/WARMSTART_PROJECT/baseline_symphony_21-01-2026+15_00/tmp/mnist-net_256x2/image_1/mnist-net_256x2_1_0_041.mps,/home/annelot/WARMSTART_PROJECT/baseline_symphony_21-01-2026+15_00/tmp/mnist-net_256x2/image_1/mnist-net_256x2_1_0_051.mps,UNSAT,53.551,UNSAT-UNSAT,None
/home/annelot/WARMSTART_PROJECT/baseline_symphony_21-01-2026+15_00/tmp/mnist-net_256x2/image_2/mnist-net_256x2_2_0_033.mps,/home/annelot/WARMSTART_PROJECT/baseline_symphony_21-01-2026+15_00/tmp/mnist-net_256x2/image_2/mnist-net_256x2_2_0_361.mps,UNSAT,444.869,UNSAT-TIMEOUT,None
/home/annelot/WARMSTART_PROJECT/baseline_symphony_21-01-2026+15_00/tmp/mnist-net_256x2/image_1/mnist-net_256x2_1_0_043.mps,/home/annelot/WARMSTART_PROJECT/baseline_symphony_21-01-2026+15_00/tmp/mnist-net_256x2/image_1/mnist-net_256x2_1_0_045.mps,UNSAT,176.203,UNSAT-UNSAT,None
/home/annelot/WARMSTART_PROJECT/baseline_symphony_21-01-2026+15_00/tmp/mnist-net_256x2/image_1/mnist-net_256x2_1_0_043.mps,/home/annelot/WARMSTART_PROJECT/baseline_symphony_21-01-2026+15_00/tmp/mnist-net_256x2/image_1/mnist-net_256x2_1_0_047.mps,UNSAT,176.573,UNSAT-UNSAT,None
/home/annelot/WARMSTART_PROJECT/baseline_symphony_21-01-2026+15_00/tmp/mnist-net_256x2/image_1/mnist-net_256x2_1_0_043.mps,/home/annelot/WARMSTART_PROJECT/baseline_symphony_21-01-2026+15_00/tmp/mnist-net_256x2/image_1/mnist-net_256x2_1_0_049.mps,UNSAT,177.027,UNSAT-UNSAT,None
/home/annelot/WARMSTART_PROJECT/baseline_symphony_21-01-2026+15_00/tmp/mnist-net_256x2/image_1/mnist-net_256x2_1_0_043.mps,/home/annelot/WARMSTART_PROJECT/baseline_symphony_21-01-2026+15_00/tmp/mnist-net_256x2/image_1/mnist-net_256x2_1_0_051.mps,UNSAT,176.955,UNSAT-UNSAT,None
/home/annelot/WARMSTART_PROJECT/baseline_symphony_21-01-2026+15_00/tmp/mnist-net_256x2/image_9/mnist-net_256x2_9_0_061.mps,/home/annelot/WARMSTART_PROJECT/baseline_symphony_21-01-2026+15_00/tmp/mnist-net_256x2/image_9/mnist-net_256x2_9_0_063.mps,UNSAT,1739.847,UNSAT-UNSAT,None
/home/annelot/WARMSTART_PROJECT/baseline_symphony_21-01-2026+15_00/tmp/mnist-net_256x2/image_9/mnist-net_256x2_9_0_061.mps,/home/annelot/WARMSTART_PROJECT/baseline_symphony_21-01-2026+15_00/tmp/mnist-net_256x2/image_9/mnist-net_256x2_9_0_065.mps,UNSAT,1739.122,UNSAT-UNSAT,None
/home/annelot/WARMSTART_PROJECT/baseline_symphony_21-01-2026+15_00/tmp/mnist-net_256x2/image_1/mnist-net_256x2_1_0_045.mps,/home/annelot/WARMSTART_PROJECT/baseline_symphony_21-01-2026+15_00/tmp/mnist-net_256x2/image_1/mnist-net_256x2_1_0_047.mps,UNSAT,366.096,UNSAT-UNSAT,None
/home/annelot/WARMSTART_PROJECT/baseline_symphony_21-01-2026+15_00/tmp/mnist-net_256x2/image_5/mnist-net_256x2_5_0_021.mps,/home/annelot/WARMSTART_PROJECT/baseline_symphony_21-01-2026+15_00/tmp/mnist-net_256x2/image_5/mnist-net_256x2_5_0_023.mps,ERR,,UNSAT-UNSAT,None
/home/annelot/WARMSTART_PROJECT/baseline_symphony_21-01-2026+15_00/tmp/mnist-net_256x2/image_5/mnist-net_256x2_5_0_021.mps,/home/annelot/WARMSTART_PROJECT/baseline_symphony_21-01-2026+15_00/tmp/mnist-net_256x2/image_5/mnist-net_256x2_5_0_025.mps,ERR,,UNSAT-UNSAT,None
/home/annelot/WARMSTART_PROJECT/baseline_symphony_21-01-2026+15_00/tmp/mnist-net_256x2/image_9/mnist-net_256x2_9_0_063.mps,/home/annelot/WARMSTART_PROJECT/baseline_symphony_21-01-2026+15_00/tmp/mnist-net_256x2/image_9/mnist-net_256x2_9_0_065.mps,UNSAT,1979.415,UNSAT-UNSAT,None
/home/annelot/WARMSTART_PROJECT/baseline_symphony_21-01-2026+15_00/tmp/mnist-net_256x2/image_5/mnist-net_256x2_5_0_021.mps,/home/annelot/WARMSTART_PROJECT/baseline_symphony_21-01-2026+15_00/tmp/mnist-net_256x2/image_5/mnist-net_256x2_5_0_027.mps,ERR,,UNSAT-UNSAT,None
/home/annelot/WARMSTART_PROJECT/baseline_symphony_21-01-2026+15_00/tmp/mnist-net_256x2/image_5/mnist-net_256x2_5_0_021.mps,/home/annelot/WARMSTART_PROJECT/baseline_symphony_21-01-2026+15_00/tmp/mnist-net_256x2/image_5/mnist-net_256x2_5_0_029.mps,ERR,,UNSAT-UNSAT,None
/home/annelot/WARMSTART_PROJECT/baseline_symphony_21-01-2026+15_00/tmp/mnist-net_256x2/image_5/mnist-net_256x2_5_0_021.mps,/home/annelot/WARMSTART_PROJECT/baseline_symphony_21-01-2026+15_00/tmp/mnist-net_256x2/image_5/mnist-net_256x2_5_0_031.mps,ERR,,UNSAT-UNSAT,None
/home/annelot/WARMSTART_PROJECT/baseline_symphony_21-01-2026+15_00/tmp/mnist-net_256x2/image_2/mnist-net_256x2_2_0_033.mps,/home/annelot/WARMSTART_PROJECT/baseline_symphony_21-01-2026+15_00/tmp/mnist-net_256x2/image_2/mnist-net_256x2_2_0_381.mps,UNSAT,748.881,UNSAT-TIMEOUT,None
/home/annelot/WARMSTART_PROJECT/baseline_symphony_21-01-2026+15_00/tmp/mnist-net_256x2/image_1/mnist-net_256x2_1_0_045.mps,/home/annelot/WARMSTART_PROJECT/baseline_symphony_21-01-2026+15_00/tmp/mnist-net_256x2/image_1/mnist-net_256x2_1_0_051.mps,UNSAT,609.85,UNSAT-UNSAT,None
/home/annelot/WARMSTART_PROJECT/baseline_symphony_21-01-2026+15_00/tmp/mnist-net_256x2/image_1/mnist-net_256x2_1_0_045.mps,/home/annelot/WARMSTART_PROJECT/baseline_symphony_21-01-2026+15_00/tmp/mnist-net_256x2/image_1/mnist-net_256x2_1_0_049.mps,UNSAT,611.877,UNSAT-UNSAT,None
/home/annelot/WARMSTART_PROJECT/baseline_symphony_21-01-2026+15_00/tmp/mnist-net_256x2/image_1/mnist-net_256x2_1_0_047.mps,/home/annelot/WARMSTART_PROJECT/baseline_symphony_21-01-2026+15_00/tmp/mnist-net_256x2/image_1/mnist-net_256x2_1_0_051.mps,UNSAT,788.372,UNSAT-UNSAT,None
/home/annelot/WARMSTART_PROJECT/baseline_symphony_21-01-2026+15_00/tmp/mnist-net_256x2/image_1/mnist-net_256x2_1_0_047.mps,/home/annelot/WARMSTART_PROJECT/baseline_symphony_21-01-2026+15_00/tmp/mnist-net_256x2/image_1/mnist-net_256x2_1_0_049.mps,UNSAT,791.116,UNSAT-UNSAT,None
/home/annelot/WARMSTART_PROJECT/baseline_symphony_21-01-2026+15_00/tmp/mnist-net_256x2/image_5/mnist-net_256x2_5_0_037.mps,/home/annelot/WARMSTART_PROJECT/baseline_symphony_21-01-2026+15_00/tmp/mnist-net_256x2/image_5/mnist-net_256x2_5_0_039.mps,UNSAT,350.914,UNSAT-TIMEOUT,None
/home/annelot/WARMSTART_PROJECT/baseline_symphony_21-01-2026+15_00/tmp/mnist-net_256x2/image_5/mnist-net_256x2_5_0_037.mps,/home/annelot/WARMSTART_PROJECT/baseline_symphony_21-01-2026+15_00/tmp/mnist-net_256x2/image_5/mnist-net_256x2_5_0_041.mps,UNSAT,353.632,UNSAT-TIMEOUT,None
/home/annelot/WARMSTART_PROJECT/baseline_symphony_21-01-2026+15_00/tmp/mnist-net_256x2/image_5/mnist-net_256x2_5_0_037.mps,/home/annelot/WARMSTART_PROJECT/baseline_symphony_21-01-2026+15_00/tmp/mnist-net_256x2/image_5/mnist-net_256x2_5_0_061.mps,UNSAT,351.897,UNSAT-TIMEOUT,None
/home/annelot/WARMSTART_PROJECT/baseline_symphony_21-01-2026+15_00/tmp/mnist-net_256x2/image_5/mnist-net_256x2_5_0_037.mps,/home/annelot/WARMSTART_PROJECT/baseline_symphony_21-01-2026+15_00/tmp/mnist-net_256x2/image_5/mnist-net_256x2_5_0_141.mps,UNSAT,206.091,UNSAT-TIMEOUT,None
/home/annelot/WARMSTART_PROJECT/baseline_symphony_21-01-2026+15_00/tmp/mnist-net_256x2/image_5/mnist-net_256x2_5_0_037.mps,/home/annelot/WARMSTART_PROJECT/baseline_symphony_21-01-2026+15_00/tmp/mnist-net_256x2/image_5/mnist-net_256x2_5_0_161.mps,UNSAT,205.976,UNSAT-TIMEOUT,None
/home/annelot/WARMSTART_PROJECT/baseline_symphony_21-01-2026+15_00/tmp/mnist-net_256x2/image_5/mnist-net_256x2_5_0_037.mps,/home/annelot/WARMSTART_PROJECT/baseline_symphony_21-01-2026+15_00/tmp/mnist-net_256x2/image_5/mnist-net_256x2_5_0_181.mps,UNSAT,206.036,UNSAT-TIMEOUT,None
/home/annelot/WARMSTART_PROJECT/baseline_symphony_21-01-2026+15_00/tmp/mnist-net_256x2/image_5/mnist-net_256x2_5_0_037.mps,/home/annelot/WARMSTART_PROJECT/baseline_symphony_21-01-2026+15_00/tmp/mnist-net_256x2/image_5/mnist-net_256x2_5_0_201.mps,UNSAT,207.1,UNSAT-TIMEOUT,None
/home/annelot/WARMSTART_PROJECT/baseline_symphony_21-01-2026+15_00/tmp/mnist-net_256x2/image_5/mnist-net_256x2_5_0_037.mps,/home/annelot/WARMSTART_PROJECT/baseline_symphony_21-01-2026+15_00/tmp/mnist-net_256x2/image_5/mnist-net_256x2_5_0_081.mps,UNSAT,352.205,UNSAT-TIMEOUT,None
/home/annelot/WARMSTART_PROJECT/baseline_symphony_21-01-2026+15_00/tmp/mnist-net_256x2/image_5/mnist-net_256x2_5_0_037.mps,/home/annelot/WARMSTART_PROJECT/baseline_symphony_21-01-2026+15_00/tmp/mnist-net_256x2/image_5/mnist-net_256x2_5_0_121.mps,UNSAT,351.24,UNSAT-TIMEOUT,None
/home/annelot/WARMSTART_PROJECT/baseline_symphony_21-01-2026+15_00/tmp/mnist-net_256x2/image_5/mnist-net_256x2_5_0_037.mps,/home/annelot/WARMSTART_PROJECT/baseline_symphony_21-01-2026+15_00/tmp/mnist-net_256x2/image_5/mnist-net_256x2_5_0_101.mps,UNSAT,353.015,UNSAT-TIMEOUT,None
/home/annelot/WARMSTART_PROJECT/baseline_symphony_21-01-2026+15_00/tmp/mnist-net_256x2/image_1/mnist-net_256x2_1_0_049.mps,/home/annelot/WARMSTART_PROJECT/baseline_symphony_21-01-2026+15_00/tmp/mnist-net_256x2/image_1/mnist-net_256x2_1_0_051.mps,UNSAT,860.095,UNSAT-UNSAT,None
/home/annelot/WARMSTART_PROJECT/baseline_symphony_21-01-2026+15_00/tmp/mnist-net_256x2/image_0/mnist-net_256x2_0_0_021.mps,/home/annelot/WARMSTART_PROJECT/baseline_symphony_21-01-2026+15_00/tmp/mnist-net_256x2/image_0/mnist-net_256x2_0_0_023.mps,UNSAT,102.68,UNSAT-UNSAT,None
/home/annelot/WARMSTART_PROJECT/baseline_symphony_21-01-2026+15_00/tmp/mnist-net_256x2/image_0/mnist-net_256x2_0_0_021.mps,/home/annelot/WARMSTART_PROJECT/baseline_symphony_21-01-2026+15_00/tmp/mnist-net_256x2/image_0/mnist-net_256x2_0_0_025.mps,UNSAT,102.774,UNSAT-UNSAT,None
/home/annelot/WARMSTART_PROJECT/baseline_symphony_21-01-2026+15_00/tmp/mnist-net_256x2/image_5/mnist-net_256x2_5_0_037.mps,/home/annelot/WARMSTART_PROJECT/baseline_symphony_21-01-2026+15_00/tmp/mnist-net_256x2/image_5/mnist-net_256x2_5_0_321.mps,UNSAT,206.019,UNSAT-TIMEOUT,None
/home/annelot/WARMSTART_PROJECT/baseline_symphony_21-01-2026+15_00/tmp/mnist-net_256x2/image_5/mnist-net_256x2_5_0_037.mps,/home/annelot/WARMSTART_PROJECT/baseline_symphony_21-01-2026+15_00/tmp/mnist-net_256x2/image_5/mnist-net_256x2_5_0_361.mps,UNSAT,206.087,UNSAT-TIMEOUT,None
/home/annelot/WARMSTART_PROJECT/baseline_symphony_21-01-2026+15_00/tmp/mnist-net_256x2/image_5/mnist-net_256x2_5_0_037.mps,/home/annelot/WARMSTART_PROJECT/baseline_symphony_21-01-2026+15_00/tmp/mnist-net_256x2/image_5/mnist-net_256x2_5_0_341.mps,UNSAT,206.093,UNSAT-TIMEOUT,None
/home/annelot/WARMSTART_PROJECT/baseline_symphony_21-01-2026+15_00/tmp/mnist-net_256x2/image_5/mnist-net_256x2_5_0_037.mps,/home/annelot/WARMSTART_PROJECT/baseline_symphony_21-01-2026+15_00/tmp/mnist-net_256x2/image_5/mnist-net_256x2_5_0_381.mps,UNSAT,206.757,UNSAT-TIMEOUT,None
/home/annelot/WARMSTART_PROJECT/baseline_symphony_21-01-2026+15_00/tmp/mnist-net_256x2/image_5/mnist-net_256x2_5_0_037.mps,/home/annelot/WARMSTART_PROJECT/baseline_symphony_21-01-2026+15_00/tmp/mnist-net_256x2/image_5/mnist-net_256x2_5_0_221.mps,UNSAT,348.548,UNSAT-TIMEOUT,None
/home/annelot/WARMSTART_PROJECT/baseline_symphony_21-01-2026+15_00/tmp/mnist-net_256x2/image_5/mnist-net_256x2_5_0_037.mps,/home/annelot/WARMSTART_PROJECT/baseline_symphony_21-01-2026+15_00/tmp/mnist-net_256x2/image_5/mnist-net_256x2_5_0_241.mps,UNSAT,350.228,UNSAT-TIMEOUT,None
/home/annelot/WARMSTART_PROJECT/baseline_symphony_21-01-2026+15_00/tmp/mnist-net_256x2/image_5/mnist-net_256x2_5_0_037.mps,/home/annelot/WARMSTART_PROJECT/baseline_symphony_21-01-2026+15_00/tmp/mnist-net_256x2/image_5/mnist-net_256x2_5_0_261.mps,UNSAT,348.886,UNSAT-TIMEOUT,None
/home/annelot/WARMSTART_PROJECT/baseline_symphony_21-01-2026+15_00/tmp/mnist-net_256x2/image_5/mnist-net_256x2_5_0_037.mps,/home/annelot/WARMSTART_PROJECT/baseline_symphony_21-01-2026+15_00/tmp/mnist-net_256x2/image_5/mnist-net_256x2_5_0_281.mps,UNSAT,350.426,UNSAT-TIMEOUT,None
/home/annelot/WARMSTART_PROJECT/baseline_symphony_21-01-2026+15_00/tmp/mnist-net_256x2/image_5/mnist-net_256x2_5_0_037.mps,/home/annelot/WARMSTART_PROJECT/baseline_symphony_21-01-2026+15_00/tmp/mnist-net_256x2/image_5/mnist-net_256x2_5_0_301.mps,UNSAT,349.205,UNSAT-TIMEOUT,None
/home/annelot/WARMSTART_PROJECT/baseline_symphony_21-01-2026+15_00/tmp/mnist-net_256x2/image_0/mnist-net_256x2_0_0_023.mps,/home/annelot/WARMSTART_PROJECT/baseline_symphony_21-01-2026+15_00/tmp/mnist-net_256x2/image_0/mnist-net_256x2_0_0_025.mps,UNSAT,315.398,UNSAT-UNSAT,None
/home/annelot/WARMSTART_PROJECT/baseline_symphony_21-01-2026+15_00/tmp/mnist-net_256x2/image_4/mnist-net_256x2_4_0_001.mps,/home/annelot/WARMSTART_PROJECT/baseline_symphony_21-01-2026+15_00/tmp/mnist-net_256x2/image_4/mnist-net_256x2_4_0_003.mps,ERR,,UNSAT-UNSAT,None
/home/annelot/WARMSTART_PROJECT/baseline_symphony_21-01-2026+15_00/tmp/mnist-net_256x2/image_4/mnist-net_256x2_4_0_001.mps,/home/annelot/WARMSTART_PROJECT/baseline_symphony_21-01-2026+15_00/tmp/mnist-net_256x2/image_4/mnist-net_256x2_4_0_005.mps,ERR,,UNSAT-UNSAT,None
/home/annelot/WARMSTART_PROJECT/baseline_symphony_21-01-2026+15_00/tmp/mnist-net_256x2/image_4/mnist-net_256x2_4_0_001.mps,/home/annelot/WARMSTART_PROJECT/baseline_symphony_21-01-2026+15_00/tmp/mnist-net_256x2/image_4/mnist-net_256x2_4_0_007.mps,ERR,,UNSAT-UNSAT,None
/home/annelot/WARMSTART_PROJECT/baseline_symphony_21-01-2026+15_00/tmp/mnist-net_256x2/image_4/mnist-net_256x2_4_0_001.mps,/home/annelot/WARMSTART_PROJECT/baseline_symphony_21-01-2026+15_00/tmp/mnist-net_256x2/image_4/mnist-net_256x2_4_0_009.mps,ERR,,UNSAT-UNSAT,None
/home/annelot/WARMSTART_PROJECT/baseline_symphony_21-01-2026+15_00/tmp/mnist-net_256x2/image_4/mnist-net_256x2_4_0_001.mps,/home/annelot/WARMSTART_PROJECT/baseline_symphony_21-01-2026+15_00/tmp/mnist-net_256x2/image_4/mnist-net_256x2_4_0_011.mps,ERR,,UNSAT-UNSAT,None
/home/annelot/WARMSTART_PROJECT/baseline_symphony_21-01-2026+15_00/tmp/mnist-net_256x2/image_4/mnist-net_256x2_4_0_001.mps,/home/annelot/WARMSTART_PROJECT/baseline_symphony_21-01-2026+15_00/tmp/mnist-net_256x2/image_4/mnist-net_256x2_4_0_013.mps,ERR,,UNSAT-UNSAT,None
/home/annelot/WARMSTART_PROJECT/baseline_symphony_21-01-2026+15_00/tmp/mnist-net_256x2/image_4/mnist-net_256x2_4_0_001.mps,/home/annelot/WARMSTART_PROJECT/baseline_symphony_21-01-2026+15_00/tmp/mnist-net_256x2/image_4/mnist-net_256x2_4_0_015.mps,ERR,,UNSAT-UNSAT,None
/home/annelot/WARMSTART_PROJECT/baseline_symphony_21-01-2026+15_00/tmp/mnist-net_256x2/image_4/mnist-net_256x2_4_0_001.mps,/home/annelot/WARMSTART_PROJECT/baseline_symphony_21-01-2026+15_00/tmp/mnist-net_256x2/image_4/mnist-net_256x2_4_0_017.mps,ERR,,UNSAT-UNSAT,None
/home/annelot/WARMSTART_PROJECT/baseline_symphony_21-01-2026+15_00/tmp/mnist-net_256x2/image_4/mnist-net_256x2_4_0_001.mps,/home/annelot/WARMSTART_PROJECT/baseline_symphony_21-01-2026+15_00/tmp/mnist-net_256x2/image_4/mnist-net_256x2_4_0_019.mps,ERR,,UNSAT-UNSAT,None
/home/annelot/WARMSTART_PROJECT/baseline_symphony_21-01-2026+15_00/tmp/mnist-net_256x2/image_4/mnist-net_256x2_4_0_001.mps,/home/annelot/WARMSTART_PROJECT/baseline_symphony_21-01-2026+15_00/tmp/mnist-net_256x2/image_4/mnist-net_256x2_4_0_021.mps,ERR,,UNSAT-UNSAT,None
/home/annelot/WARMSTART_PROJECT/baseline_symphony_21-01-2026+15_00/tmp/mnist-net_256x2/image_4/mnist-net_256x2_4_0_001.mps,/home/annelot/WARMSTART_PROJECT/baseline_symphony_21-01-2026+15_00/tmp/mnist-net_256x2/image_4/mnist-net_256x2_4_0_023.mps,ERR,,UNSAT-UNSAT,None
/home/annelot/WARMSTART_PROJECT/baseline_symphony_21-01-2026+15_00/tmp/mnist-net_256x2/image_4/mnist-net_256x2_4_0_001.mps,/home/annelot/WARMSTART_PROJECT/baseline_symphony_21-01-2026+15_00/tmp/mnist-net_256x2/image_4/mnist-net_256x2_4_0_025.mps,ERR,,UNSAT-UNSAT,None
/home/annelot/WARMSTART_PROJECT/baseline_symphony_21-01-2026+15_00/tmp/mnist-net_256x2/image_4/mnist-net_256x2_4_0_003.mps,/home/annelot/WARMSTART_PROJECT/baseline_symphony_21-01-2026+15_00/tmp/mnist-net_256x2/image_4/mnist-net_256x2_4_0_005.mps,ERR,,UNSAT-UNSAT,None
/home/annelot/WARMSTART_PROJECT/baseline_symphony_21-01-2026+15_00/tmp/mnist-net_256x2/image_4/mnist-net_256x2_4_0_003.mps,/home/annelot/WARMSTART_PROJECT/baseline_symphony_21-01-2026+15_00/tmp/mnist-net_256x2/image_4/mnist-net_256x2_4_0_007.mps,ERR,,UNSAT-UNSAT,None
/home/annelot/WARMSTART_PROJECT/baseline_symphony_21-01-2026+15_00/tmp/mnist-net_256x2/image_4/mnist-net_256x2_4_0_003.mps,/home/annelot/WARMSTART_PROJECT/baseline_symphony_21-01-2026+15_00/tmp/mnist-net_256x2/image_4/mnist-net_256x2_4_0_009.mps,ERR,,UNSAT-UNSAT,None
/home/annelot/WARMSTART_PROJECT/baseline_symphony_21-01-2026+15_00/tmp/mnist-net_256x2/image_4/mnist-net_256x2_4_0_003.mps,/home/annelot/WARMSTART_PROJECT/baseline_symphony_21-01-2026+15_00/tmp/mnist-net_256x2/image_4/mnist-net_256x2_4_0_011.mps,ERR,,UNSAT-UNSAT,None
/home/annelot/WARMSTART_PROJECT/baseline_symphony_21-01-2026+15_00/tmp/mnist-net_256x2/image_4/mnist-net_256x2_4_0_003.mps,/home/annelot/WARMSTART_PROJECT/baseline_symphony_21-01-2026+15_00/tmp/mnist-net_256x2/image_4/mnist-net_256x2_4_0_013.mps,ERR,,UNSAT-UNSAT,None
/home/annelot/WARMSTART_PROJECT/baseline_symphony_21-01-2026+15_00/tmp/mnist-net_256x2/image_4/mnist-net_256x2_4_0_003.mps,/home/annelot/WARMSTART_PROJECT/baseline_symphony_21-01-2026+15_00/tmp/mnist-net_256x2/image_4/mnist-net_256x2_4_0_015.mps,ERR,,UNSAT-UNSAT,None
/home/annelot/WARMSTART_PROJECT/baseline_symphony_21-01-2026+15_00/tmp/mnist-net_256x2/image_4/mnist-net_256x2_4_0_003.mps,/home/annelot/WARMSTART_PROJECT/baseline_symphony_21-01-2026+15_00/tmp/mnist-net_256x2/image_4/mnist-net_256x2_4_0_017.mps,ERR,,UNSAT-UNSAT,None
/home/annelot/WARMSTART_PROJECT/baseline_symphony_21-01-2026+15_00/tmp/mnist-net_256x2/image_4/mnist-net_256x2_4_0_003.mps,/home/annelot/WARMSTART_PROJECT/baseline_symphony_21-01-2026+15_00/tmp/mnist-net_256x2/image_4/mnist-net_256x2_4_0_019.mps,ERR,,UNSAT-UNSAT,None
/home/annelot/WARMSTART_PROJECT/baseline_symphony_21-01-2026+15_00/tmp/mnist-net_256x2/image_4/mnist-net_256x2_4_0_003.mps,/home/annelot/WARMSTART_PROJECT/baseline_symphony_21-01-2026+15_00/tmp/mnist-net_256x2/image_4/mnist-net_256x2_4_0_021.mps,ERR,,UNSAT-UNSAT,None
/home/annelot/WARMSTART_PROJECT/baseline_symphony_21-01-2026+15_00/tmp/mnist-net_256x2/image_4/mnist-net_256x2_4_0_003.mps,/home/annelot/WARMSTART_PROJECT/baseline_symphony_21-01-2026+15_00/tmp/mnist-net_256x2/image_4/mnist-net_256x2_4_0_023.mps,ERR,,UNSAT-UNSAT,None
/home/annelot/WARMSTART_PROJECT/baseline_symphony_21-01-2026+15_00/tmp/mnist-net_256x2/image_4/mnist-net_256x2_4_0_003.mps,/home/annelot/WARMSTART_PROJECT/baseline_symphony_21-01-2026+15_00/tmp/mnist-net_256x2/image_4/mnist-net_256x2_4_0_025.mps,ERR,,UNSAT-UNSAT,None
/home/annelot/WARMSTART_PROJECT/baseline_symphony_21-01-2026+15_00/tmp/mnist-net_256x2/image_4/mnist-net_256x2_4_0_005.mps,/home/annelot/WARMSTART_PROJECT/baseline_symphony_21-01-2026+15_00/tmp/mnist-net_256x2/image_4/mnist-net_256x2_4_0_007.mps,ERR,,UNSAT-UNSAT,None
/home/annelot/WARMSTART_PROJECT/baseline_symphony_21-01-2026+15_00/tmp/mnist-net_256x2/image_4/mnist-net_256x2_4_0_005.mps,/home/annelot/WARMSTART_PROJECT/baseline_symphony_21-01-2026+15_00/tmp/mnist-net_256x2/image_4/mnist-net_256x2_4_0_009.mps,ERR,,UNSAT-UNSAT,None
/home/annelot/WARMSTART_PROJECT/baseline_symphony_21-01-2026+15_00/tmp/mnist-net_256x2/image_4/mnist-net_256x2_4_0_005.mps,/home/annelot/WARMSTART_PROJECT/baseline_symphony_21-01-2026+15_00/tmp/mnist-net_256x2/image_4/mnist-net_256x2_4_0_011.mps,ERR,,UNSAT-UNSAT,None
/home/annelot/WARMSTART_PROJECT/baseline_symphony_21-01-2026+15_00/tmp/mnist-net_256x2/image_4/mnist-net_256x2_4_0_005.mps,/home/annelot/WARMSTART_PROJECT/baseline_symphony_21-01-2026+15_00/tmp/mnist-net_256x2/image_4/mnist-net_256x2_4_0_013.mps,ERR,,UNSAT-UNSAT,None
/home/annelot/WARMSTART_PROJECT/baseline_symphony_21-01-2026+15_00/tmp/mnist-net_256x2/image_4/mnist-net_256x2_4_0_005.mps,/home/annelot/WARMSTART_PROJECT/baseline_symphony_21-01-2026+15_00/tmp/mnist-net_256x2/image_4/mnist-net_256x2_4_0_015.mps,ERR,,UNSAT-UNSAT,None
/home/annelot/WARMSTART_PROJECT/baseline_symphony_21-01-2026+15_00/tmp/mnist-net_256x2/image_4/mnist-net_256x2_4_0_005.mps,/home/annelot/WARMSTART_PROJECT/baseline_symphony_21-01-2026+15_00/tmp/mnist-net_256x2/image_4/mnist-net_256x2_4_0_017.mps,ERR,,UNSAT-UNSAT,None
/home/annelot/WARMSTART_PROJECT/baseline_symphony_21-01-2026+15_00/tmp/mnist-net_256x2/image_4/mnist-net_256x2_4_0_005.mps,/home/annelot/WARMSTART_PROJECT/baseline_symphony_21-01-2026+15_00/tmp/mnist-net_256x2/image_4/mnist-net_256x2_4_0_019.mps,ERR,,UNSAT-UNSAT,None
/home/annelot/WARMSTART_PROJECT/baseline_symphony_21-01-2026+15_00/tmp/mnist-net_256x2/image_4/mnist-net_256x2_4_0_005.mps,/home/annelot/WARMSTART_PROJECT/baseline_symphony_21-01-2026+15_00/tmp/mnist-net_256x2/image_4/mnist-net_256x2_4_0_023.mps,ERR,,UNSAT-UNSAT,None
/home/annelot/WARMSTART_PROJECT/baseline_symphony_21-01-2026+15_00/tmp/mnist-net_256x2/image_4/mnist-net_256x2_4_0_005.mps,/home/annelot/WARMSTART_PROJECT/baseline_symphony_21-01-2026+15_00/tmp/mnist-net_256x2/image_4/mnist-net_256x2_4_0_021.mps,ERR,,UNSAT-UNSAT,None
/home/annelot/WARMSTART_PROJECT/baseline_symphony_21-01-2026+15_00/tmp/mnist-net_256x2/image_4/mnist-net_256x2_4_0_007.mps,/home/annelot/WARMSTART_PROJECT/baseline_symphony_21-01-2026+15_00/tmp/mnist-net_256x2/image_4/mnist-net_256x2_4_0_011.mps,ERR,,UNSAT-UNSAT,None
/home/annelot/WARMSTART_PROJECT/baseline_symphony_21-01-2026+15_00/tmp/mnist-net_256x2/image_4/mnist-net_256x2_4_0_007.mps,/home/annelot/WARMSTART_PROJECT/baseline_symphony_21-01-2026+15_00/tmp/mnist-net_256x2/image_4/mnist-net_256x2_4_0_009.mps,ERR,,UNSAT-UNSAT,None
/home/annelot/WARMSTART_PROJECT/baseline_symphony_21-01-2026+15_00/tmp/mnist-net_256x2/image_4/mnist-net_256x2_4_0_005.mps,/home/annelot/WARMSTART_PROJECT/baseline_symphony_21-01-2026+15_00/tmp/mnist-net_256x2/image_4/mnist-net_256x2_4_0_025.mps,ERR,,UNSAT-UNSAT,None
/home/annelot/WARMSTART_PROJECT/baseline_symphony_21-01-2026+15_00/tmp/mnist-net_256x2/image_4/mnist-net_256x2_4_0_007.mps,/home/annelot/WARMSTART_PROJECT/baseline_symphony_21-01-2026+15_00/tmp/mnist-net_256x2/image_4/mnist-net_256x2_4_0_019.mps,ERR,,UNSAT-UNSAT,None
/home/annelot/WARMSTART_PROJECT/baseline_symphony_21-01-2026+15_00/tmp/mnist-net_256x2/image_4/mnist-net_256x2_4_0_007.mps,/home/annelot/WARMSTART_PROJECT/baseline_symphony_21-01-2026+15_00/tmp/mnist-net_256x2/image_4/mnist-net_256x2_4_0_015.mps,ERR,,UNSAT-UNSAT,None
/home/annelot/WARMSTART_PROJECT/baseline_symphony_21-01-2026+15_00/tmp/mnist-net_256x2/image_4/mnist-net_256x2_4_0_007.mps,/home/annelot/WARMSTART_PROJECT/baseline_symphony_21-01-2026+15_00/tmp/mnist-net_256x2/image_4/mnist-net_256x2_4_0_013.mps,ERR,,UNSAT-UNSAT,None
/home/annelot/WARMSTART_PROJECT/baseline_symphony_21-01-2026+15_00/tmp/mnist-net_256x2/image_4/mnist-net_256x2_4_0_007.mps,/home/annelot/WARMSTART_PROJECT/baseline_symphony_21-01-2026+15_00/tmp/mnist-net_256x2/image_4/mnist-net_256x2_4_0_017.mps,ERR,,UNSAT-UNSAT,None
/home/annelot/WARMSTART_PROJECT/baseline_symphony_21-01-2026+15_00/tmp/mnist-net_256x2/image_4/mnist-net_256x2_4_0_009.mps,/home/annelot/WARMSTART_PROJECT/baseline_symphony_21-01-2026+15_00/tmp/mnist-net_256x2/image_4/mnist-net_256x2_4_0_013.mps,ERR,,UNSAT-UNSAT,None
/home/annelot/WARMSTART_PROJECT/baseline_symphony_21-01-2026+15_00/tmp/mnist-net_256x2/image_4/mnist-net_256x2_4_0_009.mps,/home/annelot/WARMSTART_PROJECT/baseline_symphony_21-01-2026+15_00/tmp/mnist-net_256x2/image_4/mnist-net_256x2_4_0_011.mps,ERR,,UNSAT-UNSAT,None
/home/annelot/WARMSTART_PROJECT/baseline_symphony_21-01-2026+15_00/tmp/mnist-net_256x2/image_4/mnist-net_256x2_4_0_007.mps,/home/annelot/WARMSTART_PROJECT/baseline_symphony_21-01-2026+15_00/tmp/mnist-net_256x2/image_4/mnist-net_256x2_4_0_025.mps,ERR,,UNSAT-UNSAT,None
/home/annelot/WARMSTART_PROJECT/baseline_symphony_21-01-2026+15_00/tmp/mnist-net_256x2/image_4/mnist-net_256x2_4_0_007.mps,/home/annelot/WARMSTART_PROJECT/baseline_symphony_21-01-2026+15_00/tmp/mnist-net_256x2/image_4/mnist-net_256x2_4_0_023.mps,ERR,,UNSAT-UNSAT,None
/home/annelot/WARMSTART_PROJECT/baseline_symphony_21-01-2026+15_00/tmp/mnist-net_256x2/image_4/mnist-net_256x2_4_0_007.mps,/home/annelot/WARMSTART_PROJECT/baseline_symphony_21-01-2026+15_00/tmp/mnist-net_256x2/image_4/mnist-net_256x2_4_0_021.mps,ERR,,UNSAT-UNSAT,None
/home/annelot/WARMSTART_PROJECT/baseline_symphony_21-01-2026+15_00/tmp/mnist-net_256x2/image_4/mnist-net_256x2_4_0_009.mps,/home/annelot/WARMSTART_PROJECT/baseline_symphony_21-01-2026+15_00/tmp/mnist-net_256x2/image_4/mnist-net_256x2_4_0_023.mps,ERR,,UNSAT-UNSAT,None
/home/annelot/WARMSTART_PROJECT/baseline_symphony_21-01-2026+15_00/tmp/mnist-net_256x2/image_4/mnist-net_256x2_4_0_009.mps,/home/annelot/WARMSTART_PROJECT/baseline_symphony_21-01-2026+15_00/tmp/mnist-net_256x2/image_4/mnist-net_256x2_4_0_019.mps,ERR,,UNSAT-UNSAT,None
/home/annelot/WARMSTART_PROJECT/baseline_symphony_21-01-2026+15_00/tmp/mnist-net_256x2/image_4/mnist-net_256x2_4_0_009.mps,/home/annelot/WARMSTART_PROJECT/baseline_symphony_21-01-2026+15_00/tmp/mnist-net_256x2/image_4/mnist-net_256x2_4_0_021.mps,ERR,,UNSAT-UNSAT,None
/home/annelot/WARMSTART_PROJECT/baseline_symphony_21-01-2026+15_00/tmp/mnist-net_256x2/image_4/mnist-net_256x2_4_0_009.mps,/home/annelot/WARMSTART_PROJECT/baseline_symphony_21-01-2026+15_00/tmp/mnist-net_256x2/image_4/mnist-net_256x2_4_0_015.mps,ERR,,UNSAT-UNSAT,None
/home/annelot/WARMSTART_PROJECT/baseline_symphony_21-01-2026+15_00/tmp/mnist-net_256x2/image_4/mnist-net_256x2_4_0_009.mps,/home/annelot/WARMSTART_PROJECT/baseline_symphony_21-01-2026+15_00/tmp/mnist-net_256x2/image_4/mnist-net_256x2_4_0_017.mps,ERR,,UNSAT-UNSAT,None
/home/annelot/WARMSTART_PROJECT/baseline_symphony_21-01-2026+15_00/tmp/mnist-net_256x2/image_4/mnist-net_256x2_4_0_011.mps,/home/annelot/WARMSTART_PROJECT/baseline_symphony_21-01-2026+15_00/tmp/mnist-net_256x2/image_4/mnist-net_256x2_4_0_019.mps,ERR,,UNSAT-UNSAT,None
/home/annelot/WARMSTART_PROJECT/baseline_symphony_21-01-2026+15_00/tmp/mnist-net_256x2/image_4/mnist-net_256x2_4_0_011.mps,/home/annelot/WARMSTART_PROJECT/baseline_symphony_21-01-2026+15_00/tmp/mnist-net_256x2/image_4/mnist-net_256x2_4_0_015.mps,ERR,,UNSAT-UNSAT,None
/home/annelot/WARMSTART_PROJECT/baseline_symphony_21-01-2026+15_00/tmp/mnist-net_256x2/image_4/mnist-net_256x2_4_0_011.mps,/home/annelot/WARMSTART_PROJECT/baseline_symphony_21-01-2026+15_00/tmp/mnist-net_256x2/image_4/mnist-net_256x2_4_0_017.mps,ERR,,UNSAT-UNSAT,None
/home/annelot/WARMSTART_PROJECT/baseline_symphony_21-01-2026+15_00/tmp/mnist-net_256x2/image_4/mnist-net_256x2_4_0_009.mps,/home/annelot/WARMSTART_PROJECT/baseline_symphony_21-01-2026+15_00/tmp/mnist-net_256x2/image_4/mnist-net_256x2_4_0_025.mps,ERR,,UNSAT-UNSAT,None
/home/annelot/WARMSTART_PROJECT/baseline_symphony_21-01-2026+15_00/tmp/mnist-net_256x2/image_4/mnist-net_256x2_4_0_011.mps,/home/annelot/WARMSTART_PROJECT/baseline_symphony_21-01-2026+15_00/tmp/mnist-net_256x2/image_4/mnist-net_256x2_4_0_013.mps,ERR,,UNSAT-UNSAT,None
/home/annelot/WARMSTART_PROJECT/baseline_symphony_21-01-2026+15_00/tmp/mnist-net_256x2/image_4/mnist-net_256x2_4_0_013.mps,/home/annelot/WARMSTART_PROJECT/baseline_symphony_21-01-2026+15_00/tmp/mnist-net_256x2/image_4/mnist-net_256x2_4_0_017.mps,ERR,,UNSAT-UNSAT,None
/home/annelot/WARMSTART_PROJECT/baseline_symphony_21-01-2026+15_00/tmp/mnist-net_256x2/image_4/mnist-net_256x2_4_0_011.mps,/home/annelot/WARMSTART_PROJECT/baseline_symphony_21-01-2026+15_00/tmp/mnist-net_256x2/image_4/mnist-net_256x2_4_0_023.mps,ERR,,UNSAT-UNSAT,None
/home/annelot/WARMSTART_PROJECT/baseline_symphony_21-01-2026+15_00/tmp/mnist-net_256x2/image_4/mnist-net_256x2_4_0_011.mps,/home/annelot/WARMSTART_PROJECT/baseline_symphony_21-01-2026+15_00/tmp/mnist-net_256x2/image_4/mnist-net_256x2_4_0_025.mps,ERR,,UNSAT-UNSAT,None
/home/annelot/WARMSTART_PROJECT/baseline_symphony_21-01-2026+15_00/tmp/mnist-net_256x2/image_4/mnist-net_256x2_4_0_011.mps,/home/annelot/WARMSTART_PROJECT/baseline_symphony_21-01-2026+15_00/tmp/mnist-net_256x2/image_4/mnist-net_256x2_4_0_021.mps,ERR,,UNSAT-UNSAT,None
/home/annelot/WARMSTART_PROJECT/baseline_symphony_21-01-2026+15_00/tmp/mnist-net_256x2/image_4/mnist-net_256x2_4_0_013.mps,/home/annelot/WARMSTART_PROJECT/baseline_symphony_21-01-2026+15_00/tmp/mnist-net_256x2/image_4/mnist-net_256x2_4_0_015.mps,ERR,,UNSAT-UNSAT,None
/home/annelot/WARMSTART_PROJECT/baseline_symphony_21-01-2026+15_00/tmp/mnist-net_256x2/image_0/mnist-net_256x2_0_0_025.mps,/home/annelot/WARMSTART_PROJECT/baseline_symphony_21-01-2026+15_00/tmp/mnist-net_256x2/image_0/mnist-net_256x2_0_0_081.mps,UNSAT,858.216,UNSAT-TIMEOUT,None
/home/annelot/WARMSTART_PROJECT/baseline_symphony_21-01-2026+15_00/tmp/mnist-net_256x2/image_4/mnist-net_256x2_4_0_015.mps,/home/annelot/WARMSTART_PROJECT/baseline_symphony_21-01-2026+15_00/tmp/mnist-net_256x2/image_4/mnist-net_256x2_4_0_017.mps,ERR,,UNSAT-UNSAT,None
/home/annelot/WARMSTART_PROJECT/baseline_symphony_21-01-2026+15_00/tmp/mnist-net_256x2/image_4/mnist-net_256x2_4_0_015.mps,/home/annelot/WARMSTART_PROJECT/baseline_symphony_21-01-2026+15_00/tmp/mnist-net_256x2/image_4/mnist-net_256x2_4_0_019.mps,ERR,,UNSAT-UNSAT,None
/home/annelot/WARMSTART_PROJECT/baseline_symphony_21-01-2026+15_00/tmp/mnist-net_256x2/image_4/mnist-net_256x2_4_0_013.mps,/home/annelot/WARMSTART_PROJECT/baseline_symphony_21-01-2026+15_00/tmp/mnist-net_256x2/image_4/mnist-net_256x2_4_0_019.mps,ERR,,UNSAT-UNSAT,None
/home/annelot/WARMSTART_PROJECT/baseline_symphony_21-01-2026+15_00/tmp/mnist-net_256x2/image_4/mnist-net_256x2_4_0_013.mps,/home/annelot/WARMSTART_PROJECT/baseline_symphony_21-01-2026+15_00/tmp/mnist-net_256x2/image_4/mnist-net_256x2_4_0_021.mps,ERR,,UNSAT-UNSAT,None
/home/annelot/WARMSTART_PROJECT/baseline_symphony_21-01-2026+15_00/tmp/mnist-net_256x2/image_4/mnist-net_256x2_4_0_013.mps,/home/annelot/WARMSTART_PROJECT/baseline_symphony_21-01-2026+15_00/tmp/mnist-net_256x2/image_4/mnist-net_256x2_4_0_025.mps,ERR,,UNSAT-UNSAT,None
/home/annelot/WARMSTART_PROJECT/baseline_symphony_21-01-2026+15_00/tmp/mnist-net_256x2/image_4/mnist-net_256x2_4_0_013.mps,/home/annelot/WARMSTART_PROJECT/baseline_symphony_21-01-2026+15_00/tmp/mnist-net_256x2/image_4/mnist-net_256x2_4_0_023.mps,ERR,,UNSAT-UNSAT,None
/home/annelot/WARMSTART_PROJECT/baseline_symphony_21-01-2026+15_00/tmp/mnist-net_256x2/image_4/mnist-net_256x2_4_0_015.mps,/home/annelot/WARMSTART_PROJECT/baseline_symphony_21-01-2026+15_00/tmp/mnist-net_256x2/image_4/mnist-net_256x2_4_0_025.mps,ERR,,UNSAT-UNSAT,None
/home/annelot/WARMSTART_PROJECT/baseline_symphony_21-01-2026+15_00/tmp/mnist-net_256x2/image_4/mnist-net_256x2_4_0_015.mps,/home/annelot/WARMSTART_PROJECT/baseline_symphony_21-01-2026+15_00/tmp/mnist-net_256x2/image_4/mnist-net_256x2_4_0_023.mps,ERR,,UNSAT-UNSAT,None
/home/annelot/WARMSTART_PROJECT/baseline_symphony_21-01-2026+15_00/tmp/mnist-net_256x2/image_4/mnist-net_256x2_4_0_015.mps,/home/annelot/WARMSTART_PROJECT/baseline_symphony_21-01-2026+15_00/tmp/mnist-net_256x2/image_4/mnist-net_256x2_4_0_021.mps,ERR,,UNSAT-UNSAT,None
/home/annelot/WARMSTART_PROJECT/baseline_symphony_21-01-2026+15_00/tmp/mnist-net_256x2/image_4/mnist-net_256x2_4_0_017.mps,/home/annelot/WARMSTART_PROJECT/baseline_symphony_21-01-2026+15_00/tmp/mnist-net_256x2/image_4/mnist-net_256x2_4_0_023.mps,UNSAT,0.142,UNSAT-UNSAT,None
/home/annelot/WARMSTART_PROJECT/baseline_symphony_21-01-2026+15_00/tmp/mnist-net_256x2/image_4/mnist-net_256x2_4_0_017.mps,/home/annelot/WARMSTART_PROJECT/baseline_symphony_21-01-2026+15_00/tmp/mnist-net_256x2/image_4/mnist-net_256x2_4_0_021.mps,UNSAT,0.141,UNSAT-UNSAT,None
/home/annelot/WARMSTART_PROJECT/baseline_symphony_21-01-2026+15_00/tmp/mnist-net_256x2/image_4/mnist-net_256x2_4_0_017.mps,/home/annelot/WARMSTART_PROJECT/baseline_symphony_21-01-2026+15_00/tmp/mnist-net_256x2/image_4/mnist-net_256x2_4_0_019.mps,UNSAT,0.193,UNSAT-UNSAT,None
/home/annelot/WARMSTART_PROJECT/baseline_symphony_21-01-2026+15_00/tmp/mnist-net_256x2/image_4/mnist-net_256x2_4_0_017.mps,/home/annelot/WARMSTART_PROJECT/baseline_symphony_21-01-2026+15_00/tmp/mnist-net_256x2/image_4/mnist-net_256x2_4_0_025.mps,UNSAT,0.206,UNSAT-UNSAT,None
/home/annelot/WARMSTART_PROJECT/baseline_symphony_21-01-2026+15_00/tmp/mnist-net_256x2/image_4/mnist-net_256x2_4_0_019.mps,/home/annelot/WARMSTART_PROJECT/baseline_symphony_21-01-2026+15_00/tmp/mnist-net_256x2/image_4/mnist-net_256x2_4_0_025.mps,UNSAT,2.205,UNSAT-UNSAT,None
/home/annelot/WARMSTART_PROJECT/baseline_symphony_21-01-2026+15_00/tmp/mnist-net_256x2/image_4/mnist-net_256x2_4_0_019.mps,/home/annelot/WARMSTART_PROJECT/baseline_symphony_21-01-2026+15_00/tmp/mnist-net_256x2/image_4/mnist-net_256x2_4_0_021.mps,UNSAT,2.223,UNSAT-UNSAT,None
/home/annelot/WARMSTART_PROJECT/baseline_symphony_21-01-2026+15_00/tmp/mnist-net_256x2/image_4/mnist-net_256x2_4_0_019.mps,/home/annelot/WARMSTART_PROJECT/baseline_symphony_21-01-2026+15_00/tmp/mnist-net_256x2/image_4/mnist-net_256x2_4_0_023.mps,UNSAT,2.229,UNSAT-UNSAT,None
/home/annelot/WARMSTART_PROJECT/baseline_symphony_21-01-2026+15_00/tmp/mnist-net_256x2/image_4/mnist-net_256x2_4_0_021.mps,/home/annelot/WARMSTART_PROJECT/baseline_symphony_21-01-2026+15_00/tmp/mnist-net_256x2/image_4/mnist-net_256x2_4_0_025.mps,UNSAT,4.044,UNSAT-UNSAT,None
/home/annelot/WARMSTART_PROJECT/baseline_symphony_21-01-2026+15_00/tmp/mnist-net_256x2/image_4/mnist-net_256x2_4_0_021.mps,/home/annelot/WARMSTART_PROJECT/baseline_symphony_21-01-2026+15_00/tmp/mnist-net_256x2/image_4/mnist-net_256x2_4_0_023.mps,UNSAT,4.046,UNSAT-UNSAT,None
/home/annelot/WARMSTART_PROJECT/baseline_symphony_21-01-2026+15_00/tmp/mnist-net_256x2/image_4/mnist-net_256x2_4_0_023.mps,/home/annelot/WARMSTART_PROJECT/baseline_symphony_21-01-2026+15_00/tmp/mnist-net_256x2/image_4/mnist-net_256x2_4_0_025.mps,UNSAT,5.261,UNSAT-UNSAT,None
/home/annelot/WARMSTART_PROJECT/baseline_symphony_21-01-2026+15_00/tmp/mnist-net_256x2/image_0/mnist-net_256x2_0_0_025.mps,/home/annelot/WARMSTART_PROJECT/baseline_symphony_21-01-2026+15_00/tmp/mnist-net_256x2/image_0/mnist-net_256x2_0_0_101.mps,UNSAT,858.725,UNSAT-TIMEOUT,None
/home/annelot/WARMSTART_PROJECT/baseline_symphony_21-01-2026+15_00/tmp/mnist-net_256x2/image_0/mnist-net_256x2_0_0_025.mps,/home/annelot/WARMSTART_PROJECT/baseline_symphony_21-01-2026+15_00/tmp/mnist-net_256x2/image_0/mnist-net_256x2_0_0_121.mps,UNSAT,858.844,UNSAT-TIMEOUT,None
/home/annelot/WARMSTART_PROJECT/baseline_symphony_21-01-2026+15_00/tmp/mnist-net_256x2/image_0/mnist-net_256x2_0_0_025.mps,/home/annelot/WARMSTART_PROJECT/baseline_symphony_21-01-2026+15_00/tmp/mnist-net_256x2/image_0/mnist-net_256x2_0_0_161.mps,UNSAT,861.56,UNSAT-TIMEOUT,None
/home/annelot/WARMSTART_PROJECT/baseline_symphony_21-01-2026+15_00/tmp/mnist-net_256x2/image_4/mnist-net_256x2_4_0_029.mps,/home/annelot/WARMSTART_PROJECT/baseline_symphony_21-01-2026+15_00/tmp/mnist-net_256x2/image_4/mnist-net_256x2_4_0_027.mps,SAT,102.178,SAT-SAT,None
/home/annelot/WARMSTART_PROJECT/baseline_symphony_21-01-2026+15_00/tmp/mnist-net_256x2/image_4/mnist-net_256x2_4_0_031.mps,/home/annelot/WARMSTART_PROJECT/baseline_symphony_21-01-2026+15_00/tmp/mnist-net_256x2/image_4/mnist-net_256x2_4_0_027.mps,SAT,224.207,SAT-SAT,None
/home/annelot/WARMSTART_PROJECT/baseline_symphony_21-01-2026+15_00/tmp/mnist-net_256x2/image_4/mnist-net_256x2_4_0_031.mps,/home/annelot/WARMSTART_PROJECT/baseline_symphony_21-01-2026+15_00/tmp/mnist-net_256x2/image_4/mnist-net_256x2_4_0_029.mps,SAT,224.343,SAT-SAT,None
/home/annelot/WARMSTART_PROJECT/baseline_symphony_21-01-2026+15_00/tmp/mnist-net_256x2/image_4/mnist-net_256x2_4_0_037.mps,/home/annelot/WARMSTART_PROJECT/baseline_symphony_21-01-2026+15_00/tmp/mnist-net_256x2/image_4/mnist-net_256x2_4_0_027.mps,SAT,291.273,SAT-SAT,None
/home/annelot/WARMSTART_PROJECT/baseline_symphony_21-01-2026+15_00/tmp/mnist-net_256x2/image_4/mnist-net_256x2_4_0_033.mps,/home/annelot/WARMSTART_PROJECT/baseline_symphony_21-01-2026+15_00/tmp/mnist-net_256x2/image_4/mnist-net_256x2_4_0_027.mps,SAT,434.082,SAT-SAT,None
/home/annelot/WARMSTART_PROJECT/baseline_symphony_21-01-2026+15_00/tmp/mnist-net_256x2/image_0/mnist-net_256x2_0_0_025.mps,/home/annelot/WARMSTART_PROJECT/baseline_symphony_21-01-2026+15_00/tmp/mnist-net_256x2/image_0/mnist-net_256x2_0_0_027.mps,UNSAT,1447.653,UNSAT-TIMEOUT,None
/home/annelot/WARMSTART_PROJECT/baseline_symphony_21-01-2026+15_00/tmp/mnist-net_256x2/image_4/mnist-net_256x2_4_0_033.mps,/home/annelot/WARMSTART_PROJECT/baseline_symphony_21-01-2026+15_00/tmp/mnist-net_256x2/image_4/mnist-net_256x2_4_0_029.mps,SAT,432.916,SAT-SAT,None
/home/annelot/WARMSTART_PROJECT/baseline_symphony_21-01-2026+15_00/tmp/mnist-net_256x2/image_4/mnist-net_256x2_4_0_035.mps,/home/annelot/WARMSTART_PROJECT/baseline_symphony_21-01-2026+15_00/tmp/mnist-net_256x2/image_4/mnist-net_256x2_4_0_027.mps,SAT,392.959,SAT-SAT,None
/home/annelot/WARMSTART_PROJECT/baseline_symphony_21-01-2026+15_00/tmp/mnist-net_256x2/image_0/mnist-net_256x2_0_0_025.mps,/home/annelot/WARMSTART_PROJECT/baseline_symphony_21-01-2026+15_00/tmp/mnist-net_256x2/image_0/mnist-net_256x2_0_0_041.mps,UNSAT,1454.314,UNSAT-TIMEOUT,None
/home/annelot/WARMSTART_PROJECT/baseline_symphony_21-01-2026+15_00/tmp/mnist-net_256x2/image_0/mnist-net_256x2_0_0_025.mps,/home/annelot/WARMSTART_PROJECT/baseline_symphony_21-01-2026+15_00/tmp/mnist-net_256x2/image_0/mnist-net_256x2_0_0_061.mps,UNSAT,1448.489,UNSAT-TIMEOUT,None
/home/annelot/WARMSTART_PROJECT/baseline_symphony_21-01-2026+15_00/tmp/mnist-net_256x2/image_4/mnist-net_256x2_4_0_033.mps,/home/annelot/WARMSTART_PROJECT/baseline_symphony_21-01-2026+15_00/tmp/mnist-net_256x2/image_4/mnist-net_256x2_4_0_031.mps,SAT,257.591,SAT-SAT,None
/home/annelot/WARMSTART_PROJECT/baseline_symphony_21-01-2026+15_00/tmp/mnist-net_256x2/image_0/mnist-net_256x2_0_0_025.mps,/home/annelot/WARMSTART_PROJECT/baseline_symphony_21-01-2026+15_00/tmp/mnist-net_256x2/image_0/mnist-net_256x2_0_0_141.mps,UNSAT,1446.215,UNSAT-TIMEOUT,None
/home/annelot/WARMSTART_PROJECT/baseline_symphony_21-01-2026+15_00/tmp/mnist-net_256x2/image_0/mnist-net_256x2_0_0_025.mps,/home/annelot/WARMSTART_PROJECT/baseline_symphony_21-01-2026+15_00/tmp/mnist-net_256x2/image_0/mnist-net_256x2_0_0_181.mps,UNSAT,1453.034,UNSAT-TIMEOUT,None
/home/annelot/WARMSTART_PROJECT/baseline_symphony_21-01-2026+15_00/tmp/mnist-net_256x2/image_0/mnist-net_256x2_0_0_025.mps,/home/annelot/WARMSTART_PROJECT/baseline_symphony_21-01-2026+15_00/tmp/mnist-net_256x2/image_0/mnist-net_256x2_0_0_201.mps,UNSAT,1448.845,UNSAT-TIMEOUT,None
/home/annelot/WARMSTART_PROJECT/baseline_symphony_21-01-2026+15_00/tmp/mnist-net_256x2/image_0/mnist-net_256x2_0_0_025.mps,/home/annelot/WARMSTART_PROJECT/baseline_symphony_21-01-2026+15_00/tmp/mnist-net_256x2/image_0/mnist-net_256x2_0_0_221.mps,UNSAT,1454.863,UNSAT-TIMEOUT,None
/home/annelot/WARMSTART_PROJECT/baseline_symphony_21-01-2026+15_00/tmp/mnist-net_256x2/image_0/mnist-net_256x2_0_0_025.mps,/home/annelot/WARMSTART_PROJECT/baseline_symphony_21-01-2026+15_00/tmp/mnist-net_256x2/image_0/mnist-net_256x2_0_0_301.mps,UNSAT,862.937,UNSAT-TIMEOUT,None
/home/annelot/WARMSTART_PROJECT/baseline_symphony_21-01-2026+15_00/tmp/mnist-net_256x2/image_0/mnist-net_256x2_0_0_025.mps,/home/annelot/WARMSTART_PROJECT/baseline_symphony_21-01-2026+15_00/tmp/mnist-net_256x2/image_0/mnist-net_256x2_0_0_241.mps,UNSAT,1449.515,UNSAT-TIMEOUT,None
/home/annelot/WARMSTART_PROJECT/baseline_symphony_21-01-2026+15_00/tmp/mnist-net_256x2/image_4/mnist-net_256x2_4_0_035.mps,/home/annelot/WARMSTART_PROJECT/baseline_symphony_21-01-2026+15_00/tmp/mnist-net_256x2/image_4/mnist-net_256x2_4_0_029.mps,SAT,392.685,SAT-SAT,None
/home/annelot/WARMSTART_PROJECT/baseline_symphony_21-01-2026+15_00/tmp/mnist-net_256x2/image_0/mnist-net_256x2_0_0_025.mps,/home/annelot/WARMSTART_PROJECT/baseline_symphony_21-01-2026+15_00/tmp/mnist-net_256x2/image_0/mnist-net_256x2_0_0_261.mps,UNSAT,1454.846,UNSAT-TIMEOUT,None
/home/annelot/WARMSTART_PROJECT/baseline_symphony_21-01-2026+15_00/tmp/mnist-net_256x2/image_4/mnist-net_256x2_4_0_037.mps,/home/annelot/WARMSTART_PROJECT/baseline_symphony_21-01-2026+15_00/tmp/mnist-net_256x2/image_4/mnist-net_256x2_4_0_029.mps,SAT,488.149,SAT-SAT,None
/home/annelot/WARMSTART_PROJECT/baseline_symphony_21-01-2026+15_00/tmp/mnist-net_256x2/image_4/mnist-net_256x2_4_0_041.mps,/home/annelot/WARMSTART_PROJECT/baseline_symphony_21-01-2026+15_00/tmp/mnist-net_256x2/image_4/mnist-net_256x2_4_0_027.mps,SAT,651.435,SAT-SAT,None
/home/annelot/WARMSTART_PROJECT/baseline_symphony_21-01-2026+15_00/tmp/mnist-net_256x2/image_4/mnist-net_256x2_4_0_037.mps,/home/annelot/WARMSTART_PROJECT/baseline_symphony_21-01-2026+15_00/tmp/mnist-net_256x2/image_4/mnist-net_256x2_4_0_031.mps,SAT,487.131,SAT-SAT,None
/home/annelot/WARMSTART_PROJECT/baseline_symphony_21-01-2026+15_00/tmp/mnist-net_256x2/image_4/mnist-net_256x2_4_0_039.mps,/home/annelot/WARMSTART_PROJECT/baseline_symphony_21-01-2026+15_00/tmp/mnist-net_256x2/image_4/mnist-net_256x2_4_0_027.mps,SAT,1118.811,SAT-SAT,None
/home/annelot/WARMSTART_PROJECT/baseline_symphony_21-01-2026+15_00/tmp/mnist-net_256x2/image_4/mnist-net_256x2_4_0_037.mps,/home/annelot/WARMSTART_PROJECT/baseline_symphony_21-01-2026+15_00/tmp/mnist-net_256x2/image_4/mnist-net_256x2_4_0_033.mps,SAT,489.274,SAT-SAT,None
/home/annelot/WARMSTART_PROJECT/baseline_symphony_21-01-2026+15_00/tmp/mnist-net_256x2/image_0/mnist-net_256x2_0_0_025.mps,/home/annelot/WARMSTART_PROJECT/baseline_symphony_21-01-2026+15_00/tmp/mnist-net_256x2/image_0/mnist-net_256x2_0_0_281.mps,UNSAT,1453.852,UNSAT-TIMEOUT,None
/home/annelot/WARMSTART_PROJECT/baseline_symphony_21-01-2026+15_00/tmp/mnist-net_256x2/image_4/mnist-net_256x2_4_0_039.mps,/home/annelot/WARMSTART_PROJECT/baseline_symphony_21-01-2026+15_00/tmp/mnist-net_256x2/image_4/mnist-net_256x2_4_0_029.mps,SAT,1130.019,SAT-SAT,None
/home/annelot/WARMSTART_PROJECT/baseline_symphony_21-01-2026+15_00/tmp/mnist-net_256x2/image_0/mnist-net_256x2_0_0_025.mps,/home/annelot/WARMSTART_PROJECT/baseline_symphony_21-01-2026+15_00/tmp/mnist-net_256x2/image_0/mnist-net_256x2_0_0_321.mps,UNSAT,1457.534,UNSAT-TIMEOUT,None
/home/annelot/WARMSTART_PROJECT/baseline_symphony_21-01-2026+15_00/tmp/mnist-net_256x2/image_0/mnist-net_256x2_0_0_025.mps,/home/annelot/WARMSTART_PROJECT/baseline_symphony_21-01-2026+15_00/tmp/mnist-net_256x2/image_0/mnist-net_256x2_0_0_361.mps,UNSAT,1458.369,UNSAT-TIMEOUT,None
/home/annelot/WARMSTART_PROJECT/baseline_symphony_21-01-2026+15_00/tmp/mnist-net_256x2/image_0/mnist-net_256x2_0_0_025.mps,/home/annelot/WARMSTART_PROJECT/baseline_symphony_21-01-2026+15_00/tmp/mnist-net_256x2/image_0/mnist-net_256x2_0_0_341.mps,UNSAT,1460.472,UNSAT-TIMEOUT,None
/home/annelot/WARMSTART_PROJECT/baseline_symphony_21-01-2026+15_00/tmp/mnist-net_256x2/image_0/mnist-net_256x2_0_0_025.mps,/home/annelot/WARMSTART_PROJECT/baseline_symphony_21-01-2026+15_00/tmp/mnist-net_256x2/image_0/mnist-net_256x2_0_0_381.mps,UNSAT,1459.579,UNSAT-TIMEOUT,None
/home/annelot/WARMSTART_PROJECT/baseline_symphony_21-01-2026+15_00/tmp/mnist-net_256x2/image_4/mnist-net_256x2_4_0_035.mps,/home/annelot/WARMSTART_PROJECT/baseline_symphony_21-01-2026+15_00/tmp/mnist-net_256x2/image_4/mnist-net_256x2_4_0_031.mps,SAT,659.032,SAT-SAT,None
/home/annelot/WARMSTART_PROJECT/baseline_symphony_21-01-2026+15_00/tmp/mnist-net_256x2/image_4/mnist-net_256x2_4_0_037.mps,/home/annelot/WARMSTART_PROJECT/baseline_symphony_21-01-2026+15_00/tmp/mnist-net_256x2/image_4/mnist-net_256x2_4_0_035.mps,SAT,489.097,SAT-SAT,None
/home/annelot/WARMSTART_PROJECT/baseline_symphony_21-01-2026+15_00/tmp/mnist-net_256x2/image_4/mnist-net_256x2_4_0_035.mps,/home/annelot/WARMSTART_PROJECT/baseline_symphony_21-01-2026+15_00/tmp/mnist-net_256x2/image_4/mnist-net_256x2_4_0_033.mps,SAT,654.213,SAT-SAT,None
/home/annelot/WARMSTART_PROJECT/baseline_symphony_21-01-2026+15_00/tmp/mnist-net_256x2/image_4/mnist-net_256x2_4_0_043.mps,/home/annelot/WARMSTART_PROJECT/baseline_symphony_21-01-2026+15_00/tmp/mnist-net_256x2/image_4/mnist-net_256x2_4_0_027.mps,SAT,1180.299,SAT-SAT,None
/home/annelot/WARMSTART_PROJECT/baseline_symphony_21-01-2026+15_00/tmp/mnist-net_256x2/image_4/mnist-net_256x2_4_0_041.mps,/home/annelot/WARMSTART_PROJECT/baseline_symphony_21-01-2026+15_00/tmp/mnist-net_256x2/image_4/mnist-net_256x2_4_0_029.mps,SAT,1101.967,SAT-SAT,None
/home/annelot/WARMSTART_PROJECT/baseline_symphony_21-01-2026+15_00/tmp/mnist-net_256x2/image_4/mnist-net_256x2_4_0_041.mps,/home/annelot/WARMSTART_PROJECT/baseline_symphony_21-01-2026+15_00/tmp/mnist-net_256x2/image_4/mnist-net_256x2_4_0_035.mps,SAT,651.919,SAT-SAT,None
/home/annelot/WARMSTART_PROJECT/baseline_symphony_21-01-2026+15_00/tmp/mnist-net_256x2/image_4/mnist-net_256x2_4_0_039.mps,/home/annelot/WARMSTART_PROJECT/baseline_symphony_21-01-2026+15_00/tmp/mnist-net_256x2/image_4/mnist-net_256x2_4_0_031.mps,SAT,1117.594,SAT-SAT,None
/home/annelot/WARMSTART_PROJECT/baseline_symphony_21-01-2026+15_00/tmp/mnist-net_256x2/image_4/mnist-net_256x2_4_0_039.mps,/home/annelot/WARMSTART_PROJECT/baseline_symphony_21-01-2026+15_00/tmp/mnist-net_256x2/image_4/mnist-net_256x2_4_0_033.mps,SAT,1117.144,SAT-SAT,None
/home/annelot/WARMSTART_PROJECT/baseline_symphony_21-01-2026+15_00/tmp/mnist-net_256x2/image_4/mnist-net_256x2_4_0_039.mps,/home/annelot/WARMSTART_PROJECT/baseline_symphony_21-01-2026+15_00/tmp/mnist-net_256x2/image_4/mnist-net_256x2_4_0_035.mps,SAT,1123.622,SAT-SAT,None
/home/annelot/WARMSTART_PROJECT/baseline_symphony_21-01-2026+15_00/tmp/mnist-net_256x2/image_4/mnist-net_256x2_4_0_041.mps,/home/annelot/WARMSTART_PROJECT/baseline_symphony_21-01-2026+15_00/tmp/mnist-net_256x2/image_4/mnist-net_256x2_4_0_031.mps,SAT,1098.04,SAT-SAT,None
/home/annelot/WARMSTART_PROJECT/baseline_symphony_21-01-2026+15_00/tmp/mnist-net_256x2/image_4/mnist-net_256x2_4_0_041.mps,/home/annelot/WARMSTART_PROJECT/baseline_symphony_21-01-2026+15_00/tmp/mnist-net_256x2/image_4/mnist-net_256x2_4_0_033.mps,SAT,1102.79,SAT-SAT,None
/home/annelot/WARMSTART_PROJECT/baseline_symphony_21-01-2026+15_00/tmp/mnist-net_256x2/image_4/mnist-net_256x2_4_0_043.mps,/home/annelot/WARMSTART_PROJECT/baseline_symphony_21-01-2026+15_00/tmp/mnist-net_256x2/image_4/mnist-net_256x2_4_0_031.mps,SAT,1183.16,SAT-SAT,None
/home/annelot/WARMSTART_PROJECT/baseline_symphony_21-01-2026+15_00/tmp/mnist-net_256x2/image_4/mnist-net_256x2_4_0_043.mps,/home/annelot/WARMSTART_PROJECT/baseline_symphony_21-01-2026+15_00/tmp/mnist-net_256x2/image_4/mnist-net_256x2_4_0_033.mps,SAT,1187.988,SAT-SAT,None
/home/annelot/WARMSTART_PROJECT/baseline_symphony_21-01-2026+15_00/tmp/mnist-net_256x2/image_4/mnist-net_256x2_4_0_039.mps,/home/annelot/WARMSTART_PROJECT/baseline_symphony_21-01-2026+15_00/tmp/mnist-net_256x2/image_4/mnist-net_256x2_4_0_037.mps,SAT,1116.732,SAT-SAT,None
/home/annelot/WARMSTART_PROJECT/baseline_symphony_21-01-2026+15_00/tmp/mnist-net_256x2/image_3/mnist-net_256x2_3_0_041.mps,/home/annelot/WARMSTART_PROJECT/baseline_symphony_21-01-2026+15_00/tmp/mnist-net_256x2/image_3/mnist-net_256x2_3_0_043.mps,UNSAT,7.064,UNSAT-UNSAT,None
/home/annelot/WARMSTART_PROJECT/baseline_symphony_21-01-2026+15_00/tmp/mnist-net_256x2/image_3/mnist-net_256x2_3_0_041.mps,/home/annelot/WARMSTART_PROJECT/baseline_symphony_21-01-2026+15_00/tmp/mnist-net_256x2/image_3/mnist-net_256x2_3_0_045.mps,UNSAT,7.072,UNSAT-UNSAT,None
/home/annelot/WARMSTART_PROJECT/baseline_symphony_21-01-2026+15_00/tmp/mnist-net_256x2/image_3/mnist-net_256x2_3_0_041.mps,/home/annelot/WARMSTART_PROJECT/baseline_symphony_21-01-2026+15_00/tmp/mnist-net_256x2/image_3/mnist-net_256x2_3_0_047.mps,UNSAT,7.06,UNSAT-UNSAT,None
/home/annelot/WARMSTART_PROJECT/baseline_symphony_21-01-2026+15_00/tmp/mnist-net_256x2/image_3/mnist-net_256x2_3_0_041.mps,/home/annelot/WARMSTART_PROJECT/baseline_symphony_21-01-2026+15_00/tmp/mnist-net_256x2/image_3/mnist-net_256x2_3_0_049.mps,UNSAT,7.077,UNSAT-UNSAT,None
/home/annelot/WARMSTART_PROJECT/baseline_symphony_21-01-2026+15_00/tmp/mnist-net_256x2/image_3/mnist-net_256x2_3_0_041.mps,/home/annelot/WARMSTART_PROJECT/baseline_symphony_21-01-2026+15_00/tmp/mnist-net_256x2/image_3/mnist-net_256x2_3_0_051.mps,UNSAT,7.057,UNSAT-UNSAT,None
/home/annelot/WARMSTART_PROJECT/baseline_symphony_21-01-2026+15_00/tmp/mnist-net_256x2/image_3/mnist-net_256x2_3_0_041.mps,/home/annelot/WARMSTART_PROJECT/baseline_symphony_21-01-2026+15_00/tmp/mnist-net_256x2/image_3/mnist-net_256x2_3_0_053.mps,UNSAT,7.077,UNSAT-UNSAT,None
/home/annelot/WARMSTART_PROJECT/baseline_symphony_21-01-2026+15_00/tmp/mnist-net_256x2/image_3/mnist-net_256x2_3_0_041.mps,/home/annelot/WARMSTART_PROJECT/baseline_symphony_21-01-2026+15_00/tmp/mnist-net_256x2/image_3/mnist-net_256x2_3_0_055.mps,UNSAT,7.106,UNSAT-UNSAT,None
/home/annelot/WARMSTART_PROJECT/baseline_symphony_21-01-2026+15_00/tmp/mnist-net_256x2/image_3/mnist-net_256x2_3_0_041.mps,/home/annelot/WARMSTART_PROJECT/baseline_symphony_21-01-2026+15_00/tmp/mnist-net_256x2/image_3/mnist-net_256x2_3_0_057.mps,UNSAT,7.076,UNSAT-UNSAT,None
/home/annelot/WARMSTART_PROJECT/baseline_symphony_21-01-2026+15_00/tmp/mnist-net_256x2/image_3/mnist-net_256x2_3_0_043.mps,/home/annelot/WARMSTART_PROJECT/baseline_symphony_21-01-2026+15_00/tmp/mnist-net_256x2/image_3/mnist-net_256x2_3_0_045.mps,UNSAT,44.942,UNSAT-UNSAT,None
/home/annelot/WARMSTART_PROJECT/baseline_symphony_21-01-2026+15_00/tmp/mnist-net_256x2/image_3/mnist-net_256x2_3_0_043.mps,/home/annelot/WARMSTART_PROJECT/baseline_symphony_21-01-2026+15_00/tmp/mnist-net_256x2/image_3/mnist-net_256x2_3_0_047.mps,UNSAT,45.068,UNSAT-UNSAT,None
/home/annelot/WARMSTART_PROJECT/baseline_symphony_21-01-2026+15_00/tmp/mnist-net_256x2/image_3/mnist-net_256x2_3_0_043.mps,/home/annelot/WARMSTART_PROJECT/baseline_symphony_21-01-2026+15_00/tmp/mnist-net_256x2/image_3/mnist-net_256x2_3_0_049.mps,UNSAT,44.935,UNSAT-UNSAT,None
/home/annelot/WARMSTART_PROJECT/baseline_symphony_21-01-2026+15_00/tmp/mnist-net_256x2/image_3/mnist-net_256x2_3_0_043.mps,/home/annelot/WARMSTART_PROJECT/baseline_symphony_21-01-2026+15_00/tmp/mnist-net_256x2/image_3/mnist-net_256x2_3_0_051.mps,UNSAT,44.856,UNSAT-UNSAT,None
/home/annelot/WARMSTART_PROJECT/baseline_symphony_21-01-2026+15_00/tmp/mnist-net_256x2/image_3/mnist-net_256x2_3_0_043.mps,/home/annelot/WARMSTART_PROJECT/baseline_symphony_21-01-2026+15_00/tmp/mnist-net_256x2/image_3/mnist-net_256x2_3_0_055.mps,UNSAT,27.15,UNSAT-UNSAT,None
/home/annelot/WARMSTART_PROJECT/baseline_symphony_21-01-2026+15_00/tmp/mnist-net_256x2/image_3/mnist-net_256x2_3_0_043.mps,/home/annelot/WARMSTART_PROJECT/baseline_symphony_21-01-2026+15_00/tmp/mnist-net_256x2/image_3/mnist-net_256x2_3_0_053.mps,UNSAT,44.899,UNSAT-UNSAT,None
/home/annelot/WARMSTART_PROJECT/baseline_symphony_21-01-2026+15_00/tmp/mnist-net_256x2/image_3/mnist-net_256x2_3_0_045.mps,/home/annelot/WARMSTART_PROJECT/baseline_symphony_21-01-2026+15_00/tmp/mnist-net_256x2/image_3/mnist-net_256x2_3_0_047.mps,UNSAT,24.213,UNSAT-UNSAT,None
/home/annelot/WARMSTART_PROJECT/baseline_symphony_21-01-2026+15_00/tmp/mnist-net_256x2/image_3/mnist-net_256x2_3_0_043.mps,/home/annelot/WARMSTART_PROJECT/baseline_symphony_21-01-2026+15_00/tmp/mnist-net_256x2/image_3/mnist-net_256x2_3_0_057.mps,UNSAT,44.58,UNSAT-UNSAT,None
/home/annelot/WARMSTART_PROJECT/baseline_symphony_21-01-2026+15_00/tmp/mnist-net_256x2/image_3/mnist-net_256x2_3_0_045.mps,/home/annelot/WARMSTART_PROJECT/baseline_symphony_21-01-2026+15_00/tmp/mnist-net_256x2/image_3/mnist-net_256x2_3_0_051.mps,UNSAT,24.242,UNSAT-UNSAT,None
/home/annelot/WARMSTART_PROJECT/baseline_symphony_21-01-2026+15_00/tmp/mnist-net_256x2/image_3/mnist-net_256x2_3_0_045.mps,/home/annelot/WARMSTART_PROJECT/baseline_symphony_21-01-2026+15_00/tmp/mnist-net_256x2/image_3/mnist-net_256x2_3_0_049.mps,UNSAT,38.944,UNSAT-UNSAT,None
/home/annelot/WARMSTART_PROJECT/baseline_symphony_21-01-2026+15_00/tmp/mnist-net_256x2/image_3/mnist-net_256x2_3_0_045.mps,/home/annelot/WARMSTART_PROJECT/baseline_symphony_21-01-2026+15_00/tmp/mnist-net_256x2/image_3/mnist-net_256x2_3_0_055.mps,UNSAT,24.242,UNSAT-UNSAT,None
/home/annelot/WARMSTART_PROJECT/baseline_symphony_21-01-2026+15_00/tmp/mnist-net_256x2/image_3/mnist-net_256x2_3_0_045.mps,/home/annelot/WARMSTART_PROJECT/baseline_symphony_21-01-2026+15_00/tmp/mnist-net_256x2/image_3/mnist-net_256x2_3_0_053.mps,UNSAT,39.022,UNSAT-UNSAT,None
/home/annelot/WARMSTART_PROJECT/baseline_symphony_21-01-2026+15_00/tmp/mnist-net_256x2/image_3/mnist-net_256x2_3_0_045.mps,/home/annelot/WARMSTART_PROJECT/baseline_symphony_21-01-2026+15_00/tmp/mnist-net_256x2/image_3/mnist-net_256x2_3_0_057.mps,UNSAT,39.095,UNSAT-UNSAT,None
/home/annelot/WARMSTART_PROJECT/baseline_symphony_21-01-2026+15_00/tmp/mnist-net_256x2/image_4/mnist-net_256x2_4_0_041.mps,/home/annelot/WARMSTART_PROJECT/baseline_symphony_21-01-2026+15_00/tmp/mnist-net_256x2/image_4/mnist-net_256x2_4_0_037.mps,SAT,1108.943,SAT-SAT,None
/home/annelot/WARMSTART_PROJECT/baseline_symphony_21-01-2026+15_00/tmp/mnist-net_256x2/image_3/mnist-net_256x2_3_0_047.mps,/home/annelot/WARMSTART_PROJECT/baseline_symphony_21-01-2026+15_00/tmp/mnist-net_256x2/image_3/mnist-net_256x2_3_0_051.mps,UNSAT,51.586,UNSAT-UNSAT,None
/home/annelot/WARMSTART_PROJECT/baseline_symphony_21-01-2026+15_00/tmp/mnist-net_256x2/image_3/mnist-net_256x2_3_0_047.mps,/home/annelot/WARMSTART_PROJECT/baseline_symphony_21-01-2026+15_00/tmp/mnist-net_256x2/image_3/mnist-net_256x2_3_0_053.mps,UNSAT,51.698,UNSAT-UNSAT,None
/home/annelot/WARMSTART_PROJECT/baseline_symphony_21-01-2026+15_00/tmp/mnist-net_256x2/image_4/mnist-net_256x2_4_0_041.mps,/home/annelot/WARMSTART_PROJECT/baseline_symphony_21-01-2026+15_00/tmp/mnist-net_256x2/image_4/mnist-net_256x2_4_0_039.mps,SAT,1095.475,SAT-SAT,None
/home/annelot/WARMSTART_PROJECT/baseline_symphony_21-01-2026+15_00/tmp/mnist-net_256x2/image_3/mnist-net_256x2_3_0_047.mps,/home/annelot/WARMSTART_PROJECT/baseline_symphony_21-01-2026+15_00/tmp/mnist-net_256x2/image_3/mnist-net_256x2_3_0_049.mps,UNSAT,84.428,UNSAT-UNSAT,None
/home/annelot/WARMSTART_PROJECT/baseline_symphony_21-01-2026+15_00/tmp/mnist-net_256x2/image_3/mnist-net_256x2_3_0_047.mps,/home/annelot/WARMSTART_PROJECT/baseline_symphony_21-01-2026+15_00/tmp/mnist-net_256x2/image_3/mnist-net_256x2_3_0_055.mps,UNSAT,84.331,UNSAT-UNSAT,None
/home/annelot/WARMSTART_PROJECT/baseline_symphony_21-01-2026+15_00/tmp/mnist-net_256x2/image_3/mnist-net_256x2_3_0_049.mps,/home/annelot/WARMSTART_PROJECT/baseline_symphony_21-01-2026+15_00/tmp/mnist-net_256x2/image_3/mnist-net_256x2_3_0_053.mps,UNSAT,36.858,UNSAT-UNSAT,None
/home/annelot/WARMSTART_PROJECT/baseline_symphony_21-01-2026+15_00/tmp/mnist-net_256x2/image_3/mnist-net_256x2_3_0_049.mps,/home/annelot/WARMSTART_PROJECT/baseline_symphony_21-01-2026+15_00/tmp/mnist-net_256x2/image_3/mnist-net_256x2_3_0_055.mps,UNSAT,36.948,UNSAT-UNSAT,None
/home/annelot/WARMSTART_PROJECT/baseline_symphony_21-01-2026+15_00/tmp/mnist-net_256x2/image_3/mnist-net_256x2_3_0_047.mps,/home/annelot/WARMSTART_PROJECT/baseline_symphony_21-01-2026+15_00/tmp/mnist-net_256x2/image_3/mnist-net_256x2_3_0_057.mps,UNSAT,84.177,UNSAT-UNSAT,None
/home/annelot/WARMSTART_PROJECT/baseline_symphony_21-01-2026+15_00/tmp/mnist-net_256x2/image_3/mnist-net_256x2_3_0_049.mps,/home/annelot/WARMSTART_PROJECT/baseline_symphony_21-01-2026+15_00/tmp/mnist-net_256x2/image_3/mnist-net_256x2_3_0_051.mps,UNSAT,61.845,UNSAT-UNSAT,None
/home/annelot/WARMSTART_PROJECT/baseline_symphony_21-01-2026+15_00/tmp/mnist-net_256x2/image_3/mnist-net_256x2_3_0_049.mps,/home/annelot/WARMSTART_PROJECT/baseline_symphony_21-01-2026+15_00/tmp/mnist-net_256x2/image_3/mnist-net_256x2_3_0_057.mps,UNSAT,61.443,UNSAT-UNSAT,None
/home/annelot/WARMSTART_PROJECT/baseline_symphony_21-01-2026+15_00/tmp/mnist-net_256x2/image_3/mnist-net_256x2_3_0_053.mps,/home/annelot/WARMSTART_PROJECT/baseline_symphony_21-01-2026+15_00/tmp/mnist-net_256x2/image_3/mnist-net_256x2_3_0_055.mps,UNSAT,107.648,UNSAT-UNSAT,None
/home/annelot/WARMSTART_PROJECT/baseline_symphony_21-01-2026+15_00/tmp/mnist-net_256x2/image_3/mnist-net_256x2_3_0_053.mps,/home/annelot/WARMSTART_PROJECT/baseline_symphony_21-01-2026+15_00/tmp/mnist-net_256x2/image_3/mnist-net_256x2_3_0_057.mps,UNSAT,178.845,UNSAT-UNSAT,None
/home/annelot/WARMSTART_PROJECT/baseline_symphony_21-01-2026+15_00/tmp/mnist-net_256x2/image_3/mnist-net_256x2_3_0_051.mps,/home/annelot/WARMSTART_PROJECT/baseline_symphony_21-01-2026+15_00/tmp/mnist-net_256x2/image_3/mnist-net_256x2_3_0_057.mps,UNSAT,211.14,UNSAT-UNSAT,None
/home/annelot/WARMSTART_PROJECT/baseline_symphony_21-01-2026+15_00/tmp/mnist-net_256x2/image_3/mnist-net_256x2_3_0_055.mps,/home/annelot/WARMSTART_PROJECT/baseline_symphony_21-01-2026+15_00/tmp/mnist-net_256x2/image_3/mnist-net_256x2_3_0_057.mps,UNSAT,244.426,UNSAT-UNSAT,None
/home/annelot/WARMSTART_PROJECT/baseline_symphony_21-01-2026+15_00/tmp/mnist-net/image_7/mnist-net_7_0_021.mps,/home/annelot/WARMSTART_PROJECT/baseline_symphony_21-01-2026+15_00/tmp/mnist-net/image_7/mnist-net_7_0_023.mps,ERR,,UNSAT-UNSAT,None
/home/annelot/WARMSTART_PROJECT/baseline_symphony_21-01-2026+15_00/tmp/mnist-net/image_7/mnist-net_7_0_021.mps,/home/annelot/WARMSTART_PROJECT/baseline_symphony_21-01-2026+15_00/tmp/mnist-net/image_7/mnist-net_7_0_025.mps,ERR,,UNSAT-UNSAT,None
/home/annelot/WARMSTART_PROJECT/baseline_symphony_21-01-2026+15_00/tmp/mnist-net/image_7/mnist-net_7_0_021.mps,/home/annelot/WARMSTART_PROJECT/baseline_symphony_21-01-2026+15_00/tmp/mnist-net/image_7/mnist-net_7_0_027.mps,ERR,,UNSAT-UNSAT,None
/home/annelot/WARMSTART_PROJECT/baseline_symphony_21-01-2026+15_00/tmp/mnist-net/image_7/mnist-net_7_0_021.mps,/home/annelot/WARMSTART_PROJECT/baseline_symphony_21-01-2026+15_00/tmp/mnist-net/image_7/mnist-net_7_0_029.mps,ERR,,UNSAT-UNSAT,None
/home/annelot/WARMSTART_PROJECT/baseline_symphony_21-01-2026+15_00/tmp/mnist-net/image_7/mnist-net_7_0_021.mps,/home/annelot/WARMSTART_PROJECT/baseline_symphony_21-01-2026+15_00/tmp/mnist-net/image_7/mnist-net_7_0_031.mps,ERR,,UNSAT-UNSAT,None
/home/annelot/WARMSTART_PROJECT/baseline_symphony_21-01-2026+15_00/tmp/mnist-net/image_7/mnist-net_7_0_021.mps,/home/annelot/WARMSTART_PROJECT/baseline_symphony_21-01-2026+15_00/tmp/mnist-net/image_7/mnist-net_7_0_033.mps,ERR,,UNSAT-UNSAT,None
/home/annelot/WARMSTART_PROJECT/baseline_symphony_21-01-2026+15_00/tmp/mnist-net/image_7/mnist-net_7_0_021.mps,/home/annelot/WARMSTART_PROJECT/baseline_symphony_21-01-2026+15_00/tmp/mnist-net/image_7/mnist-net_7_0_035.mps,ERR,,UNSAT-UNSAT,None
/home/annelot/WARMSTART_PROJECT/baseline_symphony_21-01-2026+15_00/tmp/mnist-net/image_7/mnist-net_7_0_023.mps,/home/annelot/WARMSTART_PROJECT/baseline_symphony_21-01-2026+15_00/tmp/mnist-net/image_7/mnist-net_7_0_025.mps,ERR,,UNSAT-UNSAT,None
/home/annelot/WARMSTART_PROJECT/baseline_symphony_21-01-2026+15_00/tmp/mnist-net/image_7/mnist-net_7_0_023.mps,/home/annelot/WARMSTART_PROJECT/baseline_symphony_21-01-2026+15_00/tmp/mnist-net/image_7/mnist-net_7_0_027.mps,ERR,,UNSAT-UNSAT,None
/home/annelot/WARMSTART_PROJECT/baseline_symphony_21-01-2026+15_00/tmp/mnist-net/image_7/mnist-net_7_0_023.mps,/home/annelot/WARMSTART_PROJECT/baseline_symphony_21-01-2026+15_00/tmp/mnist-net/image_7/mnist-net_7_0_029.mps,ERR,,UNSAT-UNSAT,None
/home/annelot/WARMSTART_PROJECT/baseline_symphony_21-01-2026+15_00/tmp/mnist-net/image_7/mnist-net_7_0_023.mps,/home/annelot/WARMSTART_PROJECT/baseline_symphony_21-01-2026+15_00/tmp/mnist-net/image_7/mnist-net_7_0_031.mps,ERR,,UNSAT-UNSAT,None
/home/annelot/WARMSTART_PROJECT/baseline_symphony_21-01-2026+15_00/tmp/mnist-net/image_7/mnist-net_7_0_023.mps,/home/annelot/WARMSTART_PROJECT/baseline_symphony_21-01-2026+15_00/tmp/mnist-net/image_7/mnist-net_7_0_033.mps,ERR,,UNSAT-UNSAT,None
/home/annelot/WARMSTART_PROJECT/baseline_symphony_21-01-2026+15_00/tmp/mnist-net/image_7/mnist-net_7_0_023.mps,/home/annelot/WARMSTART_PROJECT/baseline_symphony_21-01-2026+15_00/tmp/mnist-net/image_7/mnist-net_7_0_035.mps,ERR,,UNSAT-UNSAT,None
/home/annelot/WARMSTART_PROJECT/baseline_symphony_21-01-2026+15_00/tmp/mnist-net/image_7/mnist-net_7_0_025.mps,/home/annelot/WARMSTART_PROJECT/baseline_symphony_21-01-2026+15_00/tmp/mnist-net/image_7/mnist-net_7_0_027.mps,ERR,,UNSAT-UNSAT,None
/home/annelot/WARMSTART_PROJECT/baseline_symphony_21-01-2026+15_00/tmp/mnist-net/image_7/mnist-net_7_0_025.mps,/home/annelot/WARMSTART_PROJECT/baseline_symphony_21-01-2026+15_00/tmp/mnist-net/image_7/mnist-net_7_0_029.mps,ERR,,UNSAT-UNSAT,None
/home/annelot/WARMSTART_PROJECT/baseline_symphony_21-01-2026+15_00/tmp/mnist-net/image_7/mnist-net_7_0_025.mps,/home/annelot/WARMSTART_PROJECT/baseline_symphony_21-01-2026+15_00/tmp/mnist-net/image_7/mnist-net_7_0_031.mps,ERR,,UNSAT-UNSAT,None
/home/annelot/WARMSTART_PROJECT/baseline_symphony_21-01-2026+15_00/tmp/mnist-net/image_7/mnist-net_7_0_025.mps,/home/annelot/WARMSTART_PROJECT/baseline_symphony_21-01-2026+15_00/tmp/mnist-net/image_7/mnist-net_7_0_033.mps,ERR,,UNSAT-UNSAT,None
/home/annelot/WARMSTART_PROJECT/baseline_symphony_21-01-2026+15_00/tmp/mnist-net/image_7/mnist-net_7_0_025.mps,/home/annelot/WARMSTART_PROJECT/baseline_symphony_21-01-2026+15_00/tmp/mnist-net/image_7/mnist-net_7_0_035.mps,ERR,,UNSAT-UNSAT,None
/home/annelot/WARMSTART_PROJECT/baseline_symphony_21-01-2026+15_00/tmp/mnist-net/image_7/mnist-net_7_0_027.mps,/home/annelot/WARMSTART_PROJECT/baseline_symphony_21-01-2026+15_00/tmp/mnist-net/image_7/mnist-net_7_0_029.mps,UNSAT,0.483,UNSAT-UNSAT,None
/home/annelot/WARMSTART_PROJECT/baseline_symphony_21-01-2026+15_00/tmp/mnist-net/image_7/mnist-net_7_0_027.mps,/home/annelot/WARMSTART_PROJECT/baseline_symphony_21-01-2026+15_00/tmp/mnist-net/image_7/mnist-net_7_0_031.mps,UNSAT,0.482,UNSAT-UNSAT,None
/home/annelot/WARMSTART_PROJECT/baseline_symphony_21-01-2026+15_00/tmp/mnist-net/image_7/mnist-net_7_0_027.mps,/home/annelot/WARMSTART_PROJECT/baseline_symphony_21-01-2026+15_00/tmp/mnist-net/image_7/mnist-net_7_0_033.mps,UNSAT,0.491,UNSAT-UNSAT,None
/home/annelot/WARMSTART_PROJECT/baseline_symphony_21-01-2026+15_00/tmp/mnist-net/image_7/mnist-net_7_0_027.mps,/home/annelot/WARMSTART_PROJECT/baseline_symphony_21-01-2026+15_00/tmp/mnist-net/image_7/mnist-net_7_0_035.mps,UNSAT,0.48,UNSAT-UNSAT,None
/home/annelot/WARMSTART_PROJECT/baseline_symphony_21-01-2026+15_00/tmp/mnist-net/image_7/mnist-net_7_0_029.mps,/home/annelot/WARMSTART_PROJECT/baseline_symphony_21-01-2026+15_00/tmp/mnist-net/image_7/mnist-net_7_0_031.mps,UNSAT,20.796,UNSAT-UNSAT,None
/home/annelot/WARMSTART_PROJECT/baseline_symphony_21-01-2026+15_00/tmp/mnist-net_256x2/image_4/mnist-net_256x2_4_0_043.mps,/home/annelot/WARMSTART_PROJECT/baseline_symphony_21-01-2026+15_00/tmp/mnist-net_256x2/image_4/mnist-net_256x2_4_0_041.mps,SAT,1181.956,SAT-SAT,None
/home/annelot/WARMSTART_PROJECT/baseline_symphony_21-01-2026+15_00/tmp/mnist-net/image_7/mnist-net_7_0_029.mps,/home/annelot/WARMSTART_PROJECT/baseline_symphony_21-01-2026+15_00/tmp/mnist-net/image_7/mnist-net_7_0_033.mps,UNSAT,20.82,UNSAT-UNSAT,None
/home/annelot/WARMSTART_PROJECT/baseline_symphony_21-01-2026+15_00/tmp/mnist-net/image_7/mnist-net_7_0_029.mps,/home/annelot/WARMSTART_PROJECT/baseline_symphony_21-01-2026+15_00/tmp/mnist-net/image_7/mnist-net_7_0_035.mps,UNSAT,11.722,UNSAT-UNSAT,None
/home/annelot/WARMSTART_PROJECT/baseline_symphony_21-01-2026+15_00/tmp/mnist-net_256x2/image_3/mnist-net_256x2_3_0_051.mps,/home/annelot/WARMSTART_PROJECT/baseline_symphony_21-01-2026+15_00/tmp/mnist-net_256x2/image_3/mnist-net_256x2_3_0_053.mps,UNSAT,350.937,UNSAT-UNSAT,None
/home/annelot/WARMSTART_PROJECT/baseline_symphony_21-01-2026+15_00/tmp/mnist-net_256x2/image_3/mnist-net_256x2_3_0_051.mps,/home/annelot/WARMSTART_PROJECT/baseline_symphony_21-01-2026+15_00/tmp/mnist-net_256x2/image_3/mnist-net_256x2_3_0_055.mps,UNSAT,351.54,UNSAT-UNSAT,None
/home/annelot/WARMSTART_PROJECT/baseline_symphony_21-01-2026+15_00/tmp/mnist-net/image_7/mnist-net_7_0_031.mps,/home/annelot/WARMSTART_PROJECT/baseline_symphony_21-01-2026+15_00/tmp/mnist-net/image_7/mnist-net_7_0_035.mps,UNSAT,43.998,UNSAT-UNSAT,None
/home/annelot/WARMSTART_PROJECT/baseline_symphony_21-01-2026+15_00/tmp/mnist-net/image_7/mnist-net_7_0_031.mps,/home/annelot/WARMSTART_PROJECT/baseline_symphony_21-01-2026+15_00/tmp/mnist-net/image_7/mnist-net_7_0_033.mps,UNSAT,80.568,UNSAT-UNSAT,None
/home/annelot/WARMSTART_PROJECT/baseline_symphony_21-01-2026+15_00/tmp/mnist-net/image_7/mnist-net_7_0_033.mps,/home/annelot/WARMSTART_PROJECT/baseline_symphony_21-01-2026+15_00/tmp/mnist-net/image_7/mnist-net_7_0_035.mps,UNSAT,170.064,UNSAT-UNSAT,None
/home/annelot/WARMSTART_PROJECT/baseline_symphony_21-01-2026+15_00/tmp/mnist-net/image_7/mnist-net_7_0_035.mps,/home/annelot/WARMSTART_PROJECT/baseline_symphony_21-01-2026+15_00/tmp/mnist-net/image_7/mnist-net_7_0_041.mps,UNSAT,400.05,UNSAT-TIMEOUT,None
/home/annelot/WARMSTART_PROJECT/baseline_symphony_21-01-2026+15_00/tmp/mnist-net_256x2/image_3/mnist-net_256x2_3_0_057.mps,/home/annelot/WARMSTART_PROJECT/baseline_symphony_21-01-2026+15_00/tmp/mnist-net_256x2/image_3/mnist-net_256x2_3_0_059.mps,UNSAT,744.44,UNSAT-TIMEOUT,None
/home/annelot/WARMSTART_PROJECT/baseline_symphony_21-01-2026+15_00/tmp/mnist-net/image_6/mnist-net_6_0_021.mps,/home/annelot/WARMSTART_PROJECT/baseline_symphony_21-01-2026+15_00/tmp/mnist-net/image_6/mnist-net_6_0_023.mps,ERR,,UNSAT-UNSAT,None
/home/annelot/WARMSTART_PROJECT/baseline_symphony_21-01-2026+15_00/tmp/mnist-net/image_6/mnist-net_6_0_021.mps,/home/annelot/WARMSTART_PROJECT/baseline_symphony_21-01-2026+15_00/tmp/mnist-net/image_6/mnist-net_6_0_025.mps,ERR,,UNSAT-UNSAT,None
/home/annelot/WARMSTART_PROJECT/baseline_symphony_21-01-2026+15_00/tmp/mnist-net/image_6/mnist-net_6_0_021.mps,/home/annelot/WARMSTART_PROJECT/baseline_symphony_21-01-2026+15_00/tmp/mnist-net/image_6/mnist-net_6_0_027.mps,ERR,,UNSAT-UNSAT,None
/home/annelot/WARMSTART_PROJECT/baseline_symphony_21-01-2026+15_00/tmp/mnist-net_256x2/image_3/mnist-net_256x2_3_0_141.mps,/home/annelot/WARMSTART_PROJECT/baseline_symphony_21-01-2026+15_00/tmp/mnist-net_256x2/image_3/mnist-net_256x2_3_0_101.mps,SAT,1182.044,SAT-TIMEOUT,None
/home/annelot/WARMSTART_PROJECT/baseline_symphony_21-01-2026+15_00/tmp/mnist-net/image_6/mnist-net_6_0_021.mps,/home/annelot/WARMSTART_PROJECT/baseline_symphony_21-01-2026+15_00/tmp/mnist-net/image_6/mnist-net_6_0_031.mps,ERR,,UNSAT-UNSAT,None
/home/annelot/WARMSTART_PROJECT/baseline_symphony_21-01-2026+15_00/tmp/mnist-net/image_6/mnist-net_6_0_021.mps,/home/annelot/WARMSTART_PROJECT/baseline_symphony_21-01-2026+15_00/tmp/mnist-net/image_6/mnist-net_6_0_029.mps,ERR,,UNSAT-UNSAT,None
/home/annelot/WARMSTART_PROJECT/baseline_symphony_21-01-2026+15_00/tmp/mnist-net/image_6/mnist-net_6_0_021.mps,/home/annelot/WARMSTART_PROJECT/baseline_symphony_21-01-2026+15_00/tmp/mnist-net/image_6/mnist-net_6_0_035.mps,ERR,,UNSAT-UNSAT,None
/home/annelot/WARMSTART_PROJECT/baseline_symphony_21-01-2026+15_00/tmp/mnist-net/image_6/mnist-net_6_0_021.mps,/home/annelot/WARMSTART_PROJECT/baseline_symphony_21-01-2026+15_00/tmp/mnist-net/image_6/mnist-net_6_0_033.mps,ERR,,UNSAT-UNSAT,None
/home/annelot/WARMSTART_PROJECT/baseline_symphony_21-01-2026+15_00/tmp/mnist-net/image_6/mnist-net_6_0_023.mps,/home/annelot/WARMSTART_PROJECT/baseline_symphony_21-01-2026+15_00/tmp/mnist-net/image_6/mnist-net_6_0_025.mps,ERR,,UNSAT-UNSAT,None
/home/annelot/WARMSTART_PROJECT/baseline_symphony_21-01-2026+15_00/tmp/mnist-net/image_6/mnist-net_6_0_023.mps,/home/annelot/WARMSTART_PROJECT/baseline_symphony_21-01-2026+15_00/tmp/mnist-net/image_6/mnist-net_6_0_027.mps,ERR,,UNSAT-UNSAT,None
/home/annelot/WARMSTART_PROJECT/baseline_symphony_21-01-2026+15_00/tmp/mnist-net/image_6/mnist-net_6_0_023.mps,/home/annelot/WARMSTART_PROJECT/baseline_symphony_21-01-2026+15_00/tmp/mnist-net/image_6/mnist-net_6_0_031.mps,ERR,,UNSAT-UNSAT,None
/home/annelot/WARMSTART_PROJECT/baseline_symphony_21-01-2026+15_00/tmp/mnist-net/image_6/mnist-net_6_0_023.mps,/home/annelot/WARMSTART_PROJECT/baseline_symphony_21-01-2026+15_00/tmp/mnist-net/image_6/mnist-net_6_0_029.mps,ERR,,UNSAT-UNSAT,None
/home/annelot/WARMSTART_PROJECT/baseline_symphony_21-01-2026+15_00/tmp/mnist-net/image_6/mnist-net_6_0_023.mps,/home/annelot/WARMSTART_PROJECT/baseline_symphony_21-01-2026+15_00/tmp/mnist-net/image_6/mnist-net_6_0_033.mps,ERR,,UNSAT-UNSAT,None
/home/annelot/WARMSTART_PROJECT/baseline_symphony_21-01-2026+15_00/tmp/mnist-net/image_6/mnist-net_6_0_023.mps,/home/annelot/WARMSTART_PROJECT/baseline_symphony_21-01-2026+15_00/tmp/mnist-net/image_6/mnist-net_6_0_035.mps,ERR,,UNSAT-UNSAT,None
/home/annelot/WARMSTART_PROJECT/baseline_symphony_21-01-2026+15_00/tmp/mnist-net/image_6/mnist-net_6_0_025.mps,/home/annelot/WARMSTART_PROJECT/baseline_symphony_21-01-2026+15_00/tmp/mnist-net/image_6/mnist-net_6_0_027.mps,ERR,,UNSAT-UNSAT,None
/home/annelot/WARMSTART_PROJECT/baseline_symphony_21-01-2026+15_00/tmp/mnist-net/image_6/mnist-net_6_0_025.mps,/home/annelot/WARMSTART_PROJECT/baseline_symphony_21-01-2026+15_00/tmp/mnist-net/image_6/mnist-net_6_0_029.mps,ERR,,UNSAT-UNSAT,None
/home/annelot/WARMSTART_PROJECT/baseline_symphony_21-01-2026+15_00/tmp/mnist-net/image_6/mnist-net_6_0_025.mps,/home/annelot/WARMSTART_PROJECT/baseline_symphony_21-01-2026+15_00/tmp/mnist-net/image_6/mnist-net_6_0_033.mps,ERR,,UNSAT-UNSAT,None
/home/annelot/WARMSTART_PROJECT/baseline_symphony_21-01-2026+15_00/tmp/mnist-net/image_6/mnist-net_6_0_025.mps,/home/annelot/WARMSTART_PROJECT/baseline_symphony_21-01-2026+15_00/tmp/mnist-net/image_6/mnist-net_6_0_031.mps,ERR,,UNSAT-UNSAT,None
/home/annelot/WARMSTART_PROJECT/baseline_symphony_21-01-2026+15_00/tmp/mnist-net/image_6/mnist-net_6_0_025.mps,/home/annelot/WARMSTART_PROJECT/baseline_symphony_21-01-2026+15_00/tmp/mnist-net/image_6/mnist-net_6_0_035.mps,ERR,,UNSAT-UNSAT,None
/home/annelot/WARMSTART_PROJECT/baseline_symphony_21-01-2026+15_00/tmp/mnist-net/image_6/mnist-net_6_0_027.mps,/home/annelot/WARMSTART_PROJECT/baseline_symphony_21-01-2026+15_00/tmp/mnist-net/image_6/mnist-net_6_0_029.mps,UNSAT,0.32,UNSAT-UNSAT,None
/home/annelot/WARMSTART_PROJECT/baseline_symphony_21-01-2026+15_00/tmp/mnist-net/image_6/mnist-net_6_0_027.mps,/home/annelot/WARMSTART_PROJECT/baseline_symphony_21-01-2026+15_00/tmp/mnist-net/image_6/mnist-net_6_0_033.mps,UNSAT,0.321,UNSAT-UNSAT,None
/home/annelot/WARMSTART_PROJECT/baseline_symphony_21-01-2026+15_00/tmp/mnist-net/image_6/mnist-net_6_0_027.mps,/home/annelot/WARMSTART_PROJECT/baseline_symphony_21-01-2026+15_00/tmp/mnist-net/image_6/mnist-net_6_0_031.mps,UNSAT,0.325,UNSAT-UNSAT,None
/home/annelot/WARMSTART_PROJECT/baseline_symphony_21-01-2026+15_00/tmp/mnist-net/image_6/mnist-net_6_0_027.mps,/home/annelot/WARMSTART_PROJECT/baseline_symphony_21-01-2026+15_00/tmp/mnist-net/image_6/mnist-net_6_0_035.mps,UNSAT,0.325,UNSAT-UNSAT,None
/home/annelot/WARMSTART_PROJECT/baseline_symphony_21-01-2026+15_00/tmp/mnist-net/image_6/mnist-net_6_0_029.mps,/home/annelot/WARMSTART_PROJECT/baseline_symphony_21-01-2026+15_00/tmp/mnist-net/image_6/mnist-net_6_0_031.mps,UNSAT,3.106,UNSAT-UNSAT,None
/home/annelot/WARMSTART_PROJECT/baseline_symphony_21-01-2026+15_00/tmp/mnist-net/image_6/mnist-net_6_0_029.mps,/home/annelot/WARMSTART_PROJECT/baseline_symphony_21-01-2026+15_00/tmp/mnist-net/image_6/mnist-net_6_0_033.mps,UNSAT,3.106,UNSAT-UNSAT,None
/home/annelot/WARMSTART_PROJECT/baseline_symphony_21-01-2026+15_00/tmp/mnist-net/image_6/mnist-net_6_0_029.mps,/home/annelot/WARMSTART_PROJECT/baseline_symphony_21-01-2026+15_00/tmp/mnist-net/image_6/mnist-net_6_0_035.mps,UNSAT,3.115,UNSAT-UNSAT,None
/home/annelot/WARMSTART_PROJECT/baseline_symphony_21-01-2026+15_00/tmp/mnist-net/image_7/mnist-net_7_0_035.mps,/home/annelot/WARMSTART_PROJECT/baseline_symphony_21-01-2026+15_00/tmp/mnist-net/image_7/mnist-net_7_0_037.mps,UNSAT,811.65,UNSAT-TIMEOUT,None
/home/annelot/WARMSTART_PROJECT/baseline_symphony_21-01-2026+15_00/tmp/mnist-net/image_7/mnist-net_7_0_035.mps,/home/annelot/WARMSTART_PROJECT/baseline_symphony_21-01-2026+15_00/tmp/mnist-net/image_7/mnist-net_7_0_261.mps,UNSAT,406.058,UNSAT-TIMEOUT,None
/home/annelot/WARMSTART_PROJECT/baseline_symphony_21-01-2026+15_00/tmp/mnist-net/image_6/mnist-net_6_0_031.mps,/home/annelot/WARMSTART_PROJECT/baseline_symphony_21-01-2026+15_00/tmp/mnist-net/image_6/mnist-net_6_0_033.mps,UNSAT,139.995,UNSAT-UNSAT,None
/home/annelot/WARMSTART_PROJECT/baseline_symphony_21-01-2026+15_00/tmp/mnist-net/image_7/mnist-net_7_0_035.mps,/home/annelot/WARMSTART_PROJECT/baseline_symphony_21-01-2026+15_00/tmp/mnist-net/image_7/mnist-net_7_0_301.mps,UNSAT,407.741,UNSAT-TIMEOUT,None
/home/annelot/WARMSTART_PROJECT/baseline_symphony_21-01-2026+15_00/tmp/mnist-net/image_6/mnist-net_6_0_031.mps,/home/annelot/WARMSTART_PROJECT/baseline_symphony_21-01-2026+15_00/tmp/mnist-net/image_6/mnist-net_6_0_035.mps,UNSAT,140.42,UNSAT-UNSAT,None
/home/annelot/WARMSTART_PROJECT/baseline_symphony_21-01-2026+15_00/tmp/mnist-net/image_7/mnist-net_7_0_035.mps,/home/annelot/WARMSTART_PROJECT/baseline_symphony_21-01-2026+15_00/tmp/mnist-net/image_7/mnist-net_7_0_061.mps,UNSAT,822.834,UNSAT-TIMEOUT,None
/home/annelot/WARMSTART_PROJECT/baseline_symphony_21-01-2026+15_00/tmp/mnist-net/image_7/mnist-net_7_0_035.mps,/home/annelot/WARMSTART_PROJECT/baseline_symphony_21-01-2026+15_00/tmp/mnist-net/image_7/mnist-net_7_0_081.mps,UNSAT,830.665,UNSAT-TIMEOUT,None
/home/annelot/WARMSTART_PROJECT/baseline_symphony_21-01-2026+15_00/tmp/mnist-net/image_7/mnist-net_7_0_035.mps,/home/annelot/WARMSTART_PROJECT/baseline_symphony_21-01-2026+15_00/tmp/mnist-net/image_7/mnist-net_7_0_101.mps,UNSAT,832.672,UNSAT-TIMEOUT,None
/home/annelot/WARMSTART_PROJECT/baseline_symphony_21-01-2026+15_00/tmp/mnist-net/image_7/mnist-net_7_0_035.mps,/home/annelot/WARMSTART_PROJECT/baseline_symphony_21-01-2026+15_00/tmp/mnist-net/image_7/mnist-net_7_0_121.mps,UNSAT,831.899,UNSAT-TIMEOUT,None
/home/annelot/WARMSTART_PROJECT/baseline_symphony_21-01-2026+15_00/tmp/mnist-net/image_7/mnist-net_7_0_035.mps,/home/annelot/WARMSTART_PROJECT/baseline_symphony_21-01-2026+15_00/tmp/mnist-net/image_7/mnist-net_7_0_141.mps,UNSAT,832.888,UNSAT-TIMEOUT,None
/home/annelot/WARMSTART_PROJECT/baseline_symphony_21-01-2026+15_00/tmp/mnist-net/image_7/mnist-net_7_0_035.mps,/home/annelot/WARMSTART_PROJECT/baseline_symphony_21-01-2026+15_00/tmp/mnist-net/image_7/mnist-net_7_0_161.mps,UNSAT,835.352,UNSAT-TIMEOUT,None
/home/annelot/WARMSTART_PROJECT/baseline_symphony_21-01-2026+15_00/tmp/mnist-net/image_7/mnist-net_7_0_035.mps,/home/annelot/WARMSTART_PROJECT/baseline_symphony_21-01-2026+15_00/tmp/mnist-net/image_7/mnist-net_7_0_181.mps,UNSAT,834.185,UNSAT-TIMEOUT,None
/home/annelot/WARMSTART_PROJECT/baseline_symphony_21-01-2026+15_00/tmp/mnist-net/image_9/mnist-net_9_0_013.mps,/home/annelot/WARMSTART_PROJECT/baseline_symphony_21-01-2026+15_00/tmp/mnist-net/image_9/mnist-net_9_0_015.mps,ERR,,UNSAT-UNSAT,None
/home/annelot/WARMSTART_PROJECT/baseline_symphony_21-01-2026+15_00/tmp/mnist-net/image_9/mnist-net_9_0_013.mps,/home/annelot/WARMSTART_PROJECT/baseline_symphony_21-01-2026+15_00/tmp/mnist-net/image_9/mnist-net_9_0_017.mps,ERR,,UNSAT-UNSAT,None
/home/annelot/WARMSTART_PROJECT/baseline_symphony_21-01-2026+15_00/tmp/mnist-net/image_9/mnist-net_9_0_013.mps,/home/annelot/WARMSTART_PROJECT/baseline_symphony_21-01-2026+15_00/tmp/mnist-net/image_9/mnist-net_9_0_019.mps,ERR,,UNSAT-UNSAT,None
/home/annelot/WARMSTART_PROJECT/baseline_symphony_21-01-2026+15_00/tmp/mnist-net/image_9/mnist-net_9_0_013.mps,/home/annelot/WARMSTART_PROJECT/baseline_symphony_21-01-2026+15_00/tmp/mnist-net/image_9/mnist-net_9_0_021.mps,ERR,,UNSAT-UNSAT,None
/home/annelot/WARMSTART_PROJECT/baseline_symphony_21-01-2026+15_00/tmp/mnist-net/image_9/mnist-net_9_0_013.mps,/home/annelot/WARMSTART_PROJECT/baseline_symphony_21-01-2026+15_00/tmp/mnist-net/image_9/mnist-net_9_0_025.mps,ERR,,UNSAT-UNSAT,None
/home/annelot/WARMSTART_PROJECT/baseline_symphony_21-01-2026+15_00/tmp/mnist-net/image_9/mnist-net_9_0_013.mps,/home/annelot/WARMSTART_PROJECT/baseline_symphony_21-01-2026+15_00/tmp/mnist-net/image_9/mnist-net_9_0_023.mps,ERR,,UNSAT-UNSAT,None
/home/annelot/WARMSTART_PROJECT/baseline_symphony_21-01-2026+15_00/tmp/mnist-net/image_9/mnist-net_9_0_013.mps,/home/annelot/WARMSTART_PROJECT/baseline_symphony_21-01-2026+15_00/tmp/mnist-net/image_9/mnist-net_9_0_029.mps,ERR,,UNSAT-UNSAT,None
/home/annelot/WARMSTART_PROJECT/baseline_symphony_21-01-2026+15_00/tmp/mnist-net/image_9/mnist-net_9_0_013.mps,/home/annelot/WARMSTART_PROJECT/baseline_symphony_21-01-2026+15_00/tmp/mnist-net/image_9/mnist-net_9_0_027.mps,ERR,,UNSAT-UNSAT,None
/home/annelot/WARMSTART_PROJECT/baseline_symphony_21-01-2026+15_00/tmp/mnist-net/image_9/mnist-net_9_0_013.mps,/home/annelot/WARMSTART_PROJECT/baseline_symphony_21-01-2026+15_00/tmp/mnist-net/image_9/mnist-net_9_0_033.mps,ERR,,UNSAT-UNSAT,None
/home/annelot/WARMSTART_PROJECT/baseline_symphony_21-01-2026+15_00/tmp/mnist-net/image_9/mnist-net_9_0_013.mps,/home/annelot/WARMSTART_PROJECT/baseline_symphony_21-01-2026+15_00/tmp/mnist-net/image_9/mnist-net_9_0_031.mps,ERR,,UNSAT-UNSAT,None
/home/annelot/WARMSTART_PROJECT/baseline_symphony_21-01-2026+15_00/tmp/mnist-net/image_7/mnist-net_7_0_035.mps,/home/annelot/WARMSTART_PROJECT/baseline_symphony_21-01-2026+15_00/tmp/mnist-net/image_7/mnist-net_7_0_201.mps,UNSAT,833.155,UNSAT-TIMEOUT,None
/home/annelot/WARMSTART_PROJECT/baseline_symphony_21-01-2026+15_00/tmp/mnist-net/image_9/mnist-net_9_0_013.mps,/home/annelot/WARMSTART_PROJECT/baseline_symphony_21-01-2026+15_00/tmp/mnist-net/image_9/mnist-net_9_0_039.mps,ERR,,UNSAT-UNSAT,None
/home/annelot/WARMSTART_PROJECT/baseline_symphony_21-01-2026+15_00/tmp/mnist-net/image_9/mnist-net_9_0_013.mps,/home/annelot/WARMSTART_PROJECT/baseline_symphony_21-01-2026+15_00/tmp/mnist-net/image_9/mnist-net_9_0_037.mps,ERR,,UNSAT-UNSAT,None
/home/annelot/WARMSTART_PROJECT/baseline_symphony_21-01-2026+15_00/tmp/mnist-net/image_9/mnist-net_9_0_013.mps,/home/annelot/WARMSTART_PROJECT/baseline_symphony_21-01-2026+15_00/tmp/mnist-net/image_9/mnist-net_9_0_035.mps,ERR,,UNSAT-UNSAT,None
/home/annelot/WARMSTART_PROJECT/baseline_symphony_21-01-2026+15_00/tmp/mnist-net/image_9/mnist-net_9_0_013.mps,/home/annelot/WARMSTART_PROJECT/baseline_symphony_21-01-2026+15_00/tmp/mnist-net/image_9/mnist-net_9_0_043.mps,ERR,,UNSAT-UNSAT,None
/home/annelot/WARMSTART_PROJECT/baseline_symphony_21-01-2026+15_00/tmp/mnist-net/image_9/mnist-net_9_0_013.mps,/home/annelot/WARMSTART_PROJECT/baseline_symphony_21-01-2026+15_00/tmp/mnist-net/image_9/mnist-net_9_0_047.mps,ERR,,UNSAT-UNSAT,None
/home/annelot/WARMSTART_PROJECT/baseline_symphony_21-01-2026+15_00/tmp/mnist-net/image_9/mnist-net_9_0_013.mps,/home/annelot/WARMSTART_PROJECT/baseline_symphony_21-01-2026+15_00/tmp/mnist-net/image_9/mnist-net_9_0_045.mps,ERR,,UNSAT-UNSAT,None
/home/annelot/WARMSTART_PROJECT/baseline_symphony_21-01-2026+15_00/tmp/mnist-net/image_9/mnist-net_9_0_013.mps,/home/annelot/WARMSTART_PROJECT/baseline_symphony_21-01-2026+15_00/tmp/mnist-net/image_9/mnist-net_9_0_041.mps,ERR,,UNSAT-UNSAT,None
/home/annelot/WARMSTART_PROJECT/baseline_symphony_21-01-2026+15_00/tmp/mnist-net/image_9/mnist-net_9_0_013.mps,/home/annelot/WARMSTART_PROJECT/baseline_symphony_21-01-2026+15_00/tmp/mnist-net/image_9/mnist-net_9_0_053.mps,ERR,,UNSAT-UNSAT,None
/home/annelot/WARMSTART_PROJECT/baseline_symphony_21-01-2026+15_00/tmp/mnist-net/image_9/mnist-net_9_0_013.mps,/home/annelot/WARMSTART_PROJECT/baseline_symphony_21-01-2026+15_00/tmp/mnist-net/image_9/mnist-net_9_0_049.mps,ERR,,UNSAT-UNSAT,None
/home/annelot/WARMSTART_PROJECT/baseline_symphony_21-01-2026+15_00/tmp/mnist-net/image_9/mnist-net_9_0_013.mps,/home/annelot/WARMSTART_PROJECT/baseline_symphony_21-01-2026+15_00/tmp/mnist-net/image_9/mnist-net_9_0_055.mps,ERR,,UNSAT-UNSAT,None
/home/annelot/WARMSTART_PROJECT/baseline_symphony_21-01-2026+15_00/tmp/mnist-net/image_9/mnist-net_9_0_013.mps,/home/annelot/WARMSTART_PROJECT/baseline_symphony_21-01-2026+15_00/tmp/mnist-net/image_9/mnist-net_9_0_051.mps,ERR,,UNSAT-UNSAT,None
/home/annelot/WARMSTART_PROJECT/baseline_symphony_21-01-2026+15_00/tmp/mnist-net/image_9/mnist-net_9_0_015.mps,/home/annelot/WARMSTART_PROJECT/baseline_symphony_21-01-2026+15_00/tmp/mnist-net/image_9/mnist-net_9_0_019.mps,ERR,,UNSAT-UNSAT,None
/home/annelot/WARMSTART_PROJECT/baseline_symphony_21-01-2026+15_00/tmp/mnist-net/image_9/mnist-net_9_0_015.mps,/home/annelot/WARMSTART_PROJECT/baseline_symphony_21-01-2026+15_00/tmp/mnist-net/image_9/mnist-net_9_0_017.mps,ERR,,UNSAT-UNSAT,None
/home/annelot/WARMSTART_PROJECT/baseline_symphony_21-01-2026+15_00/tmp/mnist-net/image_9/mnist-net_9_0_013.mps,/home/annelot/WARMSTART_PROJECT/baseline_symphony_21-01-2026+15_00/tmp/mnist-net/image_9/mnist-net_9_0_057.mps,ERR,,UNSAT-UNSAT,None
/home/annelot/WARMSTART_PROJECT/baseline_symphony_21-01-2026+15_00/tmp/mnist-net/image_9/mnist-net_9_0_013.mps,/home/annelot/WARMSTART_PROJECT/baseline_symphony_21-01-2026+15_00/tmp/mnist-net/image_9/mnist-net_9_0_059.mps,ERR,,UNSAT-UNSAT,None
/home/annelot/WARMSTART_PROJECT/baseline_symphony_21-01-2026+15_00/tmp/mnist-net/image_9/mnist-net_9_0_015.mps,/home/annelot/WARMSTART_PROJECT/baseline_symphony_21-01-2026+15_00/tmp/mnist-net/image_9/mnist-net_9_0_027.mps,ERR,,UNSAT-UNSAT,None
/home/annelot/WARMSTART_PROJECT/baseline_symphony_21-01-2026+15_00/tmp/mnist-net/image_9/mnist-net_9_0_015.mps,/home/annelot/WARMSTART_PROJECT/baseline_symphony_21-01-2026+15_00/tmp/mnist-net/image_9/mnist-net_9_0_025.mps,ERR,,UNSAT-UNSAT,None
/home/annelot/WARMSTART_PROJECT/baseline_symphony_21-01-2026+15_00/tmp/mnist-net/image_9/mnist-net_9_0_015.mps,/home/annelot/WARMSTART_PROJECT/baseline_symphony_21-01-2026+15_00/tmp/mnist-net/image_9/mnist-net_9_0_023.mps,ERR,,UNSAT-UNSAT,None
/home/annelot/WARMSTART_PROJECT/baseline_symphony_21-01-2026+15_00/tmp/mnist-net/image_9/mnist-net_9_0_015.mps,/home/annelot/WARMSTART_PROJECT/baseline_symphony_21-01-2026+15_00/tmp/mnist-net/image_9/mnist-net_9_0_021.mps,ERR,,UNSAT-UNSAT,None
/home/annelot/WARMSTART_PROJECT/baseline_symphony_21-01-2026+15_00/tmp/mnist-net/image_9/mnist-net_9_0_015.mps,/home/annelot/WARMSTART_PROJECT/baseline_symphony_21-01-2026+15_00/tmp/mnist-net/image_9/mnist-net_9_0_035.mps,ERR,,UNSAT-UNSAT,None
/home/annelot/WARMSTART_PROJECT/baseline_symphony_21-01-2026+15_00/tmp/mnist-net/image_9/mnist-net_9_0_015.mps,/home/annelot/WARMSTART_PROJECT/baseline_symphony_21-01-2026+15_00/tmp/mnist-net/image_9/mnist-net_9_0_031.mps,ERR,,UNSAT-UNSAT,None
/home/annelot/WARMSTART_PROJECT/baseline_symphony_21-01-2026+15_00/tmp/mnist-net/image_9/mnist-net_9_0_015.mps,/home/annelot/WARMSTART_PROJECT/baseline_symphony_21-01-2026+15_00/tmp/mnist-net/image_9/mnist-net_9_0_029.mps,ERR,,UNSAT-UNSAT,None
/home/annelot/WARMSTART_PROJECT/baseline_symphony_21-01-2026+15_00/tmp/mnist-net/image_9/mnist-net_9_0_015.mps,/home/annelot/WARMSTART_PROJECT/baseline_symphony_21-01-2026+15_00/tmp/mnist-net/image_9/mnist-net_9_0_033.mps,ERR,,UNSAT-UNSAT,None
/home/annelot/WARMSTART_PROJECT/baseline_symphony_21-01-2026+15_00/tmp/mnist-net/image_9/mnist-net_9_0_015.mps,/home/annelot/WARMSTART_PROJECT/baseline_symphony_21-01-2026+15_00/tmp/mnist-net/image_9/mnist-net_9_0_043.mps,ERR,,UNSAT-UNSAT,None
/home/annelot/WARMSTART_PROJECT/baseline_symphony_21-01-2026+15_00/tmp/mnist-net/image_9/mnist-net_9_0_015.mps,/home/annelot/WARMSTART_PROJECT/baseline_symphony_21-01-2026+15_00/tmp/mnist-net/image_9/mnist-net_9_0_037.mps,ERR,,UNSAT-UNSAT,None
/home/annelot/WARMSTART_PROJECT/baseline_symphony_21-01-2026+15_00/tmp/mnist-net/image_9/mnist-net_9_0_015.mps,/home/annelot/WARMSTART_PROJECT/baseline_symphony_21-01-2026+15_00/tmp/mnist-net/image_9/mnist-net_9_0_039.mps,ERR,,UNSAT-UNSAT,None
/home/annelot/WARMSTART_PROJECT/baseline_symphony_21-01-2026+15_00/tmp/mnist-net/image_9/mnist-net_9_0_015.mps,/home/annelot/WARMSTART_PROJECT/baseline_symphony_21-01-2026+15_00/tmp/mnist-net/image_9/mnist-net_9_0_041.mps,ERR,,UNSAT-UNSAT,None
/home/annelot/WARMSTART_PROJECT/baseline_symphony_21-01-2026+15_00/tmp/mnist-net/image_9/mnist-net_9_0_015.mps,/home/annelot/WARMSTART_PROJECT/baseline_symphony_21-01-2026+15_00/tmp/mnist-net/image_9/mnist-net_9_0_047.mps,ERR,,UNSAT-UNSAT,None
/home/annelot/WARMSTART_PROJECT/baseline_symphony_21-01-2026+15_00/tmp/mnist-net/image_9/mnist-net_9_0_015.mps,/home/annelot/WARMSTART_PROJECT/baseline_symphony_21-01-2026+15_00/tmp/mnist-net/image_9/mnist-net_9_0_051.mps,ERR,,UNSAT-UNSAT,None
/home/annelot/WARMSTART_PROJECT/baseline_symphony_21-01-2026+15_00/tmp/mnist-net/image_9/mnist-net_9_0_015.mps,/home/annelot/WARMSTART_PROJECT/baseline_symphony_21-01-2026+15_00/tmp/mnist-net/image_9/mnist-net_9_0_049.mps,ERR,,UNSAT-UNSAT,None
/home/annelot/WARMSTART_PROJECT/baseline_symphony_21-01-2026+15_00/tmp/mnist-net/image_9/mnist-net_9_0_015.mps,/home/annelot/WARMSTART_PROJECT/baseline_symphony_21-01-2026+15_00/tmp/mnist-net/image_9/mnist-net_9_0_045.mps,ERR,,UNSAT-UNSAT,None
/home/annelot/WARMSTART_PROJECT/baseline_symphony_21-01-2026+15_00/tmp/mnist-net/image_9/mnist-net_9_0_017.mps,/home/annelot/WARMSTART_PROJECT/baseline_symphony_21-01-2026+15_00/tmp/mnist-net/image_9/mnist-net_9_0_019.mps,ERR,,UNSAT-UNSAT,None
/home/annelot/WARMSTART_PROJECT/baseline_symphony_21-01-2026+15_00/tmp/mnist-net/image_9/mnist-net_9_0_015.mps,/home/annelot/WARMSTART_PROJECT/baseline_symphony_21-01-2026+15_00/tmp/mnist-net/image_9/mnist-net_9_0_057.mps,ERR,,UNSAT-UNSAT,None
/home/annelot/WARMSTART_PROJECT/baseline_symphony_21-01-2026+15_00/tmp/mnist-net/image_9/mnist-net_9_0_015.mps,/home/annelot/WARMSTART_PROJECT/baseline_symphony_21-01-2026+15_00/tmp/mnist-net/image_9/mnist-net_9_0_055.mps,ERR,,UNSAT-UNSAT,None
/home/annelot/WARMSTART_PROJECT/baseline_symphony_21-01-2026+15_00/tmp/mnist-net/image_9/mnist-net_9_0_015.mps,/home/annelot/WARMSTART_PROJECT/baseline_symphony_21-01-2026+15_00/tmp/mnist-net/image_9/mnist-net_9_0_053.mps,ERR,,UNSAT-UNSAT,None
/home/annelot/WARMSTART_PROJECT/baseline_symphony_21-01-2026+15_00/tmp/mnist-net/image_9/mnist-net_9_0_015.mps,/home/annelot/WARMSTART_PROJECT/baseline_symphony_21-01-2026+15_00/tmp/mnist-net/image_9/mnist-net_9_0_059.mps,ERR,,UNSAT-UNSAT,None
/home/annelot/WARMSTART_PROJECT/baseline_symphony_21-01-2026+15_00/tmp/mnist-net/image_9/mnist-net_9_0_017.mps,/home/annelot/WARMSTART_PROJECT/baseline_symphony_21-01-2026+15_00/tmp/mnist-net/image_9/mnist-net_9_0_029.mps,ERR,,UNSAT-UNSAT,None
/home/annelot/WARMSTART_PROJECT/baseline_symphony_21-01-2026+15_00/tmp/mnist-net/image_9/mnist-net_9_0_017.mps,/home/annelot/WARMSTART_PROJECT/baseline_symphony_21-01-2026+15_00/tmp/mnist-net/image_9/mnist-net_9_0_027.mps,ERR,,UNSAT-UNSAT,None
/home/annelot/WARMSTART_PROJECT/baseline_symphony_21-01-2026+15_00/tmp/mnist-net/image_9/mnist-net_9_0_017.mps,/home/annelot/WARMSTART_PROJECT/baseline_symphony_21-01-2026+15_00/tmp/mnist-net/image_9/mnist-net_9_0_025.mps,ERR,,UNSAT-UNSAT,None
/home/annelot/WARMSTART_PROJECT/baseline_symphony_21-01-2026+15_00/tmp/mnist-net/image_9/mnist-net_9_0_017.mps,/home/annelot/WARMSTART_PROJECT/baseline_symphony_21-01-2026+15_00/tmp/mnist-net/image_9/mnist-net_9_0_021.mps,ERR,,UNSAT-UNSAT,None
/home/annelot/WARMSTART_PROJECT/baseline_symphony_21-01-2026+15_00/tmp/mnist-net/image_9/mnist-net_9_0_017.mps,/home/annelot/WARMSTART_PROJECT/baseline_symphony_21-01-2026+15_00/tmp/mnist-net/image_9/mnist-net_9_0_023.mps,ERR,,UNSAT-UNSAT,None
/home/annelot/WARMSTART_PROJECT/baseline_symphony_21-01-2026+15_00/tmp/mnist-net/image_9/mnist-net_9_0_017.mps,/home/annelot/WARMSTART_PROJECT/baseline_symphony_21-01-2026+15_00/tmp/mnist-net/image_9/mnist-net_9_0_039.mps,ERR,,UNSAT-UNSAT,None
/home/annelot/WARMSTART_PROJECT/baseline_symphony_21-01-2026+15_00/tmp/mnist-net/image_9/mnist-net_9_0_017.mps,/home/annelot/WARMSTART_PROJECT/baseline_symphony_21-01-2026+15_00/tmp/mnist-net/image_9/mnist-net_9_0_035.mps,ERR,,UNSAT-UNSAT,None
/home/annelot/WARMSTART_PROJECT/baseline_symphony_21-01-2026+15_00/tmp/mnist-net/image_9/mnist-net_9_0_017.mps,/home/annelot/WARMSTART_PROJECT/baseline_symphony_21-01-2026+15_00/tmp/mnist-net/image_9/mnist-net_9_0_033.mps,ERR,,UNSAT-UNSAT,None
/home/annelot/WARMSTART_PROJECT/baseline_symphony_21-01-2026+15_00/tmp/mnist-net/image_9/mnist-net_9_0_017.mps,/home/annelot/WARMSTART_PROJECT/baseline_symphony_21-01-2026+15_00/tmp/mnist-net/image_9/mnist-net_9_0_037.mps,ERR,,UNSAT-UNSAT,None
/home/annelot/WARMSTART_PROJECT/baseline_symphony_21-01-2026+15_00/tmp/mnist-net/image_9/mnist-net_9_0_017.mps,/home/annelot/WARMSTART_PROJECT/baseline_symphony_21-01-2026+15_00/tmp/mnist-net/image_9/mnist-net_9_0_031.mps,ERR,,UNSAT-UNSAT,None
/home/annelot/WARMSTART_PROJECT/baseline_symphony_21-01-2026+15_00/tmp/mnist-net/image_9/mnist-net_9_0_017.mps,/home/annelot/WARMSTART_PROJECT/baseline_symphony_21-01-2026+15_00/tmp/mnist-net/image_9/mnist-net_9_0_049.mps,ERR,,UNSAT-UNSAT,None
/home/annelot/WARMSTART_PROJECT/baseline_symphony_21-01-2026+15_00/tmp/mnist-net/image_9/mnist-net_9_0_017.mps,/home/annelot/WARMSTART_PROJECT/baseline_symphony_21-01-2026+15_00/tmp/mnist-net/image_9/mnist-net_9_0_043.mps,ERR,,UNSAT-UNSAT,None
/home/annelot/WARMSTART_PROJECT/baseline_symphony_21-01-2026+15_00/tmp/mnist-net/image_9/mnist-net_9_0_017.mps,/home/annelot/WARMSTART_PROJECT/baseline_symphony_21-01-2026+15_00/tmp/mnist-net/image_9/mnist-net_9_0_047.mps,ERR,,UNSAT-UNSAT,None
/home/annelot/WARMSTART_PROJECT/baseline_symphony_21-01-2026+15_00/tmp/mnist-net/image_9/mnist-net_9_0_017.mps,/home/annelot/WARMSTART_PROJECT/baseline_symphony_21-01-2026+15_00/tmp/mnist-net/image_9/mnist-net_9_0_041.mps,ERR,,UNSAT-UNSAT,None
/home/annelot/WARMSTART_PROJECT/baseline_symphony_21-01-2026+15_00/tmp/mnist-net/image_9/mnist-net_9_0_017.mps,/home/annelot/WARMSTART_PROJECT/baseline_symphony_21-01-2026+15_00/tmp/mnist-net/image_9/mnist-net_9_0_045.mps,ERR,,UNSAT-UNSAT,None
/home/annelot/WARMSTART_PROJECT/baseline_symphony_21-01-2026+15_00/tmp/mnist-net/image_9/mnist-net_9_0_017.mps,/home/annelot/WARMSTART_PROJECT/baseline_symphony_21-01-2026+15_00/tmp/mnist-net/image_9/mnist-net_9_0_059.mps,ERR,,UNSAT-UNSAT,None
/home/annelot/WARMSTART_PROJECT/baseline_symphony_21-01-2026+15_00/tmp/mnist-net/image_9/mnist-net_9_0_017.mps,/home/annelot/WARMSTART_PROJECT/baseline_symphony_21-01-2026+15_00/tmp/mnist-net/image_9/mnist-net_9_0_053.mps,ERR,,UNSAT-UNSAT,None
/home/annelot/WARMSTART_PROJECT/baseline_symphony_21-01-2026+15_00/tmp/mnist-net/image_9/mnist-net_9_0_017.mps,/home/annelot/WARMSTART_PROJECT/baseline_symphony_21-01-2026+15_00/tmp/mnist-net/image_9/mnist-net_9_0_055.mps,ERR,,UNSAT-UNSAT,None
/home/annelot/WARMSTART_PROJECT/baseline_symphony_21-01-2026+15_00/tmp/mnist-net/image_9/mnist-net_9_0_017.mps,/home/annelot/WARMSTART_PROJECT/baseline_symphony_21-01-2026+15_00/tmp/mnist-net/image_9/mnist-net_9_0_057.mps,ERR,,UNSAT-UNSAT,None
/home/annelot/WARMSTART_PROJECT/baseline_symphony_21-01-2026+15_00/tmp/mnist-net/image_9/mnist-net_9_0_017.mps,/home/annelot/WARMSTART_PROJECT/baseline_symphony_21-01-2026+15_00/tmp/mnist-net/image_9/mnist-net_9_0_051.mps,ERR,,UNSAT-UNSAT,None
/home/annelot/WARMSTART_PROJECT/baseline_symphony_21-01-2026+15_00/tmp/mnist-net/image_9/mnist-net_9_0_019.mps,/home/annelot/WARMSTART_PROJECT/baseline_symphony_21-01-2026+15_00/tmp/mnist-net/image_9/mnist-net_9_0_029.mps,ERR,,UNSAT-UNSAT,None
/home/annelot/WARMSTART_PROJECT/baseline_symphony_21-01-2026+15_00/tmp/mnist-net/image_9/mnist-net_9_0_019.mps,/home/annelot/WARMSTART_PROJECT/baseline_symphony_21-01-2026+15_00/tmp/mnist-net/image_9/mnist-net_9_0_027.mps,ERR,,UNSAT-UNSAT,None
/home/annelot/WARMSTART_PROJECT/baseline_symphony_21-01-2026+15_00/tmp/mnist-net/image_9/mnist-net_9_0_019.mps,/home/annelot/WARMSTART_PROJECT/baseline_symphony_21-01-2026+15_00/tmp/mnist-net/image_9/mnist-net_9_0_025.mps,ERR,,UNSAT-UNSAT,None
/home/annelot/WARMSTART_PROJECT/baseline_symphony_21-01-2026+15_00/tmp/mnist-net/image_9/mnist-net_9_0_019.mps,/home/annelot/WARMSTART_PROJECT/baseline_symphony_21-01-2026+15_00/tmp/mnist-net/image_9/mnist-net_9_0_023.mps,ERR,,UNSAT-UNSAT,None
/home/annelot/WARMSTART_PROJECT/baseline_symphony_21-01-2026+15_00/tmp/mnist-net/image_9/mnist-net_9_0_019.mps,/home/annelot/WARMSTART_PROJECT/baseline_symphony_21-01-2026+15_00/tmp/mnist-net/image_9/mnist-net_9_0_021.mps,ERR,,UNSAT-UNSAT,None
/home/annelot/WARMSTART_PROJECT/baseline_symphony_21-01-2026+15_00/tmp/mnist-net/image_9/mnist-net_9_0_019.mps,/home/annelot/WARMSTART_PROJECT/baseline_symphony_21-01-2026+15_00/tmp/mnist-net/image_9/mnist-net_9_0_039.mps,ERR,,UNSAT-UNSAT,None
/home/annelot/WARMSTART_PROJECT/baseline_symphony_21-01-2026+15_00/tmp/mnist-net/image_9/mnist-net_9_0_019.mps,/home/annelot/WARMSTART_PROJECT/baseline_symphony_21-01-2026+15_00/tmp/mnist-net/image_9/mnist-net_9_0_037.mps,ERR,,UNSAT-UNSAT,None
/home/annelot/WARMSTART_PROJECT/baseline_symphony_21-01-2026+15_00/tmp/mnist-net/image_9/mnist-net_9_0_019.mps,/home/annelot/WARMSTART_PROJECT/baseline_symphony_21-01-2026+15_00/tmp/mnist-net/image_9/mnist-net_9_0_033.mps,ERR,,UNSAT-UNSAT,None
/home/annelot/WARMSTART_PROJECT/baseline_symphony_21-01-2026+15_00/tmp/mnist-net/image_9/mnist-net_9_0_019.mps,/home/annelot/WARMSTART_PROJECT/baseline_symphony_21-01-2026+15_00/tmp/mnist-net/image_9/mnist-net_9_0_035.mps,ERR,,UNSAT-UNSAT,None
/home/annelot/WARMSTART_PROJECT/baseline_symphony_21-01-2026+15_00/tmp/mnist-net/image_9/mnist-net_9_0_019.mps,/home/annelot/WARMSTART_PROJECT/baseline_symphony_21-01-2026+15_00/tmp/mnist-net/image_9/mnist-net_9_0_031.mps,ERR,,UNSAT-UNSAT,None
/home/annelot/WARMSTART_PROJECT/baseline_symphony_21-01-2026+15_00/tmp/mnist-net/image_9/mnist-net_9_0_019.mps,/home/annelot/WARMSTART_PROJECT/baseline_symphony_21-01-2026+15_00/tmp/mnist-net/image_9/mnist-net_9_0_049.mps,ERR,,UNSAT-UNSAT,None
/home/annelot/WARMSTART_PROJECT/baseline_symphony_21-01-2026+15_00/tmp/mnist-net/image_9/mnist-net_9_0_019.mps,/home/annelot/WARMSTART_PROJECT/baseline_symphony_21-01-2026+15_00/tmp/mnist-net/image_9/mnist-net_9_0_047.mps,ERR,,UNSAT-UNSAT,None
/home/annelot/WARMSTART_PROJECT/baseline_symphony_21-01-2026+15_00/tmp/mnist-net/image_9/mnist-net_9_0_019.mps,/home/annelot/WARMSTART_PROJECT/baseline_symphony_21-01-2026+15_00/tmp/mnist-net/image_9/mnist-net_9_0_043.mps,ERR,,UNSAT-UNSAT,None
/home/annelot/WARMSTART_PROJECT/baseline_symphony_21-01-2026+15_00/tmp/mnist-net/image_9/mnist-net_9_0_019.mps,/home/annelot/WARMSTART_PROJECT/baseline_symphony_21-01-2026+15_00/tmp/mnist-net/image_9/mnist-net_9_0_041.mps,ERR,,UNSAT-UNSAT,None
/home/annelot/WARMSTART_PROJECT/baseline_symphony_21-01-2026+15_00/tmp/mnist-net/image_9/mnist-net_9_0_019.mps,/home/annelot/WARMSTART_PROJECT/baseline_symphony_21-01-2026+15_00/tmp/mnist-net/image_9/mnist-net_9_0_045.mps,ERR,,UNSAT-UNSAT,None
/home/annelot/WARMSTART_PROJECT/baseline_symphony_21-01-2026+15_00/tmp/mnist-net/image_9/mnist-net_9_0_019.mps,/home/annelot/WARMSTART_PROJECT/baseline_symphony_21-01-2026+15_00/tmp/mnist-net/image_9/mnist-net_9_0_059.mps,ERR,,UNSAT-UNSAT,None
/home/annelot/WARMSTART_PROJECT/baseline_symphony_21-01-2026+15_00/tmp/mnist-net/image_9/mnist-net_9_0_019.mps,/home/annelot/WARMSTART_PROJECT/baseline_symphony_21-01-2026+15_00/tmp/mnist-net/image_9/mnist-net_9_0_051.mps,ERR,,UNSAT-UNSAT,None
/home/annelot/WARMSTART_PROJECT/baseline_symphony_21-01-2026+15_00/tmp/mnist-net/image_9/mnist-net_9_0_019.mps,/home/annelot/WARMSTART_PROJECT/baseline_symphony_21-01-2026+15_00/tmp/mnist-net/image_9/mnist-net_9_0_057.mps,ERR,,UNSAT-UNSAT,None
/home/annelot/WARMSTART_PROJECT/baseline_symphony_21-01-2026+15_00/tmp/mnist-net/image_9/mnist-net_9_0_019.mps,/home/annelot/WARMSTART_PROJECT/baseline_symphony_21-01-2026+15_00/tmp/mnist-net/image_9/mnist-net_9_0_055.mps,ERR,,UNSAT-UNSAT,None
/home/annelot/WARMSTART_PROJECT/baseline_symphony_21-01-2026+15_00/tmp/mnist-net/image_9/mnist-net_9_0_019.mps,/home/annelot/WARMSTART_PROJECT/baseline_symphony_21-01-2026+15_00/tmp/mnist-net/image_9/mnist-net_9_0_053.mps,ERR,,UNSAT-UNSAT,None
/home/annelot/WARMSTART_PROJECT/baseline_symphony_21-01-2026+15_00/tmp/mnist-net/image_9/mnist-net_9_0_021.mps,/home/annelot/WARMSTART_PROJECT/baseline_symphony_21-01-2026+15_00/tmp/mnist-net/image_9/mnist-net_9_0_031.mps,ERR,,UNSAT-UNSAT,None
/home/annelot/WARMSTART_PROJECT/baseline_symphony_21-01-2026+15_00/tmp/mnist-net/image_9/mnist-net_9_0_021.mps,/home/annelot/WARMSTART_PROJECT/baseline_symphony_21-01-2026+15_00/tmp/mnist-net/image_9/mnist-net_9_0_027.mps,ERR,,UNSAT-UNSAT,None
/home/annelot/WARMSTART_PROJECT/baseline_symphony_21-01-2026+15_00/tmp/mnist-net/image_9/mnist-net_9_0_021.mps,/home/annelot/WARMSTART_PROJECT/baseline_symphony_21-01-2026+15_00/tmp/mnist-net/image_9/mnist-net_9_0_029.mps,ERR,,UNSAT-UNSAT,None
/home/annelot/WARMSTART_PROJECT/baseline_symphony_21-01-2026+15_00/tmp/mnist-net/image_9/mnist-net_9_0_021.mps,/home/annelot/WARMSTART_PROJECT/baseline_symphony_21-01-2026+15_00/tmp/mnist-net/image_9/mnist-net_9_0_025.mps,ERR,,UNSAT-UNSAT,None
/home/annelot/WARMSTART_PROJECT/baseline_symphony_21-01-2026+15_00/tmp/mnist-net/image_9/mnist-net_9_0_021.mps,/home/annelot/WARMSTART_PROJECT/baseline_symphony_21-01-2026+15_00/tmp/mnist-net/image_9/mnist-net_9_0_023.mps,ERR,,UNSAT-UNSAT,None
/home/annelot/WARMSTART_PROJECT/baseline_symphony_21-01-2026+15_00/tmp/mnist-net/image_9/mnist-net_9_0_021.mps,/home/annelot/WARMSTART_PROJECT/baseline_symphony_21-01-2026+15_00/tmp/mnist-net/image_9/mnist-net_9_0_041.mps,ERR,,UNSAT-UNSAT,None
/home/annelot/WARMSTART_PROJECT/baseline_symphony_21-01-2026+15_00/tmp/mnist-net/image_9/mnist-net_9_0_021.mps,/home/annelot/WARMSTART_PROJECT/baseline_symphony_21-01-2026+15_00/tmp/mnist-net/image_9/mnist-net_9_0_035.mps,ERR,,UNSAT-UNSAT,None
/home/annelot/WARMSTART_PROJECT/baseline_symphony_21-01-2026+15_00/tmp/mnist-net/image_9/mnist-net_9_0_021.mps,/home/annelot/WARMSTART_PROJECT/baseline_symphony_21-01-2026+15_00/tmp/mnist-net/image_9/mnist-net_9_0_039.mps,ERR,,UNSAT-UNSAT,None
/home/annelot/WARMSTART_PROJECT/baseline_symphony_21-01-2026+15_00/tmp/mnist-net/image_9/mnist-net_9_0_021.mps,/home/annelot/WARMSTART_PROJECT/baseline_symphony_21-01-2026+15_00/tmp/mnist-net/image_9/mnist-net_9_0_033.mps,ERR,,UNSAT-UNSAT,None
/home/annelot/WARMSTART_PROJECT/baseline_symphony_21-01-2026+15_00/tmp/mnist-net/image_9/mnist-net_9_0_021.mps,/home/annelot/WARMSTART_PROJECT/baseline_symphony_21-01-2026+15_00/tmp/mnist-net/image_9/mnist-net_9_0_037.mps,ERR,,UNSAT-UNSAT,None
/home/annelot/WARMSTART_PROJECT/baseline_symphony_21-01-2026+15_00/tmp/mnist-net/image_9/mnist-net_9_0_021.mps,/home/annelot/WARMSTART_PROJECT/baseline_symphony_21-01-2026+15_00/tmp/mnist-net/image_9/mnist-net_9_0_051.mps,ERR,,UNSAT-UNSAT,None
/home/annelot/WARMSTART_PROJECT/baseline_symphony_21-01-2026+15_00/tmp/mnist-net/image_9/mnist-net_9_0_021.mps,/home/annelot/WARMSTART_PROJECT/baseline_symphony_21-01-2026+15_00/tmp/mnist-net/image_9/mnist-net_9_0_043.mps,ERR,,UNSAT-UNSAT,None
/home/annelot/WARMSTART_PROJECT/baseline_symphony_21-01-2026+15_00/tmp/mnist-net/image_9/mnist-net_9_0_021.mps,/home/annelot/WARMSTART_PROJECT/baseline_symphony_21-01-2026+15_00/tmp/mnist-net/image_9/mnist-net_9_0_045.mps,ERR,,UNSAT-UNSAT,None
/home/annelot/WARMSTART_PROJECT/baseline_symphony_21-01-2026+15_00/tmp/mnist-net/image_9/mnist-net_9_0_021.mps,/home/annelot/WARMSTART_PROJECT/baseline_symphony_21-01-2026+15_00/tmp/mnist-net/image_9/mnist-net_9_0_049.mps,ERR,,UNSAT-UNSAT,None
/home/annelot/WARMSTART_PROJECT/baseline_symphony_21-01-2026+15_00/tmp/mnist-net/image_9/mnist-net_9_0_021.mps,/home/annelot/WARMSTART_PROJECT/baseline_symphony_21-01-2026+15_00/tmp/mnist-net/image_9/mnist-net_9_0_047.mps,ERR,,UNSAT-UNSAT,None
/home/annelot/WARMSTART_PROJECT/baseline_symphony_21-01-2026+15_00/tmp/mnist-net/image_9/mnist-net_9_0_023.mps,/home/annelot/WARMSTART_PROJECT/baseline_symphony_21-01-2026+15_00/tmp/mnist-net/image_9/mnist-net_9_0_025.mps,ERR,,UNSAT-UNSAT,None
/home/annelot/WARMSTART_PROJECT/baseline_symphony_21-01-2026+15_00/tmp/mnist-net/image_9/mnist-net_9_0_021.mps,/home/annelot/WARMSTART_PROJECT/baseline_symphony_21-01-2026+15_00/tmp/mnist-net/image_9/mnist-net_9_0_059.mps,ERR,,UNSAT-UNSAT,None
/home/annelot/WARMSTART_PROJECT/baseline_symphony_21-01-2026+15_00/tmp/mnist-net/image_9/mnist-net_9_0_021.mps,/home/annelot/WARMSTART_PROJECT/baseline_symphony_21-01-2026+15_00/tmp/mnist-net/image_9/mnist-net_9_0_055.mps,ERR,,UNSAT-UNSAT,None
/home/annelot/WARMSTART_PROJECT/baseline_symphony_21-01-2026+15_00/tmp/mnist-net/image_9/mnist-net_9_0_021.mps,/home/annelot/WARMSTART_PROJECT/baseline_symphony_21-01-2026+15_00/tmp/mnist-net/image_9/mnist-net_9_0_053.mps,ERR,,UNSAT-UNSAT,None
/home/annelot/WARMSTART_PROJECT/baseline_symphony_21-01-2026+15_00/tmp/mnist-net/image_9/mnist-net_9_0_021.mps,/home/annelot/WARMSTART_PROJECT/baseline_symphony_21-01-2026+15_00/tmp/mnist-net/image_9/mnist-net_9_0_057.mps,ERR,,UNSAT-UNSAT,None
/home/annelot/WARMSTART_PROJECT/baseline_symphony_21-01-2026+15_00/tmp/mnist-net/image_9/mnist-net_9_0_023.mps,/home/annelot/WARMSTART_PROJECT/baseline_symphony_21-01-2026+15_00/tmp/mnist-net/image_9/mnist-net_9_0_035.mps,ERR,,UNSAT-UNSAT,None
/home/annelot/WARMSTART_PROJECT/baseline_symphony_21-01-2026+15_00/tmp/mnist-net/image_9/mnist-net_9_0_023.mps,/home/annelot/WARMSTART_PROJECT/baseline_symphony_21-01-2026+15_00/tmp/mnist-net/image_9/mnist-net_9_0_033.mps,ERR,,UNSAT-UNSAT,None
/home/annelot/WARMSTART_PROJECT/baseline_symphony_21-01-2026+15_00/tmp/mnist-net/image_9/mnist-net_9_0_023.mps,/home/annelot/WARMSTART_PROJECT/baseline_symphony_21-01-2026+15_00/tmp/mnist-net/image_9/mnist-net_9_0_031.mps,ERR,,UNSAT-UNSAT,None
/home/annelot/WARMSTART_PROJECT/baseline_symphony_21-01-2026+15_00/tmp/mnist-net/image_9/mnist-net_9_0_023.mps,/home/annelot/WARMSTART_PROJECT/baseline_symphony_21-01-2026+15_00/tmp/mnist-net/image_9/mnist-net_9_0_027.mps,ERR,,UNSAT-UNSAT,None
/home/annelot/WARMSTART_PROJECT/baseline_symphony_21-01-2026+15_00/tmp/mnist-net/image_9/mnist-net_9_0_023.mps,/home/annelot/WARMSTART_PROJECT/baseline_symphony_21-01-2026+15_00/tmp/mnist-net/image_9/mnist-net_9_0_029.mps,ERR,,UNSAT-UNSAT,None
/home/annelot/WARMSTART_PROJECT/baseline_symphony_21-01-2026+15_00/tmp/mnist-net/image_9/mnist-net_9_0_023.mps,/home/annelot/WARMSTART_PROJECT/baseline_symphony_21-01-2026+15_00/tmp/mnist-net/image_9/mnist-net_9_0_045.mps,ERR,,UNSAT-UNSAT,None
/home/annelot/WARMSTART_PROJECT/baseline_symphony_21-01-2026+15_00/tmp/mnist-net/image_9/mnist-net_9_0_023.mps,/home/annelot/WARMSTART_PROJECT/baseline_symphony_21-01-2026+15_00/tmp/mnist-net/image_9/mnist-net_9_0_037.mps,ERR,,UNSAT-UNSAT,None
/home/annelot/WARMSTART_PROJECT/baseline_symphony_21-01-2026+15_00/tmp/mnist-net/image_9/mnist-net_9_0_023.mps,/home/annelot/WARMSTART_PROJECT/baseline_symphony_21-01-2026+15_00/tmp/mnist-net/image_9/mnist-net_9_0_039.mps,ERR,,UNSAT-UNSAT,None
/home/annelot/WARMSTART_PROJECT/baseline_symphony_21-01-2026+15_00/tmp/mnist-net/image_9/mnist-net_9_0_023.mps,/home/annelot/WARMSTART_PROJECT/baseline_symphony_21-01-2026+15_00/tmp/mnist-net/image_9/mnist-net_9_0_043.mps,ERR,,UNSAT-UNSAT,None
/home/annelot/WARMSTART_PROJECT/baseline_symphony_21-01-2026+15_00/tmp/mnist-net/image_9/mnist-net_9_0_023.mps,/home/annelot/WARMSTART_PROJECT/baseline_symphony_21-01-2026+15_00/tmp/mnist-net/image_9/mnist-net_9_0_041.mps,ERR,,UNSAT-UNSAT,None
/home/annelot/WARMSTART_PROJECT/baseline_symphony_21-01-2026+15_00/tmp/mnist-net/image_9/mnist-net_9_0_023.mps,/home/annelot/WARMSTART_PROJECT/baseline_symphony_21-01-2026+15_00/tmp/mnist-net/image_9/mnist-net_9_0_055.mps,ERR,,UNSAT-UNSAT,None
/home/annelot/WARMSTART_PROJECT/baseline_symphony_21-01-2026+15_00/tmp/mnist-net/image_9/mnist-net_9_0_023.mps,/home/annelot/WARMSTART_PROJECT/baseline_symphony_21-01-2026+15_00/tmp/mnist-net/image_9/mnist-net_9_0_049.mps,ERR,,UNSAT-UNSAT,None
/home/annelot/WARMSTART_PROJECT/baseline_symphony_21-01-2026+15_00/tmp/mnist-net/image_9/mnist-net_9_0_023.mps,/home/annelot/WARMSTART_PROJECT/baseline_symphony_21-01-2026+15_00/tmp/mnist-net/image_9/mnist-net_9_0_051.mps,ERR,,UNSAT-UNSAT,None
/home/annelot/WARMSTART_PROJECT/baseline_symphony_21-01-2026+15_00/tmp/mnist-net/image_9/mnist-net_9_0_023.mps,/home/annelot/WARMSTART_PROJECT/baseline_symphony_21-01-2026+15_00/tmp/mnist-net/image_9/mnist-net_9_0_053.mps,ERR,,UNSAT-UNSAT,None
/home/annelot/WARMSTART_PROJECT/baseline_symphony_21-01-2026+15_00/tmp/mnist-net/image_9/mnist-net_9_0_023.mps,/home/annelot/WARMSTART_PROJECT/baseline_symphony_21-01-2026+15_00/tmp/mnist-net/image_9/mnist-net_9_0_047.mps,ERR,,UNSAT-UNSAT,None
/home/annelot/WARMSTART_PROJECT/baseline_symphony_21-01-2026+15_00/tmp/mnist-net/image_9/mnist-net_9_0_025.mps,/home/annelot/WARMSTART_PROJECT/baseline_symphony_21-01-2026+15_00/tmp/mnist-net/image_9/mnist-net_9_0_031.mps,ERR,,UNSAT-UNSAT,None
/home/annelot/WARMSTART_PROJECT/baseline_symphony_21-01-2026+15_00/tmp/mnist-net/image_9/mnist-net_9_0_025.mps,/home/annelot/WARMSTART_PROJECT/baseline_symphony_21-01-2026+15_00/tmp/mnist-net/image_9/mnist-net_9_0_027.mps,ERR,,UNSAT-UNSAT,None
/home/annelot/WARMSTART_PROJECT/baseline_symphony_21-01-2026+15_00/tmp/mnist-net/image_9/mnist-net_9_0_025.mps,/home/annelot/WARMSTART_PROJECT/baseline_symphony_21-01-2026+15_00/tmp/mnist-net/image_9/mnist-net_9_0_029.mps,ERR,,UNSAT-UNSAT,None
/home/annelot/WARMSTART_PROJECT/baseline_symphony_21-01-2026+15_00/tmp/mnist-net/image_9/mnist-net_9_0_023.mps,/home/annelot/WARMSTART_PROJECT/baseline_symphony_21-01-2026+15_00/tmp/mnist-net/image_9/mnist-net_9_0_057.mps,ERR,,UNSAT-UNSAT,None
/home/annelot/WARMSTART_PROJECT/baseline_symphony_21-01-2026+15_00/tmp/mnist-net/image_9/mnist-net_9_0_023.mps,/home/annelot/WARMSTART_PROJECT/baseline_symphony_21-01-2026+15_00/tmp/mnist-net/image_9/mnist-net_9_0_059.mps,ERR,,UNSAT-UNSAT,None
/home/annelot/WARMSTART_PROJECT/baseline_symphony_21-01-2026+15_00/tmp/mnist-net/image_9/mnist-net_9_0_025.mps,/home/annelot/WARMSTART_PROJECT/baseline_symphony_21-01-2026+15_00/tmp/mnist-net/image_9/mnist-net_9_0_041.mps,ERR,,UNSAT-UNSAT,None
/home/annelot/WARMSTART_PROJECT/baseline_symphony_21-01-2026+15_00/tmp/mnist-net/image_9/mnist-net_9_0_025.mps,/home/annelot/WARMSTART_PROJECT/baseline_symphony_21-01-2026+15_00/tmp/mnist-net/image_9/mnist-net_9_0_039.mps,ERR,,UNSAT-UNSAT,None
/home/annelot/WARMSTART_PROJECT/baseline_symphony_21-01-2026+15_00/tmp/mnist-net/image_9/mnist-net_9_0_025.mps,/home/annelot/WARMSTART_PROJECT/baseline_symphony_21-01-2026+15_00/tmp/mnist-net/image_9/mnist-net_9_0_035.mps,ERR,,UNSAT-UNSAT,None
/home/annelot/WARMSTART_PROJECT/baseline_symphony_21-01-2026+15_00/tmp/mnist-net/image_9/mnist-net_9_0_025.mps,/home/annelot/WARMSTART_PROJECT/baseline_symphony_21-01-2026+15_00/tmp/mnist-net/image_9/mnist-net_9_0_037.mps,ERR,,UNSAT-UNSAT,None
/home/annelot/WARMSTART_PROJECT/baseline_symphony_21-01-2026+15_00/tmp/mnist-net/image_9/mnist-net_9_0_025.mps,/home/annelot/WARMSTART_PROJECT/baseline_symphony_21-01-2026+15_00/tmp/mnist-net/image_9/mnist-net_9_0_033.mps,ERR,,UNSAT-UNSAT,None
/home/annelot/WARMSTART_PROJECT/baseline_symphony_21-01-2026+15_00/tmp/mnist-net/image_9/mnist-net_9_0_025.mps,/home/annelot/WARMSTART_PROJECT/baseline_symphony_21-01-2026+15_00/tmp/mnist-net/image_9/mnist-net_9_0_051.mps,ERR,,UNSAT-UNSAT,None
/home/annelot/WARMSTART_PROJECT/baseline_symphony_21-01-2026+15_00/tmp/mnist-net/image_9/mnist-net_9_0_025.mps,/home/annelot/WARMSTART_PROJECT/baseline_symphony_21-01-2026+15_00/tmp/mnist-net/image_9/mnist-net_9_0_047.mps,ERR,,UNSAT-UNSAT,None
/home/annelot/WARMSTART_PROJECT/baseline_symphony_21-01-2026+15_00/tmp/mnist-net/image_9/mnist-net_9_0_025.mps,/home/annelot/WARMSTART_PROJECT/baseline_symphony_21-01-2026+15_00/tmp/mnist-net/image_9/mnist-net_9_0_043.mps,ERR,,UNSAT-UNSAT,None
/home/annelot/WARMSTART_PROJECT/baseline_symphony_21-01-2026+15_00/tmp/mnist-net/image_9/mnist-net_9_0_025.mps,/home/annelot/WARMSTART_PROJECT/baseline_symphony_21-01-2026+15_00/tmp/mnist-net/image_9/mnist-net_9_0_049.mps,ERR,,UNSAT-UNSAT,None
/home/annelot/WARMSTART_PROJECT/baseline_symphony_21-01-2026+15_00/tmp/mnist-net/image_9/mnist-net_9_0_025.mps,/home/annelot/WARMSTART_PROJECT/baseline_symphony_21-01-2026+15_00/tmp/mnist-net/image_9/mnist-net_9_0_045.mps,ERR,,UNSAT-UNSAT,None
/home/annelot/WARMSTART_PROJECT/baseline_symphony_21-01-2026+15_00/tmp/mnist-net/image_9/mnist-net_9_0_027.mps,/home/annelot/WARMSTART_PROJECT/baseline_symphony_21-01-2026+15_00/tmp/mnist-net/image_9/mnist-net_9_0_029.mps,ERR,,UNSAT-UNSAT,None
/home/annelot/WARMSTART_PROJECT/baseline_symphony_21-01-2026+15_00/tmp/mnist-net/image_9/mnist-net_9_0_025.mps,/home/annelot/WARMSTART_PROJECT/baseline_symphony_21-01-2026+15_00/tmp/mnist-net/image_9/mnist-net_9_0_053.mps,ERR,,UNSAT-UNSAT,None
/home/annelot/WARMSTART_PROJECT/baseline_symphony_21-01-2026+15_00/tmp/mnist-net/image_9/mnist-net_9_0_025.mps,/home/annelot/WARMSTART_PROJECT/baseline_symphony_21-01-2026+15_00/tmp/mnist-net/image_9/mnist-net_9_0_059.mps,ERR,,UNSAT-UNSAT,None
/home/annelot/WARMSTART_PROJECT/baseline_symphony_21-01-2026+15_00/tmp/mnist-net/image_9/mnist-net_9_0_025.mps,/home/annelot/WARMSTART_PROJECT/baseline_symphony_21-01-2026+15_00/tmp/mnist-net/image_9/mnist-net_9_0_057.mps,ERR,,UNSAT-UNSAT,None
/home/annelot/WARMSTART_PROJECT/baseline_symphony_21-01-2026+15_00/tmp/mnist-net/image_9/mnist-net_9_0_025.mps,/home/annelot/WARMSTART_PROJECT/baseline_symphony_21-01-2026+15_00/tmp/mnist-net/image_9/mnist-net_9_0_055.mps,ERR,,UNSAT-UNSAT,None
/home/annelot/WARMSTART_PROJECT/baseline_symphony_21-01-2026+15_00/tmp/mnist-net/image_9/mnist-net_9_0_027.mps,/home/annelot/WARMSTART_PROJECT/baseline_symphony_21-01-2026+15_00/tmp/mnist-net/image_9/mnist-net_9_0_039.mps,ERR,,UNSAT-UNSAT,None
/home/annelot/WARMSTART_PROJECT/baseline_symphony_21-01-2026+15_00/tmp/mnist-net/image_9/mnist-net_9_0_027.mps,/home/annelot/WARMSTART_PROJECT/baseline_symphony_21-01-2026+15_00/tmp/mnist-net/image_9/mnist-net_9_0_035.mps,ERR,,UNSAT-UNSAT,None
/home/annelot/WARMSTART_PROJECT/baseline_symphony_21-01-2026+15_00/tmp/mnist-net/image_9/mnist-net_9_0_027.mps,/home/annelot/WARMSTART_PROJECT/baseline_symphony_21-01-2026+15_00/tmp/mnist-net/image_9/mnist-net_9_0_033.mps,ERR,,UNSAT-UNSAT,None
/home/annelot/WARMSTART_PROJECT/baseline_symphony_21-01-2026+15_00/tmp/mnist-net/image_9/mnist-net_9_0_027.mps,/home/annelot/WARMSTART_PROJECT/baseline_symphony_21-01-2026+15_00/tmp/mnist-net/image_9/mnist-net_9_0_031.mps,ERR,,UNSAT-UNSAT,None
/home/annelot/WARMSTART_PROJECT/baseline_symphony_21-01-2026+15_00/tmp/mnist-net/image_9/mnist-net_9_0_027.mps,/home/annelot/WARMSTART_PROJECT/baseline_symphony_21-01-2026+15_00/tmp/mnist-net/image_9/mnist-net_9_0_037.mps,ERR,,UNSAT-UNSAT,None
/home/annelot/WARMSTART_PROJECT/baseline_symphony_21-01-2026+15_00/tmp/mnist-net/image_9/mnist-net_9_0_027.mps,/home/annelot/WARMSTART_PROJECT/baseline_symphony_21-01-2026+15_00/tmp/mnist-net/image_9/mnist-net_9_0_049.mps,ERR,,UNSAT-UNSAT,None
/home/annelot/WARMSTART_PROJECT/baseline_symphony_21-01-2026+15_00/tmp/mnist-net/image_9/mnist-net_9_0_027.mps,/home/annelot/WARMSTART_PROJECT/baseline_symphony_21-01-2026+15_00/tmp/mnist-net/image_9/mnist-net_9_0_043.mps,ERR,,UNSAT-UNSAT,None
/home/annelot/WARMSTART_PROJECT/baseline_symphony_21-01-2026+15_00/tmp/mnist-net/image_9/mnist-net_9_0_027.mps,/home/annelot/WARMSTART_PROJECT/baseline_symphony_21-01-2026+15_00/tmp/mnist-net/image_9/mnist-net_9_0_047.mps,ERR,,UNSAT-UNSAT,None
/home/annelot/WARMSTART_PROJECT/baseline_symphony_21-01-2026+15_00/tmp/mnist-net/image_9/mnist-net_9_0_027.mps,/home/annelot/WARMSTART_PROJECT/baseline_symphony_21-01-2026+15_00/tmp/mnist-net/image_9/mnist-net_9_0_045.mps,ERR,,UNSAT-UNSAT,None
/home/annelot/WARMSTART_PROJECT/baseline_symphony_21-01-2026+15_00/tmp/mnist-net/image_9/mnist-net_9_0_027.mps,/home/annelot/WARMSTART_PROJECT/baseline_symphony_21-01-2026+15_00/tmp/mnist-net/image_9/mnist-net_9_0_041.mps,ERR,,UNSAT-UNSAT,None
/home/annelot/WARMSTART_PROJECT/baseline_symphony_21-01-2026+15_00/tmp/mnist-net/image_9/mnist-net_9_0_027.mps,/home/annelot/WARMSTART_PROJECT/baseline_symphony_21-01-2026+15_00/tmp/mnist-net/image_9/mnist-net_9_0_059.mps,ERR,,UNSAT-UNSAT,None
/home/annelot/WARMSTART_PROJECT/baseline_symphony_21-01-2026+15_00/tmp/mnist-net/image_9/mnist-net_9_0_027.mps,/home/annelot/WARMSTART_PROJECT/baseline_symphony_21-01-2026+15_00/tmp/mnist-net/image_9/mnist-net_9_0_057.mps,ERR,,UNSAT-UNSAT,None
/home/annelot/WARMSTART_PROJECT/baseline_symphony_21-01-2026+15_00/tmp/mnist-net/image_9/mnist-net_9_0_027.mps,/home/annelot/WARMSTART_PROJECT/baseline_symphony_21-01-2026+15_00/tmp/mnist-net/image_9/mnist-net_9_0_051.mps,ERR,,UNSAT-UNSAT,None
/home/annelot/WARMSTART_PROJECT/baseline_symphony_21-01-2026+15_00/tmp/mnist-net/image_9/mnist-net_9_0_027.mps,/home/annelot/WARMSTART_PROJECT/baseline_symphony_21-01-2026+15_00/tmp/mnist-net/image_9/mnist-net_9_0_053.mps,ERR,,UNSAT-UNSAT,None
/home/annelot/WARMSTART_PROJECT/baseline_symphony_21-01-2026+15_00/tmp/mnist-net/image_9/mnist-net_9_0_027.mps,/home/annelot/WARMSTART_PROJECT/baseline_symphony_21-01-2026+15_00/tmp/mnist-net/image_9/mnist-net_9_0_055.mps,ERR,,UNSAT-UNSAT,None
/home/annelot/WARMSTART_PROJECT/baseline_symphony_21-01-2026+15_00/tmp/mnist-net/image_9/mnist-net_9_0_029.mps,/home/annelot/WARMSTART_PROJECT/baseline_symphony_21-01-2026+15_00/tmp/mnist-net/image_9/mnist-net_9_0_039.mps,ERR,,UNSAT-UNSAT,None
/home/annelot/WARMSTART_PROJECT/baseline_symphony_21-01-2026+15_00/tmp/mnist-net/image_9/mnist-net_9_0_029.mps,/home/annelot/WARMSTART_PROJECT/baseline_symphony_21-01-2026+15_00/tmp/mnist-net/image_9/mnist-net_9_0_035.mps,ERR,,UNSAT-UNSAT,None
/home/annelot/WARMSTART_PROJECT/baseline_symphony_21-01-2026+15_00/tmp/mnist-net/image_9/mnist-net_9_0_029.mps,/home/annelot/WARMSTART_PROJECT/baseline_symphony_21-01-2026+15_00/tmp/mnist-net/image_9/mnist-net_9_0_031.mps,ERR,,UNSAT-UNSAT,None
/home/annelot/WARMSTART_PROJECT/baseline_symphony_21-01-2026+15_00/tmp/mnist-net/image_9/mnist-net_9_0_029.mps,/home/annelot/WARMSTART_PROJECT/baseline_symphony_21-01-2026+15_00/tmp/mnist-net/image_9/mnist-net_9_0_037.mps,ERR,,UNSAT-UNSAT,None
/home/annelot/WARMSTART_PROJECT/baseline_symphony_21-01-2026+15_00/tmp/mnist-net/image_9/mnist-net_9_0_029.mps,/home/annelot/WARMSTART_PROJECT/baseline_symphony_21-01-2026+15_00/tmp/mnist-net/image_9/mnist-net_9_0_033.mps,ERR,,UNSAT-UNSAT,None
/home/annelot/WARMSTART_PROJECT/baseline_symphony_21-01-2026+15_00/tmp/mnist-net/image_9/mnist-net_9_0_029.mps,/home/annelot/WARMSTART_PROJECT/baseline_symphony_21-01-2026+15_00/tmp/mnist-net/image_9/mnist-net_9_0_049.mps,ERR,,UNSAT-UNSAT,None
/home/annelot/WARMSTART_PROJECT/baseline_symphony_21-01-2026+15_00/tmp/mnist-net/image_9/mnist-net_9_0_029.mps,/home/annelot/WARMSTART_PROJECT/baseline_symphony_21-01-2026+15_00/tmp/mnist-net/image_9/mnist-net_9_0_045.mps,ERR,,UNSAT-UNSAT,None
/home/annelot/WARMSTART_PROJECT/baseline_symphony_21-01-2026+15_00/tmp/mnist-net/image_9/mnist-net_9_0_029.mps,/home/annelot/WARMSTART_PROJECT/baseline_symphony_21-01-2026+15_00/tmp/mnist-net/image_9/mnist-net_9_0_043.mps,ERR,,UNSAT-UNSAT,None
/home/annelot/WARMSTART_PROJECT/baseline_symphony_21-01-2026+15_00/tmp/mnist-net/image_9/mnist-net_9_0_029.mps,/home/annelot/WARMSTART_PROJECT/baseline_symphony_21-01-2026+15_00/tmp/mnist-net/image_9/mnist-net_9_0_047.mps,ERR,,UNSAT-UNSAT,None
/home/annelot/WARMSTART_PROJECT/baseline_symphony_21-01-2026+15_00/tmp/mnist-net/image_9/mnist-net_9_0_029.mps,/home/annelot/WARMSTART_PROJECT/baseline_symphony_21-01-2026+15_00/tmp/mnist-net/image_9/mnist-net_9_0_041.mps,ERR,,UNSAT-UNSAT,None
/home/annelot/WARMSTART_PROJECT/baseline_symphony_21-01-2026+15_00/tmp/mnist-net/image_9/mnist-net_9_0_029.mps,/home/annelot/WARMSTART_PROJECT/baseline_symphony_21-01-2026+15_00/tmp/mnist-net/image_9/mnist-net_9_0_059.mps,ERR,,UNSAT-UNSAT,None
/home/annelot/WARMSTART_PROJECT/baseline_symphony_21-01-2026+15_00/tmp/mnist-net/image_9/mnist-net_9_0_029.mps,/home/annelot/WARMSTART_PROJECT/baseline_symphony_21-01-2026+15_00/tmp/mnist-net/image_9/mnist-net_9_0_051.mps,ERR,,UNSAT-UNSAT,None
/home/annelot/WARMSTART_PROJECT/baseline_symphony_21-01-2026+15_00/tmp/mnist-net/image_9/mnist-net_9_0_029.mps,/home/annelot/WARMSTART_PROJECT/baseline_symphony_21-01-2026+15_00/tmp/mnist-net/image_9/mnist-net_9_0_057.mps,ERR,,UNSAT-UNSAT,None
/home/annelot/WARMSTART_PROJECT/baseline_symphony_21-01-2026+15_00/tmp/mnist-net/image_9/mnist-net_9_0_029.mps,/home/annelot/WARMSTART_PROJECT/baseline_symphony_21-01-2026+15_00/tmp/mnist-net/image_9/mnist-net_9_0_053.mps,ERR,,UNSAT-UNSAT,None
/home/annelot/WARMSTART_PROJECT/baseline_symphony_21-01-2026+15_00/tmp/mnist-net/image_9/mnist-net_9_0_029.mps,/home/annelot/WARMSTART_PROJECT/baseline_symphony_21-01-2026+15_00/tmp/mnist-net/image_9/mnist-net_9_0_055.mps,ERR,,UNSAT-UNSAT,None
/home/annelot/WARMSTART_PROJECT/baseline_symphony_21-01-2026+15_00/tmp/mnist-net/image_9/mnist-net_9_0_031.mps,/home/annelot/WARMSTART_PROJECT/baseline_symphony_21-01-2026+15_00/tmp/mnist-net/image_9/mnist-net_9_0_041.mps,ERR,,UNSAT-UNSAT,None
/home/annelot/WARMSTART_PROJECT/baseline_symphony_21-01-2026+15_00/tmp/mnist-net/image_9/mnist-net_9_0_031.mps,/home/annelot/WARMSTART_PROJECT/baseline_symphony_21-01-2026+15_00/tmp/mnist-net/image_9/mnist-net_9_0_037.mps,ERR,,UNSAT-UNSAT,None
/home/annelot/WARMSTART_PROJECT/baseline_symphony_21-01-2026+15_00/tmp/mnist-net/image_9/mnist-net_9_0_031.mps,/home/annelot/WARMSTART_PROJECT/baseline_symphony_21-01-2026+15_00/tmp/mnist-net/image_9/mnist-net_9_0_035.mps,ERR,,UNSAT-UNSAT,None
/home/annelot/WARMSTART_PROJECT/baseline_symphony_21-01-2026+15_00/tmp/mnist-net/image_9/mnist-net_9_0_031.mps,/home/annelot/WARMSTART_PROJECT/baseline_symphony_21-01-2026+15_00/tmp/mnist-net/image_9/mnist-net_9_0_033.mps,ERR,,UNSAT-UNSAT,None
/home/annelot/WARMSTART_PROJECT/baseline_symphony_21-01-2026+15_00/tmp/mnist-net/image_9/mnist-net_9_0_031.mps,/home/annelot/WARMSTART_PROJECT/baseline_symphony_21-01-2026+15_00/tmp/mnist-net/image_9/mnist-net_9_0_039.mps,ERR,,UNSAT-UNSAT,None
/home/annelot/WARMSTART_PROJECT/baseline_symphony_21-01-2026+15_00/tmp/mnist-net/image_9/mnist-net_9_0_031.mps,/home/annelot/WARMSTART_PROJECT/baseline_symphony_21-01-2026+15_00/tmp/mnist-net/image_9/mnist-net_9_0_051.mps,ERR,,UNSAT-UNSAT,None
/home/annelot/WARMSTART_PROJECT/baseline_symphony_21-01-2026+15_00/tmp/mnist-net/image_9/mnist-net_9_0_031.mps,/home/annelot/WARMSTART_PROJECT/baseline_symphony_21-01-2026+15_00/tmp/mnist-net/image_9/mnist-net_9_0_047.mps,ERR,,UNSAT-UNSAT,None
/home/annelot/WARMSTART_PROJECT/baseline_symphony_21-01-2026+15_00/tmp/mnist-net/image_9/mnist-net_9_0_031.mps,/home/annelot/WARMSTART_PROJECT/baseline_symphony_21-01-2026+15_00/tmp/mnist-net/image_9/mnist-net_9_0_043.mps,ERR,,UNSAT-UNSAT,None
/home/annelot/WARMSTART_PROJECT/baseline_symphony_21-01-2026+15_00/tmp/mnist-net/image_9/mnist-net_9_0_031.mps,/home/annelot/WARMSTART_PROJECT/baseline_symphony_21-01-2026+15_00/tmp/mnist-net/image_9/mnist-net_9_0_045.mps,ERR,,UNSAT-UNSAT,None
/home/annelot/WARMSTART_PROJECT/baseline_symphony_21-01-2026+15_00/tmp/mnist-net/image_9/mnist-net_9_0_031.mps,/home/annelot/WARMSTART_PROJECT/baseline_symphony_21-01-2026+15_00/tmp/mnist-net/image_9/mnist-net_9_0_049.mps,ERR,,UNSAT-UNSAT,None
/home/annelot/WARMSTART_PROJECT/baseline_symphony_21-01-2026+15_00/tmp/mnist-net/image_9/mnist-net_9_0_033.mps,/home/annelot/WARMSTART_PROJECT/baseline_symphony_21-01-2026+15_00/tmp/mnist-net/image_9/mnist-net_9_0_035.mps,ERR,,UNSAT-UNSAT,None
/home/annelot/WARMSTART_PROJECT/baseline_symphony_21-01-2026+15_00/tmp/mnist-net/image_9/mnist-net_9_0_031.mps,/home/annelot/WARMSTART_PROJECT/baseline_symphony_21-01-2026+15_00/tmp/mnist-net/image_9/mnist-net_9_0_055.mps,ERR,,UNSAT-UNSAT,None
/home/annelot/WARMSTART_PROJECT/baseline_symphony_21-01-2026+15_00/tmp/mnist-net/image_9/mnist-net_9_0_031.mps,/home/annelot/WARMSTART_PROJECT/baseline_symphony_21-01-2026+15_00/tmp/mnist-net/image_9/mnist-net_9_0_053.mps,ERR,,UNSAT-UNSAT,None
/home/annelot/WARMSTART_PROJECT/baseline_symphony_21-01-2026+15_00/tmp/mnist-net/image_9/mnist-net_9_0_031.mps,/home/annelot/WARMSTART_PROJECT/baseline_symphony_21-01-2026+15_00/tmp/mnist-net/image_9/mnist-net_9_0_057.mps,ERR,,UNSAT-UNSAT,None
/home/annelot/WARMSTART_PROJECT/baseline_symphony_21-01-2026+15_00/tmp/mnist-net/image_9/mnist-net_9_0_031.mps,/home/annelot/WARMSTART_PROJECT/baseline_symphony_21-01-2026+15_00/tmp/mnist-net/image_9/mnist-net_9_0_059.mps,ERR,,UNSAT-UNSAT,None
/home/annelot/WARMSTART_PROJECT/baseline_symphony_21-01-2026+15_00/tmp/mnist-net/image_9/mnist-net_9_0_045.mps,/home/annelot/WARMSTART_PROJECT/baseline_symphony_21-01-2026+15_00/tmp/mnist-net/image_9/mnist-net_9_0_059.mps,UNSAT,13.576,UNSAT-UNSAT,None
/home/annelot/WARMSTART_PROJECT/baseline_symphony_21-01-2026+15_00/tmp/mnist-net/image_9/mnist-net_9_0_045.mps,/home/annelot/WARMSTART_PROJECT/baseline_symphony_21-01-2026+15_00/tmp/mnist-net/image_9/mnist-net_9_0_057.mps,UNSAT,13.697,UNSAT-UNSAT,None
/home/annelot/WARMSTART_PROJECT/baseline_symphony_21-01-2026+15_00/tmp/mnist-net/image_9/mnist-net_9_0_045.mps,/home/annelot/WARMSTART_PROJECT/baseline_symphony_21-01-2026+15_00/tmp/mnist-net/image_9/mnist-net_9_0_055.mps,UNSAT,13.719,UNSAT-UNSAT,None
/home/annelot/WARMSTART_PROJECT/baseline_symphony_21-01-2026+15_00/tmp/mnist-net/image_9/mnist-net_9_0_047.mps,/home/annelot/WARMSTART_PROJECT/baseline_symphony_21-01-2026+15_00/tmp/mnist-net/image_9/mnist-net_9_0_051.mps,UNSAT,21.686,UNSAT-UNSAT,None
/home/annelot/WARMSTART_PROJECT/baseline_symphony_21-01-2026+15_00/tmp/mnist-net/image_7/mnist-net_7_0_035.mps,/home/annelot/WARMSTART_PROJECT/baseline_symphony_21-01-2026+15_00/tmp/mnist-net/image_7/mnist-net_7_0_341.mps,UNSAT,413.937,UNSAT-TIMEOUT,None
/home/annelot/WARMSTART_PROJECT/baseline_symphony_21-01-2026+15_00/tmp/mnist-net/image_9/mnist-net_9_0_047.mps,/home/annelot/WARMSTART_PROJECT/baseline_symphony_21-01-2026+15_00/tmp/mnist-net/image_9/mnist-net_9_0_059.mps,UNSAT,21.679,UNSAT-UNSAT,None
/home/annelot/WARMSTART_PROJECT/baseline_symphony_21-01-2026+15_00/tmp/mnist-net/image_9/mnist-net_9_0_047.mps,/home/annelot/WARMSTART_PROJECT/baseline_symphony_21-01-2026+15_00/tmp/mnist-net/image_9/mnist-net_9_0_049.mps,UNSAT,45.43,UNSAT-UNSAT,None
/home/annelot/WARMSTART_PROJECT/baseline_symphony_21-01-2026+15_00/tmp/mnist-net/image_9/mnist-net_9_0_047.mps,/home/annelot/WARMSTART_PROJECT/baseline_symphony_21-01-2026+15_00/tmp/mnist-net/image_9/mnist-net_9_0_053.mps,UNSAT,45.059,UNSAT-UNSAT,None
/home/annelot/WARMSTART_PROJECT/baseline_symphony_21-01-2026+15_00/tmp/mnist-net/image_9/mnist-net_9_0_047.mps,/home/annelot/WARMSTART_PROJECT/baseline_symphony_21-01-2026+15_00/tmp/mnist-net/image_9/mnist-net_9_0_057.mps,UNSAT,45.336,UNSAT-UNSAT,None
/home/annelot/WARMSTART_PROJECT/baseline_symphony_21-01-2026+15_00/tmp/mnist-net/image_9/mnist-net_9_0_047.mps,/home/annelot/WARMSTART_PROJECT/baseline_symphony_21-01-2026+15_00/tmp/mnist-net/image_9/mnist-net_9_0_055.mps,UNSAT,45.458,UNSAT-UNSAT,None
/home/annelot/WARMSTART_PROJECT/baseline_symphony_21-01-2026+15_00/tmp/mnist-net/image_9/mnist-net_9_0_049.mps,/home/annelot/WARMSTART_PROJECT/baseline_symphony_21-01-2026+15_00/tmp/mnist-net/image_9/mnist-net_9_0_051.mps,UNSAT,33.741,UNSAT-UNSAT,None
/home/annelot/WARMSTART_PROJECT/baseline_symphony_21-01-2026+15_00/tmp/mnist-net/image_9/mnist-net_9_0_049.mps,/home/annelot/WARMSTART_PROJECT/baseline_symphony_21-01-2026+15_00/tmp/mnist-net/image_9/mnist-net_9_0_053.mps,UNSAT,33.903,UNSAT-UNSAT,None
/home/annelot/WARMSTART_PROJECT/baseline_symphony_21-01-2026+15_00/tmp/mnist-net/image_7/mnist-net_7_0_035.mps,/home/annelot/WARMSTART_PROJECT/baseline_symphony_21-01-2026+15_00/tmp/mnist-net/image_7/mnist-net_7_0_221.mps,UNSAT,827.455,UNSAT-TIMEOUT,None
/home/annelot/WARMSTART_PROJECT/baseline_symphony_21-01-2026+15_00/tmp/mnist-net/image_9/mnist-net_9_0_051.mps,/home/annelot/WARMSTART_PROJECT/baseline_symphony_21-01-2026+15_00/tmp/mnist-net/image_9/mnist-net_9_0_055.mps,UNSAT,41.408,UNSAT-UNSAT,None
/home/annelot/WARMSTART_PROJECT/baseline_symphony_21-01-2026+15_00/tmp/mnist-net/image_9/mnist-net_9_0_049.mps,/home/annelot/WARMSTART_PROJECT/baseline_symphony_21-01-2026+15_00/tmp/mnist-net/image_9/mnist-net_9_0_055.mps,UNSAT,71.445,UNSAT-UNSAT,None
/home/annelot/WARMSTART_PROJECT/baseline_symphony_21-01-2026+15_00/tmp/mnist-net/image_9/mnist-net_9_0_051.mps,/home/annelot/WARMSTART_PROJECT/baseline_symphony_21-01-2026+15_00/tmp/mnist-net/image_9/mnist-net_9_0_057.mps,UNSAT,41.501,UNSAT-UNSAT,None
/home/annelot/WARMSTART_PROJECT/baseline_symphony_21-01-2026+15_00/tmp/mnist-net/image_9/mnist-net_9_0_049.mps,/home/annelot/WARMSTART_PROJECT/baseline_symphony_21-01-2026+15_00/tmp/mnist-net/image_9/mnist-net_9_0_057.mps,UNSAT,71.187,UNSAT-UNSAT,None
/home/annelot/WARMSTART_PROJECT/baseline_symphony_21-01-2026+15_00/tmp/mnist-net/image_9/mnist-net_9_0_049.mps,/home/annelot/WARMSTART_PROJECT/baseline_symphony_21-01-2026+15_00/tmp/mnist-net/image_9/mnist-net_9_0_059.mps,UNSAT,71.67,UNSAT-UNSAT,None
/home/annelot/WARMSTART_PROJECT/baseline_symphony_21-01-2026+15_00/tmp/mnist-net/image_9/mnist-net_9_0_051.mps,/home/annelot/WARMSTART_PROJECT/baseline_symphony_21-01-2026+15_00/tmp/mnist-net/image_9/mnist-net_9_0_053.mps,UNSAT,86.824,UNSAT-UNSAT,None
/home/annelot/WARMSTART_PROJECT/baseline_symphony_21-01-2026+15_00/tmp/mnist-net/image_7/mnist-net_7_0_035.mps,/home/annelot/WARMSTART_PROJECT/baseline_symphony_21-01-2026+15_00/tmp/mnist-net/image_7/mnist-net_7_0_241.mps,UNSAT,841.7,UNSAT-TIMEOUT,None
/home/annelot/WARMSTART_PROJECT/baseline_symphony_21-01-2026+15_00/tmp/mnist-net/image_6/mnist-net_6_0_033.mps,/home/annelot/WARMSTART_PROJECT/baseline_symphony_21-01-2026+15_00/tmp/mnist-net/image_6/mnist-net_6_0_035.mps,UNSAT,470.671,UNSAT-UNSAT,None
/home/annelot/WARMSTART_PROJECT/baseline_symphony_21-01-2026+15_00/tmp/mnist-net/image_9/mnist-net_9_0_051.mps,/home/annelot/WARMSTART_PROJECT/baseline_symphony_21-01-2026+15_00/tmp/mnist-net/image_9/mnist-net_9_0_059.mps,UNSAT,86.623,UNSAT-UNSAT,None
/home/annelot/WARMSTART_PROJECT/baseline_symphony_21-01-2026+15_00/tmp/mnist-net/image_9/mnist-net_9_0_053.mps,/home/annelot/WARMSTART_PROJECT/baseline_symphony_21-01-2026+15_00/tmp/mnist-net/image_9/mnist-net_9_0_055.mps,UNSAT,90.634,UNSAT-UNSAT,None
/home/annelot/WARMSTART_PROJECT/baseline_symphony_21-01-2026+15_00/tmp/mnist-net/image_7/mnist-net_7_0_035.mps,/home/annelot/WARMSTART_PROJECT/baseline_symphony_21-01-2026+15_00/tmp/mnist-net/image_7/mnist-net_7_0_281.mps,UNSAT,839.539,UNSAT-TIMEOUT,None
/home/annelot/WARMSTART_PROJECT/baseline_symphony_21-01-2026+15_00/tmp/mnist-net/image_9/mnist-net_9_0_053.mps,/home/annelot/WARMSTART_PROJECT/baseline_symphony_21-01-2026+15_00/tmp/mnist-net/image_9/mnist-net_9_0_059.mps,UNSAT,90.986,UNSAT-UNSAT,None
/home/annelot/WARMSTART_PROJECT/baseline_symphony_21-01-2026+15_00/tmp/mnist-net_256x2/image_3/mnist-net_256x2_3_0_057.mps,/home/annelot/WARMSTART_PROJECT/baseline_symphony_21-01-2026+15_00/tmp/mnist-net_256x2/image_3/mnist-net_256x2_3_0_061.mps,UNSAT,1228.125,UNSAT-TIMEOUT,None
/home/annelot/WARMSTART_PROJECT/baseline_symphony_21-01-2026+15_00/tmp/mnist-net_256x2/image_3/mnist-net_256x2_3_0_141.mps,/home/annelot/WARMSTART_PROJECT/baseline_symphony_21-01-2026+15_00/tmp/mnist-net_256x2/image_3/mnist-net_256x2_3_0_121.mps,SAT,2035.25,SAT-TIMEOUT,None
/home/annelot/WARMSTART_PROJECT/baseline_symphony_21-01-2026+15_00/tmp/mnist-net/image_9/mnist-net_9_0_053.mps,/home/annelot/WARMSTART_PROJECT/baseline_symphony_21-01-2026+15_00/tmp/mnist-net/image_9/mnist-net_9_0_057.mps,UNSAT,194.429,UNSAT-UNSAT,None
/home/annelot/WARMSTART_PROJECT/baseline_symphony_21-01-2026+15_00/tmp/mnist-net_256x2/image_3/mnist-net_256x2_3_0_057.mps,/home/annelot/WARMSTART_PROJECT/baseline_symphony_21-01-2026+15_00/tmp/mnist-net_256x2/image_3/mnist-net_256x2_3_0_081.mps,UNSAT,1229.049,UNSAT-TIMEOUT,None
/home/annelot/WARMSTART_PROJECT/baseline_symphony_21-01-2026+15_00/tmp/mnist-net/image_7/mnist-net_7_0_035.mps,/home/annelot/WARMSTART_PROJECT/baseline_symphony_21-01-2026+15_00/tmp/mnist-net/image_7/mnist-net_7_0_321.mps,UNSAT,851.221,UNSAT-TIMEOUT,None
/home/annelot/WARMSTART_PROJECT/baseline_symphony_21-01-2026+15_00/tmp/mnist-net/image_7/mnist-net_7_0_035.mps,/home/annelot/WARMSTART_PROJECT/baseline_symphony_21-01-2026+15_00/tmp/mnist-net/image_7/mnist-net_7_0_361.mps,UNSAT,899.077,UNSAT-TIMEOUT,None
/home/annelot/WARMSTART_PROJECT/baseline_symphony_21-01-2026+15_00/tmp/mnist-net/image_7/mnist-net_7_0_035.mps,/home/annelot/WARMSTART_PROJECT/baseline_symphony_21-01-2026+15_00/tmp/mnist-net/image_7/mnist-net_7_0_381.mps,UNSAT,896.183,UNSAT-TIMEOUT,None
/home/annelot/WARMSTART_PROJECT/baseline_symphony_21-01-2026+15_00/tmp/mnist-net/image_2/mnist-net_2_0_021.mps,/home/annelot/WARMSTART_PROJECT/baseline_symphony_21-01-2026+15_00/tmp/mnist-net/image_2/mnist-net_2_0_023.mps,UNSAT,0.738,UNSAT-UNSAT,None
/home/annelot/WARMSTART_PROJECT/baseline_symphony_21-01-2026+15_00/tmp/mnist-net/image_2/mnist-net_2_0_021.mps,/home/annelot/WARMSTART_PROJECT/baseline_symphony_21-01-2026+15_00/tmp/mnist-net/image_2/mnist-net_2_0_025.mps,UNSAT,0.747,UNSAT-UNSAT,None
/home/annelot/WARMSTART_PROJECT/baseline_symphony_21-01-2026+15_00/tmp/mnist-net/image_2/mnist-net_2_0_021.mps,/home/annelot/WARMSTART_PROJECT/baseline_symphony_21-01-2026+15_00/tmp/mnist-net/image_2/mnist-net_2_0_027.mps,UNSAT,0.747,UNSAT-UNSAT,None
/home/annelot/WARMSTART_PROJECT/baseline_symphony_21-01-2026+15_00/tmp/mnist-net/image_2/mnist-net_2_0_021.mps,/home/annelot/WARMSTART_PROJECT/baseline_symphony_21-01-2026+15_00/tmp/mnist-net/image_2/mnist-net_2_0_029.mps,UNSAT,0.736,UNSAT-UNSAT,None
/home/annelot/WARMSTART_PROJECT/baseline_symphony_21-01-2026+15_00/tmp/mnist-net/image_2/mnist-net_2_0_021.mps,/home/annelot/WARMSTART_PROJECT/baseline_symphony_21-01-2026+15_00/tmp/mnist-net/image_2/mnist-net_2_0_031.mps,UNSAT,0.742,UNSAT-UNSAT,None
/home/annelot/WARMSTART_PROJECT/baseline_symphony_21-01-2026+15_00/tmp/mnist-net/image_2/mnist-net_2_0_021.mps,/home/annelot/WARMSTART_PROJECT/baseline_symphony_21-01-2026+15_00/tmp/mnist-net/image_2/mnist-net_2_0_033.mps,UNSAT,0.727,UNSAT-UNSAT,None
/home/annelot/WARMSTART_PROJECT/baseline_symphony_21-01-2026+15_00/tmp/mnist-net/image_2/mnist-net_2_0_023.mps,/home/annelot/WARMSTART_PROJECT/baseline_symphony_21-01-2026+15_00/tmp/mnist-net/image_2/mnist-net_2_0_025.mps,UNSAT,17.409,UNSAT-UNSAT,None
/home/annelot/WARMSTART_PROJECT/baseline_symphony_21-01-2026+15_00/tmp/mnist-net/image_2/mnist-net_2_0_023.mps,/home/annelot/WARMSTART_PROJECT/baseline_symphony_21-01-2026+15_00/tmp/mnist-net/image_2/mnist-net_2_0_027.mps,UNSAT,17.322,UNSAT-UNSAT,None
/home/annelot/WARMSTART_PROJECT/baseline_symphony_21-01-2026+15_00/tmp/mnist-net/image_2/mnist-net_2_0_023.mps,/home/annelot/WARMSTART_PROJECT/baseline_symphony_21-01-2026+15_00/tmp/mnist-net/image_2/mnist-net_2_0_029.mps,UNSAT,17.245,UNSAT-UNSAT,None
/home/annelot/WARMSTART_PROJECT/baseline_symphony_21-01-2026+15_00/tmp/mnist-net/image_2/mnist-net_2_0_023.mps,/home/annelot/WARMSTART_PROJECT/baseline_symphony_21-01-2026+15_00/tmp/mnist-net/image_2/mnist-net_2_0_031.mps,UNSAT,17.278,UNSAT-UNSAT,None
/home/annelot/WARMSTART_PROJECT/baseline_symphony_21-01-2026+15_00/tmp/mnist-net/image_2/mnist-net_2_0_023.mps,/home/annelot/WARMSTART_PROJECT/baseline_symphony_21-01-2026+15_00/tmp/mnist-net/image_2/mnist-net_2_0_033.mps,UNSAT,17.288,UNSAT-UNSAT,None
/home/annelot/WARMSTART_PROJECT/baseline_symphony_21-01-2026+15_00/tmp/mnist-net/image_2/mnist-net_2_0_025.mps,/home/annelot/WARMSTART_PROJECT/baseline_symphony_21-01-2026+15_00/tmp/mnist-net/image_2/mnist-net_2_0_027.mps,UNSAT,36.95,UNSAT-UNSAT,None
/home/annelot/WARMSTART_PROJECT/baseline_symphony_21-01-2026+15_00/tmp/mnist-net/image_2/mnist-net_2_0_025.mps,/home/annelot/WARMSTART_PROJECT/baseline_symphony_21-01-2026+15_00/tmp/mnist-net/image_2/mnist-net_2_0_029.mps,UNSAT,36.943,UNSAT-UNSAT,None
/home/annelot/WARMSTART_PROJECT/baseline_symphony_21-01-2026+15_00/tmp/mnist-net/image_2/mnist-net_2_0_025.mps,/home/annelot/WARMSTART_PROJECT/baseline_symphony_21-01-2026+15_00/tmp/mnist-net/image_2/mnist-net_2_0_031.mps,UNSAT,36.973,UNSAT-UNSAT,None
/home/annelot/WARMSTART_PROJECT/baseline_symphony_21-01-2026+15_00/tmp/mnist-net/image_2/mnist-net_2_0_025.mps,/home/annelot/WARMSTART_PROJECT/baseline_symphony_21-01-2026+15_00/tmp/mnist-net/image_2/mnist-net_2_0_033.mps,UNSAT,36.786,UNSAT-UNSAT,None
/home/annelot/WARMSTART_PROJECT/baseline_symphony_21-01-2026+15_00/tmp/mnist-net/image_2/mnist-net_2_0_027.mps,/home/annelot/WARMSTART_PROJECT/baseline_symphony_21-01-2026+15_00/tmp/mnist-net/image_2/mnist-net_2_0_029.mps,UNSAT,103.891,UNSAT-UNSAT,None
/home/annelot/WARMSTART_PROJECT/baseline_symphony_21-01-2026+15_00/tmp/mnist-net/image_2/mnist-net_2_0_027.mps,/home/annelot/WARMSTART_PROJECT/baseline_symphony_21-01-2026+15_00/tmp/mnist-net/image_2/mnist-net_2_0_031.mps,UNSAT,103.612,UNSAT-UNSAT,None
/home/annelot/WARMSTART_PROJECT/baseline_symphony_21-01-2026+15_00/tmp/mnist-net/image_2/mnist-net_2_0_027.mps,/home/annelot/WARMSTART_PROJECT/baseline_symphony_21-01-2026+15_00/tmp/mnist-net/image_2/mnist-net_2_0_033.mps,UNSAT,103.251,UNSAT-UNSAT,None
/home/annelot/WARMSTART_PROJECT/baseline_symphony_21-01-2026+15_00/tmp/mnist-net/image_2/mnist-net_2_0_029.mps,/home/annelot/WARMSTART_PROJECT/baseline_symphony_21-01-2026+15_00/tmp/mnist-net/image_2/mnist-net_2_0_031.mps,UNSAT,511.061,UNSAT-UNSAT,None
/home/annelot/WARMSTART_PROJECT/baseline_symphony_21-01-2026+15_00/tmp/mnist-net/image_2/mnist-net_2_0_029.mps,/home/annelot/WARMSTART_PROJECT/baseline_symphony_21-01-2026+15_00/tmp/mnist-net/image_2/mnist-net_2_0_033.mps,UNSAT,507.85,UNSAT-UNSAT,None
/home/annelot/WARMSTART_PROJECT/baseline_symphony_21-01-2026+15_00/tmp/mnist-net/image_2/mnist-net_2_0_031.mps,/home/annelot/WARMSTART_PROJECT/baseline_symphony_21-01-2026+15_00/tmp/mnist-net/image_2/mnist-net_2_0_033.mps,UNSAT,1362.968,UNSAT-UNSAT,None
/home/annelot/WARMSTART_PROJECT/baseline_symphony_21-01-2026+15_00/tmp/mnist-net/image_1/mnist-net_1_0_041.mps,/home/annelot/WARMSTART_PROJECT/baseline_symphony_21-01-2026+15_00/tmp/mnist-net/image_1/mnist-net_1_0_043.mps,UNSAT,875.99,UNSAT-UNSAT,None
/home/annelot/WARMSTART_PROJECT/baseline_symphony_21-01-2026+15_00/tmp/mnist-net/image_5/mnist-net_5_0_021.mps,/home/annelot/WARMSTART_PROJECT/baseline_symphony_21-01-2026+15_00/tmp/mnist-net/image_5/mnist-net_5_0_023.mps,ERR,,UNSAT-UNSAT,None
/home/annelot/WARMSTART_PROJECT/baseline_symphony_21-01-2026+15_00/tmp/mnist-net/image_5/mnist-net_5_0_021.mps,/home/annelot/WARMSTART_PROJECT/baseline_symphony_21-01-2026+15_00/tmp/mnist-net/image_5/mnist-net_5_0_025.mps,ERR,,UNSAT-UNSAT,None
/home/annelot/WARMSTART_PROJECT/baseline_symphony_21-01-2026+15_00/tmp/mnist-net/image_5/mnist-net_5_0_021.mps,/home/annelot/WARMSTART_PROJECT/baseline_symphony_21-01-2026+15_00/tmp/mnist-net/image_5/mnist-net_5_0_027.mps,ERR,,UNSAT-UNSAT,None
/home/annelot/WARMSTART_PROJECT/baseline_symphony_21-01-2026+15_00/tmp/mnist-net/image_5/mnist-net_5_0_021.mps,/home/annelot/WARMSTART_PROJECT/baseline_symphony_21-01-2026+15_00/tmp/mnist-net/image_5/mnist-net_5_0_029.mps,ERR,,UNSAT-UNSAT,None
/home/annelot/WARMSTART_PROJECT/baseline_symphony_21-01-2026+15_00/tmp/mnist-net/image_5/mnist-net_5_0_021.mps,/home/annelot/WARMSTART_PROJECT/baseline_symphony_21-01-2026+15_00/tmp/mnist-net/image_5/mnist-net_5_0_031.mps,ERR,,UNSAT-UNSAT,None
/home/annelot/WARMSTART_PROJECT/baseline_symphony_21-01-2026+15_00/tmp/mnist-net/image_5/mnist-net_5_0_021.mps,/home/annelot/WARMSTART_PROJECT/baseline_symphony_21-01-2026+15_00/tmp/mnist-net/image_5/mnist-net_5_0_033.mps,ERR,,UNSAT-UNSAT,None
/home/annelot/WARMSTART_PROJECT/baseline_symphony_21-01-2026+15_00/tmp/mnist-net/image_5/mnist-net_5_0_021.mps,/home/annelot/WARMSTART_PROJECT/baseline_symphony_21-01-2026+15_00/tmp/mnist-net/image_5/mnist-net_5_0_035.mps,ERR,,UNSAT-UNSAT,None
/home/annelot/WARMSTART_PROJECT/baseline_symphony_21-01-2026+15_00/tmp/mnist-net/image_5/mnist-net_5_0_023.mps,/home/annelot/WARMSTART_PROJECT/baseline_symphony_21-01-2026+15_00/tmp/mnist-net/image_5/mnist-net_5_0_025.mps,UNSAT,0.634,UNSAT-UNSAT,None
/home/annelot/WARMSTART_PROJECT/baseline_symphony_21-01-2026+15_00/tmp/mnist-net/image_5/mnist-net_5_0_023.mps,/home/annelot/WARMSTART_PROJECT/baseline_symphony_21-01-2026+15_00/tmp/mnist-net/image_5/mnist-net_5_0_027.mps,UNSAT,0.63,UNSAT-UNSAT,None
/home/annelot/WARMSTART_PROJECT/baseline_symphony_21-01-2026+15_00/tmp/mnist-net/image_5/mnist-net_5_0_023.mps,/home/annelot/WARMSTART_PROJECT/baseline_symphony_21-01-2026+15_00/tmp/mnist-net/image_5/mnist-net_5_0_029.mps,UNSAT,0.626,UNSAT-UNSAT,None
/home/annelot/WARMSTART_PROJECT/baseline_symphony_21-01-2026+15_00/tmp/mnist-net/image_5/mnist-net_5_0_023.mps,/home/annelot/WARMSTART_PROJECT/baseline_symphony_21-01-2026+15_00/tmp/mnist-net/image_5/mnist-net_5_0_031.mps,UNSAT,0.631,UNSAT-UNSAT,None
/home/annelot/WARMSTART_PROJECT/baseline_symphony_21-01-2026+15_00/tmp/mnist-net/image_5/mnist-net_5_0_023.mps,/home/annelot/WARMSTART_PROJECT/baseline_symphony_21-01-2026+15_00/tmp/mnist-net/image_5/mnist-net_5_0_033.mps,UNSAT,0.633,UNSAT-UNSAT,None
/home/annelot/WARMSTART_PROJECT/baseline_symphony_21-01-2026+15_00/tmp/mnist-net/image_5/mnist-net_5_0_023.mps,/home/annelot/WARMSTART_PROJECT/baseline_symphony_21-01-2026+15_00/tmp/mnist-net/image_5/mnist-net_5_0_035.mps,UNSAT,0.621,UNSAT-UNSAT,None
/home/annelot/WARMSTART_PROJECT/baseline_symphony_21-01-2026+15_00/tmp/mnist-net/image_5/mnist-net_5_0_025.mps,/home/annelot/WARMSTART_PROJECT/baseline_symphony_21-01-2026+15_00/tmp/mnist-net/image_5/mnist-net_5_0_027.mps,UNSAT,13.71,UNSAT-UNSAT,None
/home/annelot/WARMSTART_PROJECT/baseline_symphony_21-01-2026+15_00/tmp/mnist-net/image_5/mnist-net_5_0_025.mps,/home/annelot/WARMSTART_PROJECT/baseline_symphony_21-01-2026+15_00/tmp/mnist-net/image_5/mnist-net_5_0_029.mps,UNSAT,13.707,UNSAT-UNSAT,None
/home/annelot/WARMSTART_PROJECT/baseline_symphony_21-01-2026+15_00/tmp/mnist-net/image_5/mnist-net_5_0_025.mps,/home/annelot/WARMSTART_PROJECT/baseline_symphony_21-01-2026+15_00/tmp/mnist-net/image_5/mnist-net_5_0_031.mps,UNSAT,13.744,UNSAT-UNSAT,None
/home/annelot/WARMSTART_PROJECT/baseline_symphony_21-01-2026+15_00/tmp/mnist-net/image_5/mnist-net_5_0_025.mps,/home/annelot/WARMSTART_PROJECT/baseline_symphony_21-01-2026+15_00/tmp/mnist-net/image_5/mnist-net_5_0_033.mps,UNSAT,13.777,UNSAT-UNSAT,None
/home/annelot/WARMSTART_PROJECT/baseline_symphony_21-01-2026+15_00/tmp/mnist-net/image_5/mnist-net_5_0_025.mps,/home/annelot/WARMSTART_PROJECT/baseline_symphony_21-01-2026+15_00/tmp/mnist-net/image_5/mnist-net_5_0_035.mps,UNSAT,13.704,UNSAT-UNSAT,None
/home/annelot/WARMSTART_PROJECT/baseline_symphony_21-01-2026+15_00/tmp/mnist-net/image_5/mnist-net_5_0_027.mps,/home/annelot/WARMSTART_PROJECT/baseline_symphony_21-01-2026+15_00/tmp/mnist-net/image_5/mnist-net_5_0_029.mps,UNSAT,16.234,UNSAT-UNSAT,None
/home/annelot/WARMSTART_PROJECT/baseline_symphony_21-01-2026+15_00/tmp/mnist-net/image_5/mnist-net_5_0_027.mps,/home/annelot/WARMSTART_PROJECT/baseline_symphony_21-01-2026+15_00/tmp/mnist-net/image_5/mnist-net_5_0_031.mps,UNSAT,16.227,UNSAT-UNSAT,None
/home/annelot/WARMSTART_PROJECT/baseline_symphony_21-01-2026+15_00/tmp/mnist-net/image_5/mnist-net_5_0_027.mps,/home/annelot/WARMSTART_PROJECT/baseline_symphony_21-01-2026+15_00/tmp/mnist-net/image_5/mnist-net_5_0_033.mps,UNSAT,16.307,UNSAT-UNSAT,None
/home/annelot/WARMSTART_PROJECT/baseline_symphony_21-01-2026+15_00/tmp/mnist-net/image_5/mnist-net_5_0_027.mps,/home/annelot/WARMSTART_PROJECT/baseline_symphony_21-01-2026+15_00/tmp/mnist-net/image_5/mnist-net_5_0_035.mps,UNSAT,15.93,UNSAT-UNSAT,None
/home/annelot/WARMSTART_PROJECT/baseline_symphony_21-01-2026+15_00/tmp/mnist-net/image_5/mnist-net_5_0_029.mps,/home/annelot/WARMSTART_PROJECT/baseline_symphony_21-01-2026+15_00/tmp/mnist-net/image_5/mnist-net_5_0_031.mps,UNSAT,41.362,UNSAT-UNSAT,None
/home/annelot/WARMSTART_PROJECT/baseline_symphony_21-01-2026+15_00/tmp/mnist-net/image_5/mnist-net_5_0_029.mps,/home/annelot/WARMSTART_PROJECT/baseline_symphony_21-01-2026+15_00/tmp/mnist-net/image_5/mnist-net_5_0_033.mps,UNSAT,41.146,UNSAT-UNSAT,None
/home/annelot/WARMSTART_PROJECT/baseline_symphony_21-01-2026+15_00/tmp/mnist-net/image_5/mnist-net_5_0_029.mps,/home/annelot/WARMSTART_PROJECT/baseline_symphony_21-01-2026+15_00/tmp/mnist-net/image_5/mnist-net_5_0_035.mps,UNSAT,41.082,UNSAT-UNSAT,None
/home/annelot/WARMSTART_PROJECT/baseline_symphony_21-01-2026+15_00/tmp/mnist-net/image_5/mnist-net_5_0_031.mps,/home/annelot/WARMSTART_PROJECT/baseline_symphony_21-01-2026+15_00/tmp/mnist-net/image_5/mnist-net_5_0_033.mps,UNSAT,259.417,UNSAT-UNSAT,None
/home/annelot/WARMSTART_PROJECT/baseline_symphony_21-01-2026+15_00/tmp/mnist-net/image_5/mnist-net_5_0_031.mps,/home/annelot/WARMSTART_PROJECT/baseline_symphony_21-01-2026+15_00/tmp/mnist-net/image_5/mnist-net_5_0_035.mps,UNSAT,259.44,UNSAT-UNSAT,None
/home/annelot/WARMSTART_PROJECT/baseline_symphony_21-01-2026+15_00/tmp/mnist-net/image_5/mnist-net_5_0_033.mps,/home/annelot/WARMSTART_PROJECT/baseline_symphony_21-01-2026+15_00/tmp/mnist-net/image_5/mnist-net_5_0_035.mps,UNSAT,778.646,UNSAT-UNSAT,None
/home/annelot/WARMSTART_PROJECT/baseline_symphony_21-01-2026+15_00/tmp/mnist-net/image_4/mnist-net_4_0_001.mps,/home/annelot/WARMSTART_PROJECT/baseline_symphony_21-01-2026+15_00/tmp/mnist-net/image_4/mnist-net_4_0_007.mps,ERR,,UNSAT-UNSAT,None
/home/annelot/WARMSTART_PROJECT/baseline_symphony_21-01-2026+15_00/tmp/mnist-net/image_4/mnist-net_4_0_001.mps,/home/annelot/WARMSTART_PROJECT/baseline_symphony_21-01-2026+15_00/tmp/mnist-net/image_4/mnist-net_4_0_009.mps,ERR,,UNSAT-UNSAT,None
/home/annelot/WARMSTART_PROJECT/baseline_symphony_21-01-2026+15_00/tmp/mnist-net/image_4/mnist-net_4_0_001.mps,/home/annelot/WARMSTART_PROJECT/baseline_symphony_21-01-2026+15_00/tmp/mnist-net/image_4/mnist-net_4_0_011.mps,ERR,,UNSAT-UNSAT,None
/home/annelot/WARMSTART_PROJECT/baseline_symphony_21-01-2026+15_00/tmp/mnist-net/image_4/mnist-net_4_0_001.mps,/home/annelot/WARMSTART_PROJECT/baseline_symphony_21-01-2026+15_00/tmp/mnist-net/image_4/mnist-net_4_0_013.mps,ERR,,UNSAT-UNSAT,None
/home/annelot/WARMSTART_PROJECT/baseline_symphony_21-01-2026+15_00/tmp/mnist-net/image_4/mnist-net_4_0_001.mps,/home/annelot/WARMSTART_PROJECT/baseline_symphony_21-01-2026+15_00/tmp/mnist-net/image_4/mnist-net_4_0_019.mps,ERR,,UNSAT-UNSAT,None
/home/annelot/WARMSTART_PROJECT/baseline_symphony_21-01-2026+15_00/tmp/mnist-net/image_4/mnist-net_4_0_001.mps,/home/annelot/WARMSTART_PROJECT/baseline_symphony_21-01-2026+15_00/tmp/mnist-net/image_4/mnist-net_4_0_017.mps,ERR,,UNSAT-UNSAT,None
/home/annelot/WARMSTART_PROJECT/baseline_symphony_21-01-2026+15_00/tmp/mnist-net/image_4/mnist-net_4_0_001.mps,/home/annelot/WARMSTART_PROJECT/baseline_symphony_21-01-2026+15_00/tmp/mnist-net/image_4/mnist-net_4_0_015.mps,ERR,,UNSAT-UNSAT,None
/home/annelot/WARMSTART_PROJECT/baseline_symphony_21-01-2026+15_00/tmp/mnist-net/image_4/mnist-net_4_0_001.mps,/home/annelot/WARMSTART_PROJECT/baseline_symphony_21-01-2026+15_00/tmp/mnist-net/image_4/mnist-net_4_0_021.mps,ERR,,UNSAT-UNSAT,None
/home/annelot/WARMSTART_PROJECT/baseline_symphony_21-01-2026+15_00/tmp/mnist-net/image_4/mnist-net_4_0_001.mps,/home/annelot/WARMSTART_PROJECT/baseline_symphony_21-01-2026+15_00/tmp/mnist-net/image_4/mnist-net_4_0_023.mps,ERR,,UNSAT-UNSAT,None
/home/annelot/WARMSTART_PROJECT/baseline_symphony_21-01-2026+15_00/tmp/mnist-net/image_4/mnist-net_4_0_001.mps,/home/annelot/WARMSTART_PROJECT/baseline_symphony_21-01-2026+15_00/tmp/mnist-net/image_4/mnist-net_4_0_025.mps,ERR,,UNSAT-UNSAT,None
/home/annelot/WARMSTART_PROJECT/baseline_symphony_21-01-2026+15_00/tmp/mnist-net/image_4/mnist-net_4_0_001.mps,/home/annelot/WARMSTART_PROJECT/baseline_symphony_21-01-2026+15_00/tmp/mnist-net/image_4/mnist-net_4_0_027.mps,ERR,,UNSAT-UNSAT,None
/home/annelot/WARMSTART_PROJECT/baseline_symphony_21-01-2026+15_00/tmp/mnist-net/image_4/mnist-net_4_0_001.mps,/home/annelot/WARMSTART_PROJECT/baseline_symphony_21-01-2026+15_00/tmp/mnist-net/image_4/mnist-net_4_0_033.mps,ERR,,UNSAT-UNSAT,None
/home/annelot/WARMSTART_PROJECT/baseline_symphony_21-01-2026+15_00/tmp/mnist-net/image_4/mnist-net_4_0_001.mps,/home/annelot/WARMSTART_PROJECT/baseline_symphony_21-01-2026+15_00/tmp/mnist-net/image_4/mnist-net_4_0_029.mps,ERR,,UNSAT-UNSAT,None
/home/annelot/WARMSTART_PROJECT/baseline_symphony_21-01-2026+15_00/tmp/mnist-net/image_4/mnist-net_4_0_001.mps,/home/annelot/WARMSTART_PROJECT/baseline_symphony_21-01-2026+15_00/tmp/mnist-net/image_4/mnist-net_4_0_031.mps,ERR,,UNSAT-UNSAT,None
/home/annelot/WARMSTART_PROJECT/baseline_symphony_21-01-2026+15_00/tmp/mnist-net/image_4/mnist-net_4_0_007.mps,/home/annelot/WARMSTART_PROJECT/baseline_symphony_21-01-2026+15_00/tmp/mnist-net/image_4/mnist-net_4_0_009.mps,ERR,,UNSAT-UNSAT,None
/home/annelot/WARMSTART_PROJECT/baseline_symphony_21-01-2026+15_00/tmp/mnist-net/image_4/mnist-net_4_0_001.mps,/home/annelot/WARMSTART_PROJECT/baseline_symphony_21-01-2026+15_00/tmp/mnist-net/image_4/mnist-net_4_0_035.mps,ERR,,UNSAT-UNSAT,None
/home/annelot/WARMSTART_PROJECT/baseline_symphony_21-01-2026+15_00/tmp/mnist-net/image_4/mnist-net_4_0_007.mps,/home/annelot/WARMSTART_PROJECT/baseline_symphony_21-01-2026+15_00/tmp/mnist-net/image_4/mnist-net_4_0_013.mps,ERR,,UNSAT-UNSAT,None
/home/annelot/WARMSTART_PROJECT/baseline_symphony_21-01-2026+15_00/tmp/mnist-net/image_4/mnist-net_4_0_007.mps,/home/annelot/WARMSTART_PROJECT/baseline_symphony_21-01-2026+15_00/tmp/mnist-net/image_4/mnist-net_4_0_015.mps,ERR,,UNSAT-UNSAT,None
/home/annelot/WARMSTART_PROJECT/baseline_symphony_21-01-2026+15_00/tmp/mnist-net/image_4/mnist-net_4_0_007.mps,/home/annelot/WARMSTART_PROJECT/baseline_symphony_21-01-2026+15_00/tmp/mnist-net/image_4/mnist-net_4_0_011.mps,ERR,,UNSAT-UNSAT,None
/home/annelot/WARMSTART_PROJECT/baseline_symphony_21-01-2026+15_00/tmp/mnist-net/image_4/mnist-net_4_0_007.mps,/home/annelot/WARMSTART_PROJECT/baseline_symphony_21-01-2026+15_00/tmp/mnist-net/image_4/mnist-net_4_0_021.mps,ERR,,UNSAT-UNSAT,None
/home/annelot/WARMSTART_PROJECT/baseline_symphony_21-01-2026+15_00/tmp/mnist-net/image_4/mnist-net_4_0_007.mps,/home/annelot/WARMSTART_PROJECT/baseline_symphony_21-01-2026+15_00/tmp/mnist-net/image_4/mnist-net_4_0_017.mps,ERR,,UNSAT-UNSAT,None
/home/annelot/WARMSTART_PROJECT/baseline_symphony_21-01-2026+15_00/tmp/mnist-net/image_4/mnist-net_4_0_007.mps,/home/annelot/WARMSTART_PROJECT/baseline_symphony_21-01-2026+15_00/tmp/mnist-net/image_4/mnist-net_4_0_019.mps,ERR,,UNSAT-UNSAT,None
/home/annelot/WARMSTART_PROJECT/baseline_symphony_21-01-2026+15_00/tmp/mnist-net/image_4/mnist-net_4_0_007.mps,/home/annelot/WARMSTART_PROJECT/baseline_symphony_21-01-2026+15_00/tmp/mnist-net/image_4/mnist-net_4_0_025.mps,ERR,,UNSAT-UNSAT,None
/home/annelot/WARMSTART_PROJECT/baseline_symphony_21-01-2026+15_00/tmp/mnist-net/image_4/mnist-net_4_0_007.mps,/home/annelot/WARMSTART_PROJECT/baseline_symphony_21-01-2026+15_00/tmp/mnist-net/image_4/mnist-net_4_0_027.mps,ERR,,UNSAT-UNSAT,None
/home/annelot/WARMSTART_PROJECT/baseline_symphony_21-01-2026+15_00/tmp/mnist-net/image_4/mnist-net_4_0_007.mps,/home/annelot/WARMSTART_PROJECT/baseline_symphony_21-01-2026+15_00/tmp/mnist-net/image_4/mnist-net_4_0_029.mps,ERR,,UNSAT-UNSAT,None
/home/annelot/WARMSTART_PROJECT/baseline_symphony_21-01-2026+15_00/tmp/mnist-net/image_4/mnist-net_4_0_007.mps,/home/annelot/WARMSTART_PROJECT/baseline_symphony_21-01-2026+15_00/tmp/mnist-net/image_4/mnist-net_4_0_023.mps,ERR,,UNSAT-UNSAT,None
/home/annelot/WARMSTART_PROJECT/baseline_symphony_21-01-2026+15_00/tmp/mnist-net/image_4/mnist-net_4_0_007.mps,/home/annelot/WARMSTART_PROJECT/baseline_symphony_21-01-2026+15_00/tmp/mnist-net/image_4/mnist-net_4_0_035.mps,ERR,,UNSAT-UNSAT,None
/home/annelot/WARMSTART_PROJECT/baseline_symphony_21-01-2026+15_00/tmp/mnist-net/image_4/mnist-net_4_0_009.mps,/home/annelot/WARMSTART_PROJECT/baseline_symphony_21-01-2026+15_00/tmp/mnist-net/image_4/mnist-net_4_0_011.mps,ERR,,UNSAT-UNSAT,None
/home/annelot/WARMSTART_PROJECT/baseline_symphony_21-01-2026+15_00/tmp/mnist-net/image_4/mnist-net_4_0_007.mps,/home/annelot/WARMSTART_PROJECT/baseline_symphony_21-01-2026+15_00/tmp/mnist-net/image_4/mnist-net_4_0_031.mps,ERR,,UNSAT-UNSAT,None
/home/annelot/WARMSTART_PROJECT/baseline_symphony_21-01-2026+15_00/tmp/mnist-net/image_4/mnist-net_4_0_009.mps,/home/annelot/WARMSTART_PROJECT/baseline_symphony_21-01-2026+15_00/tmp/mnist-net/image_4/mnist-net_4_0_013.mps,ERR,,UNSAT-UNSAT,None
/home/annelot/WARMSTART_PROJECT/baseline_symphony_21-01-2026+15_00/tmp/mnist-net/image_4/mnist-net_4_0_007.mps,/home/annelot/WARMSTART_PROJECT/baseline_symphony_21-01-2026+15_00/tmp/mnist-net/image_4/mnist-net_4_0_033.mps,ERR,,UNSAT-UNSAT,None
/home/annelot/WARMSTART_PROJECT/baseline_symphony_21-01-2026+15_00/tmp/mnist-net/image_4/mnist-net_4_0_009.mps,/home/annelot/WARMSTART_PROJECT/baseline_symphony_21-01-2026+15_00/tmp/mnist-net/image_4/mnist-net_4_0_015.mps,ERR,,UNSAT-UNSAT,None
/home/annelot/WARMSTART_PROJECT/baseline_symphony_21-01-2026+15_00/tmp/mnist-net/image_4/mnist-net_4_0_009.mps,/home/annelot/WARMSTART_PROJECT/baseline_symphony_21-01-2026+15_00/tmp/mnist-net/image_4/mnist-net_4_0_021.mps,ERR,,UNSAT-UNSAT,None
/home/annelot/WARMSTART_PROJECT/baseline_symphony_21-01-2026+15_00/tmp/mnist-net/image_4/mnist-net_4_0_009.mps,/home/annelot/WARMSTART_PROJECT/baseline_symphony_21-01-2026+15_00/tmp/mnist-net/image_4/mnist-net_4_0_017.mps,ERR,,UNSAT-UNSAT,None
/home/annelot/WARMSTART_PROJECT/baseline_symphony_21-01-2026+15_00/tmp/mnist-net/image_4/mnist-net_4_0_009.mps,/home/annelot/WARMSTART_PROJECT/baseline_symphony_21-01-2026+15_00/tmp/mnist-net/image_4/mnist-net_4_0_023.mps,ERR,,UNSAT-UNSAT,None
/home/annelot/WARMSTART_PROJECT/baseline_symphony_21-01-2026+15_00/tmp/mnist-net/image_4/mnist-net_4_0_009.mps,/home/annelot/WARMSTART_PROJECT/baseline_symphony_21-01-2026+15_00/tmp/mnist-net/image_4/mnist-net_4_0_019.mps,ERR,,UNSAT-UNSAT,None
/home/annelot/WARMSTART_PROJECT/baseline_symphony_21-01-2026+15_00/tmp/mnist-net/image_4/mnist-net_4_0_009.mps,/home/annelot/WARMSTART_PROJECT/baseline_symphony_21-01-2026+15_00/tmp/mnist-net/image_4/mnist-net_4_0_029.mps,ERR,,UNSAT-UNSAT,None
/home/annelot/WARMSTART_PROJECT/baseline_symphony_21-01-2026+15_00/tmp/mnist-net/image_4/mnist-net_4_0_009.mps,/home/annelot/WARMSTART_PROJECT/baseline_symphony_21-01-2026+15_00/tmp/mnist-net/image_4/mnist-net_4_0_031.mps,ERR,,UNSAT-UNSAT,None
/home/annelot/WARMSTART_PROJECT/baseline_symphony_21-01-2026+15_00/tmp/mnist-net/image_4/mnist-net_4_0_009.mps,/home/annelot/WARMSTART_PROJECT/baseline_symphony_21-01-2026+15_00/tmp/mnist-net/image_4/mnist-net_4_0_027.mps,ERR,,UNSAT-UNSAT,None
/home/annelot/WARMSTART_PROJECT/baseline_symphony_21-01-2026+15_00/tmp/mnist-net/image_4/mnist-net_4_0_009.mps,/home/annelot/WARMSTART_PROJECT/baseline_symphony_21-01-2026+15_00/tmp/mnist-net/image_4/mnist-net_4_0_033.mps,ERR,,UNSAT-UNSAT,None
/home/annelot/WARMSTART_PROJECT/baseline_symphony_21-01-2026+15_00/tmp/mnist-net/image_4/mnist-net_4_0_009.mps,/home/annelot/WARMSTART_PROJECT/baseline_symphony_21-01-2026+15_00/tmp/mnist-net/image_4/mnist-net_4_0_025.mps,ERR,,UNSAT-UNSAT,None
/home/annelot/WARMSTART_PROJECT/baseline_symphony_21-01-2026+15_00/tmp/mnist-net/image_4/mnist-net_4_0_011.mps,/home/annelot/WARMSTART_PROJECT/baseline_symphony_21-01-2026+15_00/tmp/mnist-net/image_4/mnist-net_4_0_013.mps,ERR,,UNSAT-UNSAT,None
/home/annelot/WARMSTART_PROJECT/baseline_symphony_21-01-2026+15_00/tmp/mnist-net/image_4/mnist-net_4_0_011.mps,/home/annelot/WARMSTART_PROJECT/baseline_symphony_21-01-2026+15_00/tmp/mnist-net/image_4/mnist-net_4_0_019.mps,ERR,,UNSAT-UNSAT,None
/home/annelot/WARMSTART_PROJECT/baseline_symphony_21-01-2026+15_00/tmp/mnist-net/image_4/mnist-net_4_0_011.mps,/home/annelot/WARMSTART_PROJECT/baseline_symphony_21-01-2026+15_00/tmp/mnist-net/image_4/mnist-net_4_0_017.mps,ERR,,UNSAT-UNSAT,None
/home/annelot/WARMSTART_PROJECT/baseline_symphony_21-01-2026+15_00/tmp/mnist-net/image_4/mnist-net_4_0_011.mps,/home/annelot/WARMSTART_PROJECT/baseline_symphony_21-01-2026+15_00/tmp/mnist-net/image_4/mnist-net_4_0_015.mps,ERR,,UNSAT-UNSAT,None
/home/annelot/WARMSTART_PROJECT/baseline_symphony_21-01-2026+15_00/tmp/mnist-net/image_4/mnist-net_4_0_009.mps,/home/annelot/WARMSTART_PROJECT/baseline_symphony_21-01-2026+15_00/tmp/mnist-net/image_4/mnist-net_4_0_035.mps,ERR,,UNSAT-UNSAT,None
/home/annelot/WARMSTART_PROJECT/baseline_symphony_21-01-2026+15_00/tmp/mnist-net/image_4/mnist-net_4_0_011.mps,/home/annelot/WARMSTART_PROJECT/baseline_symphony_21-01-2026+15_00/tmp/mnist-net/image_4/mnist-net_4_0_029.mps,ERR,,UNSAT-UNSAT,None
/home/annelot/WARMSTART_PROJECT/baseline_symphony_21-01-2026+15_00/tmp/mnist-net/image_4/mnist-net_4_0_011.mps,/home/annelot/WARMSTART_PROJECT/baseline_symphony_21-01-2026+15_00/tmp/mnist-net/image_4/mnist-net_4_0_025.mps,ERR,,UNSAT-UNSAT,None
/home/annelot/WARMSTART_PROJECT/baseline_symphony_21-01-2026+15_00/tmp/mnist-net/image_4/mnist-net_4_0_011.mps,/home/annelot/WARMSTART_PROJECT/baseline_symphony_21-01-2026+15_00/tmp/mnist-net/image_4/mnist-net_4_0_023.mps,ERR,,UNSAT-UNSAT,None
/home/annelot/WARMSTART_PROJECT/baseline_symphony_21-01-2026+15_00/tmp/mnist-net/image_4/mnist-net_4_0_011.mps,/home/annelot/WARMSTART_PROJECT/baseline_symphony_21-01-2026+15_00/tmp/mnist-net/image_4/mnist-net_4_0_027.mps,ERR,,UNSAT-UNSAT,None
/home/annelot/WARMSTART_PROJECT/baseline_symphony_21-01-2026+15_00/tmp/mnist-net/image_4/mnist-net_4_0_011.mps,/home/annelot/WARMSTART_PROJECT/baseline_symphony_21-01-2026+15_00/tmp/mnist-net/image_4/mnist-net_4_0_021.mps,ERR,,UNSAT-UNSAT,None
/home/annelot/WARMSTART_PROJECT/baseline_symphony_21-01-2026+15_00/tmp/mnist-net/image_4/mnist-net_4_0_011.mps,/home/annelot/WARMSTART_PROJECT/baseline_symphony_21-01-2026+15_00/tmp/mnist-net/image_4/mnist-net_4_0_031.mps,ERR,,UNSAT-UNSAT,None
/home/annelot/WARMSTART_PROJECT/baseline_symphony_21-01-2026+15_00/tmp/mnist-net/image_4/mnist-net_4_0_011.mps,/home/annelot/WARMSTART_PROJECT/baseline_symphony_21-01-2026+15_00/tmp/mnist-net/image_4/mnist-net_4_0_035.mps,ERR,,UNSAT-UNSAT,None
/home/annelot/WARMSTART_PROJECT/baseline_symphony_21-01-2026+15_00/tmp/mnist-net/image_4/mnist-net_4_0_013.mps,/home/annelot/WARMSTART_PROJECT/baseline_symphony_21-01-2026+15_00/tmp/mnist-net/image_4/mnist-net_4_0_015.mps,ERR,,UNSAT-UNSAT,None
/home/annelot/WARMSTART_PROJECT/baseline_symphony_21-01-2026+15_00/tmp/mnist-net/image_4/mnist-net_4_0_011.mps,/home/annelot/WARMSTART_PROJECT/baseline_symphony_21-01-2026+15_00/tmp/mnist-net/image_4/mnist-net_4_0_033.mps,ERR,,UNSAT-UNSAT,None
/home/annelot/WARMSTART_PROJECT/baseline_symphony_21-01-2026+15_00/tmp/mnist-net/image_4/mnist-net_4_0_013.mps,/home/annelot/WARMSTART_PROJECT/baseline_symphony_21-01-2026+15_00/tmp/mnist-net/image_4/mnist-net_4_0_017.mps,ERR,,UNSAT-UNSAT,None
/home/annelot/WARMSTART_PROJECT/baseline_symphony_21-01-2026+15_00/tmp/mnist-net/image_4/mnist-net_4_0_013.mps,/home/annelot/WARMSTART_PROJECT/baseline_symphony_21-01-2026+15_00/tmp/mnist-net/image_4/mnist-net_4_0_025.mps,ERR,,UNSAT-UNSAT,None
/home/annelot/WARMSTART_PROJECT/baseline_symphony_21-01-2026+15_00/tmp/mnist-net/image_4/mnist-net_4_0_013.mps,/home/annelot/WARMSTART_PROJECT/baseline_symphony_21-01-2026+15_00/tmp/mnist-net/image_4/mnist-net_4_0_019.mps,ERR,,UNSAT-UNSAT,None
/home/annelot/WARMSTART_PROJECT/baseline_symphony_21-01-2026+15_00/tmp/mnist-net/image_4/mnist-net_4_0_013.mps,/home/annelot/WARMSTART_PROJECT/baseline_symphony_21-01-2026+15_00/tmp/mnist-net/image_4/mnist-net_4_0_027.mps,ERR,,UNSAT-UNSAT,None
/home/annelot/WARMSTART_PROJECT/baseline_symphony_21-01-2026+15_00/tmp/mnist-net/image_4/mnist-net_4_0_013.mps,/home/annelot/WARMSTART_PROJECT/baseline_symphony_21-01-2026+15_00/tmp/mnist-net/image_4/mnist-net_4_0_023.mps,ERR,,UNSAT-UNSAT,None
/home/annelot/WARMSTART_PROJECT/baseline_symphony_21-01-2026+15_00/tmp/mnist-net/image_4/mnist-net_4_0_013.mps,/home/annelot/WARMSTART_PROJECT/baseline_symphony_21-01-2026+15_00/tmp/mnist-net/image_4/mnist-net_4_0_021.mps,ERR,,UNSAT-UNSAT,None
/home/annelot/WARMSTART_PROJECT/baseline_symphony_21-01-2026+15_00/tmp/mnist-net/image_4/mnist-net_4_0_013.mps,/home/annelot/WARMSTART_PROJECT/baseline_symphony_21-01-2026+15_00/tmp/mnist-net/image_4/mnist-net_4_0_031.mps,ERR,,UNSAT-UNSAT,None
/home/annelot/WARMSTART_PROJECT/baseline_symphony_21-01-2026+15_00/tmp/mnist-net/image_4/mnist-net_4_0_013.mps,/home/annelot/WARMSTART_PROJECT/baseline_symphony_21-01-2026+15_00/tmp/mnist-net/image_4/mnist-net_4_0_029.mps,ERR,,UNSAT-UNSAT,None
/home/annelot/WARMSTART_PROJECT/baseline_symphony_21-01-2026+15_00/tmp/mnist-net/image_4/mnist-net_4_0_013.mps,/home/annelot/WARMSTART_PROJECT/baseline_symphony_21-01-2026+15_00/tmp/mnist-net/image_4/mnist-net_4_0_033.mps,ERR,,UNSAT-UNSAT,None
/home/annelot/WARMSTART_PROJECT/baseline_symphony_21-01-2026+15_00/tmp/mnist-net/image_4/mnist-net_4_0_015.mps,/home/annelot/WARMSTART_PROJECT/baseline_symphony_21-01-2026+15_00/tmp/mnist-net/image_4/mnist-net_4_0_017.mps,ERR,,UNSAT-UNSAT,None
/home/annelot/WARMSTART_PROJECT/baseline_symphony_21-01-2026+15_00/tmp/mnist-net/image_4/mnist-net_4_0_013.mps,/home/annelot/WARMSTART_PROJECT/baseline_symphony_21-01-2026+15_00/tmp/mnist-net/image_4/mnist-net_4_0_035.mps,ERR,,UNSAT-UNSAT,None
/home/annelot/WARMSTART_PROJECT/baseline_symphony_21-01-2026+15_00/tmp/mnist-net/image_4/mnist-net_4_0_015.mps,/home/annelot/WARMSTART_PROJECT/baseline_symphony_21-01-2026+15_00/tmp/mnist-net/image_4/mnist-net_4_0_027.mps,ERR,,UNSAT-UNSAT,None
/home/annelot/WARMSTART_PROJECT/baseline_symphony_21-01-2026+15_00/tmp/mnist-net/image_4/mnist-net_4_0_015.mps,/home/annelot/WARMSTART_PROJECT/baseline_symphony_21-01-2026+15_00/tmp/mnist-net/image_4/mnist-net_4_0_021.mps,ERR,,UNSAT-UNSAT,None
/home/annelot/WARMSTART_PROJECT/baseline_symphony_21-01-2026+15_00/tmp/mnist-net/image_4/mnist-net_4_0_015.mps,/home/annelot/WARMSTART_PROJECT/baseline_symphony_21-01-2026+15_00/tmp/mnist-net/image_4/mnist-net_4_0_019.mps,ERR,,UNSAT-UNSAT,None
/home/annelot/WARMSTART_PROJECT/baseline_symphony_21-01-2026+15_00/tmp/mnist-net/image_4/mnist-net_4_0_015.mps,/home/annelot/WARMSTART_PROJECT/baseline_symphony_21-01-2026+15_00/tmp/mnist-net/image_4/mnist-net_4_0_023.mps,ERR,,UNSAT-UNSAT,None
/home/annelot/WARMSTART_PROJECT/baseline_symphony_21-01-2026+15_00/tmp/mnist-net/image_4/mnist-net_4_0_015.mps,/home/annelot/WARMSTART_PROJECT/baseline_symphony_21-01-2026+15_00/tmp/mnist-net/image_4/mnist-net_4_0_025.mps,ERR,,UNSAT-UNSAT,None
/home/annelot/WARMSTART_PROJECT/baseline_symphony_21-01-2026+15_00/tmp/mnist-net/image_4/mnist-net_4_0_017.mps,/home/annelot/WARMSTART_PROJECT/baseline_symphony_21-01-2026+15_00/tmp/mnist-net/image_4/mnist-net_4_0_019.mps,ERR,,UNSAT-UNSAT,None
/home/annelot/WARMSTART_PROJECT/baseline_symphony_21-01-2026+15_00/tmp/mnist-net/image_4/mnist-net_4_0_015.mps,/home/annelot/WARMSTART_PROJECT/baseline_symphony_21-01-2026+15_00/tmp/mnist-net/image_4/mnist-net_4_0_035.mps,ERR,,UNSAT-UNSAT,None
/home/annelot/WARMSTART_PROJECT/baseline_symphony_21-01-2026+15_00/tmp/mnist-net/image_4/mnist-net_4_0_015.mps,/home/annelot/WARMSTART_PROJECT/baseline_symphony_21-01-2026+15_00/tmp/mnist-net/image_4/mnist-net_4_0_033.mps,ERR,,UNSAT-UNSAT,None
/home/annelot/WARMSTART_PROJECT/baseline_symphony_21-01-2026+15_00/tmp/mnist-net/image_4/mnist-net_4_0_015.mps,/home/annelot/WARMSTART_PROJECT/baseline_symphony_21-01-2026+15_00/tmp/mnist-net/image_4/mnist-net_4_0_031.mps,ERR,,UNSAT-UNSAT,None
/home/annelot/WARMSTART_PROJECT/baseline_symphony_21-01-2026+15_00/tmp/mnist-net/image_4/mnist-net_4_0_015.mps,/home/annelot/WARMSTART_PROJECT/baseline_symphony_21-01-2026+15_00/tmp/mnist-net/image_4/mnist-net_4_0_029.mps,ERR,,UNSAT-UNSAT,None
/home/annelot/WARMSTART_PROJECT/baseline_symphony_21-01-2026+15_00/tmp/mnist-net/image_4/mnist-net_4_0_017.mps,/home/annelot/WARMSTART_PROJECT/baseline_symphony_21-01-2026+15_00/tmp/mnist-net/image_4/mnist-net_4_0_025.mps,ERR,,UNSAT-UNSAT,None
/home/annelot/WARMSTART_PROJECT/baseline_symphony_21-01-2026+15_00/tmp/mnist-net/image_4/mnist-net_4_0_017.mps,/home/annelot/WARMSTART_PROJECT/baseline_symphony_21-01-2026+15_00/tmp/mnist-net/image_4/mnist-net_4_0_027.mps,ERR,,UNSAT-UNSAT,None
/home/annelot/WARMSTART_PROJECT/baseline_symphony_21-01-2026+15_00/tmp/mnist-net/image_4/mnist-net_4_0_017.mps,/home/annelot/WARMSTART_PROJECT/baseline_symphony_21-01-2026+15_00/tmp/mnist-net/image_4/mnist-net_4_0_021.mps,ERR,,UNSAT-UNSAT,None
/home/annelot/WARMSTART_PROJECT/baseline_symphony_21-01-2026+15_00/tmp/mnist-net/image_4/mnist-net_4_0_017.mps,/home/annelot/WARMSTART_PROJECT/baseline_symphony_21-01-2026+15_00/tmp/mnist-net/image_4/mnist-net_4_0_029.mps,ERR,,UNSAT-UNSAT,None
/home/annelot/WARMSTART_PROJECT/baseline_symphony_21-01-2026+15_00/tmp/mnist-net/image_4/mnist-net_4_0_017.mps,/home/annelot/WARMSTART_PROJECT/baseline_symphony_21-01-2026+15_00/tmp/mnist-net/image_4/mnist-net_4_0_023.mps,ERR,,UNSAT-UNSAT,None
/home/annelot/WARMSTART_PROJECT/baseline_symphony_21-01-2026+15_00/tmp/mnist-net/image_4/mnist-net_4_0_017.mps,/home/annelot/WARMSTART_PROJECT/baseline_symphony_21-01-2026+15_00/tmp/mnist-net/image_4/mnist-net_4_0_031.mps,ERR,,UNSAT-UNSAT,None
/home/annelot/WARMSTART_PROJECT/baseline_symphony_21-01-2026+15_00/tmp/mnist-net/image_4/mnist-net_4_0_017.mps,/home/annelot/WARMSTART_PROJECT/baseline_symphony_21-01-2026+15_00/tmp/mnist-net/image_4/mnist-net_4_0_035.mps,ERR,,UNSAT-UNSAT,None
/home/annelot/WARMSTART_PROJECT/baseline_symphony_21-01-2026+15_00/tmp/mnist-net/image_4/mnist-net_4_0_019.mps,/home/annelot/WARMSTART_PROJECT/baseline_symphony_21-01-2026+15_00/tmp/mnist-net/image_4/mnist-net_4_0_023.mps,ERR,,UNSAT-UNSAT,None
/home/annelot/WARMSTART_PROJECT/baseline_symphony_21-01-2026+15_00/tmp/mnist-net/image_4/mnist-net_4_0_019.mps,/home/annelot/WARMSTART_PROJECT/baseline_symphony_21-01-2026+15_00/tmp/mnist-net/image_4/mnist-net_4_0_021.mps,ERR,,UNSAT-UNSAT,None
/home/annelot/WARMSTART_PROJECT/baseline_symphony_21-01-2026+15_00/tmp/mnist-net/image_4/mnist-net_4_0_019.mps,/home/annelot/WARMSTART_PROJECT/baseline_symphony_21-01-2026+15_00/tmp/mnist-net/image_4/mnist-net_4_0_027.mps,ERR,,UNSAT-UNSAT,None
/home/annelot/WARMSTART_PROJECT/baseline_symphony_21-01-2026+15_00/tmp/mnist-net/image_4/mnist-net_4_0_019.mps,/home/annelot/WARMSTART_PROJECT/baseline_symphony_21-01-2026+15_00/tmp/mnist-net/image_4/mnist-net_4_0_025.mps,ERR,,UNSAT-UNSAT,None
/home/annelot/WARMSTART_PROJECT/baseline_symphony_21-01-2026+15_00/tmp/mnist-net/image_4/mnist-net_4_0_017.mps,/home/annelot/WARMSTART_PROJECT/baseline_symphony_21-01-2026+15_00/tmp/mnist-net/image_4/mnist-net_4_0_033.mps,ERR,,UNSAT-UNSAT,None
/home/annelot/WARMSTART_PROJECT/baseline_symphony_21-01-2026+15_00/tmp/mnist-net/image_4/mnist-net_4_0_019.mps,/home/annelot/WARMSTART_PROJECT/baseline_symphony_21-01-2026+15_00/tmp/mnist-net/image_4/mnist-net_4_0_033.mps,ERR,,UNSAT-UNSAT,None
/home/annelot/WARMSTART_PROJECT/baseline_symphony_21-01-2026+15_00/tmp/mnist-net/image_4/mnist-net_4_0_019.mps,/home/annelot/WARMSTART_PROJECT/baseline_symphony_21-01-2026+15_00/tmp/mnist-net/image_4/mnist-net_4_0_031.mps,ERR,,UNSAT-UNSAT,None
/home/annelot/WARMSTART_PROJECT/baseline_symphony_21-01-2026+15_00/tmp/mnist-net/image_4/mnist-net_4_0_019.mps,/home/annelot/WARMSTART_PROJECT/baseline_symphony_21-01-2026+15_00/tmp/mnist-net/image_4/mnist-net_4_0_029.mps,ERR,,UNSAT-UNSAT,None
/home/annelot/WARMSTART_PROJECT/baseline_symphony_21-01-2026+15_00/tmp/mnist-net/image_4/mnist-net_4_0_019.mps,/home/annelot/WARMSTART_PROJECT/baseline_symphony_21-01-2026+15_00/tmp/mnist-net/image_4/mnist-net_4_0_035.mps,ERR,,UNSAT-UNSAT,None
/home/annelot/WARMSTART_PROJECT/baseline_symphony_21-01-2026+15_00/tmp/mnist-net/image_4/mnist-net_4_0_021.mps,/home/annelot/WARMSTART_PROJECT/baseline_symphony_21-01-2026+15_00/tmp/mnist-net/image_4/mnist-net_4_0_023.mps,ERR,,UNSAT-UNSAT,None
/home/annelot/WARMSTART_PROJECT/baseline_symphony_21-01-2026+15_00/tmp/mnist-net/image_4/mnist-net_4_0_021.mps,/home/annelot/WARMSTART_PROJECT/baseline_symphony_21-01-2026+15_00/tmp/mnist-net/image_4/mnist-net_4_0_025.mps,ERR,,UNSAT-UNSAT,None
/home/annelot/WARMSTART_PROJECT/baseline_symphony_21-01-2026+15_00/tmp/mnist-net/image_4/mnist-net_4_0_021.mps,/home/annelot/WARMSTART_PROJECT/baseline_symphony_21-01-2026+15_00/tmp/mnist-net/image_4/mnist-net_4_0_033.mps,ERR,,UNSAT-UNSAT,None
/home/annelot/WARMSTART_PROJECT/baseline_symphony_21-01-2026+15_00/tmp/mnist-net/image_4/mnist-net_4_0_021.mps,/home/annelot/WARMSTART_PROJECT/baseline_symphony_21-01-2026+15_00/tmp/mnist-net/image_4/mnist-net_4_0_035.mps,ERR,,UNSAT-UNSAT,None
/home/annelot/WARMSTART_PROJECT/baseline_symphony_21-01-2026+15_00/tmp/mnist-net/image_4/mnist-net_4_0_021.mps,/home/annelot/WARMSTART_PROJECT/baseline_symphony_21-01-2026+15_00/tmp/mnist-net/image_4/mnist-net_4_0_029.mps,ERR,,UNSAT-UNSAT,None
/home/annelot/WARMSTART_PROJECT/baseline_symphony_21-01-2026+15_00/tmp/mnist-net/image_4/mnist-net_4_0_021.mps,/home/annelot/WARMSTART_PROJECT/baseline_symphony_21-01-2026+15_00/tmp/mnist-net/image_4/mnist-net_4_0_031.mps,ERR,,UNSAT-UNSAT,None
/home/annelot/WARMSTART_PROJECT/baseline_symphony_21-01-2026+15_00/tmp/mnist-net/image_4/mnist-net_4_0_021.mps,/home/annelot/WARMSTART_PROJECT/baseline_symphony_21-01-2026+15_00/tmp/mnist-net/image_4/mnist-net_4_0_027.mps,ERR,,UNSAT-UNSAT,None
/home/annelot/WARMSTART_PROJECT/baseline_symphony_21-01-2026+15_00/tmp/mnist-net/image_4/mnist-net_4_0_023.mps,/home/annelot/WARMSTART_PROJECT/baseline_symphony_21-01-2026+15_00/tmp/mnist-net/image_4/mnist-net_4_0_027.mps,UNSAT,0.312,UNSAT-UNSAT,None
/home/annelot/WARMSTART_PROJECT/baseline_symphony_21-01-2026+15_00/tmp/mnist-net/image_4/mnist-net_4_0_023.mps,/home/annelot/WARMSTART_PROJECT/baseline_symphony_21-01-2026+15_00/tmp/mnist-net/image_4/mnist-net_4_0_025.mps,UNSAT,0.41,UNSAT-UNSAT,None
/home/annelot/WARMSTART_PROJECT/baseline_symphony_21-01-2026+15_00/tmp/mnist-net/image_4/mnist-net_4_0_025.mps,/home/annelot/WARMSTART_PROJECT/baseline_symphony_21-01-2026+15_00/tmp/mnist-net/image_4/mnist-net_4_0_031.mps,ERR,,UNSAT-UNSAT,None
/home/annelot/WARMSTART_PROJECT/baseline_symphony_21-01-2026+15_00/tmp/mnist-net/image_4/mnist-net_4_0_025.mps,/home/annelot/WARMSTART_PROJECT/baseline_symphony_21-01-2026+15_00/tmp/mnist-net/image_4/mnist-net_4_0_027.mps,ERR,,UNSAT-UNSAT,None
/home/annelot/WARMSTART_PROJECT/baseline_symphony_21-01-2026+15_00/tmp/mnist-net/image_4/mnist-net_4_0_025.mps,/home/annelot/WARMSTART_PROJECT/baseline_symphony_21-01-2026+15_00/tmp/mnist-net/image_4/mnist-net_4_0_029.mps,ERR,,UNSAT-UNSAT,None
/home/annelot/WARMSTART_PROJECT/baseline_symphony_21-01-2026+15_00/tmp/mnist-net/image_4/mnist-net_4_0_023.mps,/home/annelot/WARMSTART_PROJECT/baseline_symphony_21-01-2026+15_00/tmp/mnist-net/image_4/mnist-net_4_0_029.mps,UNSAT,0.444,UNSAT-UNSAT,None
/home/annelot/WARMSTART_PROJECT/baseline_symphony_21-01-2026+15_00/tmp/mnist-net/image_4/mnist-net_4_0_023.mps,/home/annelot/WARMSTART_PROJECT/baseline_symphony_21-01-2026+15_00/tmp/mnist-net/image_4/mnist-net_4_0_031.mps,UNSAT,0.446,UNSAT-UNSAT,None
/home/annelot/WARMSTART_PROJECT/baseline_symphony_21-01-2026+15_00/tmp/mnist-net/image_4/mnist-net_4_0_023.mps,/home/annelot/WARMSTART_PROJECT/baseline_symphony_21-01-2026+15_00/tmp/mnist-net/image_4/mnist-net_4_0_033.mps,UNSAT,0.441,UNSAT-UNSAT,None
/home/annelot/WARMSTART_PROJECT/baseline_symphony_21-01-2026+15_00/tmp/mnist-net/image_4/mnist-net_4_0_023.mps,/home/annelot/WARMSTART_PROJECT/baseline_symphony_21-01-2026+15_00/tmp/mnist-net/image_4/mnist-net_4_0_035.mps,UNSAT,0.444,UNSAT-UNSAT,None
/home/annelot/WARMSTART_PROJECT/baseline_symphony_21-01-2026+15_00/tmp/mnist-net/image_4/mnist-net_4_0_025.mps,/home/annelot/WARMSTART_PROJECT/baseline_symphony_21-01-2026+15_00/tmp/mnist-net/image_4/mnist-net_4_0_035.mps,ERR,,UNSAT-UNSAT,None
/home/annelot/WARMSTART_PROJECT/baseline_symphony_21-01-2026+15_00/tmp/mnist-net/image_4/mnist-net_4_0_025.mps,/home/annelot/WARMSTART_PROJECT/baseline_symphony_21-01-2026+15_00/tmp/mnist-net/image_4/mnist-net_4_0_033.mps,ERR,,UNSAT-UNSAT,None
/home/annelot/WARMSTART_PROJECT/baseline_symphony_21-01-2026+15_00/tmp/mnist-net/image_4/mnist-net_4_0_027.mps,/home/annelot/WARMSTART_PROJECT/baseline_symphony_21-01-2026+15_00/tmp/mnist-net/image_4/mnist-net_4_0_029.mps,UNSAT,7.274,UNSAT-UNSAT,None
/home/annelot/WARMSTART_PROJECT/baseline_symphony_21-01-2026+15_00/tmp/mnist-net/image_4/mnist-net_4_0_027.mps,/home/annelot/WARMSTART_PROJECT/baseline_symphony_21-01-2026+15_00/tmp/mnist-net/image_4/mnist-net_4_0_031.mps,UNSAT,7.353,UNSAT-UNSAT,None
/home/annelot/WARMSTART_PROJECT/baseline_symphony_21-01-2026+15_00/tmp/mnist-net/image_4/mnist-net_4_0_027.mps,/home/annelot/WARMSTART_PROJECT/baseline_symphony_21-01-2026+15_00/tmp/mnist-net/image_4/mnist-net_4_0_035.mps,UNSAT,7.346,UNSAT-UNSAT,None
/home/annelot/WARMSTART_PROJECT/baseline_symphony_21-01-2026+15_00/tmp/mnist-net/image_4/mnist-net_4_0_027.mps,/home/annelot/WARMSTART_PROJECT/baseline_symphony_21-01-2026+15_00/tmp/mnist-net/image_4/mnist-net_4_0_033.mps,UNSAT,7.355,UNSAT-UNSAT,None
/home/annelot/WARMSTART_PROJECT/baseline_symphony_21-01-2026+15_00/tmp/mnist-net/image_4/mnist-net_4_0_029.mps,/home/annelot/WARMSTART_PROJECT/baseline_symphony_21-01-2026+15_00/tmp/mnist-net/image_4/mnist-net_4_0_031.mps,UNSAT,15.79,UNSAT-UNSAT,None
/home/annelot/WARMSTART_PROJECT/baseline_symphony_21-01-2026+15_00/tmp/mnist-net/image_4/mnist-net_4_0_029.mps,/home/annelot/WARMSTART_PROJECT/baseline_symphony_21-01-2026+15_00/tmp/mnist-net/image_4/mnist-net_4_0_035.mps,UNSAT,34.166,UNSAT-UNSAT,None
/home/annelot/WARMSTART_PROJECT/baseline_symphony_21-01-2026+15_00/tmp/mnist-net/image_4/mnist-net_4_0_029.mps,/home/annelot/WARMSTART_PROJECT/baseline_symphony_21-01-2026+15_00/tmp/mnist-net/image_4/mnist-net_4_0_033.mps,UNSAT,34.239,UNSAT-UNSAT,None
/home/annelot/WARMSTART_PROJECT/baseline_symphony_21-01-2026+15_00/tmp/mnist-net/image_4/mnist-net_4_0_031.mps,/home/annelot/WARMSTART_PROJECT/baseline_symphony_21-01-2026+15_00/tmp/mnist-net/image_4/mnist-net_4_0_033.mps,UNSAT,180.681,UNSAT-UNSAT,None
/home/annelot/WARMSTART_PROJECT/baseline_symphony_21-01-2026+15_00/tmp/mnist-net/image_4/mnist-net_4_0_031.mps,/home/annelot/WARMSTART_PROJECT/baseline_symphony_21-01-2026+15_00/tmp/mnist-net/image_4/mnist-net_4_0_035.mps,UNSAT,182.098,UNSAT-UNSAT,None
/home/annelot/WARMSTART_PROJECT/baseline_symphony_21-01-2026+15_00/tmp/mnist-net/image_4/mnist-net_4_0_033.mps,/home/annelot/WARMSTART_PROJECT/baseline_symphony_21-01-2026+15_00/tmp/mnist-net/image_4/mnist-net_4_0_035.mps,UNSAT,381.392,UNSAT-UNSAT,None
/home/annelot/WARMSTART_PROJECT/baseline_symphony_21-01-2026+15_00/tmp/mnist-net/image_0/mnist-net_0_0_043.mps,/home/annelot/WARMSTART_PROJECT/baseline_symphony_21-01-2026+15_00/tmp/mnist-net/image_0/mnist-net_0_0_121.mps,UNSAT,1188.345,UNSAT-TIMEOUT,None
/home/annelot/WARMSTART_PROJECT/baseline_symphony_21-01-2026+15_00/tmp/mnist-net/image_0/mnist-net_0_0_043.mps,/home/annelot/WARMSTART_PROJECT/baseline_symphony_21-01-2026+15_00/tmp/mnist-net/image_0/mnist-net_0_0_161.mps,UNSAT,1185.493,UNSAT-TIMEOUT,None
/home/annelot/WARMSTART_PROJECT/baseline_symphony_21-01-2026+15_00/tmp/mnist-net/image_0/mnist-net_0_0_043.mps,/home/annelot/WARMSTART_PROJECT/baseline_symphony_21-01-2026+15_00/tmp/mnist-net/image_0/mnist-net_0_0_181.mps,UNSAT,1188.048,UNSAT-TIMEOUT,None
/home/annelot/WARMSTART_PROJECT/baseline_symphony_21-01-2026+15_00/tmp/mnist-net/image_0/mnist-net_0_0_043.mps,/home/annelot/WARMSTART_PROJECT/baseline_symphony_21-01-2026+15_00/tmp/mnist-net/image_0/mnist-net_0_0_201.mps,UNSAT,1187.34,UNSAT-TIMEOUT,None
/home/annelot/WARMSTART_PROJECT/baseline_symphony_21-01-2026+15_00/tmp/mnist-net/image_0/mnist-net_0_0_043.mps,/home/annelot/WARMSTART_PROJECT/baseline_symphony_21-01-2026+15_00/tmp/mnist-net/image_0/mnist-net_0_0_221.mps,UNSAT,1186.988,UNSAT-TIMEOUT,None
/home/annelot/WARMSTART_PROJECT/baseline_symphony_21-01-2026+15_00/tmp/mnist-net/image_0/mnist-net_0_0_043.mps,/home/annelot/WARMSTART_PROJECT/baseline_symphony_21-01-2026+15_00/tmp/mnist-net/image_0/mnist-net_0_0_241.mps,UNSAT,1190.232,UNSAT-TIMEOUT,None
/home/annelot/WARMSTART_PROJECT/baseline_symphony_21-01-2026+15_00/tmp/mnist-net_256x4/image_7/mnist-net_256x4_7_0_001.mps,/home/annelot/WARMSTART_PROJECT/baseline_symphony_21-01-2026+15_00/tmp/mnist-net_256x4/image_7/mnist-net_256x4_7_0_003.mps,ERR,,UNSAT-UNSAT,None
/home/annelot/WARMSTART_PROJECT/baseline_symphony_21-01-2026+15_00/tmp/mnist-net_256x4/image_7/mnist-net_256x4_7_0_001.mps,/home/annelot/WARMSTART_PROJECT/baseline_symphony_21-01-2026+15_00/tmp/mnist-net_256x4/image_7/mnist-net_256x4_7_0_005.mps,ERR,,UNSAT-UNSAT,None
/home/annelot/WARMSTART_PROJECT/baseline_symphony_21-01-2026+15_00/tmp/mnist-net_256x4/image_7/mnist-net_256x4_7_0_001.mps,/home/annelot/WARMSTART_PROJECT/baseline_symphony_21-01-2026+15_00/tmp/mnist-net_256x4/image_7/mnist-net_256x4_7_0_007.mps,ERR,,UNSAT-UNSAT,None
/home/annelot/WARMSTART_PROJECT/baseline_symphony_21-01-2026+15_00/tmp/mnist-net_256x4/image_7/mnist-net_256x4_7_0_001.mps,/home/annelot/WARMSTART_PROJECT/baseline_symphony_21-01-2026+15_00/tmp/mnist-net_256x4/image_7/mnist-net_256x4_7_0_009.mps,ERR,,UNSAT-UNSAT,None
/home/annelot/WARMSTART_PROJECT/baseline_symphony_21-01-2026+15_00/tmp/mnist-net_256x4/image_7/mnist-net_256x4_7_0_001.mps,/home/annelot/WARMSTART_PROJECT/baseline_symphony_21-01-2026+15_00/tmp/mnist-net_256x4/image_7/mnist-net_256x4_7_0_011.mps,ERR,,UNSAT-UNSAT,None
/home/annelot/WARMSTART_PROJECT/baseline_symphony_21-01-2026+15_00/tmp/mnist-net_256x4/image_7/mnist-net_256x4_7_0_001.mps,/home/annelot/WARMSTART_PROJECT/baseline_symphony_21-01-2026+15_00/tmp/mnist-net_256x4/image_7/mnist-net_256x4_7_0_013.mps,ERR,,UNSAT-UNSAT,None
/home/annelot/WARMSTART_PROJECT/baseline_symphony_21-01-2026+15_00/tmp/mnist-net_256x4/image_7/mnist-net_256x4_7_0_001.mps,/home/annelot/WARMSTART_PROJECT/baseline_symphony_21-01-2026+15_00/tmp/mnist-net_256x4/image_7/mnist-net_256x4_7_0_015.mps,ERR,,UNSAT-UNSAT,None
/home/annelot/WARMSTART_PROJECT/baseline_symphony_21-01-2026+15_00/tmp/mnist-net_256x4/image_7/mnist-net_256x4_7_0_001.mps,/home/annelot/WARMSTART_PROJECT/baseline_symphony_21-01-2026+15_00/tmp/mnist-net_256x4/image_7/mnist-net_256x4_7_0_017.mps,ERR,,UNSAT-UNSAT,None
/home/annelot/WARMSTART_PROJECT/baseline_symphony_21-01-2026+15_00/tmp/mnist-net_256x4/image_7/mnist-net_256x4_7_0_003.mps,/home/annelot/WARMSTART_PROJECT/baseline_symphony_21-01-2026+15_00/tmp/mnist-net_256x4/image_7/mnist-net_256x4_7_0_005.mps,ERR,,UNSAT-UNSAT,None
/home/annelot/WARMSTART_PROJECT/baseline_symphony_21-01-2026+15_00/tmp/mnist-net_256x4/image_7/mnist-net_256x4_7_0_003.mps,/home/annelot/WARMSTART_PROJECT/baseline_symphony_21-01-2026+15_00/tmp/mnist-net_256x4/image_7/mnist-net_256x4_7_0_007.mps,ERR,,UNSAT-UNSAT,None
/home/annelot/WARMSTART_PROJECT/baseline_symphony_21-01-2026+15_00/tmp/mnist-net_256x4/image_7/mnist-net_256x4_7_0_003.mps,/home/annelot/WARMSTART_PROJECT/baseline_symphony_21-01-2026+15_00/tmp/mnist-net_256x4/image_7/mnist-net_256x4_7_0_009.mps,ERR,,UNSAT-UNSAT,None
/home/annelot/WARMSTART_PROJECT/baseline_symphony_21-01-2026+15_00/tmp/mnist-net_256x4/image_7/mnist-net_256x4_7_0_003.mps,/home/annelot/WARMSTART_PROJECT/baseline_symphony_21-01-2026+15_00/tmp/mnist-net_256x4/image_7/mnist-net_256x4_7_0_011.mps,ERR,,UNSAT-UNSAT,None
/home/annelot/WARMSTART_PROJECT/baseline_symphony_21-01-2026+15_00/tmp/mnist-net_256x4/image_7/mnist-net_256x4_7_0_003.mps,/home/annelot/WARMSTART_PROJECT/baseline_symphony_21-01-2026+15_00/tmp/mnist-net_256x4/image_7/mnist-net_256x4_7_0_013.mps,ERR,,UNSAT-UNSAT,None
/home/annelot/WARMSTART_PROJECT/baseline_symphony_21-01-2026+15_00/tmp/mnist-net_256x4/image_7/mnist-net_256x4_7_0_003.mps,/home/annelot/WARMSTART_PROJECT/baseline_symphony_21-01-2026+15_00/tmp/mnist-net_256x4/image_7/mnist-net_256x4_7_0_015.mps,ERR,,UNSAT-UNSAT,None
/home/annelot/WARMSTART_PROJECT/baseline_symphony_21-01-2026+15_00/tmp/mnist-net_256x4/image_7/mnist-net_256x4_7_0_003.mps,/home/annelot/WARMSTART_PROJECT/baseline_symphony_21-01-2026+15_00/tmp/mnist-net_256x4/image_7/mnist-net_256x4_7_0_017.mps,ERR,,UNSAT-UNSAT,None
/home/annelot/WARMSTART_PROJECT/baseline_symphony_21-01-2026+15_00/tmp/mnist-net_256x4/image_7/mnist-net_256x4_7_0_005.mps,/home/annelot/WARMSTART_PROJECT/baseline_symphony_21-01-2026+15_00/tmp/mnist-net_256x4/image_7/mnist-net_256x4_7_0_007.mps,ERR,,UNSAT-UNSAT,None
/home/annelot/WARMSTART_PROJECT/baseline_symphony_21-01-2026+15_00/tmp/mnist-net_256x4/image_7/mnist-net_256x4_7_0_005.mps,/home/annelot/WARMSTART_PROJECT/baseline_symphony_21-01-2026+15_00/tmp/mnist-net_256x4/image_7/mnist-net_256x4_7_0_009.mps,ERR,,UNSAT-UNSAT,None
/home/annelot/WARMSTART_PROJECT/baseline_symphony_21-01-2026+15_00/tmp/mnist-net_256x4/image_7/mnist-net_256x4_7_0_005.mps,/home/annelot/WARMSTART_PROJECT/baseline_symphony_21-01-2026+15_00/tmp/mnist-net_256x4/image_7/mnist-net_256x4_7_0_011.mps,ERR,,UNSAT-UNSAT,None
/home/annelot/WARMSTART_PROJECT/baseline_symphony_21-01-2026+15_00/tmp/mnist-net_256x4/image_7/mnist-net_256x4_7_0_005.mps,/home/annelot/WARMSTART_PROJECT/baseline_symphony_21-01-2026+15_00/tmp/mnist-net_256x4/image_7/mnist-net_256x4_7_0_013.mps,ERR,,UNSAT-UNSAT,None
/home/annelot/WARMSTART_PROJECT/baseline_symphony_21-01-2026+15_00/tmp/mnist-net_256x4/image_7/mnist-net_256x4_7_0_005.mps,/home/annelot/WARMSTART_PROJECT/baseline_symphony_21-01-2026+15_00/tmp/mnist-net_256x4/image_7/mnist-net_256x4_7_0_015.mps,ERR,,UNSAT-UNSAT,None
/home/annelot/WARMSTART_PROJECT/baseline_symphony_21-01-2026+15_00/tmp/mnist-net_256x4/image_7/mnist-net_256x4_7_0_005.mps,/home/annelot/WARMSTART_PROJECT/baseline_symphony_21-01-2026+15_00/tmp/mnist-net_256x4/image_7/mnist-net_256x4_7_0_017.mps,ERR,,UNSAT-UNSAT,None
/home/annelot/WARMSTART_PROJECT/baseline_symphony_21-01-2026+15_00/tmp/mnist-net_256x4/image_7/mnist-net_256x4_7_0_007.mps,/home/annelot/WARMSTART_PROJECT/baseline_symphony_21-01-2026+15_00/tmp/mnist-net_256x4/image_7/mnist-net_256x4_7_0_009.mps,ERR,,UNSAT-UNSAT,None
/home/annelot/WARMSTART_PROJECT/baseline_symphony_21-01-2026+15_00/tmp/mnist-net_256x4/image_7/mnist-net_256x4_7_0_007.mps,/home/annelot/WARMSTART_PROJECT/baseline_symphony_21-01-2026+15_00/tmp/mnist-net_256x4/image_7/mnist-net_256x4_7_0_011.mps,ERR,,UNSAT-UNSAT,None
/home/annelot/WARMSTART_PROJECT/baseline_symphony_21-01-2026+15_00/tmp/mnist-net_256x4/image_7/mnist-net_256x4_7_0_007.mps,/home/annelot/WARMSTART_PROJECT/baseline_symphony_21-01-2026+15_00/tmp/mnist-net_256x4/image_7/mnist-net_256x4_7_0_013.mps,ERR,,UNSAT-UNSAT,None
/home/annelot/WARMSTART_PROJECT/baseline_symphony_21-01-2026+15_00/tmp/mnist-net_256x4/image_7/mnist-net_256x4_7_0_007.mps,/home/annelot/WARMSTART_PROJECT/baseline_symphony_21-01-2026+15_00/tmp/mnist-net_256x4/image_7/mnist-net_256x4_7_0_015.mps,ERR,,UNSAT-UNSAT,None
/home/annelot/WARMSTART_PROJECT/baseline_symphony_21-01-2026+15_00/tmp/mnist-net_256x4/image_7/mnist-net_256x4_7_0_007.mps,/home/annelot/WARMSTART_PROJECT/baseline_symphony_21-01-2026+15_00/tmp/mnist-net_256x4/image_7/mnist-net_256x4_7_0_017.mps,ERR,,UNSAT-UNSAT,None
/home/annelot/WARMSTART_PROJECT/baseline_symphony_21-01-2026+15_00/tmp/mnist-net_256x4/image_7/mnist-net_256x4_7_0_009.mps,/home/annelot/WARMSTART_PROJECT/baseline_symphony_21-01-2026+15_00/tmp/mnist-net_256x4/image_7/mnist-net_256x4_7_0_011.mps,ERR,,UNSAT-UNSAT,None
/home/annelot/WARMSTART_PROJECT/baseline_symphony_21-01-2026+15_00/tmp/mnist-net_256x4/image_7/mnist-net_256x4_7_0_009.mps,/home/annelot/WARMSTART_PROJECT/baseline_symphony_21-01-2026+15_00/tmp/mnist-net_256x4/image_7/mnist-net_256x4_7_0_013.mps,ERR,,UNSAT-UNSAT,None
/home/annelot/WARMSTART_PROJECT/baseline_symphony_21-01-2026+15_00/tmp/mnist-net_256x4/image_7/mnist-net_256x4_7_0_009.mps,/home/annelot/WARMSTART_PROJECT/baseline_symphony_21-01-2026+15_00/tmp/mnist-net_256x4/image_7/mnist-net_256x4_7_0_015.mps,ERR,,UNSAT-UNSAT,None
/home/annelot/WARMSTART_PROJECT/baseline_symphony_21-01-2026+15_00/tmp/mnist-net_256x4/image_7/mnist-net_256x4_7_0_009.mps,/home/annelot/WARMSTART_PROJECT/baseline_symphony_21-01-2026+15_00/tmp/mnist-net_256x4/image_7/mnist-net_256x4_7_0_017.mps,ERR,,UNSAT-UNSAT,None
/home/annelot/WARMSTART_PROJECT/baseline_symphony_21-01-2026+15_00/tmp/mnist-net_256x4/image_7/mnist-net_256x4_7_0_011.mps,/home/annelot/WARMSTART_PROJECT/baseline_symphony_21-01-2026+15_00/tmp/mnist-net_256x4/image_7/mnist-net_256x4_7_0_013.mps,ERR,,UNSAT-UNSAT,None
/home/annelot/WARMSTART_PROJECT/baseline_symphony_21-01-2026+15_00/tmp/mnist-net_256x4/image_7/mnist-net_256x4_7_0_011.mps,/home/annelot/WARMSTART_PROJECT/baseline_symphony_21-01-2026+15_00/tmp/mnist-net_256x4/image_7/mnist-net_256x4_7_0_015.mps,ERR,,UNSAT-UNSAT,None
/home/annelot/WARMSTART_PROJECT/baseline_symphony_21-01-2026+15_00/tmp/mnist-net_256x4/image_7/mnist-net_256x4_7_0_011.mps,/home/annelot/WARMSTART_PROJECT/baseline_symphony_21-01-2026+15_00/tmp/mnist-net_256x4/image_7/mnist-net_256x4_7_0_017.mps,ERR,,UNSAT-UNSAT,None
/home/annelot/WARMSTART_PROJECT/baseline_symphony_21-01-2026+15_00/tmp/mnist-net_256x4/image_7/mnist-net_256x4_7_0_013.mps,/home/annelot/WARMSTART_PROJECT/baseline_symphony_21-01-2026+15_00/tmp/mnist-net_256x4/image_7/mnist-net_256x4_7_0_015.mps,ERR,,UNSAT-UNSAT,None
/home/annelot/WARMSTART_PROJECT/baseline_symphony_21-01-2026+15_00/tmp/mnist-net_256x4/image_7/mnist-net_256x4_7_0_013.mps,/home/annelot/WARMSTART_PROJECT/baseline_symphony_21-01-2026+15_00/tmp/mnist-net_256x4/image_7/mnist-net_256x4_7_0_017.mps,ERR,,UNSAT-UNSAT,None
/home/annelot/WARMSTART_PROJECT/baseline_symphony_21-01-2026+15_00/tmp/mnist-net_256x4/image_7/mnist-net_256x4_7_0_015.mps,/home/annelot/WARMSTART_PROJECT/baseline_symphony_21-01-2026+15_00/tmp/mnist-net_256x4/image_7/mnist-net_256x4_7_0_017.mps,ERR,,UNSAT-UNSAT,None
/home/annelot/WARMSTART_PROJECT/baseline_symphony_21-01-2026+15_00/tmp/mnist-net/image_3/mnist-net_3_0_061.mps,/home/annelot/WARMSTART_PROJECT/baseline_symphony_21-01-2026+15_00/tmp/mnist-net/image_3/mnist-net_3_0_063.mps,UNSAT,848.068,UNSAT-TIMEOUT,None
/home/annelot/WARMSTART_PROJECT/baseline_symphony_21-01-2026+15_00/tmp/mnist-net/image_3/mnist-net_3_0_061.mps,/home/annelot/WARMSTART_PROJECT/baseline_symphony_21-01-2026+15_00/tmp/mnist-net/image_3/mnist-net_3_0_081.mps,UNSAT,848.249,UNSAT-TIMEOUT,None
/home/annelot/WARMSTART_PROJECT/baseline_symphony_21-01-2026+15_00/tmp/mnist-net/image_3/mnist-net_3_0_061.mps,/home/annelot/WARMSTART_PROJECT/baseline_symphony_21-01-2026+15_00/tmp/mnist-net/image_3/mnist-net_3_0_101.mps,UNSAT,847.753,UNSAT-TIMEOUT,None
/home/annelot/WARMSTART_PROJECT/baseline_symphony_21-01-2026+15_00/tmp/mnist-net/image_3/mnist-net_3_0_061.mps,/home/annelot/WARMSTART_PROJECT/baseline_symphony_21-01-2026+15_00/tmp/mnist-net/image_3/mnist-net_3_0_121.mps,UNSAT,849.565,UNSAT-TIMEOUT,None
/home/annelot/WARMSTART_PROJECT/baseline_symphony_21-01-2026+15_00/tmp/mnist-net_256x4/image_7/mnist-net_256x4_7_0_017.mps,/home/annelot/WARMSTART_PROJECT/baseline_symphony_21-01-2026+15_00/tmp/mnist-net_256x4/image_7/mnist-net_256x4_7_0_021.mps,UNSAT,337.061,UNSAT-TIMEOUT,None
/home/annelot/WARMSTART_PROJECT/baseline_symphony_21-01-2026+15_00/tmp/mnist-net_256x4/image_7/mnist-net_256x4_7_0_017.mps,/home/annelot/WARMSTART_PROJECT/baseline_symphony_21-01-2026+15_00/tmp/mnist-net_256x4/image_7/mnist-net_256x4_7_0_041.mps,UNSAT,336.771,UNSAT-TIMEOUT,None
/home/annelot/WARMSTART_PROJECT/baseline_symphony_21-01-2026+15_00/tmp/mnist-net_256x4/image_6/mnist-net_256x4_6_0_021.mps,/home/annelot/WARMSTART_PROJECT/baseline_symphony_21-01-2026+15_00/tmp/mnist-net_256x4/image_6/mnist-net_256x4_6_0_023.mps,ERR,,UNSAT-UNSAT,None
/home/annelot/WARMSTART_PROJECT/baseline_symphony_21-01-2026+15_00/tmp/mnist-net_256x4/image_7/mnist-net_256x4_7_0_017.mps,/home/annelot/WARMSTART_PROJECT/baseline_symphony_21-01-2026+15_00/tmp/mnist-net_256x4/image_7/mnist-net_256x4_7_0_061.mps,UNSAT,336.639,UNSAT-TIMEOUT,None
/home/annelot/WARMSTART_PROJECT/baseline_symphony_21-01-2026+15_00/tmp/mnist-net_256x4/image_6/mnist-net_256x4_6_0_021.mps,/home/annelot/WARMSTART_PROJECT/baseline_symphony_21-01-2026+15_00/tmp/mnist-net_256x4/image_6/mnist-net_256x4_6_0_029.mps,ERR,,UNSAT-UNSAT,None
/home/annelot/WARMSTART_PROJECT/baseline_symphony_21-01-2026+15_00/tmp/mnist-net_256x4/image_6/mnist-net_256x4_6_0_021.mps,/home/annelot/WARMSTART_PROJECT/baseline_symphony_21-01-2026+15_00/tmp/mnist-net_256x4/image_6/mnist-net_256x4_6_0_027.mps,ERR,,UNSAT-UNSAT,None
/home/annelot/WARMSTART_PROJECT/baseline_symphony_21-01-2026+15_00/tmp/mnist-net_256x4/image_6/mnist-net_256x4_6_0_021.mps,/home/annelot/WARMSTART_PROJECT/baseline_symphony_21-01-2026+15_00/tmp/mnist-net_256x4/image_6/mnist-net_256x4_6_0_025.mps,ERR,,UNSAT-UNSAT,None
/home/annelot/WARMSTART_PROJECT/baseline_symphony_21-01-2026+15_00/tmp/mnist-net_256x4/image_6/mnist-net_256x4_6_0_023.mps,/home/annelot/WARMSTART_PROJECT/baseline_symphony_21-01-2026+15_00/tmp/mnist-net_256x4/image_6/mnist-net_256x4_6_0_025.mps,ERR,,UNSAT-UNSAT,None
/home/annelot/WARMSTART_PROJECT/baseline_symphony_21-01-2026+15_00/tmp/mnist-net_256x4/image_6/mnist-net_256x4_6_0_021.mps,/home/annelot/WARMSTART_PROJECT/baseline_symphony_21-01-2026+15_00/tmp/mnist-net_256x4/image_6/mnist-net_256x4_6_0_033.mps,ERR,,UNSAT-UNSAT,None
/home/annelot/WARMSTART_PROJECT/baseline_symphony_21-01-2026+15_00/tmp/mnist-net_256x4/image_6/mnist-net_256x4_6_0_021.mps,/home/annelot/WARMSTART_PROJECT/baseline_symphony_21-01-2026+15_00/tmp/mnist-net_256x4/image_6/mnist-net_256x4_6_0_031.mps,ERR,,UNSAT-UNSAT,None
/home/annelot/WARMSTART_PROJECT/baseline_symphony_21-01-2026+15_00/tmp/mnist-net_256x4/image_6/mnist-net_256x4_6_0_023.mps,/home/annelot/WARMSTART_PROJECT/baseline_symphony_21-01-2026+15_00/tmp/mnist-net_256x4/image_6/mnist-net_256x4_6_0_031.mps,ERR,,UNSAT-UNSAT,None
/home/annelot/WARMSTART_PROJECT/baseline_symphony_21-01-2026+15_00/tmp/mnist-net_256x4/image_6/mnist-net_256x4_6_0_023.mps,/home/annelot/WARMSTART_PROJECT/baseline_symphony_21-01-2026+15_00/tmp/mnist-net_256x4/image_6/mnist-net_256x4_6_0_029.mps,ERR,,UNSAT-UNSAT,None
/home/annelot/WARMSTART_PROJECT/baseline_symphony_21-01-2026+15_00/tmp/mnist-net_256x4/image_6/mnist-net_256x4_6_0_023.mps,/home/annelot/WARMSTART_PROJECT/baseline_symphony_21-01-2026+15_00/tmp/mnist-net_256x4/image_6/mnist-net_256x4_6_0_027.mps,ERR,,UNSAT-UNSAT,None
/home/annelot/WARMSTART_PROJECT/baseline_symphony_21-01-2026+15_00/tmp/mnist-net_256x4/image_6/mnist-net_256x4_6_0_025.mps,/home/annelot/WARMSTART_PROJECT/baseline_symphony_21-01-2026+15_00/tmp/mnist-net_256x4/image_6/mnist-net_256x4_6_0_029.mps,ERR,,UNSAT-UNSAT,None
/home/annelot/WARMSTART_PROJECT/baseline_symphony_21-01-2026+15_00/tmp/mnist-net_256x4/image_6/mnist-net_256x4_6_0_025.mps,/home/annelot/WARMSTART_PROJECT/baseline_symphony_21-01-2026+15_00/tmp/mnist-net_256x4/image_6/mnist-net_256x4_6_0_027.mps,ERR,,UNSAT-UNSAT,None
/home/annelot/WARMSTART_PROJECT/baseline_symphony_21-01-2026+15_00/tmp/mnist-net_256x4/image_6/mnist-net_256x4_6_0_023.mps,/home/annelot/WARMSTART_PROJECT/baseline_symphony_21-01-2026+15_00/tmp/mnist-net_256x4/image_6/mnist-net_256x4_6_0_033.mps,ERR,,UNSAT-UNSAT,None
/home/annelot/WARMSTART_PROJECT/baseline_symphony_21-01-2026+15_00/tmp/mnist-net_256x4/image_7/mnist-net_256x4_7_0_017.mps,/home/annelot/WARMSTART_PROJECT/baseline_symphony_21-01-2026+15_00/tmp/mnist-net_256x4/image_7/mnist-net_256x4_7_0_081.mps,UNSAT,337.819,UNSAT-TIMEOUT,None
/home/annelot/WARMSTART_PROJECT/baseline_symphony_21-01-2026+15_00/tmp/mnist-net_256x4/image_6/mnist-net_256x4_6_0_025.mps,/home/annelot/WARMSTART_PROJECT/baseline_symphony_21-01-2026+15_00/tmp/mnist-net_256x4/image_6/mnist-net_256x4_6_0_031.mps,ERR,,UNSAT-UNSAT,None
/home/annelot/WARMSTART_PROJECT/baseline_symphony_21-01-2026+15_00/tmp/mnist-net_256x4/image_6/mnist-net_256x4_6_0_025.mps,/home/annelot/WARMSTART_PROJECT/baseline_symphony_21-01-2026+15_00/tmp/mnist-net_256x4/image_6/mnist-net_256x4_6_0_033.mps,ERR,,UNSAT-UNSAT,None
/home/annelot/WARMSTART_PROJECT/baseline_symphony_21-01-2026+15_00/tmp/mnist-net_256x4/image_6/mnist-net_256x4_6_0_027.mps,/home/annelot/WARMSTART_PROJECT/baseline_symphony_21-01-2026+15_00/tmp/mnist-net_256x4/image_6/mnist-net_256x4_6_0_029.mps,UNSAT,6.206,UNSAT-UNSAT,None
/home/annelot/WARMSTART_PROJECT/baseline_symphony_21-01-2026+15_00/tmp/mnist-net_256x4/image_6/mnist-net_256x4_6_0_027.mps,/home/annelot/WARMSTART_PROJECT/baseline_symphony_21-01-2026+15_00/tmp/mnist-net_256x4/image_6/mnist-net_256x4_6_0_031.mps,UNSAT,6.228,UNSAT-UNSAT,None
/home/annelot/WARMSTART_PROJECT/baseline_symphony_21-01-2026+15_00/tmp/mnist-net_256x4/image_6/mnist-net_256x4_6_0_027.mps,/home/annelot/WARMSTART_PROJECT/baseline_symphony_21-01-2026+15_00/tmp/mnist-net_256x4/image_6/mnist-net_256x4_6_0_033.mps,UNSAT,10.266,UNSAT-UNSAT,None
/home/annelot/WARMSTART_PROJECT/baseline_symphony_21-01-2026+15_00/tmp/mnist-net_256x4/image_6/mnist-net_256x4_6_0_029.mps,/home/annelot/WARMSTART_PROJECT/baseline_symphony_21-01-2026+15_00/tmp/mnist-net_256x4/image_6/mnist-net_256x4_6_0_033.mps,UNSAT,54.494,UNSAT-UNSAT,None
/home/annelot/WARMSTART_PROJECT/baseline_symphony_21-01-2026+15_00/tmp/mnist-net_256x4/image_7/mnist-net_256x4_7_0_017.mps,/home/annelot/WARMSTART_PROJECT/baseline_symphony_21-01-2026+15_00/tmp/mnist-net_256x4/image_7/mnist-net_256x4_7_0_181.mps,UNSAT,338.278,UNSAT-TIMEOUT,None
/home/annelot/WARMSTART_PROJECT/baseline_symphony_21-01-2026+15_00/tmp/mnist-net_256x4/image_6/mnist-net_256x4_6_0_029.mps,/home/annelot/WARMSTART_PROJECT/baseline_symphony_21-01-2026+15_00/tmp/mnist-net_256x4/image_6/mnist-net_256x4_6_0_031.mps,UNSAT,94.554,UNSAT-UNSAT,None
/home/annelot/WARMSTART_PROJECT/baseline_symphony_21-01-2026+15_00/tmp/mnist-net_256x4/image_7/mnist-net_256x4_7_0_017.mps,/home/annelot/WARMSTART_PROJECT/baseline_symphony_21-01-2026+15_00/tmp/mnist-net_256x4/image_7/mnist-net_256x4_7_0_019.mps,UNSAT,626.923,UNSAT-TIMEOUT,None
/home/annelot/WARMSTART_PROJECT/baseline_symphony_21-01-2026+15_00/tmp/mnist-net_256x4/image_7/mnist-net_256x4_7_0_017.mps,/home/annelot/WARMSTART_PROJECT/baseline_symphony_21-01-2026+15_00/tmp/mnist-net_256x4/image_7/mnist-net_256x4_7_0_361.mps,UNSAT,336.82,UNSAT-TIMEOUT,None
/home/annelot/WARMSTART_PROJECT/baseline_symphony_21-01-2026+15_00/tmp/mnist-net_256x4/image_7/mnist-net_256x4_7_0_017.mps,/home/annelot/WARMSTART_PROJECT/baseline_symphony_21-01-2026+15_00/tmp/mnist-net_256x4/image_7/mnist-net_256x4_7_0_381.mps,UNSAT,336.237,UNSAT-TIMEOUT,None
/home/annelot/WARMSTART_PROJECT/baseline_symphony_21-01-2026+15_00/tmp/mnist-net_256x4/image_7/mnist-net_256x4_7_0_017.mps,/home/annelot/WARMSTART_PROJECT/baseline_symphony_21-01-2026+15_00/tmp/mnist-net_256x4/image_7/mnist-net_256x4_7_0_101.mps,UNSAT,617.774,UNSAT-TIMEOUT,None
/home/annelot/WARMSTART_PROJECT/baseline_symphony_21-01-2026+15_00/tmp/mnist-net_256x4/image_7/mnist-net_256x4_7_0_017.mps,/home/annelot/WARMSTART_PROJECT/baseline_symphony_21-01-2026+15_00/tmp/mnist-net_256x4/image_7/mnist-net_256x4_7_0_121.mps,UNSAT,622.549,UNSAT-TIMEOUT,None
/home/annelot/WARMSTART_PROJECT/baseline_symphony_21-01-2026+15_00/tmp/mnist-net_256x4/image_7/mnist-net_256x4_7_0_017.mps,/home/annelot/WARMSTART_PROJECT/baseline_symphony_21-01-2026+15_00/tmp/mnist-net_256x4/image_7/mnist-net_256x4_7_0_141.mps,UNSAT,623.654,UNSAT-TIMEOUT,None
/home/annelot/WARMSTART_PROJECT/baseline_symphony_21-01-2026+15_00/tmp/mnist-net_256x4/image_7/mnist-net_256x4_7_0_017.mps,/home/annelot/WARMSTART_PROJECT/baseline_symphony_21-01-2026+15_00/tmp/mnist-net_256x4/image_7/mnist-net_256x4_7_0_161.mps,UNSAT,618.113,UNSAT-TIMEOUT,None
/home/annelot/WARMSTART_PROJECT/baseline_symphony_21-01-2026+15_00/tmp/mnist-net_256x4/image_7/mnist-net_256x4_7_0_017.mps,/home/annelot/WARMSTART_PROJECT/baseline_symphony_21-01-2026+15_00/tmp/mnist-net_256x4/image_7/mnist-net_256x4_7_0_221.mps,UNSAT,614.808,UNSAT-TIMEOUT,None
/home/annelot/WARMSTART_PROJECT/baseline_symphony_21-01-2026+15_00/tmp/mnist-net_256x4/image_7/mnist-net_256x4_7_0_017.mps,/home/annelot/WARMSTART_PROJECT/baseline_symphony_21-01-2026+15_00/tmp/mnist-net_256x4/image_7/mnist-net_256x4_7_0_201.mps,UNSAT,616.288,UNSAT-TIMEOUT,None
/home/annelot/WARMSTART_PROJECT/baseline_symphony_21-01-2026+15_00/tmp/mnist-net_256x4/image_7/mnist-net_256x4_7_0_017.mps,/home/annelot/WARMSTART_PROJECT/baseline_symphony_21-01-2026+15_00/tmp/mnist-net_256x4/image_7/mnist-net_256x4_7_0_241.mps,UNSAT,614.327,UNSAT-TIMEOUT,None
/home/annelot/WARMSTART_PROJECT/baseline_symphony_21-01-2026+15_00/tmp/mnist-net_256x4/image_7/mnist-net_256x4_7_0_017.mps,/home/annelot/WARMSTART_PROJECT/baseline_symphony_21-01-2026+15_00/tmp/mnist-net_256x4/image_7/mnist-net_256x4_7_0_261.mps,UNSAT,614.625,UNSAT-TIMEOUT,None
/home/annelot/WARMSTART_PROJECT/baseline_symphony_21-01-2026+15_00/tmp/mnist-net_256x4/image_8/mnist-net_256x4_8_0_021.mps,/home/annelot/WARMSTART_PROJECT/baseline_symphony_21-01-2026+15_00/tmp/mnist-net_256x4/image_8/mnist-net_256x4_8_0_023.mps,ERR,,UNSAT-UNSAT,None
/home/annelot/WARMSTART_PROJECT/baseline_symphony_21-01-2026+15_00/tmp/mnist-net_256x4/image_8/mnist-net_256x4_8_0_021.mps,/home/annelot/WARMSTART_PROJECT/baseline_symphony_21-01-2026+15_00/tmp/mnist-net_256x4/image_8/mnist-net_256x4_8_0_025.mps,ERR,,UNSAT-UNSAT,None
/home/annelot/WARMSTART_PROJECT/baseline_symphony_21-01-2026+15_00/tmp/mnist-net_256x4/image_8/mnist-net_256x4_8_0_021.mps,/home/annelot/WARMSTART_PROJECT/baseline_symphony_21-01-2026+15_00/tmp/mnist-net_256x4/image_8/mnist-net_256x4_8_0_027.mps,ERR,,UNSAT-UNSAT,None
/home/annelot/WARMSTART_PROJECT/baseline_symphony_21-01-2026+15_00/tmp/mnist-net_256x4/image_8/mnist-net_256x4_8_0_021.mps,/home/annelot/WARMSTART_PROJECT/baseline_symphony_21-01-2026+15_00/tmp/mnist-net_256x4/image_8/mnist-net_256x4_8_0_029.mps,ERR,,UNSAT-UNSAT,None
/home/annelot/WARMSTART_PROJECT/baseline_symphony_21-01-2026+15_00/tmp/mnist-net_256x4/image_8/mnist-net_256x4_8_0_021.mps,/home/annelot/WARMSTART_PROJECT/baseline_symphony_21-01-2026+15_00/tmp/mnist-net_256x4/image_8/mnist-net_256x4_8_0_031.mps,ERR,,UNSAT-UNSAT,None
/home/annelot/WARMSTART_PROJECT/baseline_symphony_21-01-2026+15_00/tmp/mnist-net_256x4/image_8/mnist-net_256x4_8_0_023.mps,/home/annelot/WARMSTART_PROJECT/baseline_symphony_21-01-2026+15_00/tmp/mnist-net_256x4/image_8/mnist-net_256x4_8_0_025.mps,ERR,,UNSAT-UNSAT,None
/home/annelot/WARMSTART_PROJECT/baseline_symphony_21-01-2026+15_00/tmp/mnist-net_256x4/image_8/mnist-net_256x4_8_0_023.mps,/home/annelot/WARMSTART_PROJECT/baseline_symphony_21-01-2026+15_00/tmp/mnist-net_256x4/image_8/mnist-net_256x4_8_0_027.mps,ERR,,UNSAT-UNSAT,None
/home/annelot/WARMSTART_PROJECT/baseline_symphony_21-01-2026+15_00/tmp/mnist-net_256x4/image_8/mnist-net_256x4_8_0_023.mps,/home/annelot/WARMSTART_PROJECT/baseline_symphony_21-01-2026+15_00/tmp/mnist-net_256x4/image_8/mnist-net_256x4_8_0_029.mps,ERR,,UNSAT-UNSAT,None
/home/annelot/WARMSTART_PROJECT/baseline_symphony_21-01-2026+15_00/tmp/mnist-net_256x4/image_8/mnist-net_256x4_8_0_023.mps,/home/annelot/WARMSTART_PROJECT/baseline_symphony_21-01-2026+15_00/tmp/mnist-net_256x4/image_8/mnist-net_256x4_8_0_031.mps,ERR,,UNSAT-UNSAT,None
/home/annelot/WARMSTART_PROJECT/baseline_symphony_21-01-2026+15_00/tmp/mnist-net_256x4/image_8/mnist-net_256x4_8_0_025.mps,/home/annelot/WARMSTART_PROJECT/baseline_symphony_21-01-2026+15_00/tmp/mnist-net_256x4/image_8/mnist-net_256x4_8_0_027.mps,UNSAT,0.955,UNSAT-UNSAT,None
/home/annelot/WARMSTART_PROJECT/baseline_symphony_21-01-2026+15_00/tmp/mnist-net_256x4/image_8/mnist-net_256x4_8_0_025.mps,/home/annelot/WARMSTART_PROJECT/baseline_symphony_21-01-2026+15_00/tmp/mnist-net_256x4/image_8/mnist-net_256x4_8_0_029.mps,UNSAT,0.959,UNSAT-UNSAT,None
/home/annelot/WARMSTART_PROJECT/baseline_symphony_21-01-2026+15_00/tmp/mnist-net_256x4/image_7/mnist-net_256x4_7_0_017.mps,/home/annelot/WARMSTART_PROJECT/baseline_symphony_21-01-2026+15_00/tmp/mnist-net_256x4/image_7/mnist-net_256x4_7_0_281.mps,UNSAT,613.562,UNSAT-TIMEOUT,None
/home/annelot/WARMSTART_PROJECT/baseline_symphony_21-01-2026+15_00/tmp/mnist-net_256x4/image_8/mnist-net_256x4_8_0_025.mps,/home/annelot/WARMSTART_PROJECT/baseline_symphony_21-01-2026+15_00/tmp/mnist-net_256x4/image_8/mnist-net_256x4_8_0_031.mps,UNSAT,0.962,UNSAT-UNSAT,None
/home/annelot/WARMSTART_PROJECT/baseline_symphony_21-01-2026+15_00/tmp/mnist-net_256x4/image_8/mnist-net_256x4_8_0_027.mps,/home/annelot/WARMSTART_PROJECT/baseline_symphony_21-01-2026+15_00/tmp/mnist-net_256x4/image_8/mnist-net_256x4_8_0_029.mps,UNSAT,8.094,UNSAT-UNSAT,None
/home/annelot/WARMSTART_PROJECT/baseline_symphony_21-01-2026+15_00/tmp/mnist-net_256x4/image_8/mnist-net_256x4_8_0_027.mps,/home/annelot/WARMSTART_PROJECT/baseline_symphony_21-01-2026+15_00/tmp/mnist-net_256x4/image_8/mnist-net_256x4_8_0_031.mps,UNSAT,8.063,UNSAT-UNSAT,None
/home/annelot/WARMSTART_PROJECT/baseline_symphony_21-01-2026+15_00/tmp/mnist-net_256x4/image_7/mnist-net_256x4_7_0_017.mps,/home/annelot/WARMSTART_PROJECT/baseline_symphony_21-01-2026+15_00/tmp/mnist-net_256x4/image_7/mnist-net_256x4_7_0_301.mps,UNSAT,612.416,UNSAT-TIMEOUT,None
/home/annelot/WARMSTART_PROJECT/baseline_symphony_21-01-2026+15_00/tmp/mnist-net_256x4/image_7/mnist-net_256x4_7_0_017.mps,/home/annelot/WARMSTART_PROJECT/baseline_symphony_21-01-2026+15_00/tmp/mnist-net_256x4/image_7/mnist-net_256x4_7_0_321.mps,UNSAT,610.293,UNSAT-TIMEOUT,None
/home/annelot/WARMSTART_PROJECT/baseline_symphony_21-01-2026+15_00/tmp/mnist-net_256x4/image_7/mnist-net_256x4_7_0_017.mps,/home/annelot/WARMSTART_PROJECT/baseline_symphony_21-01-2026+15_00/tmp/mnist-net_256x4/image_7/mnist-net_256x4_7_0_341.mps,UNSAT,610.061,UNSAT-TIMEOUT,None
/home/annelot/WARMSTART_PROJECT/baseline_symphony_21-01-2026+15_00/tmp/mnist-net_256x4/image_8/mnist-net_256x4_8_0_031.mps,/home/annelot/WARMSTART_PROJECT/baseline_symphony_21-01-2026+15_00/tmp/mnist-net_256x4/image_8/mnist-net_256x4_8_0_033.mps,UNSAT,148.951,UNSAT-TIMEOUT,None
/home/annelot/WARMSTART_PROJECT/baseline_symphony_21-01-2026+15_00/tmp/mnist-net_256x4/image_8/mnist-net_256x4_8_0_031.mps,/home/annelot/WARMSTART_PROJECT/baseline_symphony_21-01-2026+15_00/tmp/mnist-net_256x4/image_8/mnist-net_256x4_8_0_041.mps,UNSAT,148.712,UNSAT-TIMEOUT,None
/home/annelot/WARMSTART_PROJECT/baseline_symphony_21-01-2026+15_00/tmp/mnist-net_256x4/image_8/mnist-net_256x4_8_0_031.mps,/home/annelot/WARMSTART_PROJECT/baseline_symphony_21-01-2026+15_00/tmp/mnist-net_256x4/image_8/mnist-net_256x4_8_0_061.mps,UNSAT,148.893,UNSAT-TIMEOUT,None
/home/annelot/WARMSTART_PROJECT/baseline_symphony_21-01-2026+15_00/tmp/mnist-net_256x4/image_8/mnist-net_256x4_8_0_031.mps,/home/annelot/WARMSTART_PROJECT/baseline_symphony_21-01-2026+15_00/tmp/mnist-net_256x4/image_8/mnist-net_256x4_8_0_101.mps,UNSAT,86.353,UNSAT-TIMEOUT,None
/home/annelot/WARMSTART_PROJECT/baseline_symphony_21-01-2026+15_00/tmp/mnist-net_256x4/image_8/mnist-net_256x4_8_0_031.mps,/home/annelot/WARMSTART_PROJECT/baseline_symphony_21-01-2026+15_00/tmp/mnist-net_256x4/image_8/mnist-net_256x4_8_0_081.mps,UNSAT,148.55,UNSAT-TIMEOUT,None
/home/annelot/WARMSTART_PROJECT/baseline_symphony_21-01-2026+15_00/tmp/mnist-net/image_3/mnist-net_3_0_061.mps,/home/annelot/WARMSTART_PROJECT/baseline_symphony_21-01-2026+15_00/tmp/mnist-net/image_3/mnist-net_3_0_141.mps,UNSAT,1553.77,UNSAT-TIMEOUT,None
/home/annelot/WARMSTART_PROJECT/baseline_symphony_21-01-2026+15_00/tmp/mnist-net_256x4/image_8/mnist-net_256x4_8_0_031.mps,/home/annelot/WARMSTART_PROJECT/baseline_symphony_21-01-2026+15_00/tmp/mnist-net_256x4/image_8/mnist-net_256x4_8_0_181.mps,UNSAT,86.34,UNSAT-TIMEOUT,None
/home/annelot/WARMSTART_PROJECT/baseline_symphony_21-01-2026+15_00/tmp/mnist-net_256x4/image_8/mnist-net_256x4_8_0_031.mps,/home/annelot/WARMSTART_PROJECT/baseline_symphony_21-01-2026+15_00/tmp/mnist-net_256x4/image_8/mnist-net_256x4_8_0_121.mps,UNSAT,148.163,UNSAT-TIMEOUT,None
/home/annelot/WARMSTART_PROJECT/baseline_symphony_21-01-2026+15_00/tmp/mnist-net_256x4/image_8/mnist-net_256x4_8_0_031.mps,/home/annelot/WARMSTART_PROJECT/baseline_symphony_21-01-2026+15_00/tmp/mnist-net_256x4/image_8/mnist-net_256x4_8_0_141.mps,UNSAT,148.275,UNSAT-TIMEOUT,None
/home/annelot/WARMSTART_PROJECT/baseline_symphony_21-01-2026+15_00/tmp/mnist-net_256x4/image_8/mnist-net_256x4_8_0_031.mps,/home/annelot/WARMSTART_PROJECT/baseline_symphony_21-01-2026+15_00/tmp/mnist-net_256x4/image_8/mnist-net_256x4_8_0_161.mps,UNSAT,147.704,UNSAT-TIMEOUT,None
/home/annelot/WARMSTART_PROJECT/baseline_symphony_21-01-2026+15_00/tmp/mnist-net_256x4/image_8/mnist-net_256x4_8_0_031.mps,/home/annelot/WARMSTART_PROJECT/baseline_symphony_21-01-2026+15_00/tmp/mnist-net_256x4/image_8/mnist-net_256x4_8_0_201.mps,UNSAT,147.665,UNSAT-TIMEOUT,None
/home/annelot/WARMSTART_PROJECT/baseline_symphony_21-01-2026+15_00/tmp/mnist-net_256x4/image_8/mnist-net_256x4_8_0_029.mps,/home/annelot/WARMSTART_PROJECT/baseline_symphony_21-01-2026+15_00/tmp/mnist-net_256x4/image_8/mnist-net_256x4_8_0_031.mps,UNSAT,566.565,UNSAT-UNSAT,None
/home/annelot/WARMSTART_PROJECT/baseline_symphony_21-01-2026+15_00/tmp/mnist-net_256x4/image_8/mnist-net_256x4_8_0_031.mps,/home/annelot/WARMSTART_PROJECT/baseline_symphony_21-01-2026+15_00/tmp/mnist-net_256x4/image_8/mnist-net_256x4_8_0_241.mps,UNSAT,86.3,UNSAT-TIMEOUT,None
/home/annelot/WARMSTART_PROJECT/baseline_symphony_21-01-2026+15_00/tmp/mnist-net_256x4/image_8/mnist-net_256x4_8_0_031.mps,/home/annelot/WARMSTART_PROJECT/baseline_symphony_21-01-2026+15_00/tmp/mnist-net_256x4/image_8/mnist-net_256x4_8_0_221.mps,UNSAT,147.178,UNSAT-TIMEOUT,None
/home/annelot/WARMSTART_PROJECT/baseline_symphony_21-01-2026+15_00/tmp/mnist-net_256x4/image_8/mnist-net_256x4_8_0_031.mps,/home/annelot/WARMSTART_PROJECT/baseline_symphony_21-01-2026+15_00/tmp/mnist-net_256x4/image_8/mnist-net_256x4_8_0_361.mps,UNSAT,86.294,UNSAT-TIMEOUT,None
/home/annelot/WARMSTART_PROJECT/baseline_symphony_21-01-2026+15_00/tmp/mnist-net_256x4/image_9/mnist-net_256x4_9_0_021.mps,/home/annelot/WARMSTART_PROJECT/baseline_symphony_21-01-2026+15_00/tmp/mnist-net_256x4/image_9/mnist-net_256x4_9_0_023.mps,ERR,,UNSAT-UNSAT,None
/home/annelot/WARMSTART_PROJECT/baseline_symphony_21-01-2026+15_00/tmp/mnist-net_256x4/image_9/mnist-net_256x4_9_0_021.mps,/home/annelot/WARMSTART_PROJECT/baseline_symphony_21-01-2026+15_00/tmp/mnist-net_256x4/image_9/mnist-net_256x4_9_0_025.mps,ERR,,UNSAT-UNSAT,None
/home/annelot/WARMSTART_PROJECT/baseline_symphony_21-01-2026+15_00/tmp/mnist-net_256x4/image_9/mnist-net_256x4_9_0_021.mps,/home/annelot/WARMSTART_PROJECT/baseline_symphony_21-01-2026+15_00/tmp/mnist-net_256x4/image_9/mnist-net_256x4_9_0_027.mps,ERR,,UNSAT-UNSAT,None
/home/annelot/WARMSTART_PROJECT/baseline_symphony_21-01-2026+15_00/tmp/mnist-net_256x4/image_9/mnist-net_256x4_9_0_021.mps,/home/annelot/WARMSTART_PROJECT/baseline_symphony_21-01-2026+15_00/tmp/mnist-net_256x4/image_9/mnist-net_256x4_9_0_029.mps,ERR,,UNSAT-UNSAT,None
/home/annelot/WARMSTART_PROJECT/baseline_symphony_21-01-2026+15_00/tmp/mnist-net_256x4/image_9/mnist-net_256x4_9_0_021.mps,/home/annelot/WARMSTART_PROJECT/baseline_symphony_21-01-2026+15_00/tmp/mnist-net_256x4/image_9/mnist-net_256x4_9_0_031.mps,ERR,,UNSAT-UNSAT,None
/home/annelot/WARMSTART_PROJECT/baseline_symphony_21-01-2026+15_00/tmp/mnist-net_256x4/image_9/mnist-net_256x4_9_0_021.mps,/home/annelot/WARMSTART_PROJECT/baseline_symphony_21-01-2026+15_00/tmp/mnist-net_256x4/image_9/mnist-net_256x4_9_0_033.mps,ERR,,UNSAT-UNSAT,None
/home/annelot/WARMSTART_PROJECT/baseline_symphony_21-01-2026+15_00/tmp/mnist-net_256x4/image_9/mnist-net_256x4_9_0_021.mps,/home/annelot/WARMSTART_PROJECT/baseline_symphony_21-01-2026+15_00/tmp/mnist-net_256x4/image_9/mnist-net_256x4_9_0_035.mps,ERR,,UNSAT-UNSAT,None
/home/annelot/WARMSTART_PROJECT/baseline_symphony_21-01-2026+15_00/tmp/mnist-net_256x4/image_9/mnist-net_256x4_9_0_021.mps,/home/annelot/WARMSTART_PROJECT/baseline_symphony_21-01-2026+15_00/tmp/mnist-net_256x4/image_9/mnist-net_256x4_9_0_037.mps,ERR,,UNSAT-UNSAT,None
/home/annelot/WARMSTART_PROJECT/baseline_symphony_21-01-2026+15_00/tmp/mnist-net_256x4/image_9/mnist-net_256x4_9_0_021.mps,/home/annelot/WARMSTART_PROJECT/baseline_symphony_21-01-2026+15_00/tmp/mnist-net_256x4/image_9/mnist-net_256x4_9_0_039.mps,ERR,,UNSAT-UNSAT,None
/home/annelot/WARMSTART_PROJECT/baseline_symphony_21-01-2026+15_00/tmp/mnist-net_256x4/image_9/mnist-net_256x4_9_0_023.mps,/home/annelot/WARMSTART_PROJECT/baseline_symphony_21-01-2026+15_00/tmp/mnist-net_256x4/image_9/mnist-net_256x4_9_0_025.mps,ERR,,UNSAT-UNSAT,None
/home/annelot/WARMSTART_PROJECT/baseline_symphony_21-01-2026+15_00/tmp/mnist-net_256x4/image_9/mnist-net_256x4_9_0_023.mps,/home/annelot/WARMSTART_PROJECT/baseline_symphony_21-01-2026+15_00/tmp/mnist-net_256x4/image_9/mnist-net_256x4_9_0_027.mps,ERR,,UNSAT-UNSAT,None
/home/annelot/WARMSTART_PROJECT/baseline_symphony_21-01-2026+15_00/tmp/mnist-net_256x4/image_9/mnist-net_256x4_9_0_023.mps,/home/annelot/WARMSTART_PROJECT/baseline_symphony_21-01-2026+15_00/tmp/mnist-net_256x4/image_9/mnist-net_256x4_9_0_029.mps,ERR,,UNSAT-UNSAT,None
/home/annelot/WARMSTART_PROJECT/baseline_symphony_21-01-2026+15_00/tmp/mnist-net_256x4/image_9/mnist-net_256x4_9_0_023.mps,/home/annelot/WARMSTART_PROJECT/baseline_symphony_21-01-2026+15_00/tmp/mnist-net_256x4/image_9/mnist-net_256x4_9_0_031.mps,ERR,,UNSAT-UNSAT,None
/home/annelot/WARMSTART_PROJECT/baseline_symphony_21-01-2026+15_00/tmp/mnist-net_256x4/image_8/mnist-net_256x4_8_0_031.mps,/home/annelot/WARMSTART_PROJECT/baseline_symphony_21-01-2026+15_00/tmp/mnist-net_256x4/image_8/mnist-net_256x4_8_0_261.mps,UNSAT,147.779,UNSAT-TIMEOUT,None
/home/annelot/WARMSTART_PROJECT/baseline_symphony_21-01-2026+15_00/tmp/mnist-net_256x4/image_8/mnist-net_256x4_8_0_031.mps,/home/annelot/WARMSTART_PROJECT/baseline_symphony_21-01-2026+15_00/tmp/mnist-net_256x4/image_8/mnist-net_256x4_8_0_281.mps,UNSAT,147.479,UNSAT-TIMEOUT,None
/home/annelot/WARMSTART_PROJECT/baseline_symphony_21-01-2026+15_00/tmp/mnist-net_256x4/image_9/mnist-net_256x4_9_0_023.mps,/home/annelot/WARMSTART_PROJECT/baseline_symphony_21-01-2026+15_00/tmp/mnist-net_256x4/image_9/mnist-net_256x4_9_0_037.mps,ERR,,UNSAT-UNSAT,None
/home/annelot/WARMSTART_PROJECT/baseline_symphony_21-01-2026+15_00/tmp/mnist-net_256x4/image_9/mnist-net_256x4_9_0_023.mps,/home/annelot/WARMSTART_PROJECT/baseline_symphony_21-01-2026+15_00/tmp/mnist-net_256x4/image_9/mnist-net_256x4_9_0_035.mps,ERR,,UNSAT-UNSAT,None
/home/annelot/WARMSTART_PROJECT/baseline_symphony_21-01-2026+15_00/tmp/mnist-net_256x4/image_9/mnist-net_256x4_9_0_023.mps,/home/annelot/WARMSTART_PROJECT/baseline_symphony_21-01-2026+15_00/tmp/mnist-net_256x4/image_9/mnist-net_256x4_9_0_033.mps,ERR,,UNSAT-UNSAT,None
/home/annelot/WARMSTART_PROJECT/baseline_symphony_21-01-2026+15_00/tmp/mnist-net_256x4/image_9/mnist-net_256x4_9_0_025.mps,/home/annelot/WARMSTART_PROJECT/baseline_symphony_21-01-2026+15_00/tmp/mnist-net_256x4/image_9/mnist-net_256x4_9_0_029.mps,ERR,,UNSAT-UNSAT,None
/home/annelot/WARMSTART_PROJECT/baseline_symphony_21-01-2026+15_00/tmp/mnist-net_256x4/image_8/mnist-net_256x4_8_0_031.mps,/home/annelot/WARMSTART_PROJECT/baseline_symphony_21-01-2026+15_00/tmp/mnist-net_256x4/image_8/mnist-net_256x4_8_0_301.mps,UNSAT,147.151,UNSAT-TIMEOUT,None
/home/annelot/WARMSTART_PROJECT/baseline_symphony_21-01-2026+15_00/tmp/mnist-net_256x4/image_9/mnist-net_256x4_9_0_025.mps,/home/annelot/WARMSTART_PROJECT/baseline_symphony_21-01-2026+15_00/tmp/mnist-net_256x4/image_9/mnist-net_256x4_9_0_027.mps,ERR,,UNSAT-UNSAT,None
/home/annelot/WARMSTART_PROJECT/baseline_symphony_21-01-2026+15_00/tmp/mnist-net_256x4/image_9/mnist-net_256x4_9_0_023.mps,/home/annelot/WARMSTART_PROJECT/baseline_symphony_21-01-2026+15_00/tmp/mnist-net_256x4/image_9/mnist-net_256x4_9_0_039.mps,ERR,,UNSAT-UNSAT,None
/home/annelot/WARMSTART_PROJECT/baseline_symphony_21-01-2026+15_00/tmp/mnist-net_256x4/image_9/mnist-net_256x4_9_0_025.mps,/home/annelot/WARMSTART_PROJECT/baseline_symphony_21-01-2026+15_00/tmp/mnist-net_256x4/image_9/mnist-net_256x4_9_0_037.mps,ERR,,UNSAT-UNSAT,None
/home/annelot/WARMSTART_PROJECT/baseline_symphony_21-01-2026+15_00/tmp/mnist-net_256x4/image_9/mnist-net_256x4_9_0_025.mps,/home/annelot/WARMSTART_PROJECT/baseline_symphony_21-01-2026+15_00/tmp/mnist-net_256x4/image_9/mnist-net_256x4_9_0_033.mps,ERR,,UNSAT-UNSAT,None
/home/annelot/WARMSTART_PROJECT/baseline_symphony_21-01-2026+15_00/tmp/mnist-net_256x4/image_9/mnist-net_256x4_9_0_025.mps,/home/annelot/WARMSTART_PROJECT/baseline_symphony_21-01-2026+15_00/tmp/mnist-net_256x4/image_9/mnist-net_256x4_9_0_031.mps,ERR,,UNSAT-UNSAT,None
/home/annelot/WARMSTART_PROJECT/baseline_symphony_21-01-2026+15_00/tmp/mnist-net_256x4/image_9/mnist-net_256x4_9_0_025.mps,/home/annelot/WARMSTART_PROJECT/baseline_symphony_21-01-2026+15_00/tmp/mnist-net_256x4/image_9/mnist-net_256x4_9_0_035.mps,ERR,,UNSAT-UNSAT,None
/home/annelot/WARMSTART_PROJECT/baseline_symphony_21-01-2026+15_00/tmp/mnist-net_256x4/image_9/mnist-net_256x4_9_0_027.mps,/home/annelot/WARMSTART_PROJECT/baseline_symphony_21-01-2026+15_00/tmp/mnist-net_256x4/image_9/mnist-net_256x4_9_0_033.mps,ERR,,UNSAT-UNSAT,None
/home/annelot/WARMSTART_PROJECT/baseline_symphony_21-01-2026+15_00/tmp/mnist-net_256x4/image_9/mnist-net_256x4_9_0_025.mps,/home/annelot/WARMSTART_PROJECT/baseline_symphony_21-01-2026+15_00/tmp/mnist-net_256x4/image_9/mnist-net_256x4_9_0_039.mps,ERR,,UNSAT-UNSAT,None
/home/annelot/WARMSTART_PROJECT/baseline_symphony_21-01-2026+15_00/tmp/mnist-net_256x4/image_9/mnist-net_256x4_9_0_027.mps,/home/annelot/WARMSTART_PROJECT/baseline_symphony_21-01-2026+15_00/tmp/mnist-net_256x4/image_9/mnist-net_256x4_9_0_029.mps,ERR,,UNSAT-UNSAT,None
/home/annelot/WARMSTART_PROJECT/baseline_symphony_21-01-2026+15_00/tmp/mnist-net_256x4/image_9/mnist-net_256x4_9_0_027.mps,/home/annelot/WARMSTART_PROJECT/baseline_symphony_21-01-2026+15_00/tmp/mnist-net_256x4/image_9/mnist-net_256x4_9_0_031.mps,ERR,,UNSAT-UNSAT,None
/home/annelot/WARMSTART_PROJECT/baseline_symphony_21-01-2026+15_00/tmp/mnist-net_256x4/image_9/mnist-net_256x4_9_0_029.mps,/home/annelot/WARMSTART_PROJECT/baseline_symphony_21-01-2026+15_00/tmp/mnist-net_256x4/image_9/mnist-net_256x4_9_0_031.mps,ERR,,UNSAT-UNSAT,None
/home/annelot/WARMSTART_PROJECT/baseline_symphony_21-01-2026+15_00/tmp/mnist-net_256x4/image_9/mnist-net_256x4_9_0_027.mps,/home/annelot/WARMSTART_PROJECT/baseline_symphony_21-01-2026+15_00/tmp/mnist-net_256x4/image_9/mnist-net_256x4_9_0_039.mps,ERR,,UNSAT-UNSAT,None
/home/annelot/WARMSTART_PROJECT/baseline_symphony_21-01-2026+15_00/tmp/mnist-net_256x4/image_9/mnist-net_256x4_9_0_027.mps,/home/annelot/WARMSTART_PROJECT/baseline_symphony_21-01-2026+15_00/tmp/mnist-net_256x4/image_9/mnist-net_256x4_9_0_037.mps,ERR,,UNSAT-UNSAT,None
/home/annelot/WARMSTART_PROJECT/baseline_symphony_21-01-2026+15_00/tmp/mnist-net_256x4/image_9/mnist-net_256x4_9_0_027.mps,/home/annelot/WARMSTART_PROJECT/baseline_symphony_21-01-2026+15_00/tmp/mnist-net_256x4/image_9/mnist-net_256x4_9_0_035.mps,ERR,,UNSAT-UNSAT,None
/home/annelot/WARMSTART_PROJECT/baseline_symphony_21-01-2026+15_00/tmp/mnist-net_256x4/image_9/mnist-net_256x4_9_0_029.mps,/home/annelot/WARMSTART_PROJECT/baseline_symphony_21-01-2026+15_00/tmp/mnist-net_256x4/image_9/mnist-net_256x4_9_0_039.mps,ERR,,UNSAT-UNSAT,None
/home/annelot/WARMSTART_PROJECT/baseline_symphony_21-01-2026+15_00/tmp/mnist-net_256x4/image_9/mnist-net_256x4_9_0_029.mps,/home/annelot/WARMSTART_PROJECT/baseline_symphony_21-01-2026+15_00/tmp/mnist-net_256x4/image_9/mnist-net_256x4_9_0_035.mps,ERR,,UNSAT-UNSAT,None
/home/annelot/WARMSTART_PROJECT/baseline_symphony_21-01-2026+15_00/tmp/mnist-net_256x4/image_9/mnist-net_256x4_9_0_029.mps,/home/annelot/WARMSTART_PROJECT/baseline_symphony_21-01-2026+15_00/tmp/mnist-net_256x4/image_9/mnist-net_256x4_9_0_033.mps,ERR,,UNSAT-UNSAT,None
/home/annelot/WARMSTART_PROJECT/baseline_symphony_21-01-2026+15_00/tmp/mnist-net_256x4/image_9/mnist-net_256x4_9_0_029.mps,/home/annelot/WARMSTART_PROJECT/baseline_symphony_21-01-2026+15_00/tmp/mnist-net_256x4/image_9/mnist-net_256x4_9_0_037.mps,ERR,,UNSAT-UNSAT,None
/home/annelot/WARMSTART_PROJECT/baseline_symphony_21-01-2026+15_00/tmp/mnist-net_256x4/image_9/mnist-net_256x4_9_0_031.mps,/home/annelot/WARMSTART_PROJECT/baseline_symphony_21-01-2026+15_00/tmp/mnist-net_256x4/image_9/mnist-net_256x4_9_0_039.mps,ERR,,UNSAT-UNSAT,None
/home/annelot/WARMSTART_PROJECT/baseline_symphony_21-01-2026+15_00/tmp/mnist-net_256x4/image_9/mnist-net_256x4_9_0_031.mps,/home/annelot/WARMSTART_PROJECT/baseline_symphony_21-01-2026+15_00/tmp/mnist-net_256x4/image_9/mnist-net_256x4_9_0_033.mps,ERR,,UNSAT-UNSAT,None
/home/annelot/WARMSTART_PROJECT/baseline_symphony_21-01-2026+15_00/tmp/mnist-net_256x4/image_9/mnist-net_256x4_9_0_031.mps,/home/annelot/WARMSTART_PROJECT/baseline_symphony_21-01-2026+15_00/tmp/mnist-net_256x4/image_9/mnist-net_256x4_9_0_037.mps,ERR,,UNSAT-UNSAT,None
/home/annelot/WARMSTART_PROJECT/baseline_symphony_21-01-2026+15_00/tmp/mnist-net_256x4/image_9/mnist-net_256x4_9_0_031.mps,/home/annelot/WARMSTART_PROJECT/baseline_symphony_21-01-2026+15_00/tmp/mnist-net_256x4/image_9/mnist-net_256x4_9_0_035.mps,ERR,,UNSAT-UNSAT,None
/home/annelot/WARMSTART_PROJECT/baseline_symphony_21-01-2026+15_00/tmp/mnist-net_256x4/image_8/mnist-net_256x4_8_0_031.mps,/home/annelot/WARMSTART_PROJECT/baseline_symphony_21-01-2026+15_00/tmp/mnist-net_256x4/image_8/mnist-net_256x4_8_0_321.mps,UNSAT,145.456,UNSAT-TIMEOUT,None
/home/annelot/WARMSTART_PROJECT/baseline_symphony_21-01-2026+15_00/tmp/mnist-net_256x4/image_8/mnist-net_256x4_8_0_031.mps,/home/annelot/WARMSTART_PROJECT/baseline_symphony_21-01-2026+15_00/tmp/mnist-net_256x4/image_8/mnist-net_256x4_8_0_341.mps,UNSAT,145.19,UNSAT-TIMEOUT,None
/home/annelot/WARMSTART_PROJECT/baseline_symphony_21-01-2026+15_00/tmp/mnist-net_256x4/image_8/mnist-net_256x4_8_0_031.mps,/home/annelot/WARMSTART_PROJECT/baseline_symphony_21-01-2026+15_00/tmp/mnist-net_256x4/image_8/mnist-net_256x4_8_0_381.mps,UNSAT,145.838,UNSAT-TIMEOUT,None
/home/annelot/WARMSTART_PROJECT/baseline_symphony_21-01-2026+15_00/tmp/mnist-net_256x4/image_9/mnist-net_256x4_9_0_035.mps,/home/annelot/WARMSTART_PROJECT/baseline_symphony_21-01-2026+15_00/tmp/mnist-net_256x4/image_9/mnist-net_256x4_9_0_037.mps,UNSAT,162.483,UNSAT-UNSAT,None
/home/annelot/WARMSTART_PROJECT/baseline_symphony_21-01-2026+15_00/tmp/mnist-net_256x4/image_6/mnist-net_256x4_6_0_031.mps,/home/annelot/WARMSTART_PROJECT/baseline_symphony_21-01-2026+15_00/tmp/mnist-net_256x4/image_6/mnist-net_256x4_6_0_033.mps,UNSAT,759.784,UNSAT-UNSAT,None
/home/annelot/WARMSTART_PROJECT/baseline_symphony_21-01-2026+15_00/tmp/mnist-net_256x4/image_9/mnist-net_256x4_9_0_037.mps,/home/annelot/WARMSTART_PROJECT/baseline_symphony_21-01-2026+15_00/tmp/mnist-net_256x4/image_9/mnist-net_256x4_9_0_039.mps,UNSAT,178.418,UNSAT-UNSAT,None
/home/annelot/WARMSTART_PROJECT/baseline_symphony_21-01-2026+15_00/tmp/mnist-net_256x4/image_9/mnist-net_256x4_9_0_033.mps,/home/annelot/WARMSTART_PROJECT/baseline_symphony_21-01-2026+15_00/tmp/mnist-net_256x4/image_9/mnist-net_256x4_9_0_037.mps,UNSAT,225.917,UNSAT-UNSAT,None
/home/annelot/WARMSTART_PROJECT/baseline_symphony_21-01-2026+15_00/tmp/mnist-net_256x4/image_9/mnist-net_256x4_9_0_033.mps,/home/annelot/WARMSTART_PROJECT/baseline_symphony_21-01-2026+15_00/tmp/mnist-net_256x4/image_9/mnist-net_256x4_9_0_039.mps,UNSAT,225.785,UNSAT-UNSAT,None
/home/annelot/WARMSTART_PROJECT/baseline_symphony_21-01-2026+15_00/tmp/mnist-net_256x4/image_9/mnist-net_256x4_9_0_033.mps,/home/annelot/WARMSTART_PROJECT/baseline_symphony_21-01-2026+15_00/tmp/mnist-net_256x4/image_9/mnist-net_256x4_9_0_035.mps,UNSAT,226.253,UNSAT-UNSAT,None
/home/annelot/WARMSTART_PROJECT/baseline_symphony_21-01-2026+15_00/tmp/mnist-net_256x4/image_9/mnist-net_256x4_9_0_035.mps,/home/annelot/WARMSTART_PROJECT/baseline_symphony_21-01-2026+15_00/tmp/mnist-net_256x4/image_9/mnist-net_256x4_9_0_039.mps,UNSAT,274.501,UNSAT-UNSAT,None
/home/annelot/WARMSTART_PROJECT/baseline_symphony_21-01-2026+15_00/tmp/mnist-net_256x4/image_6/mnist-net_256x4_6_0_033.mps,/home/annelot/WARMSTART_PROJECT/baseline_symphony_21-01-2026+15_00/tmp/mnist-net_256x4/image_6/mnist-net_256x4_6_0_061.mps,UNSAT,1736.315,UNSAT-TIMEOUT,None
/home/annelot/WARMSTART_PROJECT/baseline_symphony_21-01-2026+15_00/tmp/mnist-net_256x4/image_6/mnist-net_256x4_6_0_033.mps,/home/annelot/WARMSTART_PROJECT/baseline_symphony_21-01-2026+15_00/tmp/mnist-net_256x4/image_6/mnist-net_256x4_6_0_101.mps,UNSAT,1746.412,UNSAT-TIMEOUT,None
/home/annelot/WARMSTART_PROJECT/baseline_symphony_21-01-2026+15_00/tmp/mnist-net_256x4/image_6/mnist-net_256x4_6_0_033.mps,/home/annelot/WARMSTART_PROJECT/baseline_symphony_21-01-2026+15_00/tmp/mnist-net_256x4/image_6/mnist-net_256x4_6_0_221.mps,UNSAT,1736.767,UNSAT-TIMEOUT,None
/home/annelot/WARMSTART_PROJECT/baseline_symphony_21-01-2026+15_00/tmp/mnist-net_256x4/image_6/mnist-net_256x4_6_0_033.mps,/home/annelot/WARMSTART_PROJECT/baseline_symphony_21-01-2026+15_00/tmp/mnist-net_256x4/image_6/mnist-net_256x4_6_0_201.mps,UNSAT,1739.914,UNSAT-TIMEOUT,None
/home/annelot/WARMSTART_PROJECT/baseline_symphony_21-01-2026+15_00/tmp/mnist-net_256x4/image_2/mnist-net_256x4_2_0_021.mps,/home/annelot/WARMSTART_PROJECT/baseline_symphony_21-01-2026+15_00/tmp/mnist-net_256x4/image_2/mnist-net_256x4_2_0_081.mps,UNSAT,149.124,UNSAT-TIMEOUT,None
/home/annelot/WARMSTART_PROJECT/baseline_symphony_21-01-2026+15_00/tmp/mnist-net_256x4/image_6/mnist-net_256x4_6_0_033.mps,/home/annelot/WARMSTART_PROJECT/baseline_symphony_21-01-2026+15_00/tmp/mnist-net_256x4/image_6/mnist-net_256x4_6_0_301.mps,UNSAT,1740.097,UNSAT-TIMEOUT,None
/home/annelot/WARMSTART_PROJECT/baseline_symphony_21-01-2026+15_00/tmp/mnist-net_256x4/image_2/mnist-net_256x4_2_0_021.mps,/home/annelot/WARMSTART_PROJECT/baseline_symphony_21-01-2026+15_00/tmp/mnist-net_256x4/image_2/mnist-net_256x4_2_0_041.mps,UNSAT,270.087,UNSAT-TIMEOUT,None
/home/annelot/WARMSTART_PROJECT/baseline_symphony_21-01-2026+15_00/tmp/mnist-net_256x4/image_2/mnist-net_256x4_2_0_021.mps,/home/annelot/WARMSTART_PROJECT/baseline_symphony_21-01-2026+15_00/tmp/mnist-net_256x4/image_2/mnist-net_256x4_2_0_061.mps,UNSAT,269.97,UNSAT-TIMEOUT,None
/home/annelot/WARMSTART_PROJECT/baseline_symphony_21-01-2026+15_00/tmp/mnist-net_256x4/image_2/mnist-net_256x4_2_0_021.mps,/home/annelot/WARMSTART_PROJECT/baseline_symphony_21-01-2026+15_00/tmp/mnist-net_256x4/image_2/mnist-net_256x4_2_0_141.mps,UNSAT,148.272,UNSAT-TIMEOUT,None
/home/annelot/WARMSTART_PROJECT/baseline_symphony_21-01-2026+15_00/tmp/mnist-net_256x4/image_1/mnist-net_256x4_1_0_041.mps,/home/annelot/WARMSTART_PROJECT/baseline_symphony_21-01-2026+15_00/tmp/mnist-net_256x4/image_1/mnist-net_256x4_1_0_043.mps,UNSAT,0.742,UNSAT-UNSAT,None
/home/annelot/WARMSTART_PROJECT/baseline_symphony_21-01-2026+15_00/tmp/mnist-net_256x4/image_2/mnist-net_256x4_2_0_021.mps,/home/annelot/WARMSTART_PROJECT/baseline_symphony_21-01-2026+15_00/tmp/mnist-net_256x4/image_2/mnist-net_256x4_2_0_161.mps,UNSAT,148.608,UNSAT-TIMEOUT,None
/home/annelot/WARMSTART_PROJECT/baseline_symphony_21-01-2026+15_00/tmp/mnist-net_256x4/image_1/mnist-net_256x4_1_0_041.mps,/home/annelot/WARMSTART_PROJECT/baseline_symphony_21-01-2026+15_00/tmp/mnist-net_256x4/image_1/mnist-net_256x4_1_0_045.mps,UNSAT,0.739,UNSAT-UNSAT,None
/home/annelot/WARMSTART_PROJECT/baseline_symphony_21-01-2026+15_00/tmp/mnist-net_256x4/image_2/mnist-net_256x4_2_0_021.mps,/home/annelot/WARMSTART_PROJECT/baseline_symphony_21-01-2026+15_00/tmp/mnist-net_256x4/image_2/mnist-net_256x4_2_0_181.mps,UNSAT,149.109,UNSAT-TIMEOUT,None
/home/annelot/WARMSTART_PROJECT/baseline_symphony_21-01-2026+15_00/tmp/mnist-net_256x4/image_2/mnist-net_256x4_2_0_021.mps,/home/annelot/WARMSTART_PROJECT/baseline_symphony_21-01-2026+15_00/tmp/mnist-net_256x4/image_2/mnist-net_256x4_2_0_101.mps,UNSAT,269.694,UNSAT-TIMEOUT,None
/home/annelot/WARMSTART_PROJECT/baseline_symphony_21-01-2026+15_00/tmp/mnist-net_256x4/image_2/mnist-net_256x4_2_0_021.mps,/home/annelot/WARMSTART_PROJECT/baseline_symphony_21-01-2026+15_00/tmp/mnist-net_256x4/image_2/mnist-net_256x4_2_0_221.mps,UNSAT,148.398,UNSAT-TIMEOUT,None
/home/annelot/WARMSTART_PROJECT/baseline_symphony_21-01-2026+15_00/tmp/mnist-net_256x4/image_2/mnist-net_256x4_2_0_021.mps,/home/annelot/WARMSTART_PROJECT/baseline_symphony_21-01-2026+15_00/tmp/mnist-net_256x4/image_2/mnist-net_256x4_2_0_121.mps,UNSAT,270.627,UNSAT-TIMEOUT,None
/home/annelot/WARMSTART_PROJECT/baseline_symphony_21-01-2026+15_00/tmp/mnist-net_256x4/image_2/mnist-net_256x4_2_0_021.mps,/home/annelot/WARMSTART_PROJECT/baseline_symphony_21-01-2026+15_00/tmp/mnist-net_256x4/image_2/mnist-net_256x4_2_0_139.mps,UNSAT,270.717,UNSAT-TIMEOUT,None
/home/annelot/WARMSTART_PROJECT/baseline_symphony_21-01-2026+15_00/tmp/mnist-net_256x4/image_1/mnist-net_256x4_1_0_043.mps,/home/annelot/WARMSTART_PROJECT/baseline_symphony_21-01-2026+15_00/tmp/mnist-net_256x4/image_1/mnist-net_256x4_1_0_045.mps,UNSAT,152.326,UNSAT-UNSAT,None
/home/annelot/WARMSTART_PROJECT/baseline_symphony_21-01-2026+15_00/tmp/mnist-net_256x4/image_2/mnist-net_256x4_2_0_021.mps,/home/annelot/WARMSTART_PROJECT/baseline_symphony_21-01-2026+15_00/tmp/mnist-net_256x4/image_2/mnist-net_256x4_2_0_201.mps,UNSAT,270.477,UNSAT-TIMEOUT,None
/home/annelot/WARMSTART_PROJECT/baseline_symphony_21-01-2026+15_00/tmp/mnist-net_256x4/image_2/mnist-net_256x4_2_0_021.mps,/home/annelot/WARMSTART_PROJECT/baseline_symphony_21-01-2026+15_00/tmp/mnist-net_256x4/image_2/mnist-net_256x4_2_0_241.mps,UNSAT,268.91,UNSAT-TIMEOUT,None
/home/annelot/WARMSTART_PROJECT/baseline_symphony_21-01-2026+15_00/tmp/mnist-net_256x4/image_2/mnist-net_256x4_2_0_021.mps,/home/annelot/WARMSTART_PROJECT/baseline_symphony_21-01-2026+15_00/tmp/mnist-net_256x4/image_2/mnist-net_256x4_2_0_261.mps,UNSAT,271.047,UNSAT-TIMEOUT,None
/home/annelot/WARMSTART_PROJECT/baseline_symphony_21-01-2026+15_00/tmp/mnist-net_256x4/image_2/mnist-net_256x4_2_0_021.mps,/home/annelot/WARMSTART_PROJECT/baseline_symphony_21-01-2026+15_00/tmp/mnist-net_256x4/image_2/mnist-net_256x4_2_0_281.mps,UNSAT,271.043,UNSAT-TIMEOUT,None
/home/annelot/WARMSTART_PROJECT/baseline_symphony_21-01-2026+15_00/tmp/mnist-net_256x4/image_2/mnist-net_256x4_2_0_021.mps,/home/annelot/WARMSTART_PROJECT/baseline_symphony_21-01-2026+15_00/tmp/mnist-net_256x4/image_2/mnist-net_256x4_2_0_301.mps,UNSAT,271.047,UNSAT-TIMEOUT,None
/home/annelot/WARMSTART_PROJECT/baseline_symphony_21-01-2026+15_00/tmp/mnist-net_256x4/image_1/mnist-net_256x4_1_0_045.mps,/home/annelot/WARMSTART_PROJECT/baseline_symphony_21-01-2026+15_00/tmp/mnist-net_256x4/image_1/mnist-net_256x4_1_0_047.mps,UNSAT,262.782,UNSAT-TIMEOUT,None
/home/annelot/WARMSTART_PROJECT/baseline_symphony_21-01-2026+15_00/tmp/mnist-net_256x4/image_2/mnist-net_256x4_2_0_021.mps,/home/annelot/WARMSTART_PROJECT/baseline_symphony_21-01-2026+15_00/tmp/mnist-net_256x4/image_2/mnist-net_256x4_2_0_321.mps,UNSAT,270.446,UNSAT-TIMEOUT,None
/home/annelot/WARMSTART_PROJECT/baseline_symphony_21-01-2026+15_00/tmp/mnist-net_256x4/image_2/mnist-net_256x4_2_0_021.mps,/home/annelot/WARMSTART_PROJECT/baseline_symphony_21-01-2026+15_00/tmp/mnist-net_256x4/image_2/mnist-net_256x4_2_0_341.mps,UNSAT,270.5,UNSAT-TIMEOUT,None
/home/annelot/WARMSTART_PROJECT/baseline_symphony_21-01-2026+15_00/tmp/mnist-net_256x4/image_1/mnist-net_256x4_1_0_045.mps,/home/annelot/WARMSTART_PROJECT/baseline_symphony_21-01-2026+15_00/tmp/mnist-net_256x4/image_1/mnist-net_256x4_1_0_081.mps,UNSAT,264.415,UNSAT-TIMEOUT,None
/home/annelot/WARMSTART_PROJECT/baseline_symphony_21-01-2026+15_00/tmp/mnist-net_256x4/image_2/mnist-net_256x4_2_0_021.mps,/home/annelot/WARMSTART_PROJECT/baseline_symphony_21-01-2026+15_00/tmp/mnist-net_256x4/image_2/mnist-net_256x4_2_0_361.mps,UNSAT,269.121,UNSAT-TIMEOUT,None
/home/annelot/WARMSTART_PROJECT/baseline_symphony_21-01-2026+15_00/tmp/mnist-net_256x4/image_2/mnist-net_256x4_2_0_021.mps,/home/annelot/WARMSTART_PROJECT/baseline_symphony_21-01-2026+15_00/tmp/mnist-net_256x4/image_2/mnist-net_256x4_2_0_381.mps,UNSAT,269.932,UNSAT-TIMEOUT,None
/home/annelot/WARMSTART_PROJECT/baseline_symphony_21-01-2026+15_00/tmp/mnist-net_256x4/image_1/mnist-net_256x4_1_0_045.mps,/home/annelot/WARMSTART_PROJECT/baseline_symphony_21-01-2026+15_00/tmp/mnist-net_256x4/image_1/mnist-net_256x4_1_0_121.mps,UNSAT,263.08,UNSAT-TIMEOUT,None
/home/annelot/WARMSTART_PROJECT/baseline_symphony_21-01-2026+15_00/tmp/mnist-net_256x4/image_5/mnist-net_256x4_5_0_021.mps,/home/annelot/WARMSTART_PROJECT/baseline_symphony_21-01-2026+15_00/tmp/mnist-net_256x4/image_5/mnist-net_256x4_5_0_023.mps,ERR,,UNSAT-UNSAT,None
/home/annelot/WARMSTART_PROJECT/baseline_symphony_21-01-2026+15_00/tmp/mnist-net_256x4/image_5/mnist-net_256x4_5_0_021.mps,/home/annelot/WARMSTART_PROJECT/baseline_symphony_21-01-2026+15_00/tmp/mnist-net_256x4/image_5/mnist-net_256x4_5_0_025.mps,ERR,,UNSAT-UNSAT,None
/home/annelot/WARMSTART_PROJECT/baseline_symphony_21-01-2026+15_00/tmp/mnist-net_256x4/image_5/mnist-net_256x4_5_0_021.mps,/home/annelot/WARMSTART_PROJECT/baseline_symphony_21-01-2026+15_00/tmp/mnist-net_256x4/image_5/mnist-net_256x4_5_0_027.mps,ERR,,UNSAT-UNSAT,None
/home/annelot/WARMSTART_PROJECT/baseline_symphony_21-01-2026+15_00/tmp/mnist-net_256x4/image_5/mnist-net_256x4_5_0_023.mps,/home/annelot/WARMSTART_PROJECT/baseline_symphony_21-01-2026+15_00/tmp/mnist-net_256x4/image_5/mnist-net_256x4_5_0_025.mps,UNSAT,0.898,UNSAT-UNSAT,None
/home/annelot/WARMSTART_PROJECT/baseline_symphony_21-01-2026+15_00/tmp/mnist-net_256x4/image_5/mnist-net_256x4_5_0_023.mps,/home/annelot/WARMSTART_PROJECT/baseline_symphony_21-01-2026+15_00/tmp/mnist-net_256x4/image_5/mnist-net_256x4_5_0_027.mps,UNSAT,0.9,UNSAT-UNSAT,None
/home/annelot/WARMSTART_PROJECT/baseline_symphony_21-01-2026+15_00/tmp/mnist-net_256x4/image_1/mnist-net_256x4_1_0_045.mps,/home/annelot/WARMSTART_PROJECT/baseline_symphony_21-01-2026+15_00/tmp/mnist-net_256x4/image_1/mnist-net_256x4_1_0_161.mps,UNSAT,263.14,UNSAT-TIMEOUT,None
/home/annelot/WARMSTART_PROJECT/baseline_symphony_21-01-2026+15_00/tmp/mnist-net_256x4/image_1/mnist-net_256x4_1_0_045.mps,/home/annelot/WARMSTART_PROJECT/baseline_symphony_21-01-2026+15_00/tmp/mnist-net_256x4/image_1/mnist-net_256x4_1_0_061.mps,UNSAT,460.27,UNSAT-TIMEOUT,None
/home/annelot/WARMSTART_PROJECT/baseline_symphony_21-01-2026+15_00/tmp/mnist-net_256x4/image_5/mnist-net_256x4_5_0_025.mps,/home/annelot/WARMSTART_PROJECT/baseline_symphony_21-01-2026+15_00/tmp/mnist-net_256x4/image_5/mnist-net_256x4_5_0_027.mps,UNSAT,244.027,UNSAT-UNSAT,None
/home/annelot/WARMSTART_PROJECT/baseline_symphony_21-01-2026+15_00/tmp/mnist-net_256x4/image_1/mnist-net_256x4_1_0_045.mps,/home/annelot/WARMSTART_PROJECT/baseline_symphony_21-01-2026+15_00/tmp/mnist-net_256x4/image_1/mnist-net_256x4_1_0_101.mps,UNSAT,462.774,UNSAT-TIMEOUT,None
/home/annelot/WARMSTART_PROJECT/baseline_symphony_21-01-2026+15_00/tmp/mnist-net_256x4/image_1/mnist-net_256x4_1_0_045.mps,/home/annelot/WARMSTART_PROJECT/baseline_symphony_21-01-2026+15_00/tmp/mnist-net_256x4/image_1/mnist-net_256x4_1_0_281.mps,UNSAT,262.743,UNSAT-TIMEOUT,None
/home/annelot/WARMSTART_PROJECT/baseline_symphony_21-01-2026+15_00/tmp/mnist-net_256x4/image_1/mnist-net_256x4_1_0_045.mps,/home/annelot/WARMSTART_PROJECT/baseline_symphony_21-01-2026+15_00/tmp/mnist-net_256x4/image_1/mnist-net_256x4_1_0_139.mps,UNSAT,462.301,UNSAT-TIMEOUT,None
/home/annelot/WARMSTART_PROJECT/baseline_symphony_21-01-2026+15_00/tmp/mnist-net_256x4/image_1/mnist-net_256x4_1_0_045.mps,/home/annelot/WARMSTART_PROJECT/baseline_symphony_21-01-2026+15_00/tmp/mnist-net_256x4/image_1/mnist-net_256x4_1_0_141.mps,UNSAT,461.558,UNSAT-TIMEOUT,None
/home/annelot/WARMSTART_PROJECT/baseline_symphony_21-01-2026+15_00/tmp/mnist-net_256x4/image_1/mnist-net_256x4_1_0_045.mps,/home/annelot/WARMSTART_PROJECT/baseline_symphony_21-01-2026+15_00/tmp/mnist-net_256x4/image_1/mnist-net_256x4_1_0_341.mps,UNSAT,264.511,UNSAT-TIMEOUT,None
/home/annelot/WARMSTART_PROJECT/baseline_symphony_21-01-2026+15_00/tmp/mnist-net_256x4/image_1/mnist-net_256x4_1_0_045.mps,/home/annelot/WARMSTART_PROJECT/baseline_symphony_21-01-2026+15_00/tmp/mnist-net_256x4/image_1/mnist-net_256x4_1_0_181.mps,UNSAT,459.321,UNSAT-TIMEOUT,None
/home/annelot/WARMSTART_PROJECT/baseline_symphony_21-01-2026+15_00/tmp/mnist-net_256x4/image_1/mnist-net_256x4_1_0_045.mps,/home/annelot/WARMSTART_PROJECT/baseline_symphony_21-01-2026+15_00/tmp/mnist-net_256x4/image_1/mnist-net_256x4_1_0_201.mps,UNSAT,456.793,UNSAT-TIMEOUT,None
/home/annelot/WARMSTART_PROJECT/baseline_symphony_21-01-2026+15_00/tmp/mnist-net_256x4/image_1/mnist-net_256x4_1_0_045.mps,/home/annelot/WARMSTART_PROJECT/baseline_symphony_21-01-2026+15_00/tmp/mnist-net_256x4/image_1/mnist-net_256x4_1_0_221.mps,UNSAT,460.988,UNSAT-TIMEOUT,None
/home/annelot/WARMSTART_PROJECT/baseline_symphony_21-01-2026+15_00/tmp/mnist-net_256x4/image_1/mnist-net_256x4_1_0_045.mps,/home/annelot/WARMSTART_PROJECT/baseline_symphony_21-01-2026+15_00/tmp/mnist-net_256x4/image_1/mnist-net_256x4_1_0_241.mps,UNSAT,460.318,UNSAT-TIMEOUT,None
/home/annelot/WARMSTART_PROJECT/baseline_symphony_21-01-2026+15_00/tmp/mnist-net_256x4/image_0/mnist-net_256x4_0_0_021.mps,/home/annelot/WARMSTART_PROJECT/baseline_symphony_21-01-2026+15_00/tmp/mnist-net_256x4/image_0/mnist-net_256x4_0_0_023.mps,ERR,,UNSAT-UNSAT,None
/home/annelot/WARMSTART_PROJECT/baseline_symphony_21-01-2026+15_00/tmp/mnist-net_256x4/image_0/mnist-net_256x4_0_0_021.mps,/home/annelot/WARMSTART_PROJECT/baseline_symphony_21-01-2026+15_00/tmp/mnist-net_256x4/image_0/mnist-net_256x4_0_0_025.mps,ERR,,UNSAT-UNSAT,None
/home/annelot/WARMSTART_PROJECT/baseline_symphony_21-01-2026+15_00/tmp/mnist-net_256x4/image_0/mnist-net_256x4_0_0_021.mps,/home/annelot/WARMSTART_PROJECT/baseline_symphony_21-01-2026+15_00/tmp/mnist-net_256x4/image_0/mnist-net_256x4_0_0_027.mps,ERR,,UNSAT-UNSAT,None
/home/annelot/WARMSTART_PROJECT/baseline_symphony_21-01-2026+15_00/tmp/mnist-net_256x4/image_0/mnist-net_256x4_0_0_021.mps,/home/annelot/WARMSTART_PROJECT/baseline_symphony_21-01-2026+15_00/tmp/mnist-net_256x4/image_0/mnist-net_256x4_0_0_029.mps,ERR,,UNSAT-UNSAT,None
/home/annelot/WARMSTART_PROJECT/baseline_symphony_21-01-2026+15_00/tmp/mnist-net_256x4/image_0/mnist-net_256x4_0_0_021.mps,/home/annelot/WARMSTART_PROJECT/baseline_symphony_21-01-2026+15_00/tmp/mnist-net_256x4/image_0/mnist-net_256x4_0_0_031.mps,ERR,,UNSAT-UNSAT,None
/home/annelot/WARMSTART_PROJECT/baseline_symphony_21-01-2026+15_00/tmp/mnist-net_256x4/image_0/mnist-net_256x4_0_0_021.mps,/home/annelot/WARMSTART_PROJECT/baseline_symphony_21-01-2026+15_00/tmp/mnist-net_256x4/image_0/mnist-net_256x4_0_0_033.mps,ERR,,UNSAT-UNSAT,None
/home/annelot/WARMSTART_PROJECT/baseline_symphony_21-01-2026+15_00/tmp/mnist-net_256x4/image_0/mnist-net_256x4_0_0_021.mps,/home/annelot/WARMSTART_PROJECT/baseline_symphony_21-01-2026+15_00/tmp/mnist-net_256x4/image_0/mnist-net_256x4_0_0_035.mps,ERR,,UNSAT-UNSAT,None
/home/annelot/WARMSTART_PROJECT/baseline_symphony_21-01-2026+15_00/tmp/mnist-net_256x4/image_0/mnist-net_256x4_0_0_023.mps,/home/annelot/WARMSTART_PROJECT/baseline_symphony_21-01-2026+15_00/tmp/mnist-net_256x4/image_0/mnist-net_256x4_0_0_025.mps,ERR,,UNSAT-UNSAT,None
/home/annelot/WARMSTART_PROJECT/baseline_symphony_21-01-2026+15_00/tmp/mnist-net_256x4/image_0/mnist-net_256x4_0_0_023.mps,/home/annelot/WARMSTART_PROJECT/baseline_symphony_21-01-2026+15_00/tmp/mnist-net_256x4/image_0/mnist-net_256x4_0_0_027.mps,ERR,,UNSAT-UNSAT,None
/home/annelot/WARMSTART_PROJECT/baseline_symphony_21-01-2026+15_00/tmp/mnist-net_256x4/image_0/mnist-net_256x4_0_0_023.mps,/home/annelot/WARMSTART_PROJECT/baseline_symphony_21-01-2026+15_00/tmp/mnist-net_256x4/image_0/mnist-net_256x4_0_0_029.mps,ERR,,UNSAT-UNSAT,None
/home/annelot/WARMSTART_PROJECT/baseline_symphony_21-01-2026+15_00/tmp/mnist-net_256x4/image_0/mnist-net_256x4_0_0_023.mps,/home/annelot/WARMSTART_PROJECT/baseline_symphony_21-01-2026+15_00/tmp/mnist-net_256x4/image_0/mnist-net_256x4_0_0_031.mps,ERR,,UNSAT-UNSAT,None
/home/annelot/WARMSTART_PROJECT/baseline_symphony_21-01-2026+15_00/tmp/mnist-net_256x4/image_0/mnist-net_256x4_0_0_023.mps,/home/annelot/WARMSTART_PROJECT/baseline_symphony_21-01-2026+15_00/tmp/mnist-net_256x4/image_0/mnist-net_256x4_0_0_033.mps,ERR,,UNSAT-UNSAT,None
/home/annelot/WARMSTART_PROJECT/baseline_symphony_21-01-2026+15_00/tmp/mnist-net_256x4/image_0/mnist-net_256x4_0_0_023.mps,/home/annelot/WARMSTART_PROJECT/baseline_symphony_21-01-2026+15_00/tmp/mnist-net_256x4/image_0/mnist-net_256x4_0_0_035.mps,ERR,,UNSAT-UNSAT,None
/home/annelot/WARMSTART_PROJECT/baseline_symphony_21-01-2026+15_00/tmp/mnist-net_256x4/image_0/mnist-net_256x4_0_0_025.mps,/home/annelot/WARMSTART_PROJECT/baseline_symphony_21-01-2026+15_00/tmp/mnist-net_256x4/image_0/mnist-net_256x4_0_0_027.mps,ERR,,UNSAT-UNSAT,None
/home/annelot/WARMSTART_PROJECT/baseline_symphony_21-01-2026+15_00/tmp/mnist-net_256x4/image_0/mnist-net_256x4_0_0_025.mps,/home/annelot/WARMSTART_PROJECT/baseline_symphony_21-01-2026+15_00/tmp/mnist-net_256x4/image_0/mnist-net_256x4_0_0_029.mps,ERR,,UNSAT-UNSAT,None
/home/annelot/WARMSTART_PROJECT/baseline_symphony_21-01-2026+15_00/tmp/mnist-net_256x4/image_0/mnist-net_256x4_0_0_025.mps,/home/annelot/WARMSTART_PROJECT/baseline_symphony_21-01-2026+15_00/tmp/mnist-net_256x4/image_0/mnist-net_256x4_0_0_031.mps,ERR,,UNSAT-UNSAT,None
/home/annelot/WARMSTART_PROJECT/baseline_symphony_21-01-2026+15_00/tmp/mnist-net_256x4/image_0/mnist-net_256x4_0_0_025.mps,/home/annelot/WARMSTART_PROJECT/baseline_symphony_21-01-2026+15_00/tmp/mnist-net_256x4/image_0/mnist-net_256x4_0_0_033.mps,ERR,,UNSAT-UNSAT,None
/home/annelot/WARMSTART_PROJECT/baseline_symphony_21-01-2026+15_00/tmp/mnist-net_256x4/image_0/mnist-net_256x4_0_0_025.mps,/home/annelot/WARMSTART_PROJECT/baseline_symphony_21-01-2026+15_00/tmp/mnist-net_256x4/image_0/mnist-net_256x4_0_0_035.mps,ERR,,UNSAT-UNSAT,None
/home/annelot/WARMSTART_PROJECT/baseline_symphony_21-01-2026+15_00/tmp/mnist-net_256x4/image_0/mnist-net_256x4_0_0_027.mps,/home/annelot/WARMSTART_PROJECT/baseline_symphony_21-01-2026+15_00/tmp/mnist-net_256x4/image_0/mnist-net_256x4_0_0_029.mps,ERR,,UNSAT-UNSAT,None
/home/annelot/WARMSTART_PROJECT/baseline_symphony_21-01-2026+15_00/tmp/mnist-net_256x4/image_0/mnist-net_256x4_0_0_027.mps,/home/annelot/WARMSTART_PROJECT/baseline_symphony_21-01-2026+15_00/tmp/mnist-net_256x4/image_0/mnist-net_256x4_0_0_031.mps,ERR,,UNSAT-UNSAT,None
/home/annelot/WARMSTART_PROJECT/baseline_symphony_21-01-2026+15_00/tmp/mnist-net_256x4/image_0/mnist-net_256x4_0_0_027.mps,/home/annelot/WARMSTART_PROJECT/baseline_symphony_21-01-2026+15_00/tmp/mnist-net_256x4/image_0/mnist-net_256x4_0_0_033.mps,ERR,,UNSAT-UNSAT,None
/home/annelot/WARMSTART_PROJECT/baseline_symphony_21-01-2026+15_00/tmp/mnist-net_256x4/image_0/mnist-net_256x4_0_0_027.mps,/home/annelot/WARMSTART_PROJECT/baseline_symphony_21-01-2026+15_00/tmp/mnist-net_256x4/image_0/mnist-net_256x4_0_0_035.mps,ERR,,UNSAT-UNSAT,None
/home/annelot/WARMSTART_PROJECT/baseline_symphony_21-01-2026+15_00/tmp/mnist-net_256x4/image_0/mnist-net_256x4_0_0_029.mps,/home/annelot/WARMSTART_PROJECT/baseline_symphony_21-01-2026+15_00/tmp/mnist-net_256x4/image_0/mnist-net_256x4_0_0_031.mps,ERR,,UNSAT-UNSAT,None
/home/annelot/WARMSTART_PROJECT/baseline_symphony_21-01-2026+15_00/tmp/mnist-net_256x4/image_0/mnist-net_256x4_0_0_029.mps,/home/annelot/WARMSTART_PROJECT/baseline_symphony_21-01-2026+15_00/tmp/mnist-net_256x4/image_0/mnist-net_256x4_0_0_033.mps,ERR,,UNSAT-UNSAT,None
/home/annelot/WARMSTART_PROJECT/baseline_symphony_21-01-2026+15_00/tmp/mnist-net_256x4/image_0/mnist-net_256x4_0_0_029.mps,/home/annelot/WARMSTART_PROJECT/baseline_symphony_21-01-2026+15_00/tmp/mnist-net_256x4/image_0/mnist-net_256x4_0_0_035.mps,ERR,,UNSAT-UNSAT,None
/home/annelot/WARMSTART_PROJECT/baseline_symphony_21-01-2026+15_00/tmp/mnist-net_256x4/image_1/mnist-net_256x4_1_0_045.mps,/home/annelot/WARMSTART_PROJECT/baseline_symphony_21-01-2026+15_00/tmp/mnist-net_256x4/image_1/mnist-net_256x4_1_0_261.mps,UNSAT,457.208,UNSAT-TIMEOUT,None
/home/annelot/WARMSTART_PROJECT/baseline_symphony_21-01-2026+15_00/tmp/mnist-net_256x4/image_0/mnist-net_256x4_0_0_031.mps,/home/annelot/WARMSTART_PROJECT/baseline_symphony_21-01-2026+15_00/tmp/mnist-net_256x4/image_0/mnist-net_256x4_0_0_035.mps,UNSAT,0.777,UNSAT-UNSAT,None
/home/annelot/WARMSTART_PROJECT/baseline_symphony_21-01-2026+15_00/tmp/mnist-net_256x4/image_0/mnist-net_256x4_0_0_031.mps,/home/annelot/WARMSTART_PROJECT/baseline_symphony_21-01-2026+15_00/tmp/mnist-net_256x4/image_0/mnist-net_256x4_0_0_033.mps,UNSAT,0.784,UNSAT-UNSAT,None
/home/annelot/WARMSTART_PROJECT/baseline_symphony_21-01-2026+15_00/tmp/mnist-net_256x4/image_1/mnist-net_256x4_1_0_045.mps,/home/annelot/WARMSTART_PROJECT/baseline_symphony_21-01-2026+15_00/tmp/mnist-net_256x4/image_1/mnist-net_256x4_1_0_301.mps,UNSAT,456.453,UNSAT-TIMEOUT,None
/home/annelot/WARMSTART_PROJECT/baseline_symphony_21-01-2026+15_00/tmp/mnist-net_256x4/image_1/mnist-net_256x4_1_0_045.mps,/home/annelot/WARMSTART_PROJECT/baseline_symphony_21-01-2026+15_00/tmp/mnist-net_256x4/image_1/mnist-net_256x4_1_0_321.mps,UNSAT,457.797,UNSAT-TIMEOUT,None
/home/annelot/WARMSTART_PROJECT/baseline_symphony_21-01-2026+15_00/tmp/mnist-net_256x4/image_1/mnist-net_256x4_1_0_045.mps,/home/annelot/WARMSTART_PROJECT/baseline_symphony_21-01-2026+15_00/tmp/mnist-net_256x4/image_1/mnist-net_256x4_1_0_361.mps,UNSAT,454.735,UNSAT-TIMEOUT,None
/home/annelot/WARMSTART_PROJECT/baseline_symphony_21-01-2026+15_00/tmp/mnist-net_256x4/image_1/mnist-net_256x4_1_0_045.mps,/home/annelot/WARMSTART_PROJECT/baseline_symphony_21-01-2026+15_00/tmp/mnist-net_256x4/image_1/mnist-net_256x4_1_0_381.mps,UNSAT,456.619,UNSAT-TIMEOUT,None
/home/annelot/WARMSTART_PROJECT/baseline_symphony_21-01-2026+15_00/tmp/mnist-net_256x4/image_0/mnist-net_256x4_0_0_033.mps,/home/annelot/WARMSTART_PROJECT/baseline_symphony_21-01-2026+15_00/tmp/mnist-net_256x4/image_0/mnist-net_256x4_0_0_035.mps,UNSAT,85.837,UNSAT-UNSAT,None
/home/annelot/WARMSTART_PROJECT/baseline_symphony_21-01-2026+15_00/tmp/mnist-net_256x4/image_0/mnist-net_256x4_0_0_035.mps,/home/annelot/WARMSTART_PROJECT/baseline_symphony_21-01-2026+15_00/tmp/mnist-net_256x4/image_0/mnist-net_256x4_0_0_041.mps,UNSAT,884.529,UNSAT-TIMEOUT,None
/home/annelot/WARMSTART_PROJECT/baseline_symphony_21-01-2026+15_00/tmp/mnist-net_256x4/image_0/mnist-net_256x4_0_0_035.mps,/home/annelot/WARMSTART_PROJECT/baseline_symphony_21-01-2026+15_00/tmp/mnist-net_256x4/image_0/mnist-net_256x4_0_0_037.mps,UNSAT,888.849,UNSAT-TIMEOUT,None
/home/annelot/WARMSTART_PROJECT/baseline_symphony_21-01-2026+15_00/tmp/mnist-net_256x4/image_0/mnist-net_256x4_0_0_035.mps,/home/annelot/WARMSTART_PROJECT/baseline_symphony_21-01-2026+15_00/tmp/mnist-net_256x4/image_0/mnist-net_256x4_0_0_061.mps,UNSAT,888.1,UNSAT-TIMEOUT,None
/home/annelot/WARMSTART_PROJECT/baseline_symphony_21-01-2026+15_00/tmp/mnist-net_256x4/image_0/mnist-net_256x4_0_0_035.mps,/home/annelot/WARMSTART_PROJECT/baseline_symphony_21-01-2026+15_00/tmp/mnist-net_256x4/image_0/mnist-net_256x4_0_0_101.mps,UNSAT,883.929,UNSAT-TIMEOUT,None
/home/annelot/WARMSTART_PROJECT/baseline_symphony_21-01-2026+15_00/tmp/mnist-net_256x4/image_0/mnist-net_256x4_0_0_035.mps,/home/annelot/WARMSTART_PROJECT/baseline_symphony_21-01-2026+15_00/tmp/mnist-net_256x4/image_0/mnist-net_256x4_0_0_081.mps,UNSAT,889.125,UNSAT-TIMEOUT,None
/home/annelot/WARMSTART_PROJECT/baseline_symphony_21-01-2026+15_00/tmp/mnist-net_256x4/image_0/mnist-net_256x4_0_0_035.mps,/home/annelot/WARMSTART_PROJECT/baseline_symphony_21-01-2026+15_00/tmp/mnist-net_256x4/image_0/mnist-net_256x4_0_0_121.mps,UNSAT,886.426,UNSAT-TIMEOUT,None
/home/annelot/WARMSTART_PROJECT/baseline_symphony_21-01-2026+15_00/tmp/mnist-net_256x4/image_0/mnist-net_256x4_0_0_035.mps,/home/annelot/WARMSTART_PROJECT/baseline_symphony_21-01-2026+15_00/tmp/mnist-net_256x4/image_0/mnist-net_256x4_0_0_141.mps,UNSAT,885.406,UNSAT-TIMEOUT,None
/home/annelot/WARMSTART_PROJECT/baseline_symphony_21-01-2026+15_00/tmp/mnist-net_256x4/image_0/mnist-net_256x4_0_0_035.mps,/home/annelot/WARMSTART_PROJECT/baseline_symphony_21-01-2026+15_00/tmp/mnist-net_256x4/image_0/mnist-net_256x4_0_0_161.mps,UNSAT,886.981,UNSAT-TIMEOUT,None
/home/annelot/WARMSTART_PROJECT/baseline_symphony_21-01-2026+15_00/tmp/mnist-net_256x4/image_4/mnist-net_256x4_4_0_021.mps,/home/annelot/WARMSTART_PROJECT/baseline_symphony_21-01-2026+15_00/tmp/mnist-net_256x4/image_4/mnist-net_256x4_4_0_023.mps,ERR,,UNSAT-UNSAT,None
/home/annelot/WARMSTART_PROJECT/baseline_symphony_21-01-2026+15_00/tmp/mnist-net_256x4/image_4/mnist-net_256x4_4_0_021.mps,/home/annelot/WARMSTART_PROJECT/baseline_symphony_21-01-2026+15_00/tmp/mnist-net_256x4/image_4/mnist-net_256x4_4_0_025.mps,ERR,,UNSAT-UNSAT,None
/home/annelot/WARMSTART_PROJECT/baseline_symphony_21-01-2026+15_00/tmp/mnist-net_256x4/image_4/mnist-net_256x4_4_0_021.mps,/home/annelot/WARMSTART_PROJECT/baseline_symphony_21-01-2026+15_00/tmp/mnist-net_256x4/image_4/mnist-net_256x4_4_0_027.mps,ERR,,UNSAT-UNSAT,None
/home/annelot/WARMSTART_PROJECT/baseline_symphony_21-01-2026+15_00/tmp/mnist-net_256x4/image_4/mnist-net_256x4_4_0_021.mps,/home/annelot/WARMSTART_PROJECT/baseline_symphony_21-01-2026+15_00/tmp/mnist-net_256x4/image_4/mnist-net_256x4_4_0_029.mps,ERR,,UNSAT-UNSAT,None
/home/annelot/WARMSTART_PROJECT/baseline_symphony_21-01-2026+15_00/tmp/mnist-net_256x4/image_4/mnist-net_256x4_4_0_023.mps,/home/annelot/WARMSTART_PROJECT/baseline_symphony_21-01-2026+15_00/tmp/mnist-net_256x4/image_4/mnist-net_256x4_4_0_025.mps,ERR,,UNSAT-UNSAT,None
/home/annelot/WARMSTART_PROJECT/baseline_symphony_21-01-2026+15_00/tmp/mnist-net_256x4/image_4/mnist-net_256x4_4_0_023.mps,/home/annelot/WARMSTART_PROJECT/baseline_symphony_21-01-2026+15_00/tmp/mnist-net_256x4/image_4/mnist-net_256x4_4_0_027.mps,ERR,,UNSAT-UNSAT,None
/home/annelot/WARMSTART_PROJECT/baseline_symphony_21-01-2026+15_00/tmp/mnist-net_256x4/image_4/mnist-net_256x4_4_0_023.mps,/home/annelot/WARMSTART_PROJECT/baseline_symphony_21-01-2026+15_00/tmp/mnist-net_256x4/image_4/mnist-net_256x4_4_0_029.mps,ERR,,UNSAT-UNSAT,None
/home/annelot/WARMSTART_PROJECT/baseline_symphony_21-01-2026+15_00/tmp/mnist-net_256x4/image_4/mnist-net_256x4_4_0_025.mps,/home/annelot/WARMSTART_PROJECT/baseline_symphony_21-01-2026+15_00/tmp/mnist-net_256x4/image_4/mnist-net_256x4_4_0_027.mps,ERR,,UNSAT-UNSAT,None
/home/annelot/WARMSTART_PROJECT/baseline_symphony_21-01-2026+15_00/tmp/mnist-net_256x4/image_4/mnist-net_256x4_4_0_025.mps,/home/annelot/WARMSTART_PROJECT/baseline_symphony_21-01-2026+15_00/tmp/mnist-net_256x4/image_4/mnist-net_256x4_4_0_029.mps,ERR,,UNSAT-UNSAT,None
/home/annelot/WARMSTART_PROJECT/baseline_symphony_21-01-2026+15_00/tmp/mnist-net_256x4/image_4/mnist-net_256x4_4_0_027.mps,/home/annelot/WARMSTART_PROJECT/baseline_symphony_21-01-2026+15_00/tmp/mnist-net_256x4/image_4/mnist-net_256x4_4_0_029.mps,ERR,,UNSAT-UNSAT,None
/home/annelot/WARMSTART_PROJECT/baseline_symphony_21-01-2026+15_00/tmp/mnist-net_256x4/image_4/mnist-net_256x4_4_0_029.mps,/home/annelot/WARMSTART_PROJECT/baseline_symphony_21-01-2026+15_00/tmp/mnist-net_256x4/image_4/mnist-net_256x4_4_0_031.mps,ERR,,UNSAT-TIMEOUT,None
/home/annelot/WARMSTART_PROJECT/baseline_symphony_21-01-2026+15_00/tmp/mnist-net_256x4/image_4/mnist-net_256x4_4_0_029.mps,/home/annelot/WARMSTART_PROJECT/baseline_symphony_21-01-2026+15_00/tmp/mnist-net_256x4/image_4/mnist-net_256x4_4_0_041.mps,ERR,,UNSAT-TIMEOUT,None
/home/annelot/WARMSTART_PROJECT/baseline_symphony_21-01-2026+15_00/tmp/mnist-net_256x4/image_4/mnist-net_256x4_4_0_029.mps,/home/annelot/WARMSTART_PROJECT/baseline_symphony_21-01-2026+15_00/tmp/mnist-net_256x4/image_4/mnist-net_256x4_4_0_061.mps,ERR,,UNSAT-TIMEOUT,None
/home/annelot/WARMSTART_PROJECT/baseline_symphony_21-01-2026+15_00/tmp/mnist-net_256x4/image_4/mnist-net_256x4_4_0_029.mps,/home/annelot/WARMSTART_PROJECT/baseline_symphony_21-01-2026+15_00/tmp/mnist-net_256x4/image_4/mnist-net_256x4_4_0_081.mps,ERR,,UNSAT-TIMEOUT,None
/home/annelot/WARMSTART_PROJECT/baseline_symphony_21-01-2026+15_00/tmp/mnist-net_256x4/image_4/mnist-net_256x4_4_0_029.mps,/home/annelot/WARMSTART_PROJECT/baseline_symphony_21-01-2026+15_00/tmp/mnist-net_256x4/image_4/mnist-net_256x4_4_0_101.mps,ERR,,UNSAT-TIMEOUT,None
/home/annelot/WARMSTART_PROJECT/baseline_symphony_21-01-2026+15_00/tmp/mnist-net_256x4/image_4/mnist-net_256x4_4_0_029.mps,/home/annelot/WARMSTART_PROJECT/baseline_symphony_21-01-2026+15_00/tmp/mnist-net_256x4/image_4/mnist-net_256x4_4_0_121.mps,ERR,,UNSAT-TIMEOUT,None
/home/annelot/WARMSTART_PROJECT/baseline_symphony_21-01-2026+15_00/tmp/mnist-net_256x4/image_4/mnist-net_256x4_4_0_029.mps,/home/annelot/WARMSTART_PROJECT/baseline_symphony_21-01-2026+15_00/tmp/mnist-net_256x4/image_4/mnist-net_256x4_4_0_141.mps,ERR,,UNSAT-TIMEOUT,None
/home/annelot/WARMSTART_PROJECT/baseline_symphony_21-01-2026+15_00/tmp/mnist-net_256x4/image_0/mnist-net_256x4_0_0_035.mps,/home/annelot/WARMSTART_PROJECT/baseline_symphony_21-01-2026+15_00/tmp/mnist-net_256x4/image_0/mnist-net_256x4_0_0_201.mps,UNSAT,882.897,UNSAT-TIMEOUT,None
/home/annelot/WARMSTART_PROJECT/baseline_symphony_21-01-2026+15_00/tmp/mnist-net_256x4/image_4/mnist-net_256x4_4_0_029.mps,/home/annelot/WARMSTART_PROJECT/baseline_symphony_21-01-2026+15_00/tmp/mnist-net_256x4/image_4/mnist-net_256x4_4_0_181.mps,ERR,,UNSAT-TIMEOUT,None
/home/annelot/WARMSTART_PROJECT/baseline_symphony_21-01-2026+15_00/tmp/mnist-net_256x4/image_4/mnist-net_256x4_4_0_029.mps,/home/annelot/WARMSTART_PROJECT/baseline_symphony_21-01-2026+15_00/tmp/mnist-net_256x4/image_4/mnist-net_256x4_4_0_161.mps,ERR,,UNSAT-TIMEOUT,None
/home/annelot/WARMSTART_PROJECT/baseline_symphony_21-01-2026+15_00/tmp/mnist-net_256x4/image_4/mnist-net_256x4_4_0_029.mps,/home/annelot/WARMSTART_PROJECT/baseline_symphony_21-01-2026+15_00/tmp/mnist-net_256x4/image_4/mnist-net_256x4_4_0_201.mps,ERR,,UNSAT-TIMEOUT,None
/home/annelot/WARMSTART_PROJECT/baseline_symphony_21-01-2026+15_00/tmp/mnist-net_256x4/image_4/mnist-net_256x4_4_0_029.mps,/home/annelot/WARMSTART_PROJECT/baseline_symphony_21-01-2026+15_00/tmp/mnist-net_256x4/image_4/mnist-net_256x4_4_0_221.mps,ERR,,UNSAT-TIMEOUT,None
/home/annelot/WARMSTART_PROJECT/baseline_symphony_21-01-2026+15_00/tmp/mnist-net_256x4/image_4/mnist-net_256x4_4_0_029.mps,/home/annelot/WARMSTART_PROJECT/baseline_symphony_21-01-2026+15_00/tmp/mnist-net_256x4/image_4/mnist-net_256x4_4_0_241.mps,ERR,,UNSAT-TIMEOUT,None
/home/annelot/WARMSTART_PROJECT/baseline_symphony_21-01-2026+15_00/tmp/mnist-net_256x4/image_4/mnist-net_256x4_4_0_029.mps,/home/annelot/WARMSTART_PROJECT/baseline_symphony_21-01-2026+15_00/tmp/mnist-net_256x4/image_4/mnist-net_256x4_4_0_261.mps,ERR,,UNSAT-TIMEOUT,None
/home/annelot/WARMSTART_PROJECT/baseline_symphony_21-01-2026+15_00/tmp/mnist-net_256x4/image_4/mnist-net_256x4_4_0_029.mps,/home/annelot/WARMSTART_PROJECT/baseline_symphony_21-01-2026+15_00/tmp/mnist-net_256x4/image_4/mnist-net_256x4_4_0_281.mps,ERR,,UNSAT-TIMEOUT,None
/home/annelot/WARMSTART_PROJECT/baseline_symphony_21-01-2026+15_00/tmp/mnist-net_256x4/image_4/mnist-net_256x4_4_0_029.mps,/home/annelot/WARMSTART_PROJECT/baseline_symphony_21-01-2026+15_00/tmp/mnist-net_256x4/image_4/mnist-net_256x4_4_0_301.mps,ERR,,UNSAT-TIMEOUT,None
/home/annelot/WARMSTART_PROJECT/baseline_symphony_21-01-2026+15_00/tmp/mnist-net_256x4/image_4/mnist-net_256x4_4_0_029.mps,/home/annelot/WARMSTART_PROJECT/baseline_symphony_21-01-2026+15_00/tmp/mnist-net_256x4/image_4/mnist-net_256x4_4_0_341.mps,ERR,,UNSAT-TIMEOUT,None
/home/annelot/WARMSTART_PROJECT/baseline_symphony_21-01-2026+15_00/tmp/mnist-net_256x4/image_4/mnist-net_256x4_4_0_029.mps,/home/annelot/WARMSTART_PROJECT/baseline_symphony_21-01-2026+15_00/tmp/mnist-net_256x4/image_4/mnist-net_256x4_4_0_321.mps,ERR,,UNSAT-TIMEOUT,None
/home/annelot/WARMSTART_PROJECT/baseline_symphony_21-01-2026+15_00/tmp/mnist-net_256x4/image_4/mnist-net_256x4_4_0_029.mps,/home/annelot/WARMSTART_PROJECT/baseline_symphony_21-01-2026+15_00/tmp/mnist-net_256x4/image_4/mnist-net_256x4_4_0_361.mps,ERR,,UNSAT-TIMEOUT,None
/home/annelot/WARMSTART_PROJECT/baseline_symphony_21-01-2026+15_00/tmp/mnist-net_256x4/image_4/mnist-net_256x4_4_0_029.mps,/home/annelot/WARMSTART_PROJECT/baseline_symphony_21-01-2026+15_00/tmp/mnist-net_256x4/image_4/mnist-net_256x4_4_0_381.mps,ERR,,UNSAT-TIMEOUT,None
/home/annelot/WARMSTART_PROJECT/baseline_symphony_21-01-2026+15_00/tmp/mnist-net_256x4/image_0/mnist-net_256x4_0_0_035.mps,/home/annelot/WARMSTART_PROJECT/baseline_symphony_21-01-2026+15_00/tmp/mnist-net_256x4/image_0/mnist-net_256x4_0_0_181.mps,UNSAT,892.074,UNSAT-TIMEOUT,None
/home/annelot/WARMSTART_PROJECT/baseline_symphony_21-01-2026+15_00/tmp/mnist-net_256x4/image_3/mnist-net_256x4_3_0_041.mps,/home/annelot/WARMSTART_PROJECT/baseline_symphony_21-01-2026+15_00/tmp/mnist-net_256x4/image_3/mnist-net_256x4_3_0_081.mps,UNSAT,0.81,UNSAT-TIMEOUT,None
/home/annelot/WARMSTART_PROJECT/baseline_symphony_21-01-2026+15_00/tmp/mnist-net_256x4/image_3/mnist-net_256x4_3_0_041.mps,/home/annelot/WARMSTART_PROJECT/baseline_symphony_21-01-2026+15_00/tmp/mnist-net_256x4/image_3/mnist-net_256x4_3_0_061.mps,UNSAT,0.816,UNSAT-TIMEOUT,None
/home/annelot/WARMSTART_PROJECT/baseline_symphony_21-01-2026+15_00/tmp/mnist-net_256x4/image_3/mnist-net_256x4_3_0_041.mps,/home/annelot/WARMSTART_PROJECT/baseline_symphony_21-01-2026+15_00/tmp/mnist-net_256x4/image_3/mnist-net_256x4_3_0_101.mps,UNSAT,0.771,UNSAT-TIMEOUT,None
/home/annelot/WARMSTART_PROJECT/baseline_symphony_21-01-2026+15_00/tmp/mnist-net_256x4/image_0/mnist-net_256x4_0_0_035.mps,/home/annelot/WARMSTART_PROJECT/baseline_symphony_21-01-2026+15_00/tmp/mnist-net_256x4/image_0/mnist-net_256x4_0_0_241.mps,UNSAT,518.15,UNSAT-TIMEOUT,None
/home/annelot/WARMSTART_PROJECT/baseline_symphony_21-01-2026+15_00/tmp/mnist-net_256x4/image_3/mnist-net_256x4_3_0_041.mps,/home/annelot/WARMSTART_PROJECT/baseline_symphony_21-01-2026+15_00/tmp/mnist-net_256x4/image_3/mnist-net_256x4_3_0_161.mps,UNSAT,0.809,UNSAT-TIMEOUT,None
/home/annelot/WARMSTART_PROJECT/baseline_symphony_21-01-2026+15_00/tmp/mnist-net_256x4/image_3/mnist-net_256x4_3_0_041.mps,/home/annelot/WARMSTART_PROJECT/baseline_symphony_21-01-2026+15_00/tmp/mnist-net_256x4/image_3/mnist-net_256x4_3_0_121.mps,UNSAT,0.813,UNSAT-TIMEOUT,None
/home/annelot/WARMSTART_PROJECT/baseline_symphony_21-01-2026+15_00/tmp/mnist-net_256x4/image_3/mnist-net_256x4_3_0_041.mps,/home/annelot/WARMSTART_PROJECT/baseline_symphony_21-01-2026+15_00/tmp/mnist-net_256x4/image_3/mnist-net_256x4_3_0_141.mps,UNSAT,0.815,UNSAT-TIMEOUT,None
/home/annelot/WARMSTART_PROJECT/baseline_symphony_21-01-2026+15_00/tmp/mnist-net_256x4/image_3/mnist-net_256x4_3_0_041.mps,/home/annelot/WARMSTART_PROJECT/baseline_symphony_21-01-2026+15_00/tmp/mnist-net_256x4/image_3/mnist-net_256x4_3_0_221.mps,UNSAT,0.54,UNSAT-TIMEOUT,None
/home/annelot/WARMSTART_PROJECT/baseline_symphony_21-01-2026+15_00/tmp/mnist-net_256x4/image_3/mnist-net_256x4_3_0_041.mps,/home/annelot/WARMSTART_PROJECT/baseline_symphony_21-01-2026+15_00/tmp/mnist-net_256x4/image_3/mnist-net_256x4_3_0_219.mps,UNSAT,0.815,UNSAT-TIMEOUT,None
/home/annelot/WARMSTART_PROJECT/baseline_symphony_21-01-2026+15_00/tmp/mnist-net_256x4/image_3/mnist-net_256x4_3_0_041.mps,/home/annelot/WARMSTART_PROJECT/baseline_symphony_21-01-2026+15_00/tmp/mnist-net_256x4/image_3/mnist-net_256x4_3_0_201.mps,UNSAT,0.816,UNSAT-TIMEOUT,None
/home/annelot/WARMSTART_PROJECT/baseline_symphony_21-01-2026+15_00/tmp/mnist-net_256x4/image_3/mnist-net_256x4_3_0_041.mps,/home/annelot/WARMSTART_PROJECT/baseline_symphony_21-01-2026+15_00/tmp/mnist-net_256x4/image_3/mnist-net_256x4_3_0_181.mps,UNSAT,0.818,UNSAT-TIMEOUT,None
/home/annelot/WARMSTART_PROJECT/baseline_symphony_21-01-2026+15_00/tmp/mnist-net_256x4/image_3/mnist-net_256x4_3_0_041.mps,/home/annelot/WARMSTART_PROJECT/baseline_symphony_21-01-2026+15_00/tmp/mnist-net_256x4/image_3/mnist-net_256x4_3_0_301.mps,UNSAT,0.54,UNSAT-TIMEOUT,None
/home/annelot/WARMSTART_PROJECT/baseline_symphony_21-01-2026+15_00/tmp/mnist-net_256x4/image_3/mnist-net_256x4_3_0_041.mps,/home/annelot/WARMSTART_PROJECT/baseline_symphony_21-01-2026+15_00/tmp/mnist-net_256x4/image_3/mnist-net_256x4_3_0_281.mps,UNSAT,0.813,UNSAT-TIMEOUT,None
/home/annelot/WARMSTART_PROJECT/baseline_symphony_21-01-2026+15_00/tmp/mnist-net_256x4/image_3/mnist-net_256x4_3_0_041.mps,/home/annelot/WARMSTART_PROJECT/baseline_symphony_21-01-2026+15_00/tmp/mnist-net_256x4/image_3/mnist-net_256x4_3_0_261.mps,UNSAT,0.818,UNSAT-TIMEOUT,None
/home/annelot/WARMSTART_PROJECT/baseline_symphony_21-01-2026+15_00/tmp/mnist-net_256x4/image_3/mnist-net_256x4_3_0_041.mps,/home/annelot/WARMSTART_PROJECT/baseline_symphony_21-01-2026+15_00/tmp/mnist-net_256x4/image_3/mnist-net_256x4_3_0_241.mps,UNSAT,0.81,UNSAT-TIMEOUT,None
/home/annelot/WARMSTART_PROJECT/baseline_symphony_21-01-2026+15_00/tmp/mnist-net_256x4/image_3/mnist-net_256x4_3_0_041.mps,/home/annelot/WARMSTART_PROJECT/baseline_symphony_21-01-2026+15_00/tmp/mnist-net_256x4/image_3/mnist-net_256x4_3_0_381.mps,UNSAT,0.542,UNSAT-TIMEOUT,None
/home/annelot/WARMSTART_PROJECT/baseline_symphony_21-01-2026+15_00/tmp/mnist-net_256x4/image_3/mnist-net_256x4_3_0_041.mps,/home/annelot/WARMSTART_PROJECT/baseline_symphony_21-01-2026+15_00/tmp/mnist-net_256x4/image_3/mnist-net_256x4_3_0_361.mps,UNSAT,0.812,UNSAT-TIMEOUT,None
/home/annelot/WARMSTART_PROJECT/baseline_symphony_21-01-2026+15_00/tmp/mnist-net_256x4/image_3/mnist-net_256x4_3_0_041.mps,/home/annelot/WARMSTART_PROJECT/baseline_symphony_21-01-2026+15_00/tmp/mnist-net_256x4/image_3/mnist-net_256x4_3_0_341.mps,UNSAT,0.813,UNSAT-TIMEOUT,None
/home/annelot/WARMSTART_PROJECT/baseline_symphony_21-01-2026+15_00/tmp/mnist-net_256x4/image_3/mnist-net_256x4_3_0_041.mps,/home/annelot/WARMSTART_PROJECT/baseline_symphony_21-01-2026+15_00/tmp/mnist-net_256x4/image_3/mnist-net_256x4_3_0_321.mps,UNSAT,0.813,UNSAT-TIMEOUT,None
/home/annelot/WARMSTART_PROJECT/baseline_symphony_21-01-2026+15_00/tmp/mnist-net_256x4/image_0/mnist-net_256x4_0_0_035.mps,/home/annelot/WARMSTART_PROJECT/baseline_symphony_21-01-2026+15_00/tmp/mnist-net_256x4/image_0/mnist-net_256x4_0_0_221.mps,UNSAT,748.733,UNSAT-TIMEOUT,None
/home/annelot/WARMSTART_PROJECT/baseline_symphony_21-01-2026+15_00/tmp/mnist-net_256x4/image_0/mnist-net_256x4_0_0_035.mps,/home/annelot/WARMSTART_PROJECT/baseline_symphony_21-01-2026+15_00/tmp/mnist-net_256x4/image_0/mnist-net_256x4_0_0_261.mps,UNSAT,515.654,UNSAT-TIMEOUT,None
/home/annelot/WARMSTART_PROJECT/baseline_symphony_21-01-2026+15_00/tmp/mnist-net_256x4/image_0/mnist-net_256x4_0_0_035.mps,/home/annelot/WARMSTART_PROJECT/baseline_symphony_21-01-2026+15_00/tmp/mnist-net_256x4/image_0/mnist-net_256x4_0_0_281.mps,UNSAT,516.98,UNSAT-TIMEOUT,None
/home/annelot/WARMSTART_PROJECT/baseline_symphony_21-01-2026+15_00/tmp/mnist-net_256x4/image_0/mnist-net_256x4_0_0_035.mps,/home/annelot/WARMSTART_PROJECT/baseline_symphony_21-01-2026+15_00/tmp/mnist-net_256x4/image_0/mnist-net_256x4_0_0_301.mps,UNSAT,516.099,UNSAT-TIMEOUT,None
/home/annelot/WARMSTART_PROJECT/baseline_symphony_21-01-2026+15_00/tmp/mnist-net_256x4/image_0/mnist-net_256x4_0_0_035.mps,/home/annelot/WARMSTART_PROJECT/baseline_symphony_21-01-2026+15_00/tmp/mnist-net_256x4/image_0/mnist-net_256x4_0_0_321.mps,UNSAT,513.217,UNSAT-TIMEOUT,None
/home/annelot/WARMSTART_PROJECT/baseline_symphony_21-01-2026+15_00/tmp/mnist-net_256x4/image_0/mnist-net_256x4_0_0_035.mps,/home/annelot/WARMSTART_PROJECT/baseline_symphony_21-01-2026+15_00/tmp/mnist-net_256x4/image_0/mnist-net_256x4_0_0_341.mps,UNSAT,514.419,UNSAT-TIMEOUT,None
/home/annelot/WARMSTART_PROJECT/baseline_symphony_21-01-2026+15_00/tmp/mnist-net_256x4/image_0/mnist-net_256x4_0_0_035.mps,/home/annelot/WARMSTART_PROJECT/baseline_symphony_21-01-2026+15_00/tmp/mnist-net_256x4/image_0/mnist-net_256x4_0_0_361.mps,UNSAT,513.609,UNSAT-TIMEOUT,None
/home/annelot/WARMSTART_PROJECT/baseline_symphony_21-01-2026+15_00/tmp/mnist-net_256x4/image_0/mnist-net_256x4_0_0_035.mps,/home/annelot/WARMSTART_PROJECT/baseline_symphony_21-01-2026+15_00/tmp/mnist-net_256x4/image_0/mnist-net_256x4_0_0_381.mps,UNSAT,506.921,UNSAT-TIMEOUT,None
/home/annelot/WARMSTART_PROJECT/baseline_symphony_21-01-2026+15_00/tmp/mnist-net_256x2/image_7/mnist-net_256x2_7_0_021.mps,/home/annelot/WARMSTART_PROJECT/baseline_symphony_21-01-2026+15_00/tmp/mnist-net_256x2/image_6/mnist-net_256x2_6_0_021.mps,ERR,,IMAGE,None
/home/annelot/WARMSTART_PROJECT/baseline_symphony_21-01-2026+15_00/tmp/mnist-net_256x2/image_6/mnist-net_256x2_6_0_021.mps,/home/annelot/WARMSTART_PROJECT/baseline_symphony_21-01-2026+15_00/tmp/mnist-net_256x2/image_7/mnist-net_256x2_7_0_021.mps,ERR,,IMAGE,None
/home/annelot/WARMSTART_PROJECT/baseline_symphony_21-01-2026+15_00/tmp/mnist-net_256x2/image_6/mnist-net_256x2_6_0_023.mps,/home/annelot/WARMSTART_PROJECT/baseline_symphony_21-01-2026+15_00/tmp/mnist-net_256x2/image_7/mnist-net_256x2_7_0_023.mps,UNSAT,0.313,IMAGE,None
/home/annelot/WARMSTART_PROJECT/baseline_symphony_21-01-2026+15_00/tmp/mnist-net_256x2/image_7/mnist-net_256x2_7_0_023.mps,/home/annelot/WARMSTART_PROJECT/baseline_symphony_21-01-2026+15_00/tmp/mnist-net_256x2/image_6/mnist-net_256x2_6_0_023.mps,UNSAT,1.396,IMAGE,None
/home/annelot/WARMSTART_PROJECT/baseline_symphony_21-01-2026+15_00/tmp/mnist-net_256x2/image_6/mnist-net_256x2_6_0_025.mps,/home/annelot/WARMSTART_PROJECT/baseline_symphony_21-01-2026+15_00/tmp/mnist-net_256x2/image_7/mnist-net_256x2_7_0_025.mps,UNSAT,2.26,IMAGE,None
/home/annelot/WARMSTART_PROJECT/baseline_symphony_21-01-2026+15_00/tmp/mnist-net_256x2/image_6/mnist-net_256x2_6_0_027.mps,/home/annelot/WARMSTART_PROJECT/baseline_symphony_21-01-2026+15_00/tmp/mnist-net_256x2/image_7/mnist-net_256x2_7_0_027.mps,UNSAT,13.7,IMAGE,None
/home/annelot/WARMSTART_PROJECT/baseline_symphony_21-01-2026+15_00/tmp/mnist-net_256x2/image_7/mnist-net_256x2_7_0_025.mps,/home/annelot/WARMSTART_PROJECT/baseline_symphony_21-01-2026+15_00/tmp/mnist-net_256x2/image_6/mnist-net_256x2_6_0_025.mps,UNSAT,17.501,IMAGE,None
/home/annelot/WARMSTART_PROJECT/baseline_symphony_21-01-2026+15_00/tmp/mnist-net_256x2/image_6/mnist-net_256x2_6_0_029.mps,/home/annelot/WARMSTART_PROJECT/baseline_symphony_21-01-2026+15_00/tmp/mnist-net_256x2/image_7/mnist-net_256x2_7_0_029.mps,UNSAT,42.801,IMAGE,None
/home/annelot/WARMSTART_PROJECT/baseline_symphony_21-01-2026+15_00/tmp/mnist-net_256x2/image_7/mnist-net_256x2_7_0_027.mps,/home/annelot/WARMSTART_PROJECT/baseline_symphony_21-01-2026+15_00/tmp/mnist-net_256x2/image_6/mnist-net_256x2_6_0_027.mps,UNSAT,58.634,IMAGE,None
/home/annelot/WARMSTART_PROJECT/baseline_symphony_21-01-2026+15_00/tmp/mnist-net_256x2/image_6/mnist-net_256x2_6_0_031.mps,/home/annelot/WARMSTART_PROJECT/baseline_symphony_21-01-2026+15_00/tmp/mnist-net_256x2/image_7/mnist-net_256x2_7_0_031.mps,UNSAT,343.111,IMAGE,None
/home/annelot/WARMSTART_PROJECT/baseline_symphony_21-01-2026+15_00/tmp/mnist-net_256x2/image_7/mnist-net_256x2_7_0_029.mps,/home/annelot/WARMSTART_PROJECT/baseline_symphony_21-01-2026+15_00/tmp/mnist-net_256x2/image_6/mnist-net_256x2_6_0_029.mps,UNSAT,414.631,IMAGE,None
/home/annelot/WARMSTART_PROJECT/baseline_symphony_21-01-2026+15_00/tmp/mnist-net_256x2/image_6/mnist-net_256x2_6_0_035.mps,/home/annelot/WARMSTART_PROJECT/baseline_symphony_21-01-2026+15_00/tmp/mnist-net_256x2/image_7/mnist-net_256x2_7_0_035.mps,UNSAT,737.693,IMAGE,None
/home/annelot/WARMSTART_PROJECT/baseline_symphony_21-01-2026+15_00/tmp/mnist-net_256x2/image_8/mnist-net_256x2_8_0_021.mps,/home/annelot/WARMSTART_PROJECT/baseline_symphony_21-01-2026+15_00/tmp/mnist-net_256x2/image_7/mnist-net_256x2_7_0_021.mps,UNSAT,0.139,IMAGE,None
/home/annelot/WARMSTART_PROJECT/baseline_symphony_21-01-2026+15_00/tmp/mnist-net_256x2/image_8/mnist-net_256x2_8_0_023.mps,/home/annelot/WARMSTART_PROJECT/baseline_symphony_21-01-2026+15_00/tmp/mnist-net_256x2/image_7/mnist-net_256x2_7_0_023.mps,UNSAT,0.778,IMAGE,None
/home/annelot/WARMSTART_PROJECT/baseline_symphony_21-01-2026+15_00/tmp/mnist-net_256x2/image_8/mnist-net_256x2_8_0_025.mps,/home/annelot/WARMSTART_PROJECT/baseline_symphony_21-01-2026+15_00/tmp/mnist-net_256x2/image_7/mnist-net_256x2_7_0_025.mps,UNSAT,4.811,IMAGE,None
/home/annelot/WARMSTART_PROJECT/baseline_symphony_21-01-2026+15_00/tmp/mnist-net_256x2/image_8/mnist-net_256x2_8_0_027.mps,/home/annelot/WARMSTART_PROJECT/baseline_symphony_21-01-2026+15_00/tmp/mnist-net_256x2/image_7/mnist-net_256x2_7_0_027.mps,UNSAT,8.12,IMAGE,None
/home/annelot/WARMSTART_PROJECT/baseline_symphony_21-01-2026+15_00/tmp/mnist-net_256x2/image_8/mnist-net_256x2_8_0_029.mps,/home/annelot/WARMSTART_PROJECT/baseline_symphony_21-01-2026+15_00/tmp/mnist-net_256x2/image_7/mnist-net_256x2_7_0_029.mps,UNSAT,13.815,IMAGE,None
/home/annelot/WARMSTART_PROJECT/baseline_symphony_21-01-2026+15_00/tmp/mnist-net_256x2/image_8/mnist-net_256x2_8_0_031.mps,/home/annelot/WARMSTART_PROJECT/baseline_symphony_21-01-2026+15_00/tmp/mnist-net_256x2/image_7/mnist-net_256x2_7_0_031.mps,UNSAT,30.843,IMAGE,None
/home/annelot/WARMSTART_PROJECT/baseline_symphony_21-01-2026+15_00/tmp/mnist-net_256x2/image_8/mnist-net_256x2_8_0_033.mps,/home/annelot/WARMSTART_PROJECT/baseline_symphony_21-01-2026+15_00/tmp/mnist-net_256x2/image_7/mnist-net_256x2_7_0_033.mps,UNSAT,103.779,IMAGE,None
/home/annelot/WARMSTART_PROJECT/baseline_symphony_21-01-2026+15_00/tmp/mnist-net_256x2/image_6/mnist-net_256x2_6_0_061.mps,/home/annelot/WARMSTART_PROJECT/baseline_symphony_21-01-2026+15_00/tmp/mnist-net_256x2/image_7/mnist-net_256x2_7_0_061.mps,SAT,886.019,IMAGE,None
/home/annelot/WARMSTART_PROJECT/baseline_symphony_21-01-2026+15_00/tmp/mnist-net_256x2/image_8/mnist-net_256x2_8_0_035.mps,/home/annelot/WARMSTART_PROJECT/baseline_symphony_21-01-2026+15_00/tmp/mnist-net_256x2/image_7/mnist-net_256x2_7_0_035.mps,UNSAT,584.013,IMAGE,None
/home/annelot/WARMSTART_PROJECT/baseline_symphony_21-01-2026+15_00/tmp/mnist-net_256x2/image_8/mnist-net_256x2_8_0_037.mps,/home/annelot/WARMSTART_PROJECT/baseline_symphony_21-01-2026+15_00/tmp/mnist-net_256x2/image_6/mnist-net_256x2_6_0_037.mps,UNSAT,439.787,IMAGE,None
/home/annelot/WARMSTART_PROJECT/baseline_symphony_21-01-2026+15_00/tmp/mnist-net_256x2/image_8/mnist-net_256x2_8_0_039.mps,/home/annelot/WARMSTART_PROJECT/baseline_symphony_21-01-2026+15_00/tmp/mnist-net_256x2/image_9/mnist-net_256x2_9_0_039.mps,SAT,284.09,IMAGE,None
/home/annelot/WARMSTART_PROJECT/baseline_symphony_21-01-2026+15_00/tmp/mnist-net_256x2/image_6/mnist-net_256x2_6_0_033.mps,/home/annelot/WARMSTART_PROJECT/baseline_symphony_21-01-2026+15_00/tmp/mnist-net_256x2/image_7/mnist-net_256x2_7_0_033.mps,UNSAT,1618.461,IMAGE,None
/home/annelot/WARMSTART_PROJECT/baseline_symphony_21-01-2026+15_00/tmp/mnist-net_256x2/image_8/mnist-net_256x2_8_0_041.mps,/home/annelot/WARMSTART_PROJECT/baseline_symphony_21-01-2026+15_00/tmp/mnist-net_256x2/image_7/mnist-net_256x2_7_0_041.mps,SAT,267.024,IMAGE,None
/home/annelot/WARMSTART_PROJECT/baseline_symphony_21-01-2026+15_00/tmp/mnist-net_256x2/image_9/mnist-net_256x2_9_0_031.mps,/home/annelot/WARMSTART_PROJECT/baseline_symphony_21-01-2026+15_00/tmp/mnist-net_256x2/image_7/mnist-net_256x2_7_0_031.mps,ERR,,IMAGE,None
/home/annelot/WARMSTART_PROJECT/baseline_symphony_21-01-2026+15_00/tmp/mnist-net_256x2/image_9/mnist-net_256x2_9_0_023.mps,/home/annelot/WARMSTART_PROJECT/baseline_symphony_21-01-2026+15_00/tmp/mnist-net_256x2/image_7/mnist-net_256x2_7_0_023.mps,ERR,,IMAGE,None
/home/annelot/WARMSTART_PROJECT/baseline_symphony_21-01-2026+15_00/tmp/mnist-net_256x2/image_9/mnist-net_256x2_9_0_029.mps,/home/annelot/WARMSTART_PROJECT/baseline_symphony_21-01-2026+15_00/tmp/mnist-net_256x2/image_7/mnist-net_256x2_7_0_029.mps,ERR,,IMAGE,None
/home/annelot/WARMSTART_PROJECT/baseline_symphony_21-01-2026+15_00/tmp/mnist-net_256x2/image_9/mnist-net_256x2_9_0_027.mps,/home/annelot/WARMSTART_PROJECT/baseline_symphony_21-01-2026+15_00/tmp/mnist-net_256x2/image_7/mnist-net_256x2_7_0_027.mps,ERR,,IMAGE,None
/home/annelot/WARMSTART_PROJECT/baseline_symphony_21-01-2026+15_00/tmp/mnist-net_256x2/image_9/mnist-net_256x2_9_0_025.mps,/home/annelot/WARMSTART_PROJECT/baseline_symphony_21-01-2026+15_00/tmp/mnist-net_256x2/image_7/mnist-net_256x2_7_0_025.mps,ERR,,IMAGE,None
/home/annelot/WARMSTART_PROJECT/baseline_symphony_21-01-2026+15_00/tmp/mnist-net_256x2/image_9/mnist-net_256x2_9_0_021.mps,/home/annelot/WARMSTART_PROJECT/baseline_symphony_21-01-2026+15_00/tmp/mnist-net_256x2/image_7/mnist-net_256x2_7_0_021.mps,ERR,,IMAGE,None
/home/annelot/WARMSTART_PROJECT/baseline_symphony_21-01-2026+15_00/tmp/mnist-net_256x2/image_9/mnist-net_256x2_9_0_033.mps,/home/annelot/WARMSTART_PROJECT/baseline_symphony_21-01-2026+15_00/tmp/mnist-net_256x2/image_7/mnist-net_256x2_7_0_033.mps,UNSAT,0.366,IMAGE,None
/home/annelot/WARMSTART_PROJECT/baseline_symphony_21-01-2026+15_00/tmp/mnist-net_256x2/image_9/mnist-net_256x2_9_0_035.mps,/home/annelot/WARMSTART_PROJECT/baseline_symphony_21-01-2026+15_00/tmp/mnist-net_256x2/image_7/mnist-net_256x2_7_0_035.mps,UNSAT,13.909,IMAGE,None
/home/annelot/WARMSTART_PROJECT/baseline_symphony_21-01-2026+15_00/tmp/mnist-net_256x2/image_9/mnist-net_256x2_9_0_037.mps,/home/annelot/WARMSTART_PROJECT/baseline_symphony_21-01-2026+15_00/tmp/mnist-net_256x2/image_6/mnist-net_256x2_6_0_037.mps,UNSAT,17.016,IMAGE,None
/home/annelot/WARMSTART_PROJECT/baseline_symphony_21-01-2026+15_00/tmp/mnist-net_256x2/image_9/mnist-net_256x2_9_0_041.mps,/home/annelot/WARMSTART_PROJECT/baseline_symphony_21-01-2026+15_00/tmp/mnist-net_256x2/image_7/mnist-net_256x2_7_0_041.mps,UNSAT,94.601,IMAGE,None
/home/annelot/WARMSTART_PROJECT/baseline_symphony_21-01-2026+15_00/tmp/mnist-net_256x2/image_8/mnist-net_256x2_8_0_141.mps,/home/annelot/WARMSTART_PROJECT/baseline_symphony_21-01-2026+15_00/tmp/mnist-net_256x2/image_7/mnist-net_256x2_7_0_141.mps,SAT,92.867,IMAGE,None
/home/annelot/WARMSTART_PROJECT/baseline_symphony_21-01-2026+15_00/tmp/mnist-net_256x2/image_9/mnist-net_256x2_9_0_047.mps,/home/annelot/WARMSTART_PROJECT/baseline_symphony_21-01-2026+15_00/tmp/mnist-net_256x2/image_1/mnist-net_256x2_1_0_047.mps,UNSAT,125.802,IMAGE,None
/home/annelot/WARMSTART_PROJECT/baseline_symphony_21-01-2026+15_00/tmp/mnist-net_256x2/image_9/mnist-net_256x2_9_0_039.mps,/home/annelot/WARMSTART_PROJECT/baseline_symphony_21-01-2026+15_00/tmp/mnist-net_256x2/image_8/mnist-net_256x2_8_0_039.mps,UNSAT,168.007,IMAGE,None
/home/annelot/WARMSTART_PROJECT/baseline_symphony_21-01-2026+15_00/tmp/mnist-net_256x2/image_9/mnist-net_256x2_9_0_043.mps,/home/annelot/WARMSTART_PROJECT/baseline_symphony_21-01-2026+15_00/tmp/mnist-net_256x2/image_1/mnist-net_256x2_1_0_043.mps,UNSAT,163.158,IMAGE,None
/home/annelot/WARMSTART_PROJECT/baseline_symphony_21-01-2026+15_00/tmp/mnist-net_256x2/image_9/mnist-net_256x2_9_0_049.mps,/home/annelot/WARMSTART_PROJECT/baseline_symphony_21-01-2026+15_00/tmp/mnist-net_256x2/image_1/mnist-net_256x2_1_0_049.mps,UNSAT,195.827,IMAGE,None
/home/annelot/WARMSTART_PROJECT/baseline_symphony_21-01-2026+15_00/tmp/mnist-net_256x2/image_2/mnist-net_256x2_2_0_021.mps,/home/annelot/WARMSTART_PROJECT/baseline_symphony_21-01-2026+15_00/tmp/mnist-net_256x2/image_7/mnist-net_256x2_7_0_021.mps,UNSAT,0.319,IMAGE,None
/home/annelot/WARMSTART_PROJECT/baseline_symphony_21-01-2026+15_00/tmp/mnist-net_256x2/image_2/mnist-net_256x2_2_0_023.mps,/home/annelot/WARMSTART_PROJECT/baseline_symphony_21-01-2026+15_00/tmp/mnist-net_256x2/image_7/mnist-net_256x2_7_0_023.mps,UNSAT,4.367,IMAGE,None
/home/annelot/WARMSTART_PROJECT/baseline_symphony_21-01-2026+15_00/tmp/mnist-net_256x2/image_2/mnist-net_256x2_2_0_025.mps,/home/annelot/WARMSTART_PROJECT/baseline_symphony_21-01-2026+15_00/tmp/mnist-net_256x2/image_7/mnist-net_256x2_7_0_025.mps,UNSAT,28.917,IMAGE,None
/home/annelot/WARMSTART_PROJECT/baseline_symphony_21-01-2026+15_00/tmp/mnist-net_256x2/image_2/mnist-net_256x2_2_0_027.mps,/home/annelot/WARMSTART_PROJECT/baseline_symphony_21-01-2026+15_00/tmp/mnist-net_256x2/image_7/mnist-net_256x2_7_0_027.mps,UNSAT,21.445,IMAGE,None
/home/annelot/WARMSTART_PROJECT/baseline_symphony_21-01-2026+15_00/tmp/mnist-net_256x2/image_9/mnist-net_256x2_9_0_045.mps,/home/annelot/WARMSTART_PROJECT/baseline_symphony_21-01-2026+15_00/tmp/mnist-net_256x2/image_1/mnist-net_256x2_1_0_045.mps,UNSAT,270.133,IMAGE,None
/home/annelot/WARMSTART_PROJECT/baseline_symphony_21-01-2026+15_00/tmp/mnist-net_256x2/image_2/mnist-net_256x2_2_0_029.mps,/home/annelot/WARMSTART_PROJECT/baseline_symphony_21-01-2026+15_00/tmp/mnist-net_256x2/image_7/mnist-net_256x2_7_0_029.mps,UNSAT,110.705,IMAGE,None
/home/annelot/WARMSTART_PROJECT/baseline_symphony_21-01-2026+15_00/tmp/mnist-net_256x2/image_9/mnist-net_256x2_9_0_051.mps,/home/annelot/WARMSTART_PROJECT/baseline_symphony_21-01-2026+15_00/tmp/mnist-net_256x2/image_1/mnist-net_256x2_1_0_051.mps,UNSAT,420.919,IMAGE,None
/home/annelot/WARMSTART_PROJECT/baseline_symphony_21-01-2026+15_00/tmp/mnist-net_256x2/image_9/mnist-net_256x2_9_0_057.mps,/home/annelot/WARMSTART_PROJECT/baseline_symphony_21-01-2026+15_00/tmp/mnist-net_256x2/image_3/mnist-net_256x2_3_0_057.mps,UNSAT,470.695,IMAGE,None
/home/annelot/WARMSTART_PROJECT/baseline_symphony_21-01-2026+15_00/tmp/mnist-net_256x2/image_2/mnist-net_256x2_2_0_031.mps,/home/annelot/WARMSTART_PROJECT/baseline_symphony_21-01-2026+15_00/tmp/mnist-net_256x2/image_7/mnist-net_256x2_7_0_031.mps,UNSAT,228.674,IMAGE,None
/home/annelot/WARMSTART_PROJECT/baseline_symphony_21-01-2026+15_00/tmp/mnist-net_256x2/image_9/mnist-net_256x2_9_0_053.mps,/home/annelot/WARMSTART_PROJECT/baseline_symphony_21-01-2026+15_00/tmp/mnist-net_256x2/image_1/mnist-net_256x2_1_0_053.mps,UNSAT,729.492,IMAGE,None
/home/annelot/WARMSTART_PROJECT/baseline_symphony_21-01-2026+15_00/tmp/mnist-net_256x2/image_9/mnist-net_256x2_9_0_059.mps,/home/annelot/WARMSTART_PROJECT/baseline_symphony_21-01-2026+15_00/tmp/mnist-net_256x2/image_3/mnist-net_256x2_3_0_059.mps,UNSAT,509.573,IMAGE,None
/home/annelot/WARMSTART_PROJECT/baseline_symphony_21-01-2026+15_00/tmp/mnist-net_256x2/image_2/mnist-net_256x2_2_0_033.mps,/home/annelot/WARMSTART_PROJECT/baseline_symphony_21-01-2026+15_00/tmp/mnist-net_256x2/image_7/mnist-net_256x2_7_0_033.mps,UNSAT,443.751,IMAGE,None
/home/annelot/WARMSTART_PROJECT/baseline_symphony_21-01-2026+15_00/tmp/mnist-net_256x2/image_9/mnist-net_256x2_9_0_061.mps,/home/annelot/WARMSTART_PROJECT/baseline_symphony_21-01-2026+15_00/tmp/mnist-net_256x2/image_7/mnist-net_256x2_7_0_061.mps,UNSAT,1743.493,IMAGE,None
/home/annelot/WARMSTART_PROJECT/baseline_symphony_21-01-2026+15_00/tmp/mnist-net_256x2/image_1/mnist-net_256x2_1_0_021.mps,/home/annelot/WARMSTART_PROJECT/baseline_symphony_21-01-2026+15_00/tmp/mnist-net_256x2/image_7/mnist-net_256x2_7_0_021.mps,ERR,,IMAGE,None
/home/annelot/WARMSTART_PROJECT/baseline_symphony_21-01-2026+15_00/tmp/mnist-net_256x2/image_1/mnist-net_256x2_1_0_027.mps,/home/annelot/WARMSTART_PROJECT/baseline_symphony_21-01-2026+15_00/tmp/mnist-net_256x2/image_7/mnist-net_256x2_7_0_027.mps,ERR,,IMAGE,None
/home/annelot/WARMSTART_PROJECT/baseline_symphony_21-01-2026+15_00/tmp/mnist-net_256x2/image_1/mnist-net_256x2_1_0_023.mps,/home/annelot/WARMSTART_PROJECT/baseline_symphony_21-01-2026+15_00/tmp/mnist-net_256x2/image_7/mnist-net_256x2_7_0_023.mps,ERR,,IMAGE,None
/home/annelot/WARMSTART_PROJECT/baseline_symphony_21-01-2026+15_00/tmp/mnist-net_256x2/image_1/mnist-net_256x2_1_0_025.mps,/home/annelot/WARMSTART_PROJECT/baseline_symphony_21-01-2026+15_00/tmp/mnist-net_256x2/image_7/mnist-net_256x2_7_0_025.mps,ERR,,IMAGE,None
/home/annelot/WARMSTART_PROJECT/baseline_symphony_21-01-2026+15_00/tmp/mnist-net_256x2/image_1/mnist-net_256x2_1_0_029.mps,/home/annelot/WARMSTART_PROJECT/baseline_symphony_21-01-2026+15_00/tmp/mnist-net_256x2/image_7/mnist-net_256x2_7_0_029.mps,UNSAT,0.183,IMAGE,None
/home/annelot/WARMSTART_PROJECT/baseline_symphony_21-01-2026+15_00/tmp/mnist-net_256x2/image_1/mnist-net_256x2_1_0_031.mps,/home/annelot/WARMSTART_PROJECT/baseline_symphony_21-01-2026+15_00/tmp/mnist-net_256x2/image_7/mnist-net_256x2_7_0_031.mps,UNSAT,2.693,IMAGE,None
/home/annelot/WARMSTART_PROJECT/baseline_symphony_21-01-2026+15_00/tmp/mnist-net_256x2/image_1/mnist-net_256x2_1_0_033.mps,/home/annelot/WARMSTART_PROJECT/baseline_symphony_21-01-2026+15_00/tmp/mnist-net_256x2/image_7/mnist-net_256x2_7_0_033.mps,UNSAT,10.509,IMAGE,None
/home/annelot/WARMSTART_PROJECT/baseline_symphony_21-01-2026+15_00/tmp/mnist-net_256x2/image_1/mnist-net_256x2_1_0_035.mps,/home/annelot/WARMSTART_PROJECT/baseline_symphony_21-01-2026+15_00/tmp/mnist-net_256x2/image_7/mnist-net_256x2_7_0_035.mps,UNSAT,10.63,IMAGE,None
/home/annelot/WARMSTART_PROJECT/baseline_symphony_21-01-2026+15_00/tmp/mnist-net_256x2/image_1/mnist-net_256x2_1_0_037.mps,/home/annelot/WARMSTART_PROJECT/baseline_symphony_21-01-2026+15_00/tmp/mnist-net_256x2/image_6/mnist-net_256x2_6_0_037.mps,UNSAT,27.704,IMAGE,None
/home/annelot/WARMSTART_PROJECT/baseline_symphony_21-01-2026+15_00/tmp/mnist-net_256x2/image_1/mnist-net_256x2_1_0_039.mps,/home/annelot/WARMSTART_PROJECT/baseline_symphony_21-01-2026+15_00/tmp/mnist-net_256x2/image_8/mnist-net_256x2_8_0_039.mps,UNSAT,28.676,IMAGE,None
/home/annelot/WARMSTART_PROJECT/baseline_symphony_21-01-2026+15_00/tmp/mnist-net_256x2/image_1/mnist-net_256x2_1_0_041.mps,/home/annelot/WARMSTART_PROJECT/baseline_symphony_21-01-2026+15_00/tmp/mnist-net_256x2/image_7/mnist-net_256x2_7_0_041.mps,UNSAT,53.052,IMAGE,None
/home/annelot/WARMSTART_PROJECT/baseline_symphony_21-01-2026+15_00/tmp/mnist-net_256x2/image_1/mnist-net_256x2_1_0_043.mps,/home/annelot/WARMSTART_PROJECT/baseline_symphony_21-01-2026+15_00/tmp/mnist-net_256x2/image_9/mnist-net_256x2_9_0_043.mps,UNSAT,176.637,IMAGE,None
/home/annelot/WARMSTART_PROJECT/baseline_symphony_21-01-2026+15_00/tmp/mnist-net_256x2/image_1/mnist-net_256x2_1_0_045.mps,/home/annelot/WARMSTART_PROJECT/baseline_symphony_21-01-2026+15_00/tmp/mnist-net_256x2/image_9/mnist-net_256x2_9_0_045.mps,UNSAT,607.293,IMAGE,None
/home/annelot/WARMSTART_PROJECT/baseline_symphony_21-01-2026+15_00/tmp/mnist-net_256x2/image_1/mnist-net_256x2_1_0_047.mps,/home/annelot/WARMSTART_PROJECT/baseline_symphony_21-01-2026+15_00/tmp/mnist-net_256x2/image_9/mnist-net_256x2_9_0_047.mps,UNSAT,786.281,IMAGE,None
/home/annelot/WARMSTART_PROJECT/baseline_symphony_21-01-2026+15_00/tmp/mnist-net_256x2/image_1/mnist-net_256x2_1_0_049.mps,/home/annelot/WARMSTART_PROJECT/baseline_symphony_21-01-2026+15_00/tmp/mnist-net_256x2/image_9/mnist-net_256x2_9_0_049.mps,UNSAT,852.755,IMAGE,None
/home/annelot/WARMSTART_PROJECT/baseline_symphony_21-01-2026+15_00/tmp/mnist-net_256x2/image_5/mnist-net_256x2_5_0_021.mps,/home/annelot/WARMSTART_PROJECT/baseline_symphony_21-01-2026+15_00/tmp/mnist-net_256x2/image_7/mnist-net_256x2_7_0_021.mps,ERR,,IMAGE,None
/home/annelot/WARMSTART_PROJECT/baseline_symphony_21-01-2026+15_00/tmp/mnist-net_256x2/image_5/mnist-net_256x2_5_0_023.mps,/home/annelot/WARMSTART_PROJECT/baseline_symphony_21-01-2026+15_00/tmp/mnist-net_256x2/image_7/mnist-net_256x2_7_0_023.mps,ERR,,IMAGE,None
/home/annelot/WARMSTART_PROJECT/baseline_symphony_21-01-2026+15_00/tmp/mnist-net_256x2/image_5/mnist-net_256x2_5_0_025.mps,/home/annelot/WARMSTART_PROJECT/baseline_symphony_21-01-2026+15_00/tmp/mnist-net_256x2/image_7/mnist-net_256x2_7_0_025.mps,UNSAT,0.288,IMAGE,None
/home/annelot/WARMSTART_PROJECT/baseline_symphony_21-01-2026+15_00/tmp/mnist-net_256x2/image_5/mnist-net_256x2_5_0_027.mps,/home/annelot/WARMSTART_PROJECT/baseline_symphony_21-01-2026+15_00/tmp/mnist-net_256x2/image_7/mnist-net_256x2_7_0_027.mps,UNSAT,5.132,IMAGE,None
/home/annelot/WARMSTART_PROJECT/baseline_symphony_21-01-2026+15_00/tmp/mnist-net_256x2/image_5/mnist-net_256x2_5_0_029.mps,/home/annelot/WARMSTART_PROJECT/baseline_symphony_21-01-2026+15_00/tmp/mnist-net_256x2/image_7/mnist-net_256x2_7_0_029.mps,UNSAT,28.78,IMAGE,None
/home/annelot/WARMSTART_PROJECT/baseline_symphony_21-01-2026+15_00/tmp/mnist-net_256x2/image_5/mnist-net_256x2_5_0_031.mps,/home/annelot/WARMSTART_PROJECT/baseline_symphony_21-01-2026+15_00/tmp/mnist-net_256x2/image_7/mnist-net_256x2_7_0_031.mps,UNSAT,20.313,IMAGE,None
/home/annelot/WARMSTART_PROJECT/baseline_symphony_21-01-2026+15_00/tmp/mnist-net_256x2/image_5/mnist-net_256x2_5_0_033.mps,/home/annelot/WARMSTART_PROJECT/baseline_symphony_21-01-2026+15_00/tmp/mnist-net_256x2/image_7/mnist-net_256x2_7_0_033.mps,UNSAT,102.54,IMAGE,None
/home/annelot/WARMSTART_PROJECT/baseline_symphony_21-01-2026+15_00/tmp/mnist-net_256x2/image_5/mnist-net_256x2_5_0_035.mps,/home/annelot/WARMSTART_PROJECT/baseline_symphony_21-01-2026+15_00/tmp/mnist-net_256x2/image_7/mnist-net_256x2_7_0_035.mps,UNSAT,220.146,IMAGE,None
/home/annelot/WARMSTART_PROJECT/baseline_symphony_21-01-2026+15_00/tmp/mnist-net_256x2/image_5/mnist-net_256x2_5_0_037.mps,/home/annelot/WARMSTART_PROJECT/baseline_symphony_21-01-2026+15_00/tmp/mnist-net_256x2/image_6/mnist-net_256x2_6_0_037.mps,UNSAT,349.277,IMAGE,None
/home/annelot/WARMSTART_PROJECT/baseline_symphony_21-01-2026+15_00/tmp/mnist-net_256x2/image_0/mnist-net_256x2_0_0_021.mps,/home/annelot/WARMSTART_PROJECT/baseline_symphony_21-01-2026+15_00/tmp/mnist-net_256x2/image_7/mnist-net_256x2_7_0_021.mps,UNSAT,101.523,IMAGE,None
/home/annelot/WARMSTART_PROJECT/baseline_symphony_21-01-2026+15_00/tmp/mnist-net_256x2/image_0/mnist-net_256x2_0_0_023.mps,/home/annelot/WARMSTART_PROJECT/baseline_symphony_21-01-2026+15_00/tmp/mnist-net_256x2/image_7/mnist-net_256x2_7_0_023.mps,UNSAT,310.096,IMAGE,None
/home/annelot/WARMSTART_PROJECT/baseline_symphony_21-01-2026+15_00/tmp/mnist-net_256x2/image_5/mnist-net_256x2_5_0_039.mps,/home/annelot/WARMSTART_PROJECT/baseline_symphony_21-01-2026+15_00/tmp/mnist-net_256x2/image_8/mnist-net_256x2_8_0_039.mps,UNSAT,1100.38,IMAGE,None
/home/annelot/WARMSTART_PROJECT/baseline_symphony_21-01-2026+15_00/tmp/mnist-net_256x2/image_0/mnist-net_256x2_0_0_025.mps,/home/annelot/WARMSTART_PROJECT/baseline_symphony_21-01-2026+15_00/tmp/mnist-net_256x2/image_7/mnist-net_256x2_7_0_025.mps,UNSAT,1436.266,IMAGE,None
/home/annelot/WARMSTART_PROJECT/baseline_symphony_21-01-2026+15_00/tmp/mnist-net_256x2/image_4/mnist-net_256x2_4_0_023.mps,/home/annelot/WARMSTART_PROJECT/baseline_symphony_21-01-2026+15_00/tmp/mnist-net_256x2/image_7/mnist-net_256x2_7_0_023.mps,UNSAT,5.167,IMAGE,None
/home/annelot/WARMSTART_PROJECT/baseline_symphony_21-01-2026+15_00/tmp/mnist-net_256x2/image_4/mnist-net_256x2_4_0_021.mps,/home/annelot/WARMSTART_PROJECT/baseline_symphony_21-01-2026+15_00/tmp/mnist-net_256x2/image_7/mnist-net_256x2_7_0_021.mps,UNSAT,6.502,IMAGE,None
/home/annelot/WARMSTART_PROJECT/baseline_symphony_21-01-2026+15_00/tmp/mnist-net_256x2/image_4/mnist-net_256x2_4_0_025.mps,/home/annelot/WARMSTART_PROJECT/baseline_symphony_21-01-2026+15_00/tmp/mnist-net_256x2/image_7/mnist-net_256x2_7_0_025.mps,UNSAT,13.268,IMAGE,None
/home/annelot/WARMSTART_PROJECT/baseline_symphony_21-01-2026+15_00/tmp/mnist-net_256x2/image_4/mnist-net_256x2_4_0_027.mps,/home/annelot/WARMSTART_PROJECT/baseline_symphony_21-01-2026+15_00/tmp/mnist-net_256x2/image_7/mnist-net_256x2_7_0_027.mps,SAT,61.399,IMAGE,None
/home/annelot/WARMSTART_PROJECT/baseline_symphony_21-01-2026+15_00/tmp/mnist-net_256x2/image_4/mnist-net_256x2_4_0_029.mps,/home/annelot/WARMSTART_PROJECT/baseline_symphony_21-01-2026+15_00/tmp/mnist-net_256x2/image_7/mnist-net_256x2_7_0_029.mps,SAT,101.076,IMAGE,None
/home/annelot/WARMSTART_PROJECT/baseline_symphony_21-01-2026+15_00/tmp/mnist-net_256x2/image_4/mnist-net_256x2_4_0_031.mps,/home/annelot/WARMSTART_PROJECT/baseline_symphony_21-01-2026+15_00/tmp/mnist-net_256x2/image_7/mnist-net_256x2_7_0_031.mps,SAT,220.749,IMAGE,None
/home/annelot/WARMSTART_PROJECT/baseline_symphony_21-01-2026+15_00/tmp/mnist-net_256x2/image_4/mnist-net_256x2_4_0_033.mps,/home/annelot/WARMSTART_PROJECT/baseline_symphony_21-01-2026+15_00/tmp/mnist-net_256x2/image_7/mnist-net_256x2_7_0_033.mps,SAT,427.727,IMAGE,None
/home/annelot/WARMSTART_PROJECT/baseline_symphony_21-01-2026+15_00/tmp/mnist-net_256x2/image_3/mnist-net_256x2_3_0_041.mps,/home/annelot/WARMSTART_PROJECT/baseline_symphony_21-01-2026+15_00/tmp/mnist-net_256x2/image_7/mnist-net_256x2_7_0_041.mps,UNSAT,6.974,IMAGE,None
/home/annelot/WARMSTART_PROJECT/baseline_symphony_21-01-2026+15_00/tmp/mnist-net_256x2/image_3/mnist-net_256x2_3_0_045.mps,/home/annelot/WARMSTART_PROJECT/baseline_symphony_21-01-2026+15_00/tmp/mnist-net_256x2/image_9/mnist-net_256x2_9_0_045.mps,UNSAT,24.876,IMAGE,None
/home/annelot/WARMSTART_PROJECT/baseline_symphony_21-01-2026+15_00/tmp/mnist-net_256x2/image_3/mnist-net_256x2_3_0_043.mps,/home/annelot/WARMSTART_PROJECT/baseline_symphony_21-01-2026+15_00/tmp/mnist-net_256x2/image_9/mnist-net_256x2_9_0_043.mps,UNSAT,44.486,IMAGE,None
/home/annelot/WARMSTART_PROJECT/baseline_symphony_21-01-2026+15_00/tmp/mnist-net_256x2/image_3/mnist-net_256x2_3_0_047.mps,/home/annelot/WARMSTART_PROJECT/baseline_symphony_21-01-2026+15_00/tmp/mnist-net_256x2/image_9/mnist-net_256x2_9_0_047.mps,UNSAT,51.428,IMAGE,None
/home/annelot/WARMSTART_PROJECT/baseline_symphony_21-01-2026+15_00/tmp/mnist-net_256x2/image_4/mnist-net_256x2_4_0_037.mps,/home/annelot/WARMSTART_PROJECT/baseline_symphony_21-01-2026+15_00/tmp/mnist-net_256x2/image_6/mnist-net_256x2_6_0_037.mps,SAT,482.632,IMAGE,None
/home/annelot/WARMSTART_PROJECT/baseline_symphony_21-01-2026+15_00/tmp/mnist-net_256x2/image_3/mnist-net_256x2_3_0_049.mps,/home/annelot/WARMSTART_PROJECT/baseline_symphony_21-01-2026+15_00/tmp/mnist-net_256x2/image_9/mnist-net_256x2_9_0_049.mps,UNSAT,60.426,IMAGE,None
/home/annelot/WARMSTART_PROJECT/baseline_symphony_21-01-2026+15_00/tmp/mnist-net_256x2/image_3/mnist-net_256x2_3_0_053.mps,/home/annelot/WARMSTART_PROJECT/baseline_symphony_21-01-2026+15_00/tmp/mnist-net_256x2/image_9/mnist-net_256x2_9_0_053.mps,UNSAT,177.723,IMAGE,None
/home/annelot/WARMSTART_PROJECT/baseline_symphony_21-01-2026+15_00/tmp/mnist-net_256x2/image_3/mnist-net_256x2_3_0_051.mps,/home/annelot/WARMSTART_PROJECT/baseline_symphony_21-01-2026+15_00/tmp/mnist-net_256x2/image_9/mnist-net_256x2_9_0_051.mps,UNSAT,212.785,IMAGE,None
/home/annelot/WARMSTART_PROJECT/baseline_symphony_21-01-2026+15_00/tmp/mnist-net_256x2/image_3/mnist-net_256x2_3_0_055.mps,/home/annelot/WARMSTART_PROJECT/baseline_symphony_21-01-2026+15_00/tmp/mnist-net_256x2/image_9/mnist-net_256x2_9_0_055.mps,UNSAT,240.259,IMAGE,None
/home/annelot/WARMSTART_PROJECT/baseline_symphony_21-01-2026+15_00/tmp/mnist-net_256x2/image_4/mnist-net_256x2_4_0_035.mps,/home/annelot/WARMSTART_PROJECT/baseline_symphony_21-01-2026+15_00/tmp/mnist-net_256x2/image_7/mnist-net_256x2_7_0_035.mps,SAT,642.954,IMAGE,None
/home/annelot/WARMSTART_PROJECT/baseline_symphony_21-01-2026+15_00/tmp/mnist-net_256x2/image_4/mnist-net_256x2_4_0_039.mps,/home/annelot/WARMSTART_PROJECT/baseline_symphony_21-01-2026+15_00/tmp/mnist-net_256x2/image_8/mnist-net_256x2_8_0_039.mps,SAT,1093.985,IMAGE,None
/home/annelot/WARMSTART_PROJECT/baseline_symphony_21-01-2026+15_00/tmp/mnist-net_256x2/image_4/mnist-net_256x2_4_0_041.mps,/home/annelot/WARMSTART_PROJECT/baseline_symphony_21-01-2026+15_00/tmp/mnist-net_256x2/image_7/mnist-net_256x2_7_0_041.mps,SAT,1073.203,IMAGE,None
/home/annelot/WARMSTART_PROJECT/baseline_symphony_21-01-2026+15_00/tmp/mnist-net_256x2/image_3/mnist-net_256x2_3_0_141.mps,/home/annelot/WARMSTART_PROJECT/baseline_symphony_21-01-2026+15_00/tmp/mnist-net_256x2/image_7/mnist-net_256x2_7_0_141.mps,SAT,1176.695,IMAGE,None
/home/annelot/WARMSTART_PROJECT/baseline_symphony_21-01-2026+15_00/tmp/mnist-net_256x2/image_7/mnist-net_256x2_7_0_021.mps,/home/annelot/WARMSTART_PROJECT/baseline_symphony_21-01-2026+15_00/tmp/mnist-net/image_7/mnist-net_7_0_021.mps,ERR,,NETWORK,None
/home/annelot/WARMSTART_PROJECT/baseline_symphony_21-01-2026+15_00/tmp/mnist-net_256x2/image_7/mnist-net_256x2_7_0_023.mps,/home/annelot/WARMSTART_PROJECT/baseline_symphony_21-01-2026+15_00/tmp/mnist-net/image_7/mnist-net_7_0_023.mps,UNSAT,1.432,NETWORK,None
/home/annelot/WARMSTART_PROJECT/baseline_symphony_21-01-2026+15_00/tmp/mnist-net_256x2/image_7/mnist-net_256x2_7_0_025.mps,/home/annelot/WARMSTART_PROJECT/baseline_symphony_21-01-2026+15_00/tmp/mnist-net/image_7/mnist-net_7_0_025.mps,UNSAT,17.31,NETWORK,None
/home/annelot/WARMSTART_PROJECT/baseline_symphony_21-01-2026+15_00/tmp/mnist-net_256x2/image_3/mnist-net_256x2_3_0_057.mps,/home/annelot/WARMSTART_PROJECT/baseline_symphony_21-01-2026+15_00/tmp/mnist-net_256x2/image_9/mnist-net_256x2_9_0_057.mps,UNSAT,1215.747,IMAGE,None
/home/annelot/WARMSTART_PROJECT/baseline_symphony_21-01-2026+15_00/tmp/mnist-net_256x2/image_7/mnist-net_256x2_7_0_027.mps,/home/annelot/WARMSTART_PROJECT/baseline_symphony_21-01-2026+15_00/tmp/mnist-net/image_7/mnist-net_7_0_027.mps,UNSAT,58.457,NETWORK,None
/home/annelot/WARMSTART_PROJECT/baseline_symphony_21-01-2026+15_00/tmp/mnist-net_256x2/image_7/mnist-net_256x2_7_0_029.mps,/home/annelot/WARMSTART_PROJECT/baseline_symphony_21-01-2026+15_00/tmp/mnist-net/image_7/mnist-net_7_0_029.mps,UNSAT,412.774,NETWORK,None
/home/annelot/WARMSTART_PROJECT/baseline_symphony_21-01-2026+15_00/tmp/mnist-net_256x2/image_6/mnist-net_256x2_6_0_021.mps,/home/annelot/WARMSTART_PROJECT/baseline_symphony_21-01-2026+15_00/tmp/mnist-net/image_6/mnist-net_6_0_021.mps,ERR,,NETWORK,None
/home/annelot/WARMSTART_PROJECT/baseline_symphony_21-01-2026+15_00/tmp/mnist-net_256x2/image_6/mnist-net_256x2_6_0_023.mps,/home/annelot/WARMSTART_PROJECT/baseline_symphony_21-01-2026+15_00/tmp/mnist-net/image_6/mnist-net_6_0_023.mps,UNSAT,0.332,NETWORK,None
/home/annelot/WARMSTART_PROJECT/baseline_symphony_21-01-2026+15_00/tmp/mnist-net_256x2/image_6/mnist-net_256x2_6_0_025.mps,/home/annelot/WARMSTART_PROJECT/baseline_symphony_21-01-2026+15_00/tmp/mnist-net/image_6/mnist-net_6_0_025.mps,UNSAT,3.203,NETWORK,None
/home/annelot/WARMSTART_PROJECT/baseline_symphony_21-01-2026+15_00/tmp/mnist-net_256x2/image_3/mnist-net_256x2_3_0_121.mps,/home/annelot/WARMSTART_PROJECT/baseline_symphony_21-01-2026+15_00/tmp/mnist-net_256x2/image_7/mnist-net_256x2_7_0_121.mps,SAT,1907.1,IMAGE,None
/home/annelot/WARMSTART_PROJECT/baseline_symphony_21-01-2026+15_00/tmp/mnist-net_256x2/image_6/mnist-net_256x2_6_0_027.mps,/home/annelot/WARMSTART_PROJECT/baseline_symphony_21-01-2026+15_00/tmp/mnist-net/image_6/mnist-net_6_0_027.mps,UNSAT,22.515,NETWORK,None
/home/annelot/WARMSTART_PROJECT/baseline_symphony_21-01-2026+15_00/tmp/mnist-net_256x2/image_6/mnist-net_256x2_6_0_029.mps,/home/annelot/WARMSTART_PROJECT/baseline_symphony_21-01-2026+15_00/tmp/mnist-net/image_6/mnist-net_6_0_029.mps,UNSAT,43.045,NETWORK,None
/home/annelot/WARMSTART_PROJECT/baseline_symphony_21-01-2026+15_00/tmp/mnist-net_256x2/image_6/mnist-net_256x2_6_0_031.mps,/home/annelot/WARMSTART_PROJECT/baseline_symphony_21-01-2026+15_00/tmp/mnist-net/image_6/mnist-net_6_0_031.mps,UNSAT,570.654,NETWORK,None
/home/annelot/WARMSTART_PROJECT/baseline_symphony_21-01-2026+15_00/tmp/mnist-net_256x2/image_6/mnist-net_256x2_6_0_035.mps,/home/annelot/WARMSTART_PROJECT/baseline_symphony_21-01-2026+15_00/tmp/mnist-net/image_6/mnist-net_6_0_035.mps,UNSAT,742.048,NETWORK,None
/home/annelot/WARMSTART_PROJECT/baseline_symphony_21-01-2026+15_00/tmp/mnist-net_256x2/image_8/mnist-net_256x2_8_0_141.mps,/home/annelot/WARMSTART_PROJECT/baseline_symphony_21-01-2026+15_00/tmp/mnist-net_256x4/image_8/mnist-net_256x4_8_0_141.mps,SAT,56.046,NETWORK,None
/home/annelot/WARMSTART_PROJECT/baseline_symphony_21-01-2026+15_00/tmp/mnist-net_256x2/image_6/mnist-net_256x2_6_0_061.mps,/home/annelot/WARMSTART_PROJECT/baseline_symphony_21-01-2026+15_00/tmp/mnist-net/image_6/mnist-net_6_0_061.mps,SAT,1458.136,NETWORK,None
/home/annelot/WARMSTART_PROJECT/baseline_symphony_21-01-2026+15_00/tmp/mnist-net_256x2/image_8/mnist-net_256x2_8_0_021.mps,/home/annelot/WARMSTART_PROJECT/baseline_symphony_21-01-2026+15_00/tmp/mnist-net_256x4/image_8/mnist-net_256x4_8_0_021.mps,UNSAT,0.217,NETWORK,None
/home/annelot/WARMSTART_PROJECT/baseline_symphony_21-01-2026+15_00/tmp/mnist-net_256x2/image_8/mnist-net_256x2_8_0_023.mps,/home/annelot/WARMSTART_PROJECT/baseline_symphony_21-01-2026+15_00/tmp/mnist-net_256x4/image_8/mnist-net_256x4_8_0_023.mps,UNSAT,1.232,NETWORK,None
/home/annelot/WARMSTART_PROJECT/baseline_symphony_21-01-2026+15_00/tmp/mnist-net_256x2/image_8/mnist-net_256x2_8_0_025.mps,/home/annelot/WARMSTART_PROJECT/baseline_symphony_21-01-2026+15_00/tmp/mnist-net_256x4/image_8/mnist-net_256x4_8_0_025.mps,UNSAT,7.832,NETWORK,None
/home/annelot/WARMSTART_PROJECT/baseline_symphony_21-01-2026+15_00/tmp/mnist-net_256x2/image_8/mnist-net_256x2_8_0_027.mps,/home/annelot/WARMSTART_PROJECT/baseline_symphony_21-01-2026+15_00/tmp/mnist-net_256x4/image_8/mnist-net_256x4_8_0_027.mps,UNSAT,13.297,NETWORK,None
/home/annelot/WARMSTART_PROJECT/baseline_symphony_21-01-2026+15_00/tmp/mnist-net_256x2/image_8/mnist-net_256x2_8_0_029.mps,/home/annelot/WARMSTART_PROJECT/baseline_symphony_21-01-2026+15_00/tmp/mnist-net_256x4/image_8/mnist-net_256x4_8_0_029.mps,UNSAT,22.672,NETWORK,None
/home/annelot/WARMSTART_PROJECT/baseline_symphony_21-01-2026+15_00/tmp/mnist-net_256x2/image_8/mnist-net_256x2_8_0_031.mps,/home/annelot/WARMSTART_PROJECT/baseline_symphony_21-01-2026+15_00/tmp/mnist-net_256x4/image_8/mnist-net_256x4_8_0_031.mps,UNSAT,30.922,NETWORK,None
/home/annelot/WARMSTART_PROJECT/baseline_symphony_21-01-2026+15_00/tmp/mnist-net_256x2/image_6/mnist-net_256x2_6_0_033.mps,/home/annelot/WARMSTART_PROJECT/baseline_symphony_21-01-2026+15_00/tmp/mnist-net/image_6/mnist-net_6_0_033.mps,UNSAT,1598.167,NETWORK,None
/home/annelot/WARMSTART_PROJECT/baseline_symphony_21-01-2026+15_00/tmp/mnist-net_256x2/image_8/mnist-net_256x2_8_0_033.mps,/home/annelot/WARMSTART_PROJECT/baseline_symphony_21-01-2026+15_00/tmp/mnist-net_256x4/image_8/mnist-net_256x4_8_0_033.mps,UNSAT,169.756,NETWORK,None
/home/annelot/WARMSTART_PROJECT/baseline_symphony_21-01-2026+15_00/tmp/mnist-net_256x2/image_8/mnist-net_256x2_8_0_041.mps,/home/annelot/WARMSTART_PROJECT/baseline_symphony_21-01-2026+15_00/tmp/mnist-net_256x4/image_8/mnist-net_256x4_8_0_041.mps,SAT,438.83,NETWORK,None
/home/annelot/WARMSTART_PROJECT/baseline_symphony_21-01-2026+15_00/tmp/mnist-net_256x2/image_9/mnist-net_256x2_9_0_021.mps,/home/annelot/WARMSTART_PROJECT/baseline_symphony_21-01-2026+15_00/tmp/mnist-net/image_9/mnist-net_9_0_021.mps,ERR,,NETWORK,None
/home/annelot/WARMSTART_PROJECT/baseline_symphony_21-01-2026+15_00/tmp/mnist-net_256x2/image_9/mnist-net_256x2_9_0_023.mps,/home/annelot/WARMSTART_PROJECT/baseline_symphony_21-01-2026+15_00/tmp/mnist-net/image_9/mnist-net_9_0_023.mps,ERR,,NETWORK,None
/home/annelot/WARMSTART_PROJECT/baseline_symphony_21-01-2026+15_00/tmp/mnist-net_256x2/image_9/mnist-net_256x2_9_0_025.mps,/home/annelot/WARMSTART_PROJECT/baseline_symphony_21-01-2026+15_00/tmp/mnist-net/image_9/mnist-net_9_0_025.mps,ERR,,NETWORK,None
/home/annelot/WARMSTART_PROJECT/baseline_symphony_21-01-2026+15_00/tmp/mnist-net_256x2/image_9/mnist-net_256x2_9_0_029.mps,/home/annelot/WARMSTART_PROJECT/baseline_symphony_21-01-2026+15_00/tmp/mnist-net/image_9/mnist-net_9_0_029.mps,ERR,,NETWORK,None
/home/annelot/WARMSTART_PROJECT/baseline_symphony_21-01-2026+15_00/tmp/mnist-net_256x2/image_9/mnist-net_256x2_9_0_027.mps,/home/annelot/WARMSTART_PROJECT/baseline_symphony_21-01-2026+15_00/tmp/mnist-net/image_9/mnist-net_9_0_027.mps,ERR,,NETWORK,None
/home/annelot/WARMSTART_PROJECT/baseline_symphony_21-01-2026+15_00/tmp/mnist-net_256x2/image_9/mnist-net_256x2_9_0_031.mps,/home/annelot/WARMSTART_PROJECT/baseline_symphony_21-01-2026+15_00/tmp/mnist-net/image_9/mnist-net_9_0_031.mps,ERR,,NETWORK,None
/home/annelot/WARMSTART_PROJECT/baseline_symphony_21-01-2026+15_00/tmp/mnist-net_256x2/image_9/mnist-net_256x2_9_0_033.mps,/home/annelot/WARMSTART_PROJECT/baseline_symphony_21-01-2026+15_00/tmp/mnist-net/image_9/mnist-net_9_0_033.mps,UNSAT,0.37,NETWORK,None
/home/annelot/WARMSTART_PROJECT/baseline_symphony_21-01-2026+15_00/tmp/mnist-net_256x2/image_9/mnist-net_256x2_9_0_035.mps,/home/annelot/WARMSTART_PROJECT/baseline_symphony_21-01-2026+15_00/tmp/mnist-net/image_9/mnist-net_9_0_035.mps,UNSAT,8.803,NETWORK,None
/home/annelot/WARMSTART_PROJECT/baseline_symphony_21-01-2026+15_00/tmp/mnist-net_256x2/image_9/mnist-net_256x2_9_0_037.mps,/home/annelot/WARMSTART_PROJECT/baseline_symphony_21-01-2026+15_00/tmp/mnist-net/image_9/mnist-net_9_0_037.mps,UNSAT,10.505,NETWORK,None
/home/annelot/WARMSTART_PROJECT/baseline_symphony_21-01-2026+15_00/tmp/mnist-net_256x2/image_9/mnist-net_256x2_9_0_041.mps,/home/annelot/WARMSTART_PROJECT/baseline_symphony_21-01-2026+15_00/tmp/mnist-net/image_9/mnist-net_9_0_041.mps,UNSAT,58.159,NETWORK,None
/home/annelot/WARMSTART_PROJECT/baseline_symphony_21-01-2026+15_00/tmp/mnist-net_256x2/image_9/mnist-net_256x2_9_0_039.mps,/home/annelot/WARMSTART_PROJECT/baseline_symphony_21-01-2026+15_00/tmp/mnist-net/image_9/mnist-net_9_0_039.mps,UNSAT,103.568,NETWORK,None
/home/annelot/WARMSTART_PROJECT/baseline_symphony_21-01-2026+15_00/tmp/mnist-net_256x2/image_9/mnist-net_256x2_9_0_043.mps,/home/annelot/WARMSTART_PROJECT/baseline_symphony_21-01-2026+15_00/tmp/mnist-net/image_9/mnist-net_9_0_043.mps,UNSAT,99.849,NETWORK,None
/home/annelot/WARMSTART_PROJECT/baseline_symphony_21-01-2026+15_00/tmp/mnist-net_256x2/image_9/mnist-net_256x2_9_0_049.mps,/home/annelot/WARMSTART_PROJECT/baseline_symphony_21-01-2026+15_00/tmp/mnist-net/image_9/mnist-net_9_0_049.mps,UNSAT,120.065,NETWORK,None
/home/annelot/WARMSTART_PROJECT/baseline_symphony_21-01-2026+15_00/tmp/mnist-net_256x2/image_9/mnist-net_256x2_9_0_047.mps,/home/annelot/WARMSTART_PROJECT/baseline_symphony_21-01-2026+15_00/tmp/mnist-net/image_9/mnist-net_9_0_047.mps,UNSAT,206.05,NETWORK,None
/home/annelot/WARMSTART_PROJECT/baseline_symphony_21-01-2026+15_00/tmp/mnist-net_256x2/image_9/mnist-net_256x2_9_0_045.mps,/home/annelot/WARMSTART_PROJECT/baseline_symphony_21-01-2026+15_00/tmp/mnist-net/image_9/mnist-net_9_0_045.mps,UNSAT,441.719,NETWORK,None
/home/annelot/WARMSTART_PROJECT/baseline_symphony_21-01-2026+15_00/tmp/mnist-net_256x2/image_9/mnist-net_256x2_9_0_051.mps,/home/annelot/WARMSTART_PROJECT/baseline_symphony_21-01-2026+15_00/tmp/mnist-net/image_9/mnist-net_9_0_051.mps,UNSAT,424.576,NETWORK,None
/home/annelot/WARMSTART_PROJECT/baseline_symphony_21-01-2026+15_00/tmp/mnist-net_256x2/image_9/mnist-net_256x2_9_0_053.mps,/home/annelot/WARMSTART_PROJECT/baseline_symphony_21-01-2026+15_00/tmp/mnist-net/image_9/mnist-net_9_0_053.mps,UNSAT,443.324,NETWORK,None
/home/annelot/WARMSTART_PROJECT/baseline_symphony_21-01-2026+15_00/tmp/mnist-net_256x2/image_9/mnist-net_256x2_9_0_057.mps,/home/annelot/WARMSTART_PROJECT/baseline_symphony_21-01-2026+15_00/tmp/mnist-net/image_9/mnist-net_9_0_057.mps,UNSAT,468.538,NETWORK,None
/home/annelot/WARMSTART_PROJECT/baseline_symphony_21-01-2026+15_00/tmp/mnist-net_256x2/image_9/mnist-net_256x2_9_0_061.mps,/home/annelot/WARMSTART_PROJECT/baseline_symphony_21-01-2026+15_00/tmp/mnist-net/image_9/mnist-net_9_0_061.mps,UNSAT,1733.333,NETWORK,None
/home/annelot/WARMSTART_PROJECT/baseline_symphony_21-01-2026+15_00/tmp/mnist-net_256x2/image_2/mnist-net_256x2_2_0_021.mps,/home/annelot/WARMSTART_PROJECT/baseline_symphony_21-01-2026+15_00/tmp/mnist-net/image_2/mnist-net_2_0_021.mps,UNSAT,0.215,NETWORK,None
/home/annelot/WARMSTART_PROJECT/baseline_symphony_21-01-2026+15_00/tmp/mnist-net_256x2/image_9/mnist-net_256x2_9_0_059.mps,/home/annelot/WARMSTART_PROJECT/baseline_symphony_21-01-2026+15_00/tmp/mnist-net/image_9/mnist-net_9_0_059.mps,UNSAT,832.723,NETWORK,None
/home/annelot/WARMSTART_PROJECT/baseline_symphony_21-01-2026+15_00/tmp/mnist-net_256x2/image_2/mnist-net_256x2_2_0_023.mps,/home/annelot/WARMSTART_PROJECT/baseline_symphony_21-01-2026+15_00/tmp/mnist-net/image_2/mnist-net_2_0_023.mps,UNSAT,4.261,NETWORK,None
/home/annelot/WARMSTART_PROJECT/baseline_symphony_21-01-2026+15_00/tmp/mnist-net_256x2/image_2/mnist-net_256x2_2_0_025.mps,/home/annelot/WARMSTART_PROJECT/baseline_symphony_21-01-2026+15_00/tmp/mnist-net/image_2/mnist-net_2_0_025.mps,UNSAT,28.75,NETWORK,None
/home/annelot/WARMSTART_PROJECT/baseline_symphony_21-01-2026+15_00/tmp/mnist-net_256x2/image_2/mnist-net_256x2_2_0_027.mps,/home/annelot/WARMSTART_PROJECT/baseline_symphony_21-01-2026+15_00/tmp/mnist-net/image_2/mnist-net_2_0_027.mps,UNSAT,21.19,NETWORK,None
/home/annelot/WARMSTART_PROJECT/baseline_symphony_21-01-2026+15_00/tmp/mnist-net/image_9/mnist-net_9_0_221.mps,/home/annelot/WARMSTART_PROJECT/baseline_symphony_21-01-2026+15_00/tmp/mnist-net_256x4/image_9/mnist-net_256x4_9_0_221.mps,SAT,1128.646,NETWORK,None
/home/annelot/WARMSTART_PROJECT/baseline_symphony_21-01-2026+15_00/tmp/mnist-net_256x2/image_2/mnist-net_256x2_2_0_029.mps,/home/annelot/WARMSTART_PROJECT/baseline_symphony_21-01-2026+15_00/tmp/mnist-net/image_2/mnist-net_2_0_029.mps,UNSAT,110.011,NETWORK,None
/home/annelot/WARMSTART_PROJECT/baseline_symphony_21-01-2026+15_00/tmp/mnist-net_256x2/image_2/mnist-net_256x2_2_0_031.mps,/home/annelot/WARMSTART_PROJECT/baseline_symphony_21-01-2026+15_00/tmp/mnist-net/image_2/mnist-net_2_0_031.mps,UNSAT,379.015,NETWORK,None
/home/annelot/WARMSTART_PROJECT/baseline_symphony_21-01-2026+15_00/tmp/mnist-net_256x2/image_9/mnist-net_256x2_9_0_063.mps,/home/annelot/WARMSTART_PROJECT/baseline_symphony_21-01-2026+15_00/tmp/mnist-net/image_9/mnist-net_9_0_063.mps,UNSAT,1963.061,NETWORK,None
/home/annelot/WARMSTART_PROJECT/baseline_symphony_21-01-2026+15_00/tmp/mnist-net_256x2/image_2/mnist-net_256x2_2_0_033.mps,/home/annelot/WARMSTART_PROJECT/baseline_symphony_21-01-2026+15_00/tmp/mnist-net/image_2/mnist-net_2_0_033.mps,UNSAT,743.725,NETWORK,None
/home/annelot/WARMSTART_PROJECT/baseline_symphony_21-01-2026+15_00/tmp/mnist-net_256x2/image_1/mnist-net_256x2_1_0_041.mps,/home/annelot/WARMSTART_PROJECT/baseline_symphony_21-01-2026+15_00/tmp/mnist-net/image_1/mnist-net_1_0_041.mps,UNSAT,53.036,NETWORK,None
/home/annelot/WARMSTART_PROJECT/baseline_symphony_21-01-2026+15_00/tmp/mnist-net_256x2/image_1/mnist-net_256x2_1_0_043.mps,/home/annelot/WARMSTART_PROJECT/baseline_symphony_21-01-2026+15_00/tmp/mnist-net/image_1/mnist-net_1_0_043.mps,UNSAT,106.045,NETWORK,None
/home/annelot/WARMSTART_PROJECT/baseline_symphony_21-01-2026+15_00/tmp/mnist-net_256x2/image_1/mnist-net_256x2_1_0_045.mps,/home/annelot/WARMSTART_PROJECT/baseline_symphony_21-01-2026+15_00/tmp/mnist-net/image_1/mnist-net_1_0_045.mps,UNSAT,603.834,NETWORK,None
/home/annelot/WARMSTART_PROJECT/baseline_symphony_21-01-2026+15_00/tmp/mnist-net_256x2/image_1/mnist-net_256x2_1_0_047.mps,/home/annelot/WARMSTART_PROJECT/baseline_symphony_21-01-2026+15_00/tmp/mnist-net_256x4/image_1/mnist-net_256x4_1_0_047.mps,UNSAT,779.918,NETWORK,None
/home/annelot/WARMSTART_PROJECT/baseline_symphony_21-01-2026+15_00/tmp/mnist-net_256x2/image_5/mnist-net_256x2_5_0_021.mps,/home/annelot/WARMSTART_PROJECT/baseline_symphony_21-01-2026+15_00/tmp/mnist-net/image_5/mnist-net_5_0_021.mps,ERR,,NETWORK,None
/home/annelot/WARMSTART_PROJECT/baseline_symphony_21-01-2026+15_00/tmp/mnist-net_256x2/image_5/mnist-net_256x2_5_0_023.mps,/home/annelot/WARMSTART_PROJECT/baseline_symphony_21-01-2026+15_00/tmp/mnist-net/image_5/mnist-net_5_0_023.mps,ERR,,NETWORK,None
/home/annelot/WARMSTART_PROJECT/baseline_symphony_21-01-2026+15_00/tmp/mnist-net_256x2/image_5/mnist-net_256x2_5_0_025.mps,/home/annelot/WARMSTART_PROJECT/baseline_symphony_21-01-2026+15_00/tmp/mnist-net/image_5/mnist-net_5_0_025.mps,UNSAT,0.282,NETWORK,None
/home/annelot/WARMSTART_PROJECT/baseline_symphony_21-01-2026+15_00/tmp/mnist-net_256x2/image_5/mnist-net_256x2_5_0_027.mps,/home/annelot/WARMSTART_PROJECT/baseline_symphony_21-01-2026+15_00/tmp/mnist-net/image_5/mnist-net_5_0_027.mps,UNSAT,5.085,NETWORK,None
/home/annelot/WARMSTART_PROJECT/baseline_symphony_21-01-2026+15_00/tmp/mnist-net_256x2/image_5/mnist-net_256x2_5_0_029.mps,/home/annelot/WARMSTART_PROJECT/baseline_symphony_21-01-2026+15_00/tmp/mnist-net/image_5/mnist-net_5_0_029.mps,UNSAT,28.498,NETWORK,None
/home/annelot/WARMSTART_PROJECT/baseline_symphony_21-01-2026+15_00/tmp/mnist-net_256x2/image_5/mnist-net_256x2_5_0_031.mps,/home/annelot/WARMSTART_PROJECT/baseline_symphony_21-01-2026+15_00/tmp/mnist-net/image_5/mnist-net_5_0_031.mps,UNSAT,20.197,NETWORK,None
/home/annelot/WARMSTART_PROJECT/baseline_symphony_21-01-2026+15_00/tmp/mnist-net_256x2/image_5/mnist-net_256x2_5_0_033.mps,/home/annelot/WARMSTART_PROJECT/baseline_symphony_21-01-2026+15_00/tmp/mnist-net/image_5/mnist-net_5_0_033.mps,UNSAT,102.04,NETWORK,None
/home/annelot/WARMSTART_PROJECT/baseline_symphony_21-01-2026+15_00/tmp/mnist-net_256x2/image_5/mnist-net_256x2_5_0_035.mps,/home/annelot/WARMSTART_PROJECT/baseline_symphony_21-01-2026+15_00/tmp/mnist-net/image_5/mnist-net_5_0_035.mps,UNSAT,219.341,NETWORK,None
/home/annelot/WARMSTART_PROJECT/baseline_symphony_21-01-2026+15_00/tmp/mnist-net_256x2/image_5/mnist-net_256x2_5_0_037.mps,/home/annelot/WARMSTART_PROJECT/baseline_symphony_21-01-2026+15_00/tmp/mnist-net/image_5/mnist-net_5_0_037.mps,UNSAT,345.346,NETWORK,None
/home/annelot/WARMSTART_PROJECT/baseline_symphony_21-01-2026+15_00/tmp/mnist-net_256x2/image_0/mnist-net_256x2_0_0_021.mps,/home/annelot/WARMSTART_PROJECT/baseline_symphony_21-01-2026+15_00/tmp/mnist-net_256x4/image_0/mnist-net_256x4_0_0_021.mps,UNSAT,62.017,NETWORK,None
/home/annelot/WARMSTART_PROJECT/baseline_symphony_21-01-2026+15_00/tmp/mnist-net_256x2/image_0/mnist-net_256x2_0_0_023.mps,/home/annelot/WARMSTART_PROJECT/baseline_symphony_21-01-2026+15_00/tmp/mnist-net_256x4/image_0/mnist-net_256x4_0_0_023.mps,UNSAT,310.241,NETWORK,None
/home/annelot/WARMSTART_PROJECT/baseline_symphony_21-01-2026+15_00/tmp/mnist-net_256x2/image_4/mnist-net_256x2_4_0_001.mps,/home/annelot/WARMSTART_PROJECT/baseline_symphony_21-01-2026+15_00/tmp/mnist-net/image_4/mnist-net_4_0_001.mps,ERR,,NETWORK,None
/home/annelot/WARMSTART_PROJECT/baseline_symphony_21-01-2026+15_00/tmp/mnist-net_256x2/image_4/mnist-net_256x2_4_0_021.mps,/home/annelot/WARMSTART_PROJECT/baseline_symphony_21-01-2026+15_00/tmp/mnist-net/image_4/mnist-net_4_0_021.mps,UNSAT,6.526,NETWORK,None
/home/annelot/WARMSTART_PROJECT/baseline_symphony_21-01-2026+15_00/tmp/mnist-net_256x2/image_4/mnist-net_256x2_4_0_023.mps,/home/annelot/WARMSTART_PROJECT/baseline_symphony_21-01-2026+15_00/tmp/mnist-net/image_4/mnist-net_4_0_023.mps,UNSAT,5.191,NETWORK,None
/home/annelot/WARMSTART_PROJECT/baseline_symphony_21-01-2026+15_00/tmp/mnist-net_256x2/image_4/mnist-net_256x2_4_0_025.mps,/home/annelot/WARMSTART_PROJECT/baseline_symphony_21-01-2026+15_00/tmp/mnist-net/image_4/mnist-net_4_0_025.mps,UNSAT,13.299,NETWORK,None
/home/annelot/WARMSTART_PROJECT/baseline_symphony_21-01-2026+15_00/tmp/mnist-net_256x2/image_4/mnist-net_256x2_4_0_027.mps,/home/annelot/WARMSTART_PROJECT/baseline_symphony_21-01-2026+15_00/tmp/mnist-net/image_4/mnist-net_4_0_027.mps,SAT,61.183,NETWORK,None
/home/annelot/WARMSTART_PROJECT/baseline_symphony_21-01-2026+15_00/tmp/mnist-net_256x2/image_4/mnist-net_256x2_4_0_029.mps,/home/annelot/WARMSTART_PROJECT/baseline_symphony_21-01-2026+15_00/tmp/mnist-net/image_4/mnist-net_4_0_029.mps,SAT,100.262,NETWORK,None
/home/annelot/WARMSTART_PROJECT/baseline_symphony_21-01-2026+15_00/tmp/mnist-net_256x2/image_4/mnist-net_256x2_4_0_031.mps,/home/annelot/WARMSTART_PROJECT/baseline_symphony_21-01-2026+15_00/tmp/mnist-net/image_4/mnist-net_4_0_031.mps,SAT,218.446,NETWORK,None
/home/annelot/WARMSTART_PROJECT/baseline_symphony_21-01-2026+15_00/tmp/mnist-net_256x2/image_4/mnist-net_256x2_4_0_019.mps,/home/annelot/WARMSTART_PROJECT/baseline_symphony_21-01-2026+15_00/tmp/mnist-net/image_4/mnist-net_4_0_019.mps,UNSAT,2.21,NETWORK,None
/home/annelot/WARMSTART_PROJECT/baseline_symphony_21-01-2026+15_00/tmp/mnist-net_256x2/image_4/mnist-net_256x2_4_0_017.mps,/home/annelot/WARMSTART_PROJECT/baseline_symphony_21-01-2026+15_00/tmp/mnist-net/image_4/mnist-net_4_0_017.mps,UNSAT,0.199,NETWORK,None
/home/annelot/WARMSTART_PROJECT/baseline_symphony_21-01-2026+15_00/tmp/mnist-net_256x2/image_4/mnist-net_256x2_4_0_015.mps,/home/annelot/WARMSTART_PROJECT/baseline_symphony_21-01-2026+15_00/tmp/mnist-net/image_4/mnist-net_4_0_015.mps,ERR,,NETWORK,None
/home/annelot/WARMSTART_PROJECT/baseline_symphony_21-01-2026+15_00/tmp/mnist-net_256x2/image_4/mnist-net_256x2_4_0_013.mps,/home/annelot/WARMSTART_PROJECT/baseline_symphony_21-01-2026+15_00/tmp/mnist-net/image_4/mnist-net_4_0_013.mps,ERR,,NETWORK,None
/home/annelot/WARMSTART_PROJECT/baseline_symphony_21-01-2026+15_00/tmp/mnist-net_256x2/image_4/mnist-net_256x2_4_0_011.mps,/home/annelot/WARMSTART_PROJECT/baseline_symphony_21-01-2026+15_00/tmp/mnist-net/image_4/mnist-net_4_0_011.mps,ERR,,NETWORK,None
/home/annelot/WARMSTART_PROJECT/baseline_symphony_21-01-2026+15_00/tmp/mnist-net_256x2/image_4/mnist-net_256x2_4_0_009.mps,/home/annelot/WARMSTART_PROJECT/baseline_symphony_21-01-2026+15_00/tmp/mnist-net/image_4/mnist-net_4_0_009.mps,ERR,,NETWORK,None
/home/annelot/WARMSTART_PROJECT/baseline_symphony_21-01-2026+15_00/tmp/mnist-net_256x2/image_4/mnist-net_256x2_4_0_007.mps,/home/annelot/WARMSTART_PROJECT/baseline_symphony_21-01-2026+15_00/tmp/mnist-net/image_4/mnist-net_4_0_007.mps,ERR,,NETWORK,None
/home/annelot/WARMSTART_PROJECT/baseline_symphony_21-01-2026+15_00/tmp/mnist-net_256x2/image_4/mnist-net_256x2_4_0_033.mps,/home/annelot/WARMSTART_PROJECT/baseline_symphony_21-01-2026+15_00/tmp/mnist-net/image_4/mnist-net_4_0_033.mps,SAT,259.654,NETWORK,None
/home/annelot/WARMSTART_PROJECT/baseline_symphony_21-01-2026+15_00/tmp/mnist-net_256x2/image_0/mnist-net_256x2_0_0_025.mps,/home/annelot/WARMSTART_PROJECT/baseline_symphony_21-01-2026+15_00/tmp/mnist-net_256x4/image_0/mnist-net_256x4_0_0_025.mps,UNSAT,1428.725,NETWORK,None
/home/annelot/WARMSTART_PROJECT/baseline_symphony_21-01-2026+15_00/tmp/mnist-net_256x2/image_4/mnist-net_256x2_4_0_037.mps,/home/annelot/WARMSTART_PROJECT/baseline_symphony_21-01-2026+15_00/tmp/mnist-net/image_4/mnist-net_4_0_037.mps,SAT,295.572,NETWORK,None
/home/annelot/WARMSTART_PROJECT/baseline_symphony_21-01-2026+15_00/tmp/mnist-net_256x2/image_3/mnist-net_256x2_3_0_041.mps,/home/annelot/WARMSTART_PROJECT/baseline_symphony_21-01-2026+15_00/tmp/mnist-net_256x4/image_3/mnist-net_256x4_3_0_041.mps,UNSAT,4.37,NETWORK,None
/home/annelot/WARMSTART_PROJECT/baseline_symphony_21-01-2026+15_00/tmp/mnist-net/image_7/mnist-net_7_0_021.mps,/home/annelot/WARMSTART_PROJECT/baseline_symphony_21-01-2026+15_00/tmp/mnist-net/image_6/mnist-net_6_0_021.mps,ERR,,IMAGE,None
/home/annelot/WARMSTART_PROJECT/baseline_symphony_21-01-2026+15_00/tmp/mnist-net/image_7/mnist-net_7_0_023.mps,/home/annelot/WARMSTART_PROJECT/baseline_symphony_21-01-2026+15_00/tmp/mnist-net/image_6/mnist-net_6_0_023.mps,ERR,,IMAGE,None
/home/annelot/WARMSTART_PROJECT/baseline_symphony_21-01-2026+15_00/tmp/mnist-net/image_7/mnist-net_7_0_025.mps,/home/annelot/WARMSTART_PROJECT/baseline_symphony_21-01-2026+15_00/tmp/mnist-net/image_6/mnist-net_6_0_025.mps,ERR,,IMAGE,None
/home/annelot/WARMSTART_PROJECT/baseline_symphony_21-01-2026+15_00/tmp/mnist-net/image_7/mnist-net_7_0_027.mps,/home/annelot/WARMSTART_PROJECT/baseline_symphony_21-01-2026+15_00/tmp/mnist-net/image_6/mnist-net_6_0_027.mps,UNSAT,0.486,IMAGE,None
/home/annelot/WARMSTART_PROJECT/baseline_symphony_21-01-2026+15_00/tmp/mnist-net/image_7/mnist-net_7_0_029.mps,/home/annelot/WARMSTART_PROJECT/baseline_symphony_21-01-2026+15_00/tmp/mnist-net/image_6/mnist-net_6_0_029.mps,UNSAT,21.174,IMAGE,None
/home/annelot/WARMSTART_PROJECT/baseline_symphony_21-01-2026+15_00/tmp/mnist-net/image_7/mnist-net_7_0_031.mps,/home/annelot/WARMSTART_PROJECT/baseline_symphony_21-01-2026+15_00/tmp/mnist-net/image_6/mnist-net_6_0_031.mps,UNSAT,80.764,IMAGE,None
/home/annelot/WARMSTART_PROJECT/baseline_symphony_21-01-2026+15_00/tmp/mnist-net/image_7/mnist-net_7_0_033.mps,/home/annelot/WARMSTART_PROJECT/baseline_symphony_21-01-2026+15_00/tmp/mnist-net/image_6/mnist-net_6_0_033.mps,UNSAT,93.527,IMAGE,None
/home/annelot/WARMSTART_PROJECT/baseline_symphony_21-01-2026+15_00/tmp/mnist-net_256x2/image_4/mnist-net_256x2_4_0_035.mps,/home/annelot/WARMSTART_PROJECT/baseline_symphony_21-01-2026+15_00/tmp/mnist-net/image_4/mnist-net_4_0_035.mps,SAT,649.303,NETWORK,None
/home/annelot/WARMSTART_PROJECT/baseline_symphony_21-01-2026+15_00/tmp/mnist-net_256x2/image_4/mnist-net_256x2_4_0_041.mps,/home/annelot/WARMSTART_PROJECT/baseline_symphony_21-01-2026+15_00/tmp/mnist-net/image_4/mnist-net_4_0_041.mps,SAT,1077.449,NETWORK,None
/home/annelot/WARMSTART_PROJECT/baseline_symphony_21-01-2026+15_00/tmp/mnist-net/image_4/mnist-net_4_0_081.mps,/home/annelot/WARMSTART_PROJECT/baseline_symphony_21-01-2026+15_00/tmp/mnist-net_256x4/image_4/mnist-net_256x4_4_0_081.mps,SAT,930.744,NETWORK,None
/home/annelot/WARMSTART_PROJECT/baseline_symphony_21-01-2026+15_00/tmp/mnist-net_256x2/image_4/mnist-net_256x2_4_0_039.mps,/home/annelot/WARMSTART_PROJECT/baseline_symphony_21-01-2026+15_00/tmp/mnist-net/image_4/mnist-net_4_0_039.mps,SAT,1101.726,NETWORK,None
/home/annelot/WARMSTART_PROJECT/baseline_symphony_21-01-2026+15_00/tmp/mnist-net/image_7/mnist-net_7_0_035.mps,/home/annelot/WARMSTART_PROJECT/baseline_symphony_21-01-2026+15_00/tmp/mnist-net/image_6/mnist-net_6_0_035.mps,UNSAT,795.073,IMAGE,None
/home/annelot/WARMSTART_PROJECT/baseline_symphony_21-01-2026+15_00/tmp/mnist-net_256x2/image_3/mnist-net_256x2_3_0_141.mps,/home/annelot/WARMSTART_PROJECT/baseline_symphony_21-01-2026+15_00/tmp/mnist-net/image_3/mnist-net_3_0_141.mps,SAT,1982.037,NETWORK,None
/home/annelot/WARMSTART_PROJECT/baseline_symphony_21-01-2026+15_00/tmp/mnist-net/image_6/mnist-net_6_0_021.mps,/home/annelot/WARMSTART_PROJECT/baseline_symphony_21-01-2026+15_00/tmp/mnist-net/image_7/mnist-net_7_0_021.mps,ERR,,IMAGE,None
/home/annelot/WARMSTART_PROJECT/baseline_symphony_21-01-2026+15_00/tmp/mnist-net/image_6/mnist-net_6_0_023.mps,/home/annelot/WARMSTART_PROJECT/baseline_symphony_21-01-2026+15_00/tmp/mnist-net/image_7/mnist-net_7_0_023.mps,ERR,,IMAGE,None
/home/annelot/WARMSTART_PROJECT/baseline_symphony_21-01-2026+15_00/tmp/mnist-net/image_6/mnist-net_6_0_025.mps,/home/annelot/WARMSTART_PROJECT/baseline_symphony_21-01-2026+15_00/tmp/mnist-net/image_7/mnist-net_7_0_025.mps,ERR,,IMAGE,None
/home/annelot/WARMSTART_PROJECT/baseline_symphony_21-01-2026+15_00/tmp/mnist-net/image_6/mnist-net_6_0_027.mps,/home/annelot/WARMSTART_PROJECT/baseline_symphony_21-01-2026+15_00/tmp/mnist-net/image_7/mnist-net_7_0_027.mps,UNSAT,0.508,IMAGE,None
/home/annelot/WARMSTART_PROJECT/baseline_symphony_21-01-2026+15_00/tmp/mnist-net/image_6/mnist-net_6_0_029.mps,/home/annelot/WARMSTART_PROJECT/baseline_symphony_21-01-2026+15_00/tmp/mnist-net/image_7/mnist-net_7_0_029.mps,UNSAT,5.832,IMAGE,None
/home/annelot/WARMSTART_PROJECT/baseline_symphony_21-01-2026+15_00/tmp/mnist-net/image_6/mnist-net_6_0_031.mps,/home/annelot/WARMSTART_PROJECT/baseline_symphony_21-01-2026+15_00/tmp/mnist-net/image_7/mnist-net_7_0_031.mps,UNSAT,291.506,IMAGE,None
/home/annelot/WARMSTART_PROJECT/baseline_symphony_21-01-2026+15_00/tmp/mnist-net/image_6/mnist-net_6_0_033.mps,/home/annelot/WARMSTART_PROJECT/baseline_symphony_21-01-2026+15_00/tmp/mnist-net/image_7/mnist-net_7_0_033.mps,UNSAT,227.73,IMAGE,None
/home/annelot/WARMSTART_PROJECT/baseline_symphony_21-01-2026+15_00/tmp/mnist-net/image_7/mnist-net_7_0_037.mps,/home/annelot/WARMSTART_PROJECT/baseline_symphony_21-01-2026+15_00/tmp/mnist-net/image_6/mnist-net_6_0_037.mps,UNSAT,1575.824,IMAGE,None
/home/annelot/WARMSTART_PROJECT/baseline_symphony_21-01-2026+15_00/tmp/mnist-net/image_9/mnist-net_9_0_013.mps,/home/annelot/WARMSTART_PROJECT/baseline_symphony_21-01-2026+15_00/tmp/mnist-net/image_4/mnist-net_4_0_013.mps,ERR,,IMAGE,None
/home/annelot/WARMSTART_PROJECT/baseline_symphony_21-01-2026+15_00/tmp/mnist-net/image_9/mnist-net_9_0_015.mps,/home/annelot/WARMSTART_PROJECT/baseline_symphony_21-01-2026+15_00/tmp/mnist-net/image_4/mnist-net_4_0_015.mps,ERR,,IMAGE,None
/home/annelot/WARMSTART_PROJECT/baseline_symphony_21-01-2026+15_00/tmp/mnist-net/image_9/mnist-net_9_0_017.mps,/home/annelot/WARMSTART_PROJECT/baseline_symphony_21-01-2026+15_00/tmp/mnist-net/image_4/mnist-net_4_0_017.mps,ERR,,IMAGE,None
/home/annelot/WARMSTART_PROJECT/baseline_symphony_21-01-2026+15_00/tmp/mnist-net/image_9/mnist-net_9_0_019.mps,/home/annelot/WARMSTART_PROJECT/baseline_symphony_21-01-2026+15_00/tmp/mnist-net/image_4/mnist-net_4_0_019.mps,ERR,,IMAGE,None
/home/annelot/WARMSTART_PROJECT/baseline_symphony_21-01-2026+15_00/tmp/mnist-net/image_9/mnist-net_9_0_023.mps,/home/annelot/WARMSTART_PROJECT/baseline_symphony_21-01-2026+15_00/tmp/mnist-net/image_7/mnist-net_7_0_023.mps,ERR,,IMAGE,None
/home/annelot/WARMSTART_PROJECT/baseline_symphony_21-01-2026+15_00/tmp/mnist-net/image_9/mnist-net_9_0_021.mps,/home/annelot/WARMSTART_PROJECT/baseline_symphony_21-01-2026+15_00/tmp/mnist-net/image_7/mnist-net_7_0_021.mps,ERR,,IMAGE,None
/home/annelot/WARMSTART_PROJECT/baseline_symphony_21-01-2026+15_00/tmp/mnist-net/image_9/mnist-net_9_0_027.mps,/home/annelot/WARMSTART_PROJECT/baseline_symphony_21-01-2026+15_00/tmp/mnist-net/image_7/mnist-net_7_0_027.mps,ERR,,IMAGE,None
/home/annelot/WARMSTART_PROJECT/baseline_symphony_21-01-2026+15_00/tmp/mnist-net/image_9/mnist-net_9_0_025.mps,/home/annelot/WARMSTART_PROJECT/baseline_symphony_21-01-2026+15_00/tmp/mnist-net/image_7/mnist-net_7_0_025.mps,ERR,,IMAGE,None
/home/annelot/WARMSTART_PROJECT/baseline_symphony_21-01-2026+15_00/tmp/mnist-net/image_9/mnist-net_9_0_031.mps,/home/annelot/WARMSTART_PROJECT/baseline_symphony_21-01-2026+15_00/tmp/mnist-net/image_7/mnist-net_7_0_031.mps,ERR,,IMAGE,None
/home/annelot/WARMSTART_PROJECT/baseline_symphony_21-01-2026+15_00/tmp/mnist-net/image_9/mnist-net_9_0_029.mps,/home/annelot/WARMSTART_PROJECT/baseline_symphony_21-01-2026+15_00/tmp/mnist-net/image_7/mnist-net_7_0_029.mps,ERR,,IMAGE,None
/home/annelot/WARMSTART_PROJECT/baseline_symphony_21-01-2026+15_00/tmp/mnist-net/image_9/mnist-net_9_0_035.mps,/home/annelot/WARMSTART_PROJECT/baseline_symphony_21-01-2026+15_00/tmp/mnist-net/image_7/mnist-net_7_0_035.mps,ERR,,IMAGE,None
/home/annelot/WARMSTART_PROJECT/baseline_symphony_21-01-2026+15_00/tmp/mnist-net/image_9/mnist-net_9_0_033.mps,/home/annelot/WARMSTART_PROJECT/baseline_symphony_21-01-2026+15_00/tmp/mnist-net/image_7/mnist-net_7_0_033.mps,ERR,,IMAGE,None
/home/annelot/WARMSTART_PROJECT/baseline_symphony_21-01-2026+15_00/tmp/mnist-net/image_9/mnist-net_9_0_037.mps,/home/annelot/WARMSTART_PROJECT/baseline_symphony_21-01-2026+15_00/tmp/mnist-net/image_7/mnist-net_7_0_037.mps,UNSAT,0.256,IMAGE,None
/home/annelot/WARMSTART_PROJECT/baseline_symphony_21-01-2026+15_00/tmp/mnist-net/image_9/mnist-net_9_0_043.mps,/home/annelot/WARMSTART_PROJECT/baseline_symphony_21-01-2026+15_00/tmp/mnist-net/image_1/mnist-net_1_0_043.mps,UNSAT,2.699,IMAGE,None
/home/annelot/WARMSTART_PROJECT/baseline_symphony_21-01-2026+15_00/tmp/mnist-net/image_9/mnist-net_9_0_039.mps,/home/annelot/WARMSTART_PROJECT/baseline_symphony_21-01-2026+15_00/tmp/mnist-net/image_4/mnist-net_4_0_039.mps,UNSAT,4.014,IMAGE,None
/home/annelot/WARMSTART_PROJECT/baseline_symphony_21-01-2026+15_00/tmp/mnist-net/image_9/mnist-net_9_0_041.mps,/home/annelot/WARMSTART_PROJECT/baseline_symphony_21-01-2026+15_00/tmp/mnist-net/image_7/mnist-net_7_0_041.mps,UNSAT,5.124,IMAGE,None
/home/annelot/WARMSTART_PROJECT/baseline_symphony_21-01-2026+15_00/tmp/mnist-net/image_9/mnist-net_9_0_045.mps,/home/annelot/WARMSTART_PROJECT/baseline_symphony_21-01-2026+15_00/tmp/mnist-net/image_1/mnist-net_1_0_045.mps,UNSAT,6.75,IMAGE,None
/home/annelot/WARMSTART_PROJECT/baseline_symphony_21-01-2026+15_00/tmp/mnist-net/image_6/mnist-net_6_0_035.mps,/home/annelot/WARMSTART_PROJECT/baseline_symphony_21-01-2026+15_00/tmp/mnist-net/image_7/mnist-net_7_0_035.mps,UNSAT,1258.319,IMAGE,None
/home/annelot/WARMSTART_PROJECT/baseline_symphony_21-01-2026+15_00/tmp/mnist-net/image_2/mnist-net_2_0_021.mps,/home/annelot/WARMSTART_PROJECT/baseline_symphony_21-01-2026+15_00/tmp/mnist-net/image_7/mnist-net_7_0_021.mps,UNSAT,0.744,IMAGE,None
/home/annelot/WARMSTART_PROJECT/baseline_symphony_21-01-2026+15_00/tmp/mnist-net/image_2/mnist-net_2_0_023.mps,/home/annelot/WARMSTART_PROJECT/baseline_symphony_21-01-2026+15_00/tmp/mnist-net/image_7/mnist-net_7_0_023.mps,UNSAT,16.481,IMAGE,None
/home/annelot/WARMSTART_PROJECT/baseline_symphony_21-01-2026+15_00/tmp/mnist-net/image_2/mnist-net_2_0_025.mps,/home/annelot/WARMSTART_PROJECT/baseline_symphony_21-01-2026+15_00/tmp/mnist-net/image_7/mnist-net_7_0_025.mps,UNSAT,35.1,IMAGE,None
/home/annelot/WARMSTART_PROJECT/baseline_symphony_21-01-2026+15_00/tmp/mnist-net/image_2/mnist-net_2_0_027.mps,/home/annelot/WARMSTART_PROJECT/baseline_symphony_21-01-2026+15_00/tmp/mnist-net/image_7/mnist-net_7_0_027.mps,UNSAT,98.662,IMAGE,None
/home/annelot/WARMSTART_PROJECT/baseline_symphony_21-01-2026+15_00/tmp/mnist-net/image_9/mnist-net_9_0_221.mps,/home/annelot/WARMSTART_PROJECT/baseline_symphony_21-01-2026+15_00/tmp/mnist-net/image_7/mnist-net_7_0_221.mps,SAT,1146.425,IMAGE,None
/home/annelot/WARMSTART_PROJECT/baseline_symphony_21-01-2026+15_00/tmp/mnist-net/image_2/mnist-net_2_0_029.mps,/home/annelot/WARMSTART_PROJECT/baseline_symphony_21-01-2026+15_00/tmp/mnist-net/image_7/mnist-net_7_0_029.mps,UNSAT,483.111,IMAGE,None
/home/annelot/WARMSTART_PROJECT/baseline_symphony_21-01-2026+15_00/tmp/mnist-net/image_2/mnist-net_2_0_031.mps,/home/annelot/WARMSTART_PROJECT/baseline_symphony_21-01-2026+15_00/tmp/mnist-net/image_7/mnist-net_7_0_031.mps,UNSAT,1286.048,IMAGE,None
/home/annelot/WARMSTART_PROJECT/baseline_symphony_21-01-2026+15_00/tmp/mnist-net/image_5/mnist-net_5_0_021.mps,/home/annelot/WARMSTART_PROJECT/baseline_symphony_21-01-2026+15_00/tmp/mnist-net/image_7/mnist-net_7_0_021.mps,ERR,,IMAGE,None
/home/annelot/WARMSTART_PROJECT/baseline_symphony_21-01-2026+15_00/tmp/mnist-net/image_5/mnist-net_5_0_023.mps,/home/annelot/WARMSTART_PROJECT/baseline_symphony_21-01-2026+15_00/tmp/mnist-net/image_7/mnist-net_7_0_023.mps,UNSAT,0.393,IMAGE,None
/home/annelot/WARMSTART_PROJECT/baseline_symphony_21-01-2026+15_00/tmp/mnist-net/image_5/mnist-net_5_0_025.mps,/home/annelot/WARMSTART_PROJECT/baseline_symphony_21-01-2026+15_00/tmp/mnist-net/image_7/mnist-net_7_0_025.mps,UNSAT,6.356,IMAGE,None
/home/annelot/WARMSTART_PROJECT/baseline_symphony_21-01-2026+15_00/tmp/mnist-net/image_5/mnist-net_5_0_027.mps,/home/annelot/WARMSTART_PROJECT/baseline_symphony_21-01-2026+15_00/tmp/mnist-net/image_7/mnist-net_7_0_027.mps,UNSAT,7.629,IMAGE,None
/home/annelot/WARMSTART_PROJECT/baseline_symphony_21-01-2026+15_00/tmp/mnist-net/image_5/mnist-net_5_0_029.mps,/home/annelot/WARMSTART_PROJECT/baseline_symphony_21-01-2026+15_00/tmp/mnist-net/image_7/mnist-net_7_0_029.mps,UNSAT,18.727,IMAGE,None
/home/annelot/WARMSTART_PROJECT/baseline_symphony_21-01-2026+15_00/tmp/mnist-net/image_5/mnist-net_5_0_031.mps,/home/annelot/WARMSTART_PROJECT/baseline_symphony_21-01-2026+15_00/tmp/mnist-net/image_7/mnist-net_7_0_031.mps,UNSAT,116.66,IMAGE,None
/home/annelot/WARMSTART_PROJECT/baseline_symphony_21-01-2026+15_00/tmp/mnist-net/image_5/mnist-net_5_0_033.mps,/home/annelot/WARMSTART_PROJECT/baseline_symphony_21-01-2026+15_00/tmp/mnist-net/image_7/mnist-net_7_0_033.mps,UNSAT,727.863,IMAGE,None
/home/annelot/WARMSTART_PROJECT/baseline_symphony_21-01-2026+15_00/tmp/mnist-net/image_4/mnist-net_4_0_013.mps,/home/annelot/WARMSTART_PROJECT/baseline_symphony_21-01-2026+15_00/tmp/mnist-net/image_9/mnist-net_9_0_013.mps,ERR,,IMAGE,None
/home/annelot/WARMSTART_PROJECT/baseline_symphony_21-01-2026+15_00/tmp/mnist-net/image_4/mnist-net_4_0_015.mps,/home/annelot/WARMSTART_PROJECT/baseline_symphony_21-01-2026+15_00/tmp/mnist-net/image_9/mnist-net_9_0_015.mps,ERR,,IMAGE,None
/home/annelot/WARMSTART_PROJECT/baseline_symphony_21-01-2026+15_00/tmp/mnist-net/image_4/mnist-net_4_0_017.mps,/home/annelot/WARMSTART_PROJECT/baseline_symphony_21-01-2026+15_00/tmp/mnist-net/image_9/mnist-net_9_0_017.mps,ERR,,IMAGE,None
/home/annelot/WARMSTART_PROJECT/baseline_symphony_21-01-2026+15_00/tmp/mnist-net/image_4/mnist-net_4_0_019.mps,/home/annelot/WARMSTART_PROJECT/baseline_symphony_21-01-2026+15_00/tmp/mnist-net/image_9/mnist-net_9_0_019.mps,ERR,,IMAGE,None
/home/annelot/WARMSTART_PROJECT/baseline_symphony_21-01-2026+15_00/tmp/mnist-net/image_4/mnist-net_4_0_021.mps,/home/annelot/WARMSTART_PROJECT/baseline_symphony_21-01-2026+15_00/tmp/mnist-net/image_7/mnist-net_7_0_021.mps,ERR,,IMAGE,None
/home/annelot/WARMSTART_PROJECT/baseline_symphony_21-01-2026+15_00/tmp/mnist-net/image_4/mnist-net_4_0_023.mps,/home/annelot/WARMSTART_PROJECT/baseline_symphony_21-01-2026+15_00/tmp/mnist-net/image_7/mnist-net_7_0_023.mps,UNSAT,0.3,IMAGE,None
/home/annelot/WARMSTART_PROJECT/baseline_symphony_21-01-2026+15_00/tmp/mnist-net/image_4/mnist-net_4_0_025.mps,/home/annelot/WARMSTART_PROJECT/baseline_symphony_21-01-2026+15_00/tmp/mnist-net/image_7/mnist-net_7_0_025.mps,ERR,,IMAGE,None
/home/annelot/WARMSTART_PROJECT/baseline_symphony_21-01-2026+15_00/tmp/mnist-net/image_4/mnist-net_4_0_027.mps,/home/annelot/WARMSTART_PROJECT/baseline_symphony_21-01-2026+15_00/tmp/mnist-net/image_7/mnist-net_7_0_027.mps,UNSAT,3.462,IMAGE,None
/home/annelot/WARMSTART_PROJECT/baseline_symphony_21-01-2026+15_00/tmp/mnist-net/image_4/mnist-net_4_0_029.mps,/home/annelot/WARMSTART_PROJECT/baseline_symphony_21-01-2026+15_00/tmp/mnist-net/image_7/mnist-net_7_0_029.mps,UNSAT,15.491,IMAGE,None
/home/annelot/WARMSTART_PROJECT/baseline_symphony_21-01-2026+15_00/tmp/mnist-net/image_4/mnist-net_4_0_031.mps,/home/annelot/WARMSTART_PROJECT/baseline_symphony_21-01-2026+15_00/tmp/mnist-net/image_7/mnist-net_7_0_031.mps,UNSAT,79.615,IMAGE,None
/home/annelot/WARMSTART_PROJECT/baseline_symphony_21-01-2026+15_00/tmp/mnist-net/image_0/mnist-net_0_0_041.mps,/home/annelot/WARMSTART_PROJECT/baseline_symphony_21-01-2026+15_00/tmp/mnist-net/image_7/mnist-net_7_0_041.mps,UNSAT,1639.242,IMAGE,None
/home/annelot/WARMSTART_PROJECT/baseline_symphony_21-01-2026+15_00/tmp/mnist-net/image_4/mnist-net_4_0_033.mps,/home/annelot/WARMSTART_PROJECT/baseline_symphony_21-01-2026+15_00/tmp/mnist-net/image_7/mnist-net_7_0_033.mps,UNSAT,361.3,IMAGE,None
/home/annelot/WARMSTART_PROJECT/baseline_symphony_21-01-2026+15_00/tmp/mnist-net/image_4/mnist-net_4_0_037.mps,/home/annelot/WARMSTART_PROJECT/baseline_symphony_21-01-2026+15_00/tmp/mnist-net/image_7/mnist-net_7_0_037.mps,SAT,690.052,IMAGE,None
/home/annelot/WARMSTART_PROJECT/baseline_symphony_21-01-2026+15_00/tmp/mnist-net/image_4/mnist-net_4_0_081.mps,/home/annelot/WARMSTART_PROJECT/baseline_symphony_21-01-2026+15_00/tmp/mnist-net/image_7/mnist-net_7_0_081.mps,SAT,1061.171,IMAGE,None
/home/annelot/WARMSTART_PROJECT/baseline_symphony_21-01-2026+15_00/tmp/mnist-net/image_4/mnist-net_4_0_035.mps,/home/annelot/WARMSTART_PROJECT/baseline_symphony_21-01-2026+15_00/tmp/mnist-net/image_7/mnist-net_7_0_035.mps,UNSAT,1120.0,IMAGE,None
/home/annelot/WARMSTART_PROJECT/baseline_symphony_21-01-2026+15_00/tmp/mnist-net_256x4/image_6/mnist-net_256x4_6_0_021.mps,/home/annelot/WARMSTART_PROJECT/baseline_symphony_21-01-2026+15_00/tmp/mnist-net_256x4/image_7/mnist-net_256x4_7_0_021.mps,ERR,,IMAGE,None
/home/annelot/WARMSTART_PROJECT/baseline_symphony_21-01-2026+15_00/tmp/mnist-net_256x4/image_6/mnist-net_256x4_6_0_023.mps,/home/annelot/WARMSTART_PROJECT/baseline_symphony_21-01-2026+15_00/tmp/mnist-net_256x4/image_8/mnist-net_256x4_8_0_023.mps,ERR,,IMAGE,None
/home/annelot/WARMSTART_PROJECT/baseline_symphony_21-01-2026+15_00/tmp/mnist-net_256x4/image_6/mnist-net_256x4_6_0_025.mps,/home/annelot/WARMSTART_PROJECT/baseline_symphony_21-01-2026+15_00/tmp/mnist-net_256x4/image_8/mnist-net_256x4_8_0_025.mps,ERR,,IMAGE,None
/home/annelot/WARMSTART_PROJECT/baseline_symphony_21-01-2026+15_00/tmp/mnist-net_256x4/image_6/mnist-net_256x4_6_0_027.mps,/home/annelot/WARMSTART_PROJECT/baseline_symphony_21-01-2026+15_00/tmp/mnist-net_256x4/image_8/mnist-net_256x4_8_0_027.mps,UNSAT,10.183,IMAGE,None
/home/annelot/WARMSTART_PROJECT/baseline_symphony_21-01-2026+15_00/tmp/mnist-net/image_3/mnist-net_3_0_061.mps,/home/annelot/WARMSTART_PROJECT/baseline_symphony_21-01-2026+15_00/tmp/mnist-net/image_7/mnist-net_7_0_061.mps,UNSAT,1655.808,IMAGE,None
/home/annelot/WARMSTART_PROJECT/baseline_symphony_21-01-2026+15_00/tmp/mnist-net_256x4/image_6/mnist-net_256x4_6_0_029.mps,/home/annelot/WARMSTART_PROJECT/baseline_symphony_21-01-2026+15_00/tmp/mnist-net_256x4/image_8/mnist-net_256x4_8_0_029.mps,UNSAT,92.823,IMAGE,None
/home/annelot/WARMSTART_PROJECT/baseline_symphony_21-01-2026+15_00/tmp/mnist-net_256x4/image_8/mnist-net_256x4_8_0_021.mps,/home/annelot/WARMSTART_PROJECT/baseline_symphony_21-01-2026+15_00/tmp/mnist-net_256x4/image_7/mnist-net_256x4_7_0_021.mps,ERR,,IMAGE,None
/home/annelot/WARMSTART_PROJECT/baseline_symphony_21-01-2026+15_00/tmp/mnist-net_256x4/image_8/mnist-net_256x4_8_0_023.mps,/home/annelot/WARMSTART_PROJECT/baseline_symphony_21-01-2026+15_00/tmp/mnist-net_256x4/image_6/mnist-net_256x4_6_0_023.mps,ERR,,IMAGE,None
/home/annelot/WARMSTART_PROJECT/baseline_symphony_21-01-2026+15_00/tmp/mnist-net_256x4/image_8/mnist-net_256x4_8_0_025.mps,/home/annelot/WARMSTART_PROJECT/baseline_symphony_21-01-2026+15_00/tmp/mnist-net_256x4/image_6/mnist-net_256x4_6_0_025.mps,UNSAT,0.932,IMAGE,None
/home/annelot/WARMSTART_PROJECT/baseline_symphony_21-01-2026+15_00/tmp/mnist-net_256x4/image_8/mnist-net_256x4_8_0_027.mps,/home/annelot/WARMSTART_PROJECT/baseline_symphony_21-01-2026+15_00/tmp/mnist-net_256x4/image_6/mnist-net_256x4_6_0_027.mps,UNSAT,8.265,IMAGE,None
/home/annelot/WARMSTART_PROJECT/baseline_symphony_21-01-2026+15_00/tmp/mnist-net_256x4/image_8/mnist-net_256x4_8_0_031.mps,/home/annelot/WARMSTART_PROJECT/baseline_symphony_21-01-2026+15_00/tmp/mnist-net_256x4/image_6/mnist-net_256x4_6_0_031.mps,UNSAT,86.729,IMAGE,None
/home/annelot/WARMSTART_PROJECT/baseline_symphony_21-01-2026+15_00/tmp/mnist-net_256x4/image_8/mnist-net_256x4_8_0_029.mps,/home/annelot/WARMSTART_PROJECT/baseline_symphony_21-01-2026+15_00/tmp/mnist-net_256x4/image_6/mnist-net_256x4_6_0_029.mps,UNSAT,571.145,IMAGE,None
/home/annelot/WARMSTART_PROJECT/baseline_symphony_21-01-2026+15_00/tmp/mnist-net_256x4/image_9/mnist-net_256x4_9_0_021.mps,/home/annelot/WARMSTART_PROJECT/baseline_symphony_21-01-2026+15_00/tmp/mnist-net_256x4/image_7/mnist-net_256x4_7_0_021.mps,ERR,,IMAGE,None
/home/annelot/WARMSTART_PROJECT/baseline_symphony_21-01-2026+15_00/tmp/mnist-net_256x4/image_9/mnist-net_256x4_9_0_023.mps,/home/annelot/WARMSTART_PROJECT/baseline_symphony_21-01-2026+15_00/tmp/mnist-net_256x4/image_6/mnist-net_256x4_6_0_023.mps,ERR,,IMAGE,None
/home/annelot/WARMSTART_PROJECT/baseline_symphony_21-01-2026+15_00/tmp/mnist-net_256x4/image_9/mnist-net_256x4_9_0_025.mps,/home/annelot/WARMSTART_PROJECT/baseline_symphony_21-01-2026+15_00/tmp/mnist-net_256x4/image_6/mnist-net_256x4_6_0_025.mps,ERR,,IMAGE,None
/home/annelot/WARMSTART_PROJECT/baseline_symphony_21-01-2026+15_00/tmp/mnist-net_256x4/image_9/mnist-net_256x4_9_0_027.mps,/home/annelot/WARMSTART_PROJECT/baseline_symphony_21-01-2026+15_00/tmp/mnist-net_256x4/image_6/mnist-net_256x4_6_0_027.mps,ERR,,IMAGE,None
/home/annelot/WARMSTART_PROJECT/baseline_symphony_21-01-2026+15_00/tmp/mnist-net_256x4/image_9/mnist-net_256x4_9_0_031.mps,/home/annelot/WARMSTART_PROJECT/baseline_symphony_21-01-2026+15_00/tmp/mnist-net_256x4/image_6/mnist-net_256x4_6_0_031.mps,ERR,,IMAGE,None
/home/annelot/WARMSTART_PROJECT/baseline_symphony_21-01-2026+15_00/tmp/mnist-net_256x4/image_9/mnist-net_256x4_9_0_029.mps,/home/annelot/WARMSTART_PROJECT/baseline_symphony_21-01-2026+15_00/tmp/mnist-net_256x4/image_6/mnist-net_256x4_6_0_029.mps,ERR,,IMAGE,None
/home/annelot/WARMSTART_PROJECT/baseline_symphony_21-01-2026+15_00/tmp/mnist-net_256x4/image_9/mnist-net_256x4_9_0_035.mps,/home/annelot/WARMSTART_PROJECT/baseline_symphony_21-01-2026+15_00/tmp/mnist-net_256x4/image_6/mnist-net_256x4_6_0_035.mps,UNSAT,163.662,IMAGE,None
/home/annelot/WARMSTART_PROJECT/baseline_symphony_21-01-2026+15_00/tmp/mnist-net_256x4/image_9/mnist-net_256x4_9_0_033.mps,/home/annelot/WARMSTART_PROJECT/baseline_symphony_21-01-2026+15_00/tmp/mnist-net_256x4/image_6/mnist-net_256x4_6_0_033.mps,UNSAT,226.694,IMAGE,None
/home/annelot/WARMSTART_PROJECT/baseline_symphony_21-01-2026+15_00/tmp/mnist-net_256x4/image_9/mnist-net_256x4_9_0_037.mps,/home/annelot/WARMSTART_PROJECT/baseline_symphony_21-01-2026+15_00/tmp/mnist-net_256x4/image_0/mnist-net_256x4_0_0_037.mps,UNSAT,177.854,IMAGE,None
/home/annelot/WARMSTART_PROJECT/baseline_symphony_21-01-2026+15_00/tmp/mnist-net_256x4/image_2/mnist-net_256x4_2_0_021.mps,/home/annelot/WARMSTART_PROJECT/baseline_symphony_21-01-2026+15_00/tmp/mnist-net_256x4/image_7/mnist-net_256x4_7_0_021.mps,UNSAT,148.967,IMAGE,None
/home/annelot/WARMSTART_PROJECT/baseline_symphony_21-01-2026+15_00/tmp/mnist-net_256x4/image_1/mnist-net_256x4_1_0_041.mps,/home/annelot/WARMSTART_PROJECT/baseline_symphony_21-01-2026+15_00/tmp/mnist-net_256x4/image_7/mnist-net_256x4_7_0_041.mps,UNSAT,1.122,IMAGE,None
/home/annelot/WARMSTART_PROJECT/baseline_symphony_21-01-2026+15_00/tmp/mnist-net_256x4/image_5/mnist-net_256x4_5_0_021.mps,/home/annelot/WARMSTART_PROJECT/baseline_symphony_21-01-2026+15_00/tmp/mnist-net_256x4/image_7/mnist-net_256x4_7_0_021.mps,ERR,,IMAGE,None
/home/annelot/WARMSTART_PROJECT/baseline_symphony_21-01-2026+15_00/tmp/mnist-net_256x4/image_5/mnist-net_256x4_5_0_023.mps,/home/annelot/WARMSTART_PROJECT/baseline_symphony_21-01-2026+15_00/tmp/mnist-net_256x4/image_6/mnist-net_256x4_6_0_023.mps,UNSAT,1.417,IMAGE,None
/home/annelot/WARMSTART_PROJECT/baseline_symphony_21-01-2026+15_00/tmp/mnist-net_256x4/image_5/mnist-net_256x4_5_0_025.mps,/home/annelot/WARMSTART_PROJECT/baseline_symphony_21-01-2026+15_00/tmp/mnist-net_256x4/image_6/mnist-net_256x4_6_0_025.mps,UNSAT,455.182,IMAGE,None
/home/annelot/WARMSTART_PROJECT/baseline_symphony_21-01-2026+15_00/tmp/mnist-net_256x4/image_0/mnist-net_256x4_0_0_021.mps,/home/annelot/WARMSTART_PROJECT/baseline_symphony_21-01-2026+15_00/tmp/mnist-net_256x4/image_7/mnist-net_256x4_7_0_021.mps,ERR,,IMAGE,None
/home/annelot/WARMSTART_PROJECT/baseline_symphony_21-01-2026+15_00/tmp/mnist-net_256x4/image_0/mnist-net_256x4_0_0_023.mps,/home/annelot/WARMSTART_PROJECT/baseline_symphony_21-01-2026+15_00/tmp/mnist-net_256x4/image_6/mnist-net_256x4_6_0_023.mps,ERR,,IMAGE,None
/home/annelot/WARMSTART_PROJECT/baseline_symphony_21-01-2026+15_00/tmp/mnist-net_256x4/image_0/mnist-net_256x4_0_0_025.mps,/home/annelot/WARMSTART_PROJECT/baseline_symphony_21-01-2026+15_00/tmp/mnist-net_256x4/image_6/mnist-net_256x4_6_0_025.mps,ERR,,IMAGE,None
/home/annelot/WARMSTART_PROJECT/baseline_symphony_21-01-2026+15_00/tmp/mnist-net_256x4/image_0/mnist-net_256x4_0_0_027.mps,/home/annelot/WARMSTART_PROJECT/baseline_symphony_21-01-2026+15_00/tmp/mnist-net_256x4/image_6/mnist-net_256x4_6_0_027.mps,ERR,,IMAGE,None
/home/annelot/WARMSTART_PROJECT/baseline_symphony_21-01-2026+15_00/tmp/mnist-net_256x4/image_0/mnist-net_256x4_0_0_029.mps,/home/annelot/WARMSTART_PROJECT/baseline_symphony_21-01-2026+15_00/tmp/mnist-net_256x4/image_6/mnist-net_256x4_6_0_029.mps,ERR,,IMAGE,None
/home/annelot/WARMSTART_PROJECT/baseline_symphony_21-01-2026+15_00/tmp/mnist-net_256x4/image_0/mnist-net_256x4_0_0_031.mps,/home/annelot/WARMSTART_PROJECT/baseline_symphony_21-01-2026+15_00/tmp/mnist-net_256x4/image_6/mnist-net_256x4_6_0_031.mps,UNSAT,0.518,IMAGE,None
/home/annelot/WARMSTART_PROJECT/baseline_symphony_21-01-2026+15_00/tmp/mnist-net_256x4/image_0/mnist-net_256x4_0_0_033.mps,/home/annelot/WARMSTART_PROJECT/baseline_symphony_21-01-2026+15_00/tmp/mnist-net_256x4/image_6/mnist-net_256x4_6_0_033.mps,UNSAT,88.006,IMAGE,None
/home/annelot/WARMSTART_PROJECT/baseline_symphony_21-01-2026+15_00/tmp/mnist-net_256x4/image_0/mnist-net_256x4_0_0_035.mps,/home/annelot/WARMSTART_PROJECT/baseline_symphony_21-01-2026+15_00/tmp/mnist-net_256x4/image_6/mnist-net_256x4_6_0_035.mps,UNSAT,518.878,IMAGE,None
/home/annelot/WARMSTART_PROJECT/baseline_symphony_21-01-2026+15_00/tmp/mnist-net_256x4/image_4/mnist-net_256x4_4_0_021.mps,/home/annelot/WARMSTART_PROJECT/baseline_symphony_21-01-2026+15_00/tmp/mnist-net_256x4/image_7/mnist-net_256x4_7_0_021.mps,ERR,,IMAGE,None
/home/annelot/WARMSTART_PROJECT/baseline_symphony_21-01-2026+15_00/tmp/mnist-net_256x4/image_4/mnist-net_256x4_4_0_023.mps,/home/annelot/WARMSTART_PROJECT/baseline_symphony_21-01-2026+15_00/tmp/mnist-net_256x4/image_6/mnist-net_256x4_6_0_023.mps,ERR,,IMAGE,None
/home/annelot/WARMSTART_PROJECT/baseline_symphony_21-01-2026+15_00/tmp/mnist-net_256x4/image_4/mnist-net_256x4_4_0_025.mps,/home/annelot/WARMSTART_PROJECT/baseline_symphony_21-01-2026+15_00/tmp/mnist-net_256x4/image_6/mnist-net_256x4_6_0_025.mps,ERR,,IMAGE,None
/home/annelot/WARMSTART_PROJECT/baseline_symphony_21-01-2026+15_00/tmp/mnist-net_256x4/image_4/mnist-net_256x4_4_0_027.mps,/home/annelot/WARMSTART_PROJECT/baseline_symphony_21-01-2026+15_00/tmp/mnist-net_256x4/image_6/mnist-net_256x4_6_0_027.mps,ERR,,IMAGE,None
/home/annelot/WARMSTART_PROJECT/baseline_symphony_21-01-2026+15_00/tmp/mnist-net_256x4/image_4/mnist-net_256x4_4_0_029.mps,/home/annelot/WARMSTART_PROJECT/baseline_symphony_21-01-2026+15_00/tmp/mnist-net_256x4/image_6/mnist-net_256x4_6_0_029.mps,ERR,,IMAGE,None
/home/annelot/WARMSTART_PROJECT/baseline_symphony_21-01-2026+15_00/tmp/mnist-net_256x4/image_3/mnist-net_256x4_3_0_041.mps,/home/annelot/WARMSTART_PROJECT/baseline_symphony_21-01-2026+15_00/tmp/mnist-net_256x4/image_7/mnist-net_256x4_7_0_041.mps,UNSAT,0.784,IMAGE,None
