first_mps,second_mps,result,time,warmstart_type,configuration
/home/annelot/WARMSTART_PROJECT/baseline_symphony_21-01-2026+15_00/tmp/mnist-net_256x2/image_6/mnist-net_256x2_6_0_023.mps,/home/annelot/WARMSTART_PROJECT/baseline_symphony_21-01-2026+15_00/tmp/mnist-net_256x2/image_6/mnist-net_256x2_6_0_025.mps,UNSAT,0.331,UNSAT-UNSAT,
/home/annelot/WARMSTART_PROJECT/baseline_symphony_21-01-2026+15_00/tmp/mnist-net_256x2/image_6/mnist-net_256x2_6_0_023.mps,/home/annelot/WARMSTART_PROJECT/baseline_symphony_21-01-2026+15_00/tmp/mnist-net_256x2/image_6/mnist-net_256x2_6_0_027.mps,UNSAT,0.353,UNSAT-UNSAT,
/home/annelot/WARMSTART_PROJECT/baseline_symphony_21-01-2026+15_00/tmp/mnist-net_256x2/image_6/mnist-net_256x2_6_0_023.mps,/home/annelot/WARMSTART_PROJECT/baseline_symphony_21-01-2026+15_00/tmp/mnist-net_256x2/image_6/mnist-net_256x2_6_0_029.mps,UNSAT,0.354,UNSAT-UNSAT,
/home/annelot/WARMSTART_PROJECT/baseline_symphony_21-01-2026+15_00/tmp/mnist-net_256x2/image_6/mnist-net_256x2_6_0_023.mps,/home/annelot/WARMSTART_PROJECT/baseline_symphony_21-01-2026+15_00/tmp/mnist-net_256x2/image_6/mnist-net_256x2_6_0_033.mps,UNSAT,0.345,UNSAT-UNSAT,
/home/annelot/WARMSTART_PROJECT/baseline_symphony_21-01-2026+15_00/tmp/mnist-net_256x2/image_6/mnist-net_256x2_6_0_023.mps,/home/annelot/WARMSTART_PROJECT/baseline_symphony_21-01-2026+15_00/tmp/mnist-net_256x2/image_6/mnist-net_256x2_6_0_031.mps,UNSAT,0.349,UNSAT-UNSAT,
/home/annelot/WARMSTART_PROJECT/baseline_symphony_21-01-2026+15_00/tmp/mnist-net_256x2/image_6/mnist-net_256x2_6_0_023.mps,/home/annelot/WARMSTART_PROJECT/baseline_symphony_21-01-2026+15_00/tmp/mnist-net_256x2/image_6/mnist-net_256x2_6_0_035.mps,UNSAT,0.335,UNSAT-UNSAT,
/home/annelot/WARMSTART_PROJECT/baseline_symphony_21-01-2026+15_00/tmp/mnist-net_256x2/image_6/mnist-net_256x2_6_0_025.mps,/home/annelot/WARMSTART_PROJECT/baseline_symphony_21-01-2026+15_00/tmp/mnist-net_256x2/image_6/mnist-net_256x2_6_0_027.mps,UNSAT,3.14,UNSAT-UNSAT,
/home/annelot/WARMSTART_PROJECT/baseline_symphony_21-01-2026+15_00/tmp/mnist-net_256x2/image_6/mnist-net_256x2_6_0_025.mps,/home/annelot/WARMSTART_PROJECT/baseline_symphony_21-01-2026+15_00/tmp/mnist-net_256x2/image_6/mnist-net_256x2_6_0_029.mps,UNSAT,3.183,UNSAT-UNSAT,
/home/annelot/WARMSTART_PROJECT/baseline_symphony_21-01-2026+15_00/tmp/mnist-net_256x2/image_7/mnist-net_256x2_7_0_025.mps,/home/annelot/WARMSTART_PROJECT/baseline_symphony_21-01-2026+15_00/tmp/mnist-net_256x2/image_7/mnist-net_256x2_7_0_029.mps,UNSAT,17.002,UNSAT-UNSAT,
/home/annelot/WARMSTART_PROJECT/baseline_symphony_21-01-2026+15_00/tmp/mnist-net_256x2/image_7/mnist-net_256x2_7_0_025.mps,/home/annelot/WARMSTART_PROJECT/baseline_symphony_21-01-2026+15_00/tmp/mnist-net_256x2/image_7/mnist-net_256x2_7_0_027.mps,UNSAT,16.961,UNSAT-UNSAT,
/home/annelot/WARMSTART_PROJECT/baseline_symphony_21-01-2026+15_00/tmp/mnist-net_256x2/image_7/mnist-net_256x2_7_0_025.mps,/home/annelot/WARMSTART_PROJECT/baseline_symphony_21-01-2026+15_00/tmp/mnist-net_256x2/image_7/mnist-net_256x2_7_0_033.mps,UNSAT,16.935,UNSAT-UNSAT,
/home/annelot/WARMSTART_PROJECT/baseline_symphony_21-01-2026+15_00/tmp/mnist-net_256x2/image_7/mnist-net_256x2_7_0_025.mps,/home/annelot/WARMSTART_PROJECT/baseline_symphony_21-01-2026+15_00/tmp/mnist-net_256x2/image_7/mnist-net_256x2_7_0_031.mps,UNSAT,17.004,UNSAT-UNSAT,
/home/annelot/WARMSTART_PROJECT/baseline_symphony_21-01-2026+15_00/tmp/mnist-net_256x2/image_6/mnist-net_256x2_6_0_025.mps,/home/annelot/WARMSTART_PROJECT/baseline_symphony_21-01-2026+15_00/tmp/mnist-net_256x2/image_6/mnist-net_256x2_6_0_031.mps,UNSAT,3.097,UNSAT-UNSAT,
/home/annelot/WARMSTART_PROJECT/baseline_symphony_21-01-2026+15_00/tmp/mnist-net_256x2/image_6/mnist-net_256x2_6_0_025.mps,/home/annelot/WARMSTART_PROJECT/baseline_symphony_21-01-2026+15_00/tmp/mnist-net_256x2/image_6/mnist-net_256x2_6_0_033.mps,UNSAT,3.141,UNSAT-UNSAT,
/home/annelot/WARMSTART_PROJECT/baseline_symphony_21-01-2026+15_00/tmp/mnist-net_256x2/image_6/mnist-net_256x2_6_0_025.mps,/home/annelot/WARMSTART_PROJECT/baseline_symphony_21-01-2026+15_00/tmp/mnist-net_256x2/image_6/mnist-net_256x2_6_0_035.mps,UNSAT,3.134,UNSAT-UNSAT,
/home/annelot/WARMSTART_PROJECT/baseline_symphony_21-01-2026+15_00/tmp/mnist-net_256x2/image_6/mnist-net_256x2_6_0_027.mps,/home/annelot/WARMSTART_PROJECT/baseline_symphony_21-01-2026+15_00/tmp/mnist-net_256x2/image_6/mnist-net_256x2_6_0_033.mps,UNSAT,22.434,UNSAT-UNSAT,
/home/annelot/WARMSTART_PROJECT/baseline_symphony_21-01-2026+15_00/tmp/mnist-net_256x2/image_6/mnist-net_256x2_6_0_027.mps,/home/annelot/WARMSTART_PROJECT/baseline_symphony_21-01-2026+15_00/tmp/mnist-net_256x2/image_6/mnist-net_256x2_6_0_031.mps,UNSAT,22.521,UNSAT-UNSAT,
/home/annelot/WARMSTART_PROJECT/baseline_symphony_21-01-2026+15_00/tmp/mnist-net_256x2/image_6/mnist-net_256x2_6_0_027.mps,/home/annelot/WARMSTART_PROJECT/baseline_symphony_21-01-2026+15_00/tmp/mnist-net_256x2/image_6/mnist-net_256x2_6_0_029.mps,UNSAT,22.643,UNSAT-UNSAT,
/home/annelot/WARMSTART_PROJECT/baseline_symphony_21-01-2026+15_00/tmp/mnist-net_256x2/image_6/mnist-net_256x2_6_0_027.mps,/home/annelot/WARMSTART_PROJECT/baseline_symphony_21-01-2026+15_00/tmp/mnist-net_256x2/image_6/mnist-net_256x2_6_0_035.mps,UNSAT,22.269,UNSAT-UNSAT,
/home/annelot/WARMSTART_PROJECT/baseline_symphony_21-01-2026+15_00/tmp/mnist-net_256x2/image_7/mnist-net_256x2_7_0_027.mps,/home/annelot/WARMSTART_PROJECT/baseline_symphony_21-01-2026+15_00/tmp/mnist-net_256x2/image_7/mnist-net_256x2_7_0_029.mps,UNSAT,58.041,UNSAT-UNSAT,
/home/annelot/WARMSTART_PROJECT/baseline_symphony_21-01-2026+15_00/tmp/mnist-net_256x2/image_7/mnist-net_256x2_7_0_027.mps,/home/annelot/WARMSTART_PROJECT/baseline_symphony_21-01-2026+15_00/tmp/mnist-net_256x2/image_7/mnist-net_256x2_7_0_031.mps,UNSAT,58.171,UNSAT-UNSAT,
/home/annelot/WARMSTART_PROJECT/baseline_symphony_21-01-2026+15_00/tmp/mnist-net_256x2/image_7/mnist-net_256x2_7_0_027.mps,/home/annelot/WARMSTART_PROJECT/baseline_symphony_21-01-2026+15_00/tmp/mnist-net_256x2/image_7/mnist-net_256x2_7_0_033.mps,UNSAT,58.383,UNSAT-UNSAT,
/home/annelot/WARMSTART_PROJECT/baseline_symphony_21-01-2026+15_00/tmp/mnist-net_256x2/image_6/mnist-net_256x2_6_0_029.mps,/home/annelot/WARMSTART_PROJECT/baseline_symphony_21-01-2026+15_00/tmp/mnist-net_256x2/image_6/mnist-net_256x2_6_0_031.mps,UNSAT,70.371,UNSAT-UNSAT,
/home/annelot/WARMSTART_PROJECT/baseline_symphony_21-01-2026+15_00/tmp/mnist-net_256x2/image_6/mnist-net_256x2_6_0_029.mps,/home/annelot/WARMSTART_PROJECT/baseline_symphony_21-01-2026+15_00/tmp/mnist-net_256x2/image_6/mnist-net_256x2_6_0_033.mps,UNSAT,70.266,UNSAT-UNSAT,
/home/annelot/WARMSTART_PROJECT/baseline_symphony_21-01-2026+15_00/tmp/mnist-net_256x2/image_5/mnist-net_256x2_5_0_025.mps,/home/annelot/WARMSTART_PROJECT/baseline_symphony_21-01-2026+15_00/tmp/mnist-net_256x2/image_5/mnist-net_256x2_5_0_027.mps,UNSAT,0.287,UNSAT-UNSAT,
/home/annelot/WARMSTART_PROJECT/baseline_symphony_21-01-2026+15_00/tmp/mnist-net_256x2/image_5/mnist-net_256x2_5_0_025.mps,/home/annelot/WARMSTART_PROJECT/baseline_symphony_21-01-2026+15_00/tmp/mnist-net_256x2/image_5/mnist-net_256x2_5_0_029.mps,UNSAT,0.287,UNSAT-UNSAT,
/home/annelot/WARMSTART_PROJECT/baseline_symphony_21-01-2026+15_00/tmp/mnist-net_256x2/image_5/mnist-net_256x2_5_0_025.mps,/home/annelot/WARMSTART_PROJECT/baseline_symphony_21-01-2026+15_00/tmp/mnist-net_256x2/image_5/mnist-net_256x2_5_0_031.mps,UNSAT,0.297,UNSAT-UNSAT,
/home/annelot/WARMSTART_PROJECT/baseline_symphony_21-01-2026+15_00/tmp/mnist-net_256x2/image_5/mnist-net_256x2_5_0_025.mps,/home/annelot/WARMSTART_PROJECT/baseline_symphony_21-01-2026+15_00/tmp/mnist-net_256x2/image_5/mnist-net_256x2_5_0_033.mps,UNSAT,0.296,UNSAT-UNSAT,
/home/annelot/WARMSTART_PROJECT/baseline_symphony_21-01-2026+15_00/tmp/mnist-net_256x2/image_5/mnist-net_256x2_5_0_025.mps,/home/annelot/WARMSTART_PROJECT/baseline_symphony_21-01-2026+15_00/tmp/mnist-net_256x2/image_5/mnist-net_256x2_5_0_037.mps,UNSAT,0.293,UNSAT-UNSAT,
/home/annelot/WARMSTART_PROJECT/baseline_symphony_21-01-2026+15_00/tmp/mnist-net_256x2/image_5/mnist-net_256x2_5_0_025.mps,/home/annelot/WARMSTART_PROJECT/baseline_symphony_21-01-2026+15_00/tmp/mnist-net_256x2/image_5/mnist-net_256x2_5_0_035.mps,UNSAT,0.297,UNSAT-UNSAT,
/home/annelot/WARMSTART_PROJECT/baseline_symphony_21-01-2026+15_00/tmp/mnist-net_256x2/image_5/mnist-net_256x2_5_0_027.mps,/home/annelot/WARMSTART_PROJECT/baseline_symphony_21-01-2026+15_00/tmp/mnist-net_256x2/image_5/mnist-net_256x2_5_0_031.mps,UNSAT,5.106,UNSAT-UNSAT,
/home/annelot/WARMSTART_PROJECT/baseline_symphony_21-01-2026+15_00/tmp/mnist-net_256x2/image_5/mnist-net_256x2_5_0_027.mps,/home/annelot/WARMSTART_PROJECT/baseline_symphony_21-01-2026+15_00/tmp/mnist-net_256x2/image_5/mnist-net_256x2_5_0_029.mps,UNSAT,5.096,UNSAT-UNSAT,
/home/annelot/WARMSTART_PROJECT/baseline_symphony_21-01-2026+15_00/tmp/mnist-net_256x2/image_6/mnist-net_256x2_6_0_029.mps,/home/annelot/WARMSTART_PROJECT/baseline_symphony_21-01-2026+15_00/tmp/mnist-net_256x2/image_6/mnist-net_256x2_6_0_035.mps,UNSAT,68.884,UNSAT-UNSAT,
/home/annelot/WARMSTART_PROJECT/baseline_symphony_21-01-2026+15_00/tmp/mnist-net_256x2/image_5/mnist-net_256x2_5_0_027.mps,/home/annelot/WARMSTART_PROJECT/baseline_symphony_21-01-2026+15_00/tmp/mnist-net_256x2/image_5/mnist-net_256x2_5_0_033.mps,UNSAT,5.061,UNSAT-UNSAT,
/home/annelot/WARMSTART_PROJECT/baseline_symphony_21-01-2026+15_00/tmp/mnist-net_256x2/image_5/mnist-net_256x2_5_0_027.mps,/home/annelot/WARMSTART_PROJECT/baseline_symphony_21-01-2026+15_00/tmp/mnist-net_256x2/image_5/mnist-net_256x2_5_0_035.mps,UNSAT,5.063,UNSAT-UNSAT,
/home/annelot/WARMSTART_PROJECT/baseline_symphony_21-01-2026+15_00/tmp/mnist-net_256x2/image_5/mnist-net_256x2_5_0_027.mps,/home/annelot/WARMSTART_PROJECT/baseline_symphony_21-01-2026+15_00/tmp/mnist-net_256x2/image_5/mnist-net_256x2_5_0_037.mps,UNSAT,5.059,UNSAT-UNSAT,
/home/annelot/WARMSTART_PROJECT/baseline_symphony_21-01-2026+15_00/tmp/mnist-net_256x2/image_5/mnist-net_256x2_5_0_029.mps,/home/annelot/WARMSTART_PROJECT/baseline_symphony_21-01-2026+15_00/tmp/mnist-net_256x2/image_5/mnist-net_256x2_5_0_033.mps,UNSAT,28.698,UNSAT-UNSAT,
/home/annelot/WARMSTART_PROJECT/baseline_symphony_21-01-2026+15_00/tmp/mnist-net_256x2/image_5/mnist-net_256x2_5_0_029.mps,/home/annelot/WARMSTART_PROJECT/baseline_symphony_21-01-2026+15_00/tmp/mnist-net_256x2/image_5/mnist-net_256x2_5_0_031.mps,UNSAT,28.714,UNSAT-UNSAT,
/home/annelot/WARMSTART_PROJECT/baseline_symphony_21-01-2026+15_00/tmp/mnist-net_256x2/image_5/mnist-net_256x2_5_0_029.mps,/home/annelot/WARMSTART_PROJECT/baseline_symphony_21-01-2026+15_00/tmp/mnist-net_256x2/image_5/mnist-net_256x2_5_0_035.mps,UNSAT,28.674,UNSAT-UNSAT,
/home/annelot/WARMSTART_PROJECT/baseline_symphony_21-01-2026+15_00/tmp/mnist-net_256x2/image_5/mnist-net_256x2_5_0_031.mps,/home/annelot/WARMSTART_PROJECT/baseline_symphony_21-01-2026+15_00/tmp/mnist-net_256x2/image_5/mnist-net_256x2_5_0_033.mps,UNSAT,20.202,UNSAT-UNSAT,
/home/annelot/WARMSTART_PROJECT/baseline_symphony_21-01-2026+15_00/tmp/mnist-net_256x2/image_5/mnist-net_256x2_5_0_031.mps,/home/annelot/WARMSTART_PROJECT/baseline_symphony_21-01-2026+15_00/tmp/mnist-net_256x2/image_5/mnist-net_256x2_5_0_035.mps,UNSAT,20.224,UNSAT-UNSAT,
/home/annelot/WARMSTART_PROJECT/baseline_symphony_21-01-2026+15_00/tmp/mnist-net_256x2/image_5/mnist-net_256x2_5_0_029.mps,/home/annelot/WARMSTART_PROJECT/baseline_symphony_21-01-2026+15_00/tmp/mnist-net_256x2/image_5/mnist-net_256x2_5_0_037.mps,UNSAT,28.589,UNSAT-UNSAT,
/home/annelot/WARMSTART_PROJECT/baseline_symphony_21-01-2026+15_00/tmp/mnist-net_256x2/image_5/mnist-net_256x2_5_0_031.mps,/home/annelot/WARMSTART_PROJECT/baseline_symphony_21-01-2026+15_00/tmp/mnist-net_256x2/image_5/mnist-net_256x2_5_0_037.mps,UNSAT,20.152,UNSAT-UNSAT,
/home/annelot/WARMSTART_PROJECT/baseline_symphony_21-01-2026+15_00/tmp/mnist-net_256x2/image_5/mnist-net_256x2_5_0_033.mps,/home/annelot/WARMSTART_PROJECT/baseline_symphony_21-01-2026+15_00/tmp/mnist-net_256x2/image_5/mnist-net_256x2_5_0_035.mps,UNSAT,104.232,UNSAT-UNSAT,
/home/annelot/WARMSTART_PROJECT/baseline_symphony_21-01-2026+15_00/tmp/mnist-net_256x2/image_5/mnist-net_256x2_5_0_033.mps,/home/annelot/WARMSTART_PROJECT/baseline_symphony_21-01-2026+15_00/tmp/mnist-net_256x2/image_5/mnist-net_256x2_5_0_037.mps,UNSAT,103.484,UNSAT-UNSAT,
/home/annelot/WARMSTART_PROJECT/baseline_symphony_21-01-2026+15_00/tmp/mnist-net/image_9/mnist-net_9_0_037.mps,/home/annelot/WARMSTART_PROJECT/baseline_symphony_21-01-2026+15_00/tmp/mnist-net/image_9/mnist-net_9_0_039.mps,UNSAT,0.389,UNSAT-UNSAT,
/home/annelot/WARMSTART_PROJECT/baseline_symphony_21-01-2026+15_00/tmp/mnist-net/image_9/mnist-net_9_0_037.mps,/home/annelot/WARMSTART_PROJECT/baseline_symphony_21-01-2026+15_00/tmp/mnist-net/image_9/mnist-net_9_0_041.mps,UNSAT,0.381,UNSAT-UNSAT,
/home/annelot/WARMSTART_PROJECT/baseline_symphony_21-01-2026+15_00/tmp/mnist-net/image_9/mnist-net_9_0_037.mps,/home/annelot/WARMSTART_PROJECT/baseline_symphony_21-01-2026+15_00/tmp/mnist-net/image_9/mnist-net_9_0_043.mps,UNSAT,0.415,UNSAT-UNSAT,
/home/annelot/WARMSTART_PROJECT/baseline_symphony_21-01-2026+15_00/tmp/mnist-net/image_9/mnist-net_9_0_037.mps,/home/annelot/WARMSTART_PROJECT/baseline_symphony_21-01-2026+15_00/tmp/mnist-net/image_9/mnist-net_9_0_045.mps,UNSAT,0.415,UNSAT-UNSAT,
/home/annelot/WARMSTART_PROJECT/baseline_symphony_21-01-2026+15_00/tmp/mnist-net/image_9/mnist-net_9_0_037.mps,/home/annelot/WARMSTART_PROJECT/baseline_symphony_21-01-2026+15_00/tmp/mnist-net/image_9/mnist-net_9_0_047.mps,UNSAT,0.412,UNSAT-UNSAT,
/home/annelot/WARMSTART_PROJECT/baseline_symphony_21-01-2026+15_00/tmp/mnist-net/image_9/mnist-net_9_0_037.mps,/home/annelot/WARMSTART_PROJECT/baseline_symphony_21-01-2026+15_00/tmp/mnist-net/image_9/mnist-net_9_0_049.mps,UNSAT,0.418,UNSAT-UNSAT,
/home/annelot/WARMSTART_PROJECT/baseline_symphony_21-01-2026+15_00/tmp/mnist-net/image_9/mnist-net_9_0_037.mps,/home/annelot/WARMSTART_PROJECT/baseline_symphony_21-01-2026+15_00/tmp/mnist-net/image_9/mnist-net_9_0_051.mps,UNSAT,0.407,UNSAT-UNSAT,
/home/annelot/WARMSTART_PROJECT/baseline_symphony_21-01-2026+15_00/tmp/mnist-net/image_9/mnist-net_9_0_037.mps,/home/annelot/WARMSTART_PROJECT/baseline_symphony_21-01-2026+15_00/tmp/mnist-net/image_9/mnist-net_9_0_053.mps,UNSAT,0.414,UNSAT-UNSAT,
/home/annelot/WARMSTART_PROJECT/baseline_symphony_21-01-2026+15_00/tmp/mnist-net/image_9/mnist-net_9_0_037.mps,/home/annelot/WARMSTART_PROJECT/baseline_symphony_21-01-2026+15_00/tmp/mnist-net/image_9/mnist-net_9_0_055.mps,UNSAT,0.41,UNSAT-UNSAT,
/home/annelot/WARMSTART_PROJECT/baseline_symphony_21-01-2026+15_00/tmp/mnist-net/image_9/mnist-net_9_0_037.mps,/home/annelot/WARMSTART_PROJECT/baseline_symphony_21-01-2026+15_00/tmp/mnist-net/image_9/mnist-net_9_0_057.mps,UNSAT,0.413,UNSAT-UNSAT,
/home/annelot/WARMSTART_PROJECT/baseline_symphony_21-01-2026+15_00/tmp/mnist-net/image_9/mnist-net_9_0_037.mps,/home/annelot/WARMSTART_PROJECT/baseline_symphony_21-01-2026+15_00/tmp/mnist-net/image_9/mnist-net_9_0_059.mps,UNSAT,0.391,UNSAT-UNSAT,
/home/annelot/WARMSTART_PROJECT/baseline_symphony_21-01-2026+15_00/tmp/mnist-net/image_9/mnist-net_9_0_039.mps,/home/annelot/WARMSTART_PROJECT/baseline_symphony_21-01-2026+15_00/tmp/mnist-net/image_9/mnist-net_9_0_041.mps,UNSAT,3.664,UNSAT-UNSAT,
/home/annelot/WARMSTART_PROJECT/baseline_symphony_21-01-2026+15_00/tmp/mnist-net/image_9/mnist-net_9_0_039.mps,/home/annelot/WARMSTART_PROJECT/baseline_symphony_21-01-2026+15_00/tmp/mnist-net/image_9/mnist-net_9_0_043.mps,UNSAT,3.626,UNSAT-UNSAT,
/home/annelot/WARMSTART_PROJECT/baseline_symphony_21-01-2026+15_00/tmp/mnist-net/image_9/mnist-net_9_0_039.mps,/home/annelot/WARMSTART_PROJECT/baseline_symphony_21-01-2026+15_00/tmp/mnist-net/image_9/mnist-net_9_0_045.mps,UNSAT,3.645,UNSAT-UNSAT,
/home/annelot/WARMSTART_PROJECT/baseline_symphony_21-01-2026+15_00/tmp/mnist-net/image_9/mnist-net_9_0_039.mps,/home/annelot/WARMSTART_PROJECT/baseline_symphony_21-01-2026+15_00/tmp/mnist-net/image_9/mnist-net_9_0_047.mps,UNSAT,3.623,UNSAT-UNSAT,
/home/annelot/WARMSTART_PROJECT/baseline_symphony_21-01-2026+15_00/tmp/mnist-net/image_9/mnist-net_9_0_039.mps,/home/annelot/WARMSTART_PROJECT/baseline_symphony_21-01-2026+15_00/tmp/mnist-net/image_9/mnist-net_9_0_049.mps,UNSAT,3.653,UNSAT-UNSAT,
/home/annelot/WARMSTART_PROJECT/baseline_symphony_21-01-2026+15_00/tmp/mnist-net/image_9/mnist-net_9_0_039.mps,/home/annelot/WARMSTART_PROJECT/baseline_symphony_21-01-2026+15_00/tmp/mnist-net/image_9/mnist-net_9_0_051.mps,UNSAT,3.642,UNSAT-UNSAT,
/home/annelot/WARMSTART_PROJECT/baseline_symphony_21-01-2026+15_00/tmp/mnist-net/image_9/mnist-net_9_0_039.mps,/home/annelot/WARMSTART_PROJECT/baseline_symphony_21-01-2026+15_00/tmp/mnist-net/image_9/mnist-net_9_0_053.mps,UNSAT,3.659,UNSAT-UNSAT,
/home/annelot/WARMSTART_PROJECT/baseline_symphony_21-01-2026+15_00/tmp/mnist-net/image_9/mnist-net_9_0_039.mps,/home/annelot/WARMSTART_PROJECT/baseline_symphony_21-01-2026+15_00/tmp/mnist-net/image_9/mnist-net_9_0_055.mps,UNSAT,3.689,UNSAT-UNSAT,
/home/annelot/WARMSTART_PROJECT/baseline_symphony_21-01-2026+15_00/tmp/mnist-net/image_9/mnist-net_9_0_039.mps,/home/annelot/WARMSTART_PROJECT/baseline_symphony_21-01-2026+15_00/tmp/mnist-net/image_9/mnist-net_9_0_057.mps,UNSAT,3.688,UNSAT-UNSAT,
/home/annelot/WARMSTART_PROJECT/baseline_symphony_21-01-2026+15_00/tmp/mnist-net/image_9/mnist-net_9_0_039.mps,/home/annelot/WARMSTART_PROJECT/baseline_symphony_21-01-2026+15_00/tmp/mnist-net/image_9/mnist-net_9_0_059.mps,UNSAT,3.694,UNSAT-UNSAT,
/home/annelot/WARMSTART_PROJECT/baseline_symphony_21-01-2026+15_00/tmp/mnist-net/image_9/mnist-net_9_0_041.mps,/home/annelot/WARMSTART_PROJECT/baseline_symphony_21-01-2026+15_00/tmp/mnist-net/image_9/mnist-net_9_0_043.mps,UNSAT,4.498,UNSAT-UNSAT,
/home/annelot/WARMSTART_PROJECT/baseline_symphony_21-01-2026+15_00/tmp/mnist-net/image_9/mnist-net_9_0_041.mps,/home/annelot/WARMSTART_PROJECT/baseline_symphony_21-01-2026+15_00/tmp/mnist-net/image_9/mnist-net_9_0_045.mps,UNSAT,4.527,UNSAT-UNSAT,
/home/annelot/WARMSTART_PROJECT/baseline_symphony_21-01-2026+15_00/tmp/mnist-net/image_9/mnist-net_9_0_041.mps,/home/annelot/WARMSTART_PROJECT/baseline_symphony_21-01-2026+15_00/tmp/mnist-net/image_9/mnist-net_9_0_047.mps,UNSAT,4.519,UNSAT-UNSAT,
/home/annelot/WARMSTART_PROJECT/baseline_symphony_21-01-2026+15_00/tmp/mnist-net/image_9/mnist-net_9_0_041.mps,/home/annelot/WARMSTART_PROJECT/baseline_symphony_21-01-2026+15_00/tmp/mnist-net/image_9/mnist-net_9_0_049.mps,UNSAT,4.517,UNSAT-UNSAT,
/home/annelot/WARMSTART_PROJECT/baseline_symphony_21-01-2026+15_00/tmp/mnist-net/image_9/mnist-net_9_0_041.mps,/home/annelot/WARMSTART_PROJECT/baseline_symphony_21-01-2026+15_00/tmp/mnist-net/image_9/mnist-net_9_0_051.mps,UNSAT,4.524,UNSAT-UNSAT,
/home/annelot/WARMSTART_PROJECT/baseline_symphony_21-01-2026+15_00/tmp/mnist-net/image_9/mnist-net_9_0_041.mps,/home/annelot/WARMSTART_PROJECT/baseline_symphony_21-01-2026+15_00/tmp/mnist-net/image_9/mnist-net_9_0_053.mps,UNSAT,4.523,UNSAT-UNSAT,
/home/annelot/WARMSTART_PROJECT/baseline_symphony_21-01-2026+15_00/tmp/mnist-net/image_9/mnist-net_9_0_041.mps,/home/annelot/WARMSTART_PROJECT/baseline_symphony_21-01-2026+15_00/tmp/mnist-net/image_9/mnist-net_9_0_055.mps,UNSAT,4.541,UNSAT-UNSAT,
/home/annelot/WARMSTART_PROJECT/baseline_symphony_21-01-2026+15_00/tmp/mnist-net/image_9/mnist-net_9_0_041.mps,/home/annelot/WARMSTART_PROJECT/baseline_symphony_21-01-2026+15_00/tmp/mnist-net/image_9/mnist-net_9_0_057.mps,UNSAT,4.502,UNSAT-UNSAT,
/home/annelot/WARMSTART_PROJECT/baseline_symphony_21-01-2026+15_00/tmp/mnist-net/image_9/mnist-net_9_0_041.mps,/home/annelot/WARMSTART_PROJECT/baseline_symphony_21-01-2026+15_00/tmp/mnist-net/image_9/mnist-net_9_0_059.mps,UNSAT,4.515,UNSAT-UNSAT,
/home/annelot/WARMSTART_PROJECT/baseline_symphony_21-01-2026+15_00/tmp/mnist-net/image_9/mnist-net_9_0_043.mps,/home/annelot/WARMSTART_PROJECT/baseline_symphony_21-01-2026+15_00/tmp/mnist-net/image_9/mnist-net_9_0_045.mps,UNSAT,4.471,UNSAT-UNSAT,
/home/annelot/WARMSTART_PROJECT/baseline_symphony_21-01-2026+15_00/tmp/mnist-net/image_9/mnist-net_9_0_043.mps,/home/annelot/WARMSTART_PROJECT/baseline_symphony_21-01-2026+15_00/tmp/mnist-net/image_9/mnist-net_9_0_047.mps,UNSAT,4.486,UNSAT-UNSAT,
/home/annelot/WARMSTART_PROJECT/baseline_symphony_21-01-2026+15_00/tmp/mnist-net/image_9/mnist-net_9_0_043.mps,/home/annelot/WARMSTART_PROJECT/baseline_symphony_21-01-2026+15_00/tmp/mnist-net/image_9/mnist-net_9_0_049.mps,UNSAT,4.468,UNSAT-UNSAT,
/home/annelot/WARMSTART_PROJECT/baseline_symphony_21-01-2026+15_00/tmp/mnist-net/image_9/mnist-net_9_0_043.mps,/home/annelot/WARMSTART_PROJECT/baseline_symphony_21-01-2026+15_00/tmp/mnist-net/image_9/mnist-net_9_0_051.mps,UNSAT,4.428,UNSAT-UNSAT,
/home/annelot/WARMSTART_PROJECT/baseline_symphony_21-01-2026+15_00/tmp/mnist-net/image_9/mnist-net_9_0_043.mps,/home/annelot/WARMSTART_PROJECT/baseline_symphony_21-01-2026+15_00/tmp/mnist-net/image_9/mnist-net_9_0_053.mps,UNSAT,4.481,UNSAT-UNSAT,
/home/annelot/WARMSTART_PROJECT/baseline_symphony_21-01-2026+15_00/tmp/mnist-net/image_9/mnist-net_9_0_043.mps,/home/annelot/WARMSTART_PROJECT/baseline_symphony_21-01-2026+15_00/tmp/mnist-net/image_9/mnist-net_9_0_055.mps,UNSAT,4.459,UNSAT-UNSAT,
/home/annelot/WARMSTART_PROJECT/baseline_symphony_21-01-2026+15_00/tmp/mnist-net/image_9/mnist-net_9_0_043.mps,/home/annelot/WARMSTART_PROJECT/baseline_symphony_21-01-2026+15_00/tmp/mnist-net/image_9/mnist-net_9_0_057.mps,UNSAT,4.476,UNSAT-UNSAT,
/home/annelot/WARMSTART_PROJECT/baseline_symphony_21-01-2026+15_00/tmp/mnist-net/image_9/mnist-net_9_0_043.mps,/home/annelot/WARMSTART_PROJECT/baseline_symphony_21-01-2026+15_00/tmp/mnist-net/image_9/mnist-net_9_0_059.mps,UNSAT,4.44,UNSAT-UNSAT,
/home/annelot/WARMSTART_PROJECT/baseline_symphony_21-01-2026+15_00/tmp/mnist-net/image_9/mnist-net_9_0_045.mps,/home/annelot/WARMSTART_PROJECT/baseline_symphony_21-01-2026+15_00/tmp/mnist-net/image_9/mnist-net_9_0_047.mps,UNSAT,11.28,UNSAT-UNSAT,
/home/annelot/WARMSTART_PROJECT/baseline_symphony_21-01-2026+15_00/tmp/mnist-net/image_9/mnist-net_9_0_045.mps,/home/annelot/WARMSTART_PROJECT/baseline_symphony_21-01-2026+15_00/tmp/mnist-net/image_9/mnist-net_9_0_049.mps,UNSAT,11.261,UNSAT-UNSAT,
/home/annelot/WARMSTART_PROJECT/baseline_symphony_21-01-2026+15_00/tmp/mnist-net_256x2/image_5/mnist-net_256x2_5_0_035.mps,/home/annelot/WARMSTART_PROJECT/baseline_symphony_21-01-2026+15_00/tmp/mnist-net_256x2/image_5/mnist-net_256x2_5_0_037.mps,UNSAT,214.672,UNSAT-UNSAT,
/home/annelot/WARMSTART_PROJECT/baseline_symphony_21-01-2026+15_00/tmp/mnist-net_256x2/image_7/mnist-net_256x2_7_0_029.mps,/home/annelot/WARMSTART_PROJECT/baseline_symphony_21-01-2026+15_00/tmp/mnist-net_256x2/image_7/mnist-net_256x2_7_0_033.mps,UNSAT,410.763,UNSAT-UNSAT,
/home/annelot/WARMSTART_PROJECT/baseline_symphony_21-01-2026+15_00/tmp/mnist-net_256x2/image_7/mnist-net_256x2_7_0_029.mps,/home/annelot/WARMSTART_PROJECT/baseline_symphony_21-01-2026+15_00/tmp/mnist-net_256x2/image_7/mnist-net_256x2_7_0_031.mps,UNSAT,410.906,UNSAT-UNSAT,
/home/annelot/WARMSTART_PROJECT/baseline_symphony_21-01-2026+15_00/tmp/mnist-net/image_9/mnist-net_9_0_045.mps,/home/annelot/WARMSTART_PROJECT/baseline_symphony_21-01-2026+15_00/tmp/mnist-net/image_9/mnist-net_9_0_051.mps,UNSAT,10.937,UNSAT-UNSAT,
/home/annelot/WARMSTART_PROJECT/baseline_symphony_21-01-2026+15_00/tmp/mnist-net/image_9/mnist-net_9_0_045.mps,/home/annelot/WARMSTART_PROJECT/baseline_symphony_21-01-2026+15_00/tmp/mnist-net/image_9/mnist-net_9_0_053.mps,UNSAT,11.156,UNSAT-UNSAT,
/home/annelot/WARMSTART_PROJECT/baseline_symphony_21-01-2026+15_00/tmp/mnist-net_256x2/image_6/mnist-net_256x2_6_0_031.mps,/home/annelot/WARMSTART_PROJECT/baseline_symphony_21-01-2026+15_00/tmp/mnist-net_256x2/image_6/mnist-net_256x2_6_0_035.mps,UNSAT,558.69,UNSAT-UNSAT,
/home/annelot/WARMSTART_PROJECT/baseline_symphony_21-01-2026+15_00/tmp/mnist-net_256x2/image_6/mnist-net_256x2_6_0_031.mps,/home/annelot/WARMSTART_PROJECT/baseline_symphony_21-01-2026+15_00/tmp/mnist-net_256x2/image_6/mnist-net_256x2_6_0_033.mps,UNSAT,561.288,UNSAT-UNSAT,
/home/annelot/WARMSTART_PROJECT/baseline_symphony_21-01-2026+15_00/tmp/mnist-net_256x4/image_2/mnist-net_256x4_2_0_021.mps,/home/annelot/WARMSTART_PROJECT/baseline_symphony_21-01-2026+15_00/tmp/mnist-net_256x4/image_2/mnist-net_256x4_2_0_023.mps,UNSAT,268.464,UNSAT-TIMEOUT,
/home/annelot/WARMSTART_PROJECT/baseline_symphony_21-01-2026+15_00/tmp/mnist-net_256x2/image_6/mnist-net_256x2_6_0_035.mps,/home/annelot/WARMSTART_PROJECT/baseline_symphony_21-01-2026+15_00/tmp/mnist-net_256x2/image_6/mnist-net_256x2_6_0_037.mps,UNSAT,1201.227,UNSAT-TIMEOUT,
/home/annelot/WARMSTART_PROJECT/baseline_symphony_21-01-2026+15_00/tmp/mnist-net_256x2/image_6/mnist-net_256x2_6_0_035.mps,/home/annelot/WARMSTART_PROJECT/baseline_symphony_21-01-2026+15_00/tmp/mnist-net_256x2/image_6/mnist-net_256x2_6_0_041.mps,UNSAT,1204.492,UNSAT-TIMEOUT,
/home/annelot/WARMSTART_PROJECT/baseline_symphony_21-01-2026+15_00/tmp/mnist-net_256x2/image_6/mnist-net_256x2_6_0_035.mps,/home/annelot/WARMSTART_PROJECT/baseline_symphony_21-01-2026+15_00/tmp/mnist-net_256x2/image_6/mnist-net_256x2_6_0_061.mps,UNSAT,1201.214,UNSAT-TIMEOUT,
/home/annelot/WARMSTART_PROJECT/baseline_symphony_21-01-2026+15_00/tmp/mnist-net_256x2/image_8/mnist-net_256x2_8_0_021.mps,/home/annelot/WARMSTART_PROJECT/baseline_symphony_21-01-2026+15_00/tmp/mnist-net_256x2/image_8/mnist-net_256x2_8_0_023.mps,UNSAT,0.211,UNSAT-UNSAT,
/home/annelot/WARMSTART_PROJECT/baseline_symphony_21-01-2026+15_00/tmp/mnist-net_256x2/image_8/mnist-net_256x2_8_0_021.mps,/home/annelot/WARMSTART_PROJECT/baseline_symphony_21-01-2026+15_00/tmp/mnist-net_256x2/image_8/mnist-net_256x2_8_0_025.mps,UNSAT,0.22,UNSAT-UNSAT,
/home/annelot/WARMSTART_PROJECT/baseline_symphony_21-01-2026+15_00/tmp/mnist-net_256x2/image_8/mnist-net_256x2_8_0_021.mps,/home/annelot/WARMSTART_PROJECT/baseline_symphony_21-01-2026+15_00/tmp/mnist-net_256x2/image_8/mnist-net_256x2_8_0_027.mps,UNSAT,0.222,UNSAT-UNSAT,
/home/annelot/WARMSTART_PROJECT/baseline_symphony_21-01-2026+15_00/tmp/mnist-net_256x2/image_8/mnist-net_256x2_8_0_021.mps,/home/annelot/WARMSTART_PROJECT/baseline_symphony_21-01-2026+15_00/tmp/mnist-net_256x2/image_8/mnist-net_256x2_8_0_029.mps,UNSAT,0.219,UNSAT-UNSAT,
/home/annelot/WARMSTART_PROJECT/baseline_symphony_21-01-2026+15_00/tmp/mnist-net_256x2/image_8/mnist-net_256x2_8_0_021.mps,/home/annelot/WARMSTART_PROJECT/baseline_symphony_21-01-2026+15_00/tmp/mnist-net_256x2/image_8/mnist-net_256x2_8_0_031.mps,UNSAT,0.223,UNSAT-UNSAT,
/home/annelot/WARMSTART_PROJECT/baseline_symphony_21-01-2026+15_00/tmp/mnist-net_256x2/image_6/mnist-net_256x2_6_0_035.mps,/home/annelot/WARMSTART_PROJECT/baseline_symphony_21-01-2026+15_00/tmp/mnist-net_256x2/image_6/mnist-net_256x2_6_0_081.mps,UNSAT,1206.215,UNSAT-TIMEOUT,
/home/annelot/WARMSTART_PROJECT/baseline_symphony_21-01-2026+15_00/tmp/mnist-net_256x2/image_8/mnist-net_256x2_8_0_021.mps,/home/annelot/WARMSTART_PROJECT/baseline_symphony_21-01-2026+15_00/tmp/mnist-net_256x2/image_8/mnist-net_256x2_8_0_033.mps,UNSAT,0.235,UNSAT-UNSAT,
/home/annelot/WARMSTART_PROJECT/baseline_symphony_21-01-2026+15_00/tmp/mnist-net_256x2/image_8/mnist-net_256x2_8_0_021.mps,/home/annelot/WARMSTART_PROJECT/baseline_symphony_21-01-2026+15_00/tmp/mnist-net_256x2/image_8/mnist-net_256x2_8_0_035.mps,UNSAT,0.232,UNSAT-UNSAT,
/home/annelot/WARMSTART_PROJECT/baseline_symphony_21-01-2026+15_00/tmp/mnist-net_256x2/image_6/mnist-net_256x2_6_0_033.mps,/home/annelot/WARMSTART_PROJECT/baseline_symphony_21-01-2026+15_00/tmp/mnist-net_256x2/image_6/mnist-net_256x2_6_0_035.mps,UNSAT,1575.32,UNSAT-UNSAT,
/home/annelot/WARMSTART_PROJECT/baseline_symphony_21-01-2026+15_00/tmp/mnist-net_256x2/image_8/mnist-net_256x2_8_0_021.mps,/home/annelot/WARMSTART_PROJECT/baseline_symphony_21-01-2026+15_00/tmp/mnist-net_256x2/image_8/mnist-net_256x2_8_0_037.mps,UNSAT,0.219,UNSAT-UNSAT,
/home/annelot/WARMSTART_PROJECT/baseline_symphony_21-01-2026+15_00/tmp/mnist-net_256x2/image_8/mnist-net_256x2_8_0_023.mps,/home/annelot/WARMSTART_PROJECT/baseline_symphony_21-01-2026+15_00/tmp/mnist-net_256x2/image_8/mnist-net_256x2_8_0_027.mps,UNSAT,1.202,UNSAT-UNSAT,
/home/annelot/WARMSTART_PROJECT/baseline_symphony_21-01-2026+15_00/tmp/mnist-net_256x2/image_8/mnist-net_256x2_8_0_023.mps,/home/annelot/WARMSTART_PROJECT/baseline_symphony_21-01-2026+15_00/tmp/mnist-net_256x2/image_8/mnist-net_256x2_8_0_025.mps,UNSAT,1.201,UNSAT-UNSAT,
/home/annelot/WARMSTART_PROJECT/baseline_symphony_21-01-2026+15_00/tmp/mnist-net_256x2/image_8/mnist-net_256x2_8_0_023.mps,/home/annelot/WARMSTART_PROJECT/baseline_symphony_21-01-2026+15_00/tmp/mnist-net_256x2/image_8/mnist-net_256x2_8_0_031.mps,UNSAT,1.229,UNSAT-UNSAT,
/home/annelot/WARMSTART_PROJECT/baseline_symphony_21-01-2026+15_00/tmp/mnist-net_256x2/image_8/mnist-net_256x2_8_0_023.mps,/home/annelot/WARMSTART_PROJECT/baseline_symphony_21-01-2026+15_00/tmp/mnist-net_256x2/image_8/mnist-net_256x2_8_0_033.mps,UNSAT,1.245,UNSAT-UNSAT,
/home/annelot/WARMSTART_PROJECT/baseline_symphony_21-01-2026+15_00/tmp/mnist-net_256x2/image_8/mnist-net_256x2_8_0_023.mps,/home/annelot/WARMSTART_PROJECT/baseline_symphony_21-01-2026+15_00/tmp/mnist-net_256x2/image_8/mnist-net_256x2_8_0_029.mps,UNSAT,1.229,UNSAT-UNSAT,
/home/annelot/WARMSTART_PROJECT/baseline_symphony_21-01-2026+15_00/tmp/mnist-net_256x2/image_8/mnist-net_256x2_8_0_023.mps,/home/annelot/WARMSTART_PROJECT/baseline_symphony_21-01-2026+15_00/tmp/mnist-net_256x2/image_8/mnist-net_256x2_8_0_035.mps,UNSAT,1.231,UNSAT-UNSAT,
/home/annelot/WARMSTART_PROJECT/baseline_symphony_21-01-2026+15_00/tmp/mnist-net_256x2/image_8/mnist-net_256x2_8_0_023.mps,/home/annelot/WARMSTART_PROJECT/baseline_symphony_21-01-2026+15_00/tmp/mnist-net_256x2/image_8/mnist-net_256x2_8_0_037.mps,UNSAT,1.239,UNSAT-UNSAT,
/home/annelot/WARMSTART_PROJECT/baseline_symphony_21-01-2026+15_00/tmp/mnist-net_256x2/image_8/mnist-net_256x2_8_0_025.mps,/home/annelot/WARMSTART_PROJECT/baseline_symphony_21-01-2026+15_00/tmp/mnist-net_256x2/image_8/mnist-net_256x2_8_0_027.mps,UNSAT,7.717,UNSAT-UNSAT,
/home/annelot/WARMSTART_PROJECT/baseline_symphony_21-01-2026+15_00/tmp/mnist-net_256x2/image_8/mnist-net_256x2_8_0_025.mps,/home/annelot/WARMSTART_PROJECT/baseline_symphony_21-01-2026+15_00/tmp/mnist-net_256x2/image_8/mnist-net_256x2_8_0_029.mps,UNSAT,7.703,UNSAT-UNSAT,
/home/annelot/WARMSTART_PROJECT/baseline_symphony_21-01-2026+15_00/tmp/mnist-net_256x2/image_8/mnist-net_256x2_8_0_025.mps,/home/annelot/WARMSTART_PROJECT/baseline_symphony_21-01-2026+15_00/tmp/mnist-net_256x2/image_8/mnist-net_256x2_8_0_031.mps,UNSAT,7.731,UNSAT-UNSAT,
/home/annelot/WARMSTART_PROJECT/baseline_symphony_21-01-2026+15_00/tmp/mnist-net_256x2/image_8/mnist-net_256x2_8_0_025.mps,/home/annelot/WARMSTART_PROJECT/baseline_symphony_21-01-2026+15_00/tmp/mnist-net_256x2/image_8/mnist-net_256x2_8_0_033.mps,UNSAT,7.735,UNSAT-UNSAT,
/home/annelot/WARMSTART_PROJECT/baseline_symphony_21-01-2026+15_00/tmp/mnist-net_256x2/image_8/mnist-net_256x2_8_0_025.mps,/home/annelot/WARMSTART_PROJECT/baseline_symphony_21-01-2026+15_00/tmp/mnist-net_256x2/image_8/mnist-net_256x2_8_0_035.mps,UNSAT,7.721,UNSAT-UNSAT,
/home/annelot/WARMSTART_PROJECT/baseline_symphony_21-01-2026+15_00/tmp/mnist-net_256x2/image_8/mnist-net_256x2_8_0_025.mps,/home/annelot/WARMSTART_PROJECT/baseline_symphony_21-01-2026+15_00/tmp/mnist-net_256x2/image_8/mnist-net_256x2_8_0_037.mps,UNSAT,7.763,UNSAT-UNSAT,
/home/annelot/WARMSTART_PROJECT/baseline_symphony_21-01-2026+15_00/tmp/mnist-net_256x2/image_8/mnist-net_256x2_8_0_027.mps,/home/annelot/WARMSTART_PROJECT/baseline_symphony_21-01-2026+15_00/tmp/mnist-net_256x2/image_8/mnist-net_256x2_8_0_029.mps,UNSAT,13.135,UNSAT-UNSAT,
/home/annelot/WARMSTART_PROJECT/baseline_symphony_21-01-2026+15_00/tmp/mnist-net_256x2/image_8/mnist-net_256x2_8_0_027.mps,/home/annelot/WARMSTART_PROJECT/baseline_symphony_21-01-2026+15_00/tmp/mnist-net_256x2/image_8/mnist-net_256x2_8_0_031.mps,UNSAT,13.104,UNSAT-UNSAT,
/home/annelot/WARMSTART_PROJECT/baseline_symphony_21-01-2026+15_00/tmp/mnist-net_256x2/image_8/mnist-net_256x2_8_0_027.mps,/home/annelot/WARMSTART_PROJECT/baseline_symphony_21-01-2026+15_00/tmp/mnist-net_256x2/image_8/mnist-net_256x2_8_0_033.mps,UNSAT,13.185,UNSAT-UNSAT,
/home/annelot/WARMSTART_PROJECT/baseline_symphony_21-01-2026+15_00/tmp/mnist-net_256x2/image_8/mnist-net_256x2_8_0_027.mps,/home/annelot/WARMSTART_PROJECT/baseline_symphony_21-01-2026+15_00/tmp/mnist-net_256x2/image_8/mnist-net_256x2_8_0_035.mps,UNSAT,13.114,UNSAT-UNSAT,
/home/annelot/WARMSTART_PROJECT/baseline_symphony_21-01-2026+15_00/tmp/mnist-net_256x2/image_8/mnist-net_256x2_8_0_027.mps,/home/annelot/WARMSTART_PROJECT/baseline_symphony_21-01-2026+15_00/tmp/mnist-net_256x2/image_8/mnist-net_256x2_8_0_037.mps,UNSAT,13.113,UNSAT-UNSAT,
/home/annelot/WARMSTART_PROJECT/baseline_symphony_21-01-2026+15_00/tmp/mnist-net_256x2/image_8/mnist-net_256x2_8_0_029.mps,/home/annelot/WARMSTART_PROJECT/baseline_symphony_21-01-2026+15_00/tmp/mnist-net_256x2/image_8/mnist-net_256x2_8_0_031.mps,UNSAT,22.393,UNSAT-UNSAT,
/home/annelot/WARMSTART_PROJECT/baseline_symphony_21-01-2026+15_00/tmp/mnist-net_256x2/image_8/mnist-net_256x2_8_0_029.mps,/home/annelot/WARMSTART_PROJECT/baseline_symphony_21-01-2026+15_00/tmp/mnist-net_256x2/image_8/mnist-net_256x2_8_0_033.mps,UNSAT,22.302,UNSAT-UNSAT,
/home/annelot/WARMSTART_PROJECT/baseline_symphony_21-01-2026+15_00/tmp/mnist-net_256x2/image_8/mnist-net_256x2_8_0_029.mps,/home/annelot/WARMSTART_PROJECT/baseline_symphony_21-01-2026+15_00/tmp/mnist-net_256x2/image_8/mnist-net_256x2_8_0_035.mps,UNSAT,22.306,UNSAT-UNSAT,
/home/annelot/WARMSTART_PROJECT/baseline_symphony_21-01-2026+15_00/tmp/mnist-net_256x2/image_8/mnist-net_256x2_8_0_029.mps,/home/annelot/WARMSTART_PROJECT/baseline_symphony_21-01-2026+15_00/tmp/mnist-net_256x2/image_8/mnist-net_256x2_8_0_037.mps,UNSAT,22.359,UNSAT-UNSAT,
/home/annelot/WARMSTART_PROJECT/baseline_symphony_21-01-2026+15_00/tmp/mnist-net_256x2/image_7/mnist-net_256x2_7_0_033.mps,/home/annelot/WARMSTART_PROJECT/baseline_symphony_21-01-2026+15_00/tmp/mnist-net_256x2/image_7/mnist-net_256x2_7_0_281.mps,UNSAT,1173.865,UNSAT-TIMEOUT,
/home/annelot/WARMSTART_PROJECT/baseline_symphony_21-01-2026+15_00/tmp/mnist-net_256x2/image_7/mnist-net_256x2_7_0_033.mps,/home/annelot/WARMSTART_PROJECT/baseline_symphony_21-01-2026+15_00/tmp/mnist-net_256x2/image_7/mnist-net_256x2_7_0_241.mps,UNSAT,1173.198,UNSAT-TIMEOUT,
/home/annelot/WARMSTART_PROJECT/baseline_symphony_21-01-2026+15_00/tmp/mnist-net_256x2/image_7/mnist-net_256x2_7_0_033.mps,/home/annelot/WARMSTART_PROJECT/baseline_symphony_21-01-2026+15_00/tmp/mnist-net_256x2/image_7/mnist-net_256x2_7_0_261.mps,UNSAT,1173.489,UNSAT-TIMEOUT,
/home/annelot/WARMSTART_PROJECT/baseline_symphony_21-01-2026+15_00/tmp/mnist-net_256x2/image_7/mnist-net_256x2_7_0_033.mps,/home/annelot/WARMSTART_PROJECT/baseline_symphony_21-01-2026+15_00/tmp/mnist-net_256x2/image_7/mnist-net_256x2_7_0_221.mps,UNSAT,1174.954,UNSAT-TIMEOUT,
/home/annelot/WARMSTART_PROJECT/baseline_symphony_21-01-2026+15_00/tmp/mnist-net_256x2/image_7/mnist-net_256x2_7_0_033.mps,/home/annelot/WARMSTART_PROJECT/baseline_symphony_21-01-2026+15_00/tmp/mnist-net_256x2/image_7/mnist-net_256x2_7_0_301.mps,UNSAT,1174.983,UNSAT-TIMEOUT,
/home/annelot/WARMSTART_PROJECT/baseline_symphony_21-01-2026+15_00/tmp/mnist-net_256x2/image_7/mnist-net_256x2_7_0_033.mps,/home/annelot/WARMSTART_PROJECT/baseline_symphony_21-01-2026+15_00/tmp/mnist-net_256x2/image_7/mnist-net_256x2_7_0_321.mps,UNSAT,1177.207,UNSAT-TIMEOUT,
/home/annelot/WARMSTART_PROJECT/baseline_symphony_21-01-2026+15_00/tmp/mnist-net_256x2/image_7/mnist-net_256x2_7_0_033.mps,/home/annelot/WARMSTART_PROJECT/baseline_symphony_21-01-2026+15_00/tmp/mnist-net_256x2/image_7/mnist-net_256x2_7_0_201.mps,UNSAT,1179.755,UNSAT-TIMEOUT,
/home/annelot/WARMSTART_PROJECT/baseline_symphony_21-01-2026+15_00/tmp/mnist-net_256x2/image_8/mnist-net_256x2_8_0_031.mps,/home/annelot/WARMSTART_PROJECT/baseline_symphony_21-01-2026+15_00/tmp/mnist-net_256x2/image_8/mnist-net_256x2_8_0_033.mps,UNSAT,49.798,UNSAT-UNSAT,
/home/annelot/WARMSTART_PROJECT/baseline_symphony_21-01-2026+15_00/tmp/mnist-net_256x2/image_8/mnist-net_256x2_8_0_031.mps,/home/annelot/WARMSTART_PROJECT/baseline_symphony_21-01-2026+15_00/tmp/mnist-net_256x2/image_8/mnist-net_256x2_8_0_035.mps,UNSAT,49.626,UNSAT-UNSAT,
/home/annelot/WARMSTART_PROJECT/baseline_symphony_21-01-2026+15_00/tmp/mnist-net_256x2/image_8/mnist-net_256x2_8_0_031.mps,/home/annelot/WARMSTART_PROJECT/baseline_symphony_21-01-2026+15_00/tmp/mnist-net_256x2/image_8/mnist-net_256x2_8_0_037.mps,UNSAT,49.842,UNSAT-UNSAT,
/home/annelot/WARMSTART_PROJECT/baseline_symphony_21-01-2026+15_00/tmp/mnist-net_256x2/image_8/mnist-net_256x2_8_0_033.mps,/home/annelot/WARMSTART_PROJECT/baseline_symphony_21-01-2026+15_00/tmp/mnist-net_256x2/image_8/mnist-net_256x2_8_0_037.mps,UNSAT,103.461,UNSAT-UNSAT,
/home/annelot/WARMSTART_PROJECT/baseline_symphony_21-01-2026+15_00/tmp/mnist-net_256x2/image_8/mnist-net_256x2_8_0_033.mps,/home/annelot/WARMSTART_PROJECT/baseline_symphony_21-01-2026+15_00/tmp/mnist-net_256x2/image_8/mnist-net_256x2_8_0_035.mps,UNSAT,103.57,UNSAT-UNSAT,
/home/annelot/WARMSTART_PROJECT/baseline_symphony_21-01-2026+15_00/tmp/mnist-net_256x2/image_9/mnist-net_256x2_9_0_033.mps,/home/annelot/WARMSTART_PROJECT/baseline_symphony_21-01-2026+15_00/tmp/mnist-net_256x2/image_9/mnist-net_256x2_9_0_035.mps,UNSAT,0.517,UNSAT-UNSAT,
/home/annelot/WARMSTART_PROJECT/baseline_symphony_21-01-2026+15_00/tmp/mnist-net_256x2/image_9/mnist-net_256x2_9_0_033.mps,/home/annelot/WARMSTART_PROJECT/baseline_symphony_21-01-2026+15_00/tmp/mnist-net_256x2/image_9/mnist-net_256x2_9_0_037.mps,UNSAT,0.561,UNSAT-UNSAT,
/home/annelot/WARMSTART_PROJECT/baseline_symphony_21-01-2026+15_00/tmp/mnist-net_256x2/image_9/mnist-net_256x2_9_0_033.mps,/home/annelot/WARMSTART_PROJECT/baseline_symphony_21-01-2026+15_00/tmp/mnist-net_256x2/image_9/mnist-net_256x2_9_0_041.mps,UNSAT,0.568,UNSAT-UNSAT,
/home/annelot/WARMSTART_PROJECT/baseline_symphony_21-01-2026+15_00/tmp/mnist-net_256x2/image_9/mnist-net_256x2_9_0_033.mps,/home/annelot/WARMSTART_PROJECT/baseline_symphony_21-01-2026+15_00/tmp/mnist-net_256x2/image_9/mnist-net_256x2_9_0_039.mps,UNSAT,0.561,UNSAT-UNSAT,
/home/annelot/WARMSTART_PROJECT/baseline_symphony_21-01-2026+15_00/tmp/mnist-net_256x2/image_9/mnist-net_256x2_9_0_033.mps,/home/annelot/WARMSTART_PROJECT/baseline_symphony_21-01-2026+15_00/tmp/mnist-net_256x2/image_9/mnist-net_256x2_9_0_043.mps,UNSAT,0.574,UNSAT-UNSAT,
/home/annelot/WARMSTART_PROJECT/baseline_symphony_21-01-2026+15_00/tmp/mnist-net_256x2/image_9/mnist-net_256x2_9_0_033.mps,/home/annelot/WARMSTART_PROJECT/baseline_symphony_21-01-2026+15_00/tmp/mnist-net_256x2/image_9/mnist-net_256x2_9_0_049.mps,UNSAT,0.563,UNSAT-UNSAT,
/home/annelot/WARMSTART_PROJECT/baseline_symphony_21-01-2026+15_00/tmp/mnist-net_256x2/image_9/mnist-net_256x2_9_0_033.mps,/home/annelot/WARMSTART_PROJECT/baseline_symphony_21-01-2026+15_00/tmp/mnist-net_256x2/image_9/mnist-net_256x2_9_0_045.mps,UNSAT,0.564,UNSAT-UNSAT,
/home/annelot/WARMSTART_PROJECT/baseline_symphony_21-01-2026+15_00/tmp/mnist-net_256x2/image_9/mnist-net_256x2_9_0_033.mps,/home/annelot/WARMSTART_PROJECT/baseline_symphony_21-01-2026+15_00/tmp/mnist-net_256x2/image_9/mnist-net_256x2_9_0_047.mps,UNSAT,0.567,UNSAT-UNSAT,
/home/annelot/WARMSTART_PROJECT/baseline_symphony_21-01-2026+15_00/tmp/mnist-net_256x2/image_9/mnist-net_256x2_9_0_033.mps,/home/annelot/WARMSTART_PROJECT/baseline_symphony_21-01-2026+15_00/tmp/mnist-net_256x2/image_9/mnist-net_256x2_9_0_051.mps,UNSAT,0.564,UNSAT-UNSAT,
/home/annelot/WARMSTART_PROJECT/baseline_symphony_21-01-2026+15_00/tmp/mnist-net_256x2/image_9/mnist-net_256x2_9_0_033.mps,/home/annelot/WARMSTART_PROJECT/baseline_symphony_21-01-2026+15_00/tmp/mnist-net_256x2/image_9/mnist-net_256x2_9_0_055.mps,UNSAT,0.57,UNSAT-UNSAT,
/home/annelot/WARMSTART_PROJECT/baseline_symphony_21-01-2026+15_00/tmp/mnist-net_256x2/image_9/mnist-net_256x2_9_0_033.mps,/home/annelot/WARMSTART_PROJECT/baseline_symphony_21-01-2026+15_00/tmp/mnist-net_256x2/image_9/mnist-net_256x2_9_0_057.mps,UNSAT,0.572,UNSAT-UNSAT,
/home/annelot/WARMSTART_PROJECT/baseline_symphony_21-01-2026+15_00/tmp/mnist-net_256x2/image_9/mnist-net_256x2_9_0_033.mps,/home/annelot/WARMSTART_PROJECT/baseline_symphony_21-01-2026+15_00/tmp/mnist-net_256x2/image_9/mnist-net_256x2_9_0_059.mps,UNSAT,0.575,UNSAT-UNSAT,
/home/annelot/WARMSTART_PROJECT/baseline_symphony_21-01-2026+15_00/tmp/mnist-net_256x2/image_9/mnist-net_256x2_9_0_033.mps,/home/annelot/WARMSTART_PROJECT/baseline_symphony_21-01-2026+15_00/tmp/mnist-net_256x2/image_9/mnist-net_256x2_9_0_053.mps,UNSAT,0.574,UNSAT-UNSAT,
/home/annelot/WARMSTART_PROJECT/baseline_symphony_21-01-2026+15_00/tmp/mnist-net_256x2/image_9/mnist-net_256x2_9_0_033.mps,/home/annelot/WARMSTART_PROJECT/baseline_symphony_21-01-2026+15_00/tmp/mnist-net_256x2/image_9/mnist-net_256x2_9_0_065.mps,UNSAT,0.57,UNSAT-UNSAT,
/home/annelot/WARMSTART_PROJECT/baseline_symphony_21-01-2026+15_00/tmp/mnist-net_256x2/image_9/mnist-net_256x2_9_0_033.mps,/home/annelot/WARMSTART_PROJECT/baseline_symphony_21-01-2026+15_00/tmp/mnist-net_256x2/image_9/mnist-net_256x2_9_0_061.mps,UNSAT,0.575,UNSAT-UNSAT,
/home/annelot/WARMSTART_PROJECT/baseline_symphony_21-01-2026+15_00/tmp/mnist-net_256x2/image_9/mnist-net_256x2_9_0_033.mps,/home/annelot/WARMSTART_PROJECT/baseline_symphony_21-01-2026+15_00/tmp/mnist-net_256x2/image_9/mnist-net_256x2_9_0_063.mps,UNSAT,0.573,UNSAT-UNSAT,
/home/annelot/WARMSTART_PROJECT/baseline_symphony_21-01-2026+15_00/tmp/mnist-net_256x2/image_9/mnist-net_256x2_9_0_035.mps,/home/annelot/WARMSTART_PROJECT/baseline_symphony_21-01-2026+15_00/tmp/mnist-net_256x2/image_9/mnist-net_256x2_9_0_037.mps,UNSAT,13.883,UNSAT-UNSAT,
/home/annelot/WARMSTART_PROJECT/baseline_symphony_21-01-2026+15_00/tmp/mnist-net_256x2/image_9/mnist-net_256x2_9_0_035.mps,/home/annelot/WARMSTART_PROJECT/baseline_symphony_21-01-2026+15_00/tmp/mnist-net_256x2/image_9/mnist-net_256x2_9_0_043.mps,UNSAT,13.933,UNSAT-UNSAT,
/home/annelot/WARMSTART_PROJECT/baseline_symphony_21-01-2026+15_00/tmp/mnist-net_256x2/image_9/mnist-net_256x2_9_0_035.mps,/home/annelot/WARMSTART_PROJECT/baseline_symphony_21-01-2026+15_00/tmp/mnist-net_256x2/image_9/mnist-net_256x2_9_0_041.mps,UNSAT,13.899,UNSAT-UNSAT,
/home/annelot/WARMSTART_PROJECT/baseline_symphony_21-01-2026+15_00/tmp/mnist-net_256x2/image_9/mnist-net_256x2_9_0_035.mps,/home/annelot/WARMSTART_PROJECT/baseline_symphony_21-01-2026+15_00/tmp/mnist-net_256x2/image_9/mnist-net_256x2_9_0_039.mps,UNSAT,13.913,UNSAT-UNSAT,
/home/annelot/WARMSTART_PROJECT/baseline_symphony_21-01-2026+15_00/tmp/mnist-net_256x2/image_9/mnist-net_256x2_9_0_035.mps,/home/annelot/WARMSTART_PROJECT/baseline_symphony_21-01-2026+15_00/tmp/mnist-net_256x2/image_9/mnist-net_256x2_9_0_045.mps,UNSAT,13.814,UNSAT-UNSAT,
/home/annelot/WARMSTART_PROJECT/baseline_symphony_21-01-2026+15_00/tmp/mnist-net_256x2/image_9/mnist-net_256x2_9_0_035.mps,/home/annelot/WARMSTART_PROJECT/baseline_symphony_21-01-2026+15_00/tmp/mnist-net_256x2/image_9/mnist-net_256x2_9_0_051.mps,UNSAT,13.67,UNSAT-UNSAT,
/home/annelot/WARMSTART_PROJECT/baseline_symphony_21-01-2026+15_00/tmp/mnist-net_256x2/image_9/mnist-net_256x2_9_0_035.mps,/home/annelot/WARMSTART_PROJECT/baseline_symphony_21-01-2026+15_00/tmp/mnist-net_256x2/image_9/mnist-net_256x2_9_0_049.mps,UNSAT,13.685,UNSAT-UNSAT,
/home/annelot/WARMSTART_PROJECT/baseline_symphony_21-01-2026+15_00/tmp/mnist-net_256x2/image_9/mnist-net_256x2_9_0_035.mps,/home/annelot/WARMSTART_PROJECT/baseline_symphony_21-01-2026+15_00/tmp/mnist-net_256x2/image_9/mnist-net_256x2_9_0_047.mps,UNSAT,13.777,UNSAT-UNSAT,
/home/annelot/WARMSTART_PROJECT/baseline_symphony_21-01-2026+15_00/tmp/mnist-net_256x2/image_9/mnist-net_256x2_9_0_035.mps,/home/annelot/WARMSTART_PROJECT/baseline_symphony_21-01-2026+15_00/tmp/mnist-net_256x2/image_9/mnist-net_256x2_9_0_053.mps,UNSAT,13.551,UNSAT-UNSAT,
/home/annelot/WARMSTART_PROJECT/baseline_symphony_21-01-2026+15_00/tmp/mnist-net_256x2/image_9/mnist-net_256x2_9_0_035.mps,/home/annelot/WARMSTART_PROJECT/baseline_symphony_21-01-2026+15_00/tmp/mnist-net_256x2/image_9/mnist-net_256x2_9_0_055.mps,UNSAT,13.743,UNSAT-UNSAT,
/home/annelot/WARMSTART_PROJECT/baseline_symphony_21-01-2026+15_00/tmp/mnist-net_256x2/image_9/mnist-net_256x2_9_0_035.mps,/home/annelot/WARMSTART_PROJECT/baseline_symphony_21-01-2026+15_00/tmp/mnist-net_256x2/image_9/mnist-net_256x2_9_0_059.mps,UNSAT,13.727,UNSAT-UNSAT,
/home/annelot/WARMSTART_PROJECT/baseline_symphony_21-01-2026+15_00/tmp/mnist-net_256x2/image_9/mnist-net_256x2_9_0_035.mps,/home/annelot/WARMSTART_PROJECT/baseline_symphony_21-01-2026+15_00/tmp/mnist-net_256x2/image_9/mnist-net_256x2_9_0_057.mps,UNSAT,13.822,UNSAT-UNSAT,
/home/annelot/WARMSTART_PROJECT/baseline_symphony_21-01-2026+15_00/tmp/mnist-net_256x2/image_9/mnist-net_256x2_9_0_035.mps,/home/annelot/WARMSTART_PROJECT/baseline_symphony_21-01-2026+15_00/tmp/mnist-net_256x2/image_9/mnist-net_256x2_9_0_061.mps,UNSAT,13.694,UNSAT-UNSAT,
/home/annelot/WARMSTART_PROJECT/baseline_symphony_21-01-2026+15_00/tmp/mnist-net_256x2/image_9/mnist-net_256x2_9_0_035.mps,/home/annelot/WARMSTART_PROJECT/baseline_symphony_21-01-2026+15_00/tmp/mnist-net_256x2/image_9/mnist-net_256x2_9_0_063.mps,UNSAT,13.583,UNSAT-UNSAT,
/home/annelot/WARMSTART_PROJECT/baseline_symphony_21-01-2026+15_00/tmp/mnist-net_256x2/image_9/mnist-net_256x2_9_0_035.mps,/home/annelot/WARMSTART_PROJECT/baseline_symphony_21-01-2026+15_00/tmp/mnist-net_256x2/image_9/mnist-net_256x2_9_0_065.mps,UNSAT,13.789,UNSAT-UNSAT,
/home/annelot/WARMSTART_PROJECT/baseline_symphony_21-01-2026+15_00/tmp/mnist-net_256x2/image_9/mnist-net_256x2_9_0_037.mps,/home/annelot/WARMSTART_PROJECT/baseline_symphony_21-01-2026+15_00/tmp/mnist-net_256x2/image_9/mnist-net_256x2_9_0_039.mps,UNSAT,16.908,UNSAT-UNSAT,
/home/annelot/WARMSTART_PROJECT/baseline_symphony_21-01-2026+15_00/tmp/mnist-net_256x2/image_9/mnist-net_256x2_9_0_037.mps,/home/annelot/WARMSTART_PROJECT/baseline_symphony_21-01-2026+15_00/tmp/mnist-net_256x2/image_9/mnist-net_256x2_9_0_041.mps,UNSAT,16.98,UNSAT-UNSAT,
/home/annelot/WARMSTART_PROJECT/baseline_symphony_21-01-2026+15_00/tmp/mnist-net_256x2/image_9/mnist-net_256x2_9_0_037.mps,/home/annelot/WARMSTART_PROJECT/baseline_symphony_21-01-2026+15_00/tmp/mnist-net_256x2/image_9/mnist-net_256x2_9_0_043.mps,UNSAT,16.861,UNSAT-UNSAT,
/home/annelot/WARMSTART_PROJECT/baseline_symphony_21-01-2026+15_00/tmp/mnist-net_256x2/image_9/mnist-net_256x2_9_0_037.mps,/home/annelot/WARMSTART_PROJECT/baseline_symphony_21-01-2026+15_00/tmp/mnist-net_256x2/image_9/mnist-net_256x2_9_0_045.mps,UNSAT,16.706,UNSAT-UNSAT,
/home/annelot/WARMSTART_PROJECT/baseline_symphony_21-01-2026+15_00/tmp/mnist-net_256x2/image_9/mnist-net_256x2_9_0_037.mps,/home/annelot/WARMSTART_PROJECT/baseline_symphony_21-01-2026+15_00/tmp/mnist-net_256x2/image_9/mnist-net_256x2_9_0_047.mps,UNSAT,16.936,UNSAT-UNSAT,
/home/annelot/WARMSTART_PROJECT/baseline_symphony_21-01-2026+15_00/tmp/mnist-net_256x2/image_9/mnist-net_256x2_9_0_037.mps,/home/annelot/WARMSTART_PROJECT/baseline_symphony_21-01-2026+15_00/tmp/mnist-net_256x2/image_9/mnist-net_256x2_9_0_049.mps,UNSAT,16.9,UNSAT-UNSAT,
/home/annelot/WARMSTART_PROJECT/baseline_symphony_21-01-2026+15_00/tmp/mnist-net_256x2/image_9/mnist-net_256x2_9_0_037.mps,/home/annelot/WARMSTART_PROJECT/baseline_symphony_21-01-2026+15_00/tmp/mnist-net_256x2/image_9/mnist-net_256x2_9_0_051.mps,UNSAT,16.913,UNSAT-UNSAT,
/home/annelot/WARMSTART_PROJECT/baseline_symphony_21-01-2026+15_00/tmp/mnist-net_256x2/image_8/mnist-net_256x2_8_0_039.mps,/home/annelot/WARMSTART_PROJECT/baseline_symphony_21-01-2026+15_00/tmp/mnist-net_256x2/image_8/mnist-net_256x2_8_0_061.mps,SAT,284.814,SAT-TIMEOUT,
/home/annelot/WARMSTART_PROJECT/baseline_symphony_21-01-2026+15_00/tmp/mnist-net_256x2/image_8/mnist-net_256x2_8_0_039.mps,/home/annelot/WARMSTART_PROJECT/baseline_symphony_21-01-2026+15_00/tmp/mnist-net_256x2/image_8/mnist-net_256x2_8_0_041.mps,SAT,284.958,SAT-TIMEOUT,
/home/annelot/WARMSTART_PROJECT/baseline_symphony_21-01-2026+15_00/tmp/mnist-net_256x2/image_9/mnist-net_256x2_9_0_037.mps,/home/annelot/WARMSTART_PROJECT/baseline_symphony_21-01-2026+15_00/tmp/mnist-net_256x2/image_9/mnist-net_256x2_9_0_053.mps,UNSAT,16.876,UNSAT-UNSAT,
/home/annelot/WARMSTART_PROJECT/baseline_symphony_21-01-2026+15_00/tmp/mnist-net_256x2/image_8/mnist-net_256x2_8_0_039.mps,/home/annelot/WARMSTART_PROJECT/baseline_symphony_21-01-2026+15_00/tmp/mnist-net_256x2/image_8/mnist-net_256x2_8_0_081.mps,SAT,285.63,SAT-TIMEOUT,
/home/annelot/WARMSTART_PROJECT/baseline_symphony_21-01-2026+15_00/tmp/mnist-net_256x2/image_9/mnist-net_256x2_9_0_037.mps,/home/annelot/WARMSTART_PROJECT/baseline_symphony_21-01-2026+15_00/tmp/mnist-net_256x2/image_9/mnist-net_256x2_9_0_055.mps,UNSAT,16.787,UNSAT-UNSAT,
/home/annelot/WARMSTART_PROJECT/baseline_symphony_21-01-2026+15_00/tmp/mnist-net_256x2/image_8/mnist-net_256x2_8_0_039.mps,/home/annelot/WARMSTART_PROJECT/baseline_symphony_21-01-2026+15_00/tmp/mnist-net_256x2/image_8/mnist-net_256x2_8_0_101.mps,SAT,285.901,SAT-TIMEOUT,
/home/annelot/WARMSTART_PROJECT/baseline_symphony_21-01-2026+15_00/tmp/mnist-net_256x2/image_9/mnist-net_256x2_9_0_037.mps,/home/annelot/WARMSTART_PROJECT/baseline_symphony_21-01-2026+15_00/tmp/mnist-net_256x2/image_9/mnist-net_256x2_9_0_065.mps,UNSAT,10.474,UNSAT-UNSAT,
/home/annelot/WARMSTART_PROJECT/baseline_symphony_21-01-2026+15_00/tmp/mnist-net_256x2/image_9/mnist-net_256x2_9_0_037.mps,/home/annelot/WARMSTART_PROJECT/baseline_symphony_21-01-2026+15_00/tmp/mnist-net_256x2/image_9/mnist-net_256x2_9_0_063.mps,UNSAT,10.47,UNSAT-UNSAT,
/home/annelot/WARMSTART_PROJECT/baseline_symphony_21-01-2026+15_00/tmp/mnist-net_256x2/image_9/mnist-net_256x2_9_0_037.mps,/home/annelot/WARMSTART_PROJECT/baseline_symphony_21-01-2026+15_00/tmp/mnist-net_256x2/image_9/mnist-net_256x2_9_0_057.mps,UNSAT,16.956,UNSAT-UNSAT,
/home/annelot/WARMSTART_PROJECT/baseline_symphony_21-01-2026+15_00/tmp/mnist-net_256x2/image_9/mnist-net_256x2_9_0_037.mps,/home/annelot/WARMSTART_PROJECT/baseline_symphony_21-01-2026+15_00/tmp/mnist-net_256x2/image_9/mnist-net_256x2_9_0_059.mps,UNSAT,16.925,UNSAT-UNSAT,
/home/annelot/WARMSTART_PROJECT/baseline_symphony_21-01-2026+15_00/tmp/mnist-net_256x2/image_9/mnist-net_256x2_9_0_037.mps,/home/annelot/WARMSTART_PROJECT/baseline_symphony_21-01-2026+15_00/tmp/mnist-net_256x2/image_9/mnist-net_256x2_9_0_061.mps,UNSAT,16.893,UNSAT-UNSAT,
/home/annelot/WARMSTART_PROJECT/baseline_symphony_21-01-2026+15_00/tmp/mnist-net_256x2/image_8/mnist-net_256x2_8_0_039.mps,/home/annelot/WARMSTART_PROJECT/baseline_symphony_21-01-2026+15_00/tmp/mnist-net_256x2/image_8/mnist-net_256x2_8_0_201.mps,SAT,283.653,SAT-TIMEOUT,
/home/annelot/WARMSTART_PROJECT/baseline_symphony_21-01-2026+15_00/tmp/mnist-net_256x2/image_8/mnist-net_256x2_8_0_039.mps,/home/annelot/WARMSTART_PROJECT/baseline_symphony_21-01-2026+15_00/tmp/mnist-net_256x2/image_8/mnist-net_256x2_8_0_181.mps,SAT,283.783,SAT-TIMEOUT,
/home/annelot/WARMSTART_PROJECT/baseline_symphony_21-01-2026+15_00/tmp/mnist-net_256x2/image_9/mnist-net_256x2_9_0_039.mps,/home/annelot/WARMSTART_PROJECT/baseline_symphony_21-01-2026+15_00/tmp/mnist-net_256x2/image_9/mnist-net_256x2_9_0_045.mps,UNSAT,103.138,UNSAT-UNSAT,
/home/annelot/WARMSTART_PROJECT/baseline_symphony_21-01-2026+15_00/tmp/mnist-net_256x2/image_9/mnist-net_256x2_9_0_039.mps,/home/annelot/WARMSTART_PROJECT/baseline_symphony_21-01-2026+15_00/tmp/mnist-net_256x2/image_9/mnist-net_256x2_9_0_047.mps,UNSAT,103.403,UNSAT-UNSAT,
/home/annelot/WARMSTART_PROJECT/baseline_symphony_21-01-2026+15_00/tmp/mnist-net_256x2/image_9/mnist-net_256x2_9_0_039.mps,/home/annelot/WARMSTART_PROJECT/baseline_symphony_21-01-2026+15_00/tmp/mnist-net_256x2/image_9/mnist-net_256x2_9_0_051.mps,UNSAT,103.116,UNSAT-UNSAT,
/home/annelot/WARMSTART_PROJECT/baseline_symphony_21-01-2026+15_00/tmp/mnist-net_256x2/image_9/mnist-net_256x2_9_0_039.mps,/home/annelot/WARMSTART_PROJECT/baseline_symphony_21-01-2026+15_00/tmp/mnist-net_256x2/image_9/mnist-net_256x2_9_0_053.mps,UNSAT,103.413,UNSAT-UNSAT,
/home/annelot/WARMSTART_PROJECT/baseline_symphony_21-01-2026+15_00/tmp/mnist-net_256x2/image_9/mnist-net_256x2_9_0_041.mps,/home/annelot/WARMSTART_PROJECT/baseline_symphony_21-01-2026+15_00/tmp/mnist-net_256x2/image_9/mnist-net_256x2_9_0_043.mps,UNSAT,57.721,UNSAT-UNSAT,
/home/annelot/WARMSTART_PROJECT/baseline_symphony_21-01-2026+15_00/tmp/mnist-net_256x2/image_9/mnist-net_256x2_9_0_041.mps,/home/annelot/WARMSTART_PROJECT/baseline_symphony_21-01-2026+15_00/tmp/mnist-net_256x2/image_9/mnist-net_256x2_9_0_045.mps,UNSAT,57.756,UNSAT-UNSAT,
/home/annelot/WARMSTART_PROJECT/baseline_symphony_21-01-2026+15_00/tmp/mnist-net_256x2/image_9/mnist-net_256x2_9_0_039.mps,/home/annelot/WARMSTART_PROJECT/baseline_symphony_21-01-2026+15_00/tmp/mnist-net_256x2/image_9/mnist-net_256x2_9_0_041.mps,UNSAT,168.066,UNSAT-UNSAT,
/home/annelot/WARMSTART_PROJECT/baseline_symphony_21-01-2026+15_00/tmp/mnist-net_256x2/image_9/mnist-net_256x2_9_0_039.mps,/home/annelot/WARMSTART_PROJECT/baseline_symphony_21-01-2026+15_00/tmp/mnist-net_256x2/image_9/mnist-net_256x2_9_0_043.mps,UNSAT,167.181,UNSAT-UNSAT,
/home/annelot/WARMSTART_PROJECT/baseline_symphony_21-01-2026+15_00/tmp/mnist-net_256x2/image_9/mnist-net_256x2_9_0_039.mps,/home/annelot/WARMSTART_PROJECT/baseline_symphony_21-01-2026+15_00/tmp/mnist-net_256x2/image_9/mnist-net_256x2_9_0_049.mps,UNSAT,168.217,UNSAT-UNSAT,
/home/annelot/WARMSTART_PROJECT/baseline_symphony_21-01-2026+15_00/tmp/mnist-net_256x2/image_8/mnist-net_256x2_8_0_039.mps,/home/annelot/WARMSTART_PROJECT/baseline_symphony_21-01-2026+15_00/tmp/mnist-net_256x2/image_8/mnist-net_256x2_8_0_121.mps,SAT,459.845,SAT-TIMEOUT,
/home/annelot/WARMSTART_PROJECT/baseline_symphony_21-01-2026+15_00/tmp/mnist-net_256x2/image_8/mnist-net_256x2_8_0_039.mps,/home/annelot/WARMSTART_PROJECT/baseline_symphony_21-01-2026+15_00/tmp/mnist-net_256x2/image_8/mnist-net_256x2_8_0_141.mps,SAT,459.665,SAT-TIMEOUT,
/home/annelot/WARMSTART_PROJECT/baseline_symphony_21-01-2026+15_00/tmp/mnist-net_256x2/image_9/mnist-net_256x2_9_0_039.mps,/home/annelot/WARMSTART_PROJECT/baseline_symphony_21-01-2026+15_00/tmp/mnist-net_256x2/image_9/mnist-net_256x2_9_0_055.mps,UNSAT,167.785,UNSAT-UNSAT,
/home/annelot/WARMSTART_PROJECT/baseline_symphony_21-01-2026+15_00/tmp/mnist-net_256x2/image_9/mnist-net_256x2_9_0_039.mps,/home/annelot/WARMSTART_PROJECT/baseline_symphony_21-01-2026+15_00/tmp/mnist-net_256x2/image_9/mnist-net_256x2_9_0_057.mps,UNSAT,167.816,UNSAT-UNSAT,
/home/annelot/WARMSTART_PROJECT/baseline_symphony_21-01-2026+15_00/tmp/mnist-net_256x2/image_8/mnist-net_256x2_8_0_039.mps,/home/annelot/WARMSTART_PROJECT/baseline_symphony_21-01-2026+15_00/tmp/mnist-net_256x2/image_8/mnist-net_256x2_8_0_161.mps,SAT,462.073,SAT-TIMEOUT,
/home/annelot/WARMSTART_PROJECT/baseline_symphony_21-01-2026+15_00/tmp/mnist-net_256x2/image_9/mnist-net_256x2_9_0_039.mps,/home/annelot/WARMSTART_PROJECT/baseline_symphony_21-01-2026+15_00/tmp/mnist-net_256x2/image_9/mnist-net_256x2_9_0_059.mps,UNSAT,103.099,UNSAT-UNSAT,
/home/annelot/WARMSTART_PROJECT/baseline_symphony_21-01-2026+15_00/tmp/mnist-net_256x2/image_9/mnist-net_256x2_9_0_039.mps,/home/annelot/WARMSTART_PROJECT/baseline_symphony_21-01-2026+15_00/tmp/mnist-net_256x2/image_9/mnist-net_256x2_9_0_061.mps,UNSAT,103.11,UNSAT-UNSAT,
/home/annelot/WARMSTART_PROJECT/baseline_symphony_21-01-2026+15_00/tmp/mnist-net_256x2/image_9/mnist-net_256x2_9_0_039.mps,/home/annelot/WARMSTART_PROJECT/baseline_symphony_21-01-2026+15_00/tmp/mnist-net_256x2/image_9/mnist-net_256x2_9_0_063.mps,UNSAT,103.317,UNSAT-UNSAT,
/home/annelot/WARMSTART_PROJECT/baseline_symphony_21-01-2026+15_00/tmp/mnist-net_256x2/image_9/mnist-net_256x2_9_0_039.mps,/home/annelot/WARMSTART_PROJECT/baseline_symphony_21-01-2026+15_00/tmp/mnist-net_256x2/image_9/mnist-net_256x2_9_0_065.mps,UNSAT,103.485,UNSAT-UNSAT,
/home/annelot/WARMSTART_PROJECT/baseline_symphony_21-01-2026+15_00/tmp/mnist-net_256x2/image_9/mnist-net_256x2_9_0_041.mps,/home/annelot/WARMSTART_PROJECT/baseline_symphony_21-01-2026+15_00/tmp/mnist-net_256x2/image_9/mnist-net_256x2_9_0_047.mps,UNSAT,57.777,UNSAT-UNSAT,
/home/annelot/WARMSTART_PROJECT/baseline_symphony_21-01-2026+15_00/tmp/mnist-net_256x2/image_9/mnist-net_256x2_9_0_041.mps,/home/annelot/WARMSTART_PROJECT/baseline_symphony_21-01-2026+15_00/tmp/mnist-net_256x2/image_9/mnist-net_256x2_9_0_049.mps,UNSAT,57.711,UNSAT-UNSAT,
/home/annelot/WARMSTART_PROJECT/baseline_symphony_21-01-2026+15_00/tmp/mnist-net_256x2/image_8/mnist-net_256x2_8_0_035.mps,/home/annelot/WARMSTART_PROJECT/baseline_symphony_21-01-2026+15_00/tmp/mnist-net_256x2/image_8/mnist-net_256x2_8_0_037.mps,UNSAT,583.157,UNSAT-UNSAT,
/home/annelot/WARMSTART_PROJECT/baseline_symphony_21-01-2026+15_00/tmp/mnist-net_256x2/image_9/mnist-net_256x2_9_0_041.mps,/home/annelot/WARMSTART_PROJECT/baseline_symphony_21-01-2026+15_00/tmp/mnist-net_256x2/image_9/mnist-net_256x2_9_0_053.mps,UNSAT,93.475,UNSAT-UNSAT,
/home/annelot/WARMSTART_PROJECT/baseline_symphony_21-01-2026+15_00/tmp/mnist-net_256x2/image_9/mnist-net_256x2_9_0_041.mps,/home/annelot/WARMSTART_PROJECT/baseline_symphony_21-01-2026+15_00/tmp/mnist-net_256x2/image_9/mnist-net_256x2_9_0_051.mps,UNSAT,93.881,UNSAT-UNSAT,
/home/annelot/WARMSTART_PROJECT/baseline_symphony_21-01-2026+15_00/tmp/mnist-net_256x2/image_9/mnist-net_256x2_9_0_041.mps,/home/annelot/WARMSTART_PROJECT/baseline_symphony_21-01-2026+15_00/tmp/mnist-net_256x2/image_9/mnist-net_256x2_9_0_055.mps,UNSAT,94.042,UNSAT-UNSAT,
/home/annelot/WARMSTART_PROJECT/baseline_symphony_21-01-2026+15_00/tmp/mnist-net_256x2/image_9/mnist-net_256x2_9_0_041.mps,/home/annelot/WARMSTART_PROJECT/baseline_symphony_21-01-2026+15_00/tmp/mnist-net_256x2/image_9/mnist-net_256x2_9_0_057.mps,UNSAT,93.588,UNSAT-UNSAT,
/home/annelot/WARMSTART_PROJECT/baseline_symphony_21-01-2026+15_00/tmp/mnist-net_256x2/image_9/mnist-net_256x2_9_0_041.mps,/home/annelot/WARMSTART_PROJECT/baseline_symphony_21-01-2026+15_00/tmp/mnist-net_256x2/image_9/mnist-net_256x2_9_0_061.mps,UNSAT,93.371,UNSAT-UNSAT,
/home/annelot/WARMSTART_PROJECT/baseline_symphony_21-01-2026+15_00/tmp/mnist-net_256x2/image_9/mnist-net_256x2_9_0_041.mps,/home/annelot/WARMSTART_PROJECT/baseline_symphony_21-01-2026+15_00/tmp/mnist-net_256x2/image_9/mnist-net_256x2_9_0_059.mps,UNSAT,93.729,UNSAT-UNSAT,
/home/annelot/WARMSTART_PROJECT/baseline_symphony_21-01-2026+15_00/tmp/mnist-net_256x2/image_9/mnist-net_256x2_9_0_041.mps,/home/annelot/WARMSTART_PROJECT/baseline_symphony_21-01-2026+15_00/tmp/mnist-net_256x2/image_9/mnist-net_256x2_9_0_063.mps,UNSAT,93.825,UNSAT-UNSAT,
/home/annelot/WARMSTART_PROJECT/baseline_symphony_21-01-2026+15_00/tmp/mnist-net_256x2/image_9/mnist-net_256x2_9_0_041.mps,/home/annelot/WARMSTART_PROJECT/baseline_symphony_21-01-2026+15_00/tmp/mnist-net_256x2/image_9/mnist-net_256x2_9_0_065.mps,UNSAT,93.634,UNSAT-UNSAT,
/home/annelot/WARMSTART_PROJECT/baseline_symphony_21-01-2026+15_00/tmp/mnist-net_256x2/image_8/mnist-net_256x2_8_0_039.mps,/home/annelot/WARMSTART_PROJECT/baseline_symphony_21-01-2026+15_00/tmp/mnist-net_256x2/image_8/mnist-net_256x2_8_0_361.mps,SAT,459.926,SAT-TIMEOUT,
/home/annelot/WARMSTART_PROJECT/baseline_symphony_21-01-2026+15_00/tmp/mnist-net_256x2/image_8/mnist-net_256x2_8_0_039.mps,/home/annelot/WARMSTART_PROJECT/baseline_symphony_21-01-2026+15_00/tmp/mnist-net_256x2/image_8/mnist-net_256x2_8_0_341.mps,SAT,460.011,SAT-TIMEOUT,
/home/annelot/WARMSTART_PROJECT/baseline_symphony_21-01-2026+15_00/tmp/mnist-net_256x2/image_8/mnist-net_256x2_8_0_039.mps,/home/annelot/WARMSTART_PROJECT/baseline_symphony_21-01-2026+15_00/tmp/mnist-net_256x2/image_8/mnist-net_256x2_8_0_261.mps,SAT,460.964,SAT-TIMEOUT,
/home/annelot/WARMSTART_PROJECT/baseline_symphony_21-01-2026+15_00/tmp/mnist-net_256x2/image_8/mnist-net_256x2_8_0_039.mps,/home/annelot/WARMSTART_PROJECT/baseline_symphony_21-01-2026+15_00/tmp/mnist-net_256x2/image_8/mnist-net_256x2_8_0_381.mps,SAT,461.486,SAT-TIMEOUT,
/home/annelot/WARMSTART_PROJECT/baseline_symphony_21-01-2026+15_00/tmp/mnist-net_256x2/image_8/mnist-net_256x2_8_0_039.mps,/home/annelot/WARMSTART_PROJECT/baseline_symphony_21-01-2026+15_00/tmp/mnist-net_256x2/image_8/mnist-net_256x2_8_0_321.mps,SAT,461.419,SAT-TIMEOUT,
/home/annelot/WARMSTART_PROJECT/baseline_symphony_21-01-2026+15_00/tmp/mnist-net_256x2/image_8/mnist-net_256x2_8_0_039.mps,/home/annelot/WARMSTART_PROJECT/baseline_symphony_21-01-2026+15_00/tmp/mnist-net_256x2/image_8/mnist-net_256x2_8_0_281.mps,SAT,461.774,SAT-TIMEOUT,
/home/annelot/WARMSTART_PROJECT/baseline_symphony_21-01-2026+15_00/tmp/mnist-net_256x2/image_8/mnist-net_256x2_8_0_039.mps,/home/annelot/WARMSTART_PROJECT/baseline_symphony_21-01-2026+15_00/tmp/mnist-net_256x2/image_8/mnist-net_256x2_8_0_301.mps,SAT,463.016,SAT-TIMEOUT,
/home/annelot/WARMSTART_PROJECT/baseline_symphony_21-01-2026+15_00/tmp/mnist-net_256x2/image_8/mnist-net_256x2_8_0_039.mps,/home/annelot/WARMSTART_PROJECT/baseline_symphony_21-01-2026+15_00/tmp/mnist-net_256x2/image_8/mnist-net_256x2_8_0_241.mps,SAT,462.516,SAT-TIMEOUT,
/home/annelot/WARMSTART_PROJECT/baseline_symphony_21-01-2026+15_00/tmp/mnist-net_256x2/image_8/mnist-net_256x2_8_0_039.mps,/home/annelot/WARMSTART_PROJECT/baseline_symphony_21-01-2026+15_00/tmp/mnist-net_256x2/image_8/mnist-net_256x2_8_0_221.mps,SAT,466.445,SAT-TIMEOUT,
/home/annelot/WARMSTART_PROJECT/baseline_symphony_21-01-2026+15_00/tmp/mnist-net_256x2/image_9/mnist-net_256x2_9_0_043.mps,/home/annelot/WARMSTART_PROJECT/baseline_symphony_21-01-2026+15_00/tmp/mnist-net_256x2/image_9/mnist-net_256x2_9_0_045.mps,UNSAT,99.104,UNSAT-UNSAT,
/home/annelot/WARMSTART_PROJECT/baseline_symphony_21-01-2026+15_00/tmp/mnist-net_256x2/image_9/mnist-net_256x2_9_0_043.mps,/home/annelot/WARMSTART_PROJECT/baseline_symphony_21-01-2026+15_00/tmp/mnist-net_256x2/image_9/mnist-net_256x2_9_0_047.mps,UNSAT,99.266,UNSAT-UNSAT,
/home/annelot/WARMSTART_PROJECT/baseline_symphony_21-01-2026+15_00/tmp/mnist-net_256x2/image_9/mnist-net_256x2_9_0_043.mps,/home/annelot/WARMSTART_PROJECT/baseline_symphony_21-01-2026+15_00/tmp/mnist-net_256x2/image_9/mnist-net_256x2_9_0_049.mps,UNSAT,99.457,UNSAT-UNSAT,
/home/annelot/WARMSTART_PROJECT/baseline_symphony_21-01-2026+15_00/tmp/mnist-net_256x2/image_9/mnist-net_256x2_9_0_043.mps,/home/annelot/WARMSTART_PROJECT/baseline_symphony_21-01-2026+15_00/tmp/mnist-net_256x2/image_9/mnist-net_256x2_9_0_051.mps,UNSAT,99.741,UNSAT-UNSAT,
/home/annelot/WARMSTART_PROJECT/baseline_symphony_21-01-2026+15_00/tmp/mnist-net_256x2/image_9/mnist-net_256x2_9_0_043.mps,/home/annelot/WARMSTART_PROJECT/baseline_symphony_21-01-2026+15_00/tmp/mnist-net_256x2/image_9/mnist-net_256x2_9_0_053.mps,UNSAT,99.31,UNSAT-UNSAT,
/home/annelot/WARMSTART_PROJECT/baseline_symphony_21-01-2026+15_00/tmp/mnist-net_256x2/image_9/mnist-net_256x2_9_0_043.mps,/home/annelot/WARMSTART_PROJECT/baseline_symphony_21-01-2026+15_00/tmp/mnist-net_256x2/image_9/mnist-net_256x2_9_0_055.mps,UNSAT,99.299,UNSAT-UNSAT,
/home/annelot/WARMSTART_PROJECT/baseline_symphony_21-01-2026+15_00/tmp/mnist-net_256x2/image_9/mnist-net_256x2_9_0_043.mps,/home/annelot/WARMSTART_PROJECT/baseline_symphony_21-01-2026+15_00/tmp/mnist-net_256x2/image_9/mnist-net_256x2_9_0_057.mps,UNSAT,99.217,UNSAT-UNSAT,
/home/annelot/WARMSTART_PROJECT/baseline_symphony_21-01-2026+15_00/tmp/mnist-net_256x2/image_9/mnist-net_256x2_9_0_043.mps,/home/annelot/WARMSTART_PROJECT/baseline_symphony_21-01-2026+15_00/tmp/mnist-net_256x2/image_9/mnist-net_256x2_9_0_059.mps,UNSAT,160.846,UNSAT-UNSAT,
/home/annelot/WARMSTART_PROJECT/baseline_symphony_21-01-2026+15_00/tmp/mnist-net_256x2/image_9/mnist-net_256x2_9_0_043.mps,/home/annelot/WARMSTART_PROJECT/baseline_symphony_21-01-2026+15_00/tmp/mnist-net_256x2/image_9/mnist-net_256x2_9_0_061.mps,UNSAT,161.852,UNSAT-UNSAT,
/home/annelot/WARMSTART_PROJECT/baseline_symphony_21-01-2026+15_00/tmp/mnist-net_256x2/image_9/mnist-net_256x2_9_0_043.mps,/home/annelot/WARMSTART_PROJECT/baseline_symphony_21-01-2026+15_00/tmp/mnist-net_256x2/image_9/mnist-net_256x2_9_0_063.mps,UNSAT,162.037,UNSAT-UNSAT,
/home/annelot/WARMSTART_PROJECT/baseline_symphony_21-01-2026+15_00/tmp/mnist-net_256x2/image_9/mnist-net_256x2_9_0_043.mps,/home/annelot/WARMSTART_PROJECT/baseline_symphony_21-01-2026+15_00/tmp/mnist-net_256x2/image_9/mnist-net_256x2_9_0_065.mps,UNSAT,161.26,UNSAT-UNSAT,
/home/annelot/WARMSTART_PROJECT/baseline_symphony_21-01-2026+15_00/tmp/mnist-net_256x2/image_9/mnist-net_256x2_9_0_047.mps,/home/annelot/WARMSTART_PROJECT/baseline_symphony_21-01-2026+15_00/tmp/mnist-net_256x2/image_9/mnist-net_256x2_9_0_063.mps,UNSAT,125.642,UNSAT-UNSAT,
/home/annelot/WARMSTART_PROJECT/baseline_symphony_21-01-2026+15_00/tmp/mnist-net_256x2/image_9/mnist-net_256x2_9_0_047.mps,/home/annelot/WARMSTART_PROJECT/baseline_symphony_21-01-2026+15_00/tmp/mnist-net_256x2/image_9/mnist-net_256x2_9_0_065.mps,UNSAT,125.835,UNSAT-UNSAT,
/home/annelot/WARMSTART_PROJECT/baseline_symphony_21-01-2026+15_00/tmp/mnist-net_256x2/image_9/mnist-net_256x2_9_0_049.mps,/home/annelot/WARMSTART_PROJECT/baseline_symphony_21-01-2026+15_00/tmp/mnist-net_256x2/image_9/mnist-net_256x2_9_0_051.mps,UNSAT,119.795,UNSAT-UNSAT,
/home/annelot/WARMSTART_PROJECT/baseline_symphony_21-01-2026+15_00/tmp/mnist-net_256x2/image_9/mnist-net_256x2_9_0_049.mps,/home/annelot/WARMSTART_PROJECT/baseline_symphony_21-01-2026+15_00/tmp/mnist-net_256x2/image_9/mnist-net_256x2_9_0_053.mps,UNSAT,120.106,UNSAT-UNSAT,
/home/annelot/WARMSTART_PROJECT/baseline_symphony_21-01-2026+15_00/tmp/mnist-net_256x2/image_9/mnist-net_256x2_9_0_049.mps,/home/annelot/WARMSTART_PROJECT/baseline_symphony_21-01-2026+15_00/tmp/mnist-net_256x2/image_9/mnist-net_256x2_9_0_055.mps,UNSAT,119.647,UNSAT-UNSAT,
/home/annelot/WARMSTART_PROJECT/baseline_symphony_21-01-2026+15_00/tmp/mnist-net_256x2/image_9/mnist-net_256x2_9_0_049.mps,/home/annelot/WARMSTART_PROJECT/baseline_symphony_21-01-2026+15_00/tmp/mnist-net_256x2/image_9/mnist-net_256x2_9_0_057.mps,UNSAT,120.092,UNSAT-UNSAT,
/home/annelot/WARMSTART_PROJECT/baseline_symphony_21-01-2026+15_00/tmp/mnist-net_256x2/image_9/mnist-net_256x2_9_0_049.mps,/home/annelot/WARMSTART_PROJECT/baseline_symphony_21-01-2026+15_00/tmp/mnist-net_256x2/image_9/mnist-net_256x2_9_0_059.mps,UNSAT,119.481,UNSAT-UNSAT,
/home/annelot/WARMSTART_PROJECT/baseline_symphony_21-01-2026+15_00/tmp/mnist-net_256x2/image_9/mnist-net_256x2_9_0_047.mps,/home/annelot/WARMSTART_PROJECT/baseline_symphony_21-01-2026+15_00/tmp/mnist-net_256x2/image_9/mnist-net_256x2_9_0_049.mps,UNSAT,204.007,UNSAT-UNSAT,
/home/annelot/WARMSTART_PROJECT/baseline_symphony_21-01-2026+15_00/tmp/mnist-net_256x2/image_9/mnist-net_256x2_9_0_047.mps,/home/annelot/WARMSTART_PROJECT/baseline_symphony_21-01-2026+15_00/tmp/mnist-net_256x2/image_9/mnist-net_256x2_9_0_053.mps,UNSAT,204.696,UNSAT-UNSAT,
/home/annelot/WARMSTART_PROJECT/baseline_symphony_21-01-2026+15_00/tmp/mnist-net_256x2/image_9/mnist-net_256x2_9_0_047.mps,/home/annelot/WARMSTART_PROJECT/baseline_symphony_21-01-2026+15_00/tmp/mnist-net_256x2/image_9/mnist-net_256x2_9_0_057.mps,UNSAT,204.783,UNSAT-UNSAT,
/home/annelot/WARMSTART_PROJECT/baseline_symphony_21-01-2026+15_00/tmp/mnist-net_256x2/image_9/mnist-net_256x2_9_0_047.mps,/home/annelot/WARMSTART_PROJECT/baseline_symphony_21-01-2026+15_00/tmp/mnist-net_256x2/image_9/mnist-net_256x2_9_0_055.mps,UNSAT,204.667,UNSAT-UNSAT,
/home/annelot/WARMSTART_PROJECT/baseline_symphony_21-01-2026+15_00/tmp/mnist-net_256x2/image_9/mnist-net_256x2_9_0_047.mps,/home/annelot/WARMSTART_PROJECT/baseline_symphony_21-01-2026+15_00/tmp/mnist-net_256x2/image_9/mnist-net_256x2_9_0_051.mps,UNSAT,204.976,UNSAT-UNSAT,
/home/annelot/WARMSTART_PROJECT/baseline_symphony_21-01-2026+15_00/tmp/mnist-net_256x2/image_9/mnist-net_256x2_9_0_047.mps,/home/annelot/WARMSTART_PROJECT/baseline_symphony_21-01-2026+15_00/tmp/mnist-net_256x2/image_9/mnist-net_256x2_9_0_059.mps,UNSAT,205.24,UNSAT-UNSAT,
/home/annelot/WARMSTART_PROJECT/baseline_symphony_21-01-2026+15_00/tmp/mnist-net_256x2/image_9/mnist-net_256x2_9_0_047.mps,/home/annelot/WARMSTART_PROJECT/baseline_symphony_21-01-2026+15_00/tmp/mnist-net_256x2/image_9/mnist-net_256x2_9_0_061.mps,UNSAT,207.942,UNSAT-UNSAT,
/home/annelot/WARMSTART_PROJECT/baseline_symphony_21-01-2026+15_00/tmp/mnist-net_256x2/image_9/mnist-net_256x2_9_0_049.mps,/home/annelot/WARMSTART_PROJECT/baseline_symphony_21-01-2026+15_00/tmp/mnist-net_256x2/image_9/mnist-net_256x2_9_0_061.mps,UNSAT,192.579,UNSAT-UNSAT,
/home/annelot/WARMSTART_PROJECT/baseline_symphony_21-01-2026+15_00/tmp/mnist-net_256x2/image_9/mnist-net_256x2_9_0_049.mps,/home/annelot/WARMSTART_PROJECT/baseline_symphony_21-01-2026+15_00/tmp/mnist-net_256x2/image_9/mnist-net_256x2_9_0_063.mps,UNSAT,193.754,UNSAT-UNSAT,
/home/annelot/WARMSTART_PROJECT/baseline_symphony_21-01-2026+15_00/tmp/mnist-net_256x2/image_9/mnist-net_256x2_9_0_049.mps,/home/annelot/WARMSTART_PROJECT/baseline_symphony_21-01-2026+15_00/tmp/mnist-net_256x2/image_9/mnist-net_256x2_9_0_065.mps,UNSAT,193.804,UNSAT-UNSAT,
/home/annelot/WARMSTART_PROJECT/baseline_symphony_21-01-2026+15_00/tmp/mnist-net_256x2/image_9/mnist-net_256x2_9_0_045.mps,/home/annelot/WARMSTART_PROJECT/baseline_symphony_21-01-2026+15_00/tmp/mnist-net_256x2/image_9/mnist-net_256x2_9_0_049.mps,UNSAT,437.11,UNSAT-UNSAT,
/home/annelot/WARMSTART_PROJECT/baseline_symphony_21-01-2026+15_00/tmp/mnist-net_256x2/image_9/mnist-net_256x2_9_0_045.mps,/home/annelot/WARMSTART_PROJECT/baseline_symphony_21-01-2026+15_00/tmp/mnist-net_256x2/image_9/mnist-net_256x2_9_0_047.mps,UNSAT,438.234,UNSAT-UNSAT,
/home/annelot/WARMSTART_PROJECT/baseline_symphony_21-01-2026+15_00/tmp/mnist-net_256x2/image_9/mnist-net_256x2_9_0_045.mps,/home/annelot/WARMSTART_PROJECT/baseline_symphony_21-01-2026+15_00/tmp/mnist-net_256x2/image_9/mnist-net_256x2_9_0_051.mps,UNSAT,439.199,UNSAT-UNSAT,
/home/annelot/WARMSTART_PROJECT/baseline_symphony_21-01-2026+15_00/tmp/mnist-net_256x2/image_9/mnist-net_256x2_9_0_045.mps,/home/annelot/WARMSTART_PROJECT/baseline_symphony_21-01-2026+15_00/tmp/mnist-net_256x2/image_9/mnist-net_256x2_9_0_053.mps,UNSAT,437.733,UNSAT-UNSAT,
/home/annelot/WARMSTART_PROJECT/baseline_symphony_21-01-2026+15_00/tmp/mnist-net_256x2/image_9/mnist-net_256x2_9_0_045.mps,/home/annelot/WARMSTART_PROJECT/baseline_symphony_21-01-2026+15_00/tmp/mnist-net_256x2/image_9/mnist-net_256x2_9_0_057.mps,UNSAT,439.37,UNSAT-UNSAT,
/home/annelot/WARMSTART_PROJECT/baseline_symphony_21-01-2026+15_00/tmp/mnist-net_256x2/image_9/mnist-net_256x2_9_0_045.mps,/home/annelot/WARMSTART_PROJECT/baseline_symphony_21-01-2026+15_00/tmp/mnist-net_256x2/image_9/mnist-net_256x2_9_0_055.mps,UNSAT,439.676,UNSAT-UNSAT,
/home/annelot/WARMSTART_PROJECT/baseline_symphony_21-01-2026+15_00/tmp/mnist-net_256x2/image_9/mnist-net_256x2_9_0_045.mps,/home/annelot/WARMSTART_PROJECT/baseline_symphony_21-01-2026+15_00/tmp/mnist-net_256x2/image_9/mnist-net_256x2_9_0_059.mps,UNSAT,437.735,UNSAT-UNSAT,
/home/annelot/WARMSTART_PROJECT/baseline_symphony_21-01-2026+15_00/tmp/mnist-net_256x2/image_9/mnist-net_256x2_9_0_045.mps,/home/annelot/WARMSTART_PROJECT/baseline_symphony_21-01-2026+15_00/tmp/mnist-net_256x2/image_9/mnist-net_256x2_9_0_061.mps,UNSAT,439.2,UNSAT-UNSAT,
/home/annelot/WARMSTART_PROJECT/baseline_symphony_21-01-2026+15_00/tmp/mnist-net_256x2/image_9/mnist-net_256x2_9_0_045.mps,/home/annelot/WARMSTART_PROJECT/baseline_symphony_21-01-2026+15_00/tmp/mnist-net_256x2/image_9/mnist-net_256x2_9_0_063.mps,UNSAT,437.511,UNSAT-UNSAT,
/home/annelot/WARMSTART_PROJECT/baseline_symphony_21-01-2026+15_00/tmp/mnist-net_256x2/image_9/mnist-net_256x2_9_0_045.mps,/home/annelot/WARMSTART_PROJECT/baseline_symphony_21-01-2026+15_00/tmp/mnist-net_256x2/image_9/mnist-net_256x2_9_0_065.mps,UNSAT,437.861,UNSAT-UNSAT,
/home/annelot/WARMSTART_PROJECT/baseline_symphony_21-01-2026+15_00/tmp/mnist-net_256x2/image_9/mnist-net_256x2_9_0_053.mps,/home/annelot/WARMSTART_PROJECT/baseline_symphony_21-01-2026+15_00/tmp/mnist-net_256x2/image_9/mnist-net_256x2_9_0_055.mps,UNSAT,440.634,UNSAT-UNSAT,
/home/annelot/WARMSTART_PROJECT/baseline_symphony_21-01-2026+15_00/tmp/mnist-net_256x2/image_9/mnist-net_256x2_9_0_051.mps,/home/annelot/WARMSTART_PROJECT/baseline_symphony_21-01-2026+15_00/tmp/mnist-net_256x2/image_9/mnist-net_256x2_9_0_055.mps,UNSAT,421.657,UNSAT-UNSAT,
/home/annelot/WARMSTART_PROJECT/baseline_symphony_21-01-2026+15_00/tmp/mnist-net_256x2/image_9/mnist-net_256x2_9_0_051.mps,/home/annelot/WARMSTART_PROJECT/baseline_symphony_21-01-2026+15_00/tmp/mnist-net_256x2/image_9/mnist-net_256x2_9_0_057.mps,UNSAT,421.692,UNSAT-UNSAT,
/home/annelot/WARMSTART_PROJECT/baseline_symphony_21-01-2026+15_00/tmp/mnist-net_256x2/image_9/mnist-net_256x2_9_0_051.mps,/home/annelot/WARMSTART_PROJECT/baseline_symphony_21-01-2026+15_00/tmp/mnist-net_256x2/image_9/mnist-net_256x2_9_0_059.mps,UNSAT,422.701,UNSAT-UNSAT,
/home/annelot/WARMSTART_PROJECT/baseline_symphony_21-01-2026+15_00/tmp/mnist-net_256x2/image_9/mnist-net_256x2_9_0_051.mps,/home/annelot/WARMSTART_PROJECT/baseline_symphony_21-01-2026+15_00/tmp/mnist-net_256x2/image_9/mnist-net_256x2_9_0_061.mps,UNSAT,423.575,UNSAT-UNSAT,
/home/annelot/WARMSTART_PROJECT/baseline_symphony_21-01-2026+15_00/tmp/mnist-net_256x2/image_2/mnist-net_256x2_2_0_021.mps,/home/annelot/WARMSTART_PROJECT/baseline_symphony_21-01-2026+15_00/tmp/mnist-net_256x2/image_2/mnist-net_256x2_2_0_023.mps,UNSAT,0.207,UNSAT-UNSAT,
/home/annelot/WARMSTART_PROJECT/baseline_symphony_21-01-2026+15_00/tmp/mnist-net_256x2/image_2/mnist-net_256x2_2_0_021.mps,/home/annelot/WARMSTART_PROJECT/baseline_symphony_21-01-2026+15_00/tmp/mnist-net_256x2/image_2/mnist-net_256x2_2_0_025.mps,UNSAT,0.21,UNSAT-UNSAT,
/home/annelot/WARMSTART_PROJECT/baseline_symphony_21-01-2026+15_00/tmp/mnist-net_256x2/image_2/mnist-net_256x2_2_0_021.mps,/home/annelot/WARMSTART_PROJECT/baseline_symphony_21-01-2026+15_00/tmp/mnist-net_256x2/image_2/mnist-net_256x2_2_0_027.mps,UNSAT,0.21,UNSAT-UNSAT,
/home/annelot/WARMSTART_PROJECT/baseline_symphony_21-01-2026+15_00/tmp/mnist-net_256x2/image_9/mnist-net_256x2_9_0_051.mps,/home/annelot/WARMSTART_PROJECT/baseline_symphony_21-01-2026+15_00/tmp/mnist-net_256x2/image_9/mnist-net_256x2_9_0_063.mps,UNSAT,421.919,UNSAT-UNSAT,
/home/annelot/WARMSTART_PROJECT/baseline_symphony_21-01-2026+15_00/tmp/mnist-net_256x2/image_2/mnist-net_256x2_2_0_021.mps,/home/annelot/WARMSTART_PROJECT/baseline_symphony_21-01-2026+15_00/tmp/mnist-net_256x2/image_2/mnist-net_256x2_2_0_029.mps,UNSAT,0.211,UNSAT-UNSAT,
/home/annelot/WARMSTART_PROJECT/baseline_symphony_21-01-2026+15_00/tmp/mnist-net_256x2/image_2/mnist-net_256x2_2_0_021.mps,/home/annelot/WARMSTART_PROJECT/baseline_symphony_21-01-2026+15_00/tmp/mnist-net_256x2/image_2/mnist-net_256x2_2_0_031.mps,UNSAT,0.208,UNSAT-UNSAT,
/home/annelot/WARMSTART_PROJECT/baseline_symphony_21-01-2026+15_00/tmp/mnist-net_256x2/image_9/mnist-net_256x2_9_0_051.mps,/home/annelot/WARMSTART_PROJECT/baseline_symphony_21-01-2026+15_00/tmp/mnist-net_256x2/image_9/mnist-net_256x2_9_0_065.mps,UNSAT,422.119,UNSAT-UNSAT,
/home/annelot/WARMSTART_PROJECT/baseline_symphony_21-01-2026+15_00/tmp/mnist-net_256x2/image_2/mnist-net_256x2_2_0_021.mps,/home/annelot/WARMSTART_PROJECT/baseline_symphony_21-01-2026+15_00/tmp/mnist-net_256x2/image_2/mnist-net_256x2_2_0_033.mps,UNSAT,0.211,UNSAT-UNSAT,
/home/annelot/WARMSTART_PROJECT/baseline_symphony_21-01-2026+15_00/tmp/mnist-net_256x2/image_2/mnist-net_256x2_2_0_023.mps,/home/annelot/WARMSTART_PROJECT/baseline_symphony_21-01-2026+15_00/tmp/mnist-net_256x2/image_2/mnist-net_256x2_2_0_025.mps,UNSAT,2.615,UNSAT-UNSAT,
/home/annelot/WARMSTART_PROJECT/baseline_symphony_21-01-2026+15_00/tmp/mnist-net_256x2/image_2/mnist-net_256x2_2_0_023.mps,/home/annelot/WARMSTART_PROJECT/baseline_symphony_21-01-2026+15_00/tmp/mnist-net_256x2/image_2/mnist-net_256x2_2_0_027.mps,UNSAT,2.614,UNSAT-UNSAT,
/home/annelot/WARMSTART_PROJECT/baseline_symphony_21-01-2026+15_00/tmp/mnist-net_256x2/image_2/mnist-net_256x2_2_0_023.mps,/home/annelot/WARMSTART_PROJECT/baseline_symphony_21-01-2026+15_00/tmp/mnist-net_256x2/image_2/mnist-net_256x2_2_0_029.mps,UNSAT,2.633,UNSAT-UNSAT,
/home/annelot/WARMSTART_PROJECT/baseline_symphony_21-01-2026+15_00/tmp/mnist-net_256x2/image_2/mnist-net_256x2_2_0_023.mps,/home/annelot/WARMSTART_PROJECT/baseline_symphony_21-01-2026+15_00/tmp/mnist-net_256x2/image_2/mnist-net_256x2_2_0_033.mps,UNSAT,2.614,UNSAT-UNSAT,
/home/annelot/WARMSTART_PROJECT/baseline_symphony_21-01-2026+15_00/tmp/mnist-net_256x2/image_2/mnist-net_256x2_2_0_023.mps,/home/annelot/WARMSTART_PROJECT/baseline_symphony_21-01-2026+15_00/tmp/mnist-net_256x2/image_2/mnist-net_256x2_2_0_031.mps,UNSAT,2.613,UNSAT-UNSAT,
/home/annelot/WARMSTART_PROJECT/baseline_symphony_21-01-2026+15_00/tmp/mnist-net_256x2/image_2/mnist-net_256x2_2_0_025.mps,/home/annelot/WARMSTART_PROJECT/baseline_symphony_21-01-2026+15_00/tmp/mnist-net_256x2/image_2/mnist-net_256x2_2_0_027.mps,UNSAT,17.442,UNSAT-UNSAT,
/home/annelot/WARMSTART_PROJECT/baseline_symphony_21-01-2026+15_00/tmp/mnist-net_256x2/image_2/mnist-net_256x2_2_0_025.mps,/home/annelot/WARMSTART_PROJECT/baseline_symphony_21-01-2026+15_00/tmp/mnist-net_256x2/image_2/mnist-net_256x2_2_0_031.mps,UNSAT,17.415,UNSAT-UNSAT,
/home/annelot/WARMSTART_PROJECT/baseline_symphony_21-01-2026+15_00/tmp/mnist-net_256x2/image_2/mnist-net_256x2_2_0_025.mps,/home/annelot/WARMSTART_PROJECT/baseline_symphony_21-01-2026+15_00/tmp/mnist-net_256x2/image_2/mnist-net_256x2_2_0_029.mps,UNSAT,17.411,UNSAT-UNSAT,
/home/annelot/WARMSTART_PROJECT/baseline_symphony_21-01-2026+15_00/tmp/mnist-net_256x2/image_2/mnist-net_256x2_2_0_027.mps,/home/annelot/WARMSTART_PROJECT/baseline_symphony_21-01-2026+15_00/tmp/mnist-net_256x2/image_2/mnist-net_256x2_2_0_029.mps,UNSAT,12.913,UNSAT-UNSAT,
/home/annelot/WARMSTART_PROJECT/baseline_symphony_21-01-2026+15_00/tmp/mnist-net_256x2/image_2/mnist-net_256x2_2_0_027.mps,/home/annelot/WARMSTART_PROJECT/baseline_symphony_21-01-2026+15_00/tmp/mnist-net_256x2/image_2/mnist-net_256x2_2_0_031.mps,UNSAT,12.913,UNSAT-UNSAT,
/home/annelot/WARMSTART_PROJECT/baseline_symphony_21-01-2026+15_00/tmp/mnist-net_256x2/image_2/mnist-net_256x2_2_0_025.mps,/home/annelot/WARMSTART_PROJECT/baseline_symphony_21-01-2026+15_00/tmp/mnist-net_256x2/image_2/mnist-net_256x2_2_0_033.mps,UNSAT,17.483,UNSAT-UNSAT,
/home/annelot/WARMSTART_PROJECT/baseline_symphony_21-01-2026+15_00/tmp/mnist-net_256x2/image_2/mnist-net_256x2_2_0_027.mps,/home/annelot/WARMSTART_PROJECT/baseline_symphony_21-01-2026+15_00/tmp/mnist-net_256x2/image_2/mnist-net_256x2_2_0_033.mps,UNSAT,12.878,UNSAT-UNSAT,
/home/annelot/WARMSTART_PROJECT/baseline_symphony_21-01-2026+15_00/tmp/mnist-net_256x2/image_2/mnist-net_256x2_2_0_029.mps,/home/annelot/WARMSTART_PROJECT/baseline_symphony_21-01-2026+15_00/tmp/mnist-net_256x2/image_2/mnist-net_256x2_2_0_031.mps,UNSAT,66.298,UNSAT-UNSAT,
/home/annelot/WARMSTART_PROJECT/baseline_symphony_21-01-2026+15_00/tmp/mnist-net_256x2/image_2/mnist-net_256x2_2_0_029.mps,/home/annelot/WARMSTART_PROJECT/baseline_symphony_21-01-2026+15_00/tmp/mnist-net_256x2/image_2/mnist-net_256x2_2_0_033.mps,UNSAT,66.569,UNSAT-UNSAT,
/home/annelot/WARMSTART_PROJECT/baseline_symphony_21-01-2026+15_00/tmp/mnist-net_256x2/image_9/mnist-net_256x2_9_0_057.mps,/home/annelot/WARMSTART_PROJECT/baseline_symphony_21-01-2026+15_00/tmp/mnist-net_256x2/image_9/mnist-net_256x2_9_0_059.mps,UNSAT,467.916,UNSAT-UNSAT,
/home/annelot/WARMSTART_PROJECT/baseline_symphony_21-01-2026+15_00/tmp/mnist-net_256x2/image_9/mnist-net_256x2_9_0_057.mps,/home/annelot/WARMSTART_PROJECT/baseline_symphony_21-01-2026+15_00/tmp/mnist-net_256x2/image_9/mnist-net_256x2_9_0_061.mps,UNSAT,466.881,UNSAT-UNSAT,
/home/annelot/WARMSTART_PROJECT/baseline_symphony_21-01-2026+15_00/tmp/mnist-net_256x2/image_9/mnist-net_256x2_9_0_057.mps,/home/annelot/WARMSTART_PROJECT/baseline_symphony_21-01-2026+15_00/tmp/mnist-net_256x2/image_9/mnist-net_256x2_9_0_063.mps,UNSAT,468.257,UNSAT-UNSAT,
/home/annelot/WARMSTART_PROJECT/baseline_symphony_21-01-2026+15_00/tmp/mnist-net_256x2/image_9/mnist-net_256x2_9_0_057.mps,/home/annelot/WARMSTART_PROJECT/baseline_symphony_21-01-2026+15_00/tmp/mnist-net_256x2/image_9/mnist-net_256x2_9_0_065.mps,UNSAT,468.64,UNSAT-UNSAT,
/home/annelot/WARMSTART_PROJECT/baseline_symphony_21-01-2026+15_00/tmp/mnist-net_256x2/image_9/mnist-net_256x2_9_0_051.mps,/home/annelot/WARMSTART_PROJECT/baseline_symphony_21-01-2026+15_00/tmp/mnist-net_256x2/image_9/mnist-net_256x2_9_0_053.mps,UNSAT,690.496,UNSAT-UNSAT,
/home/annelot/WARMSTART_PROJECT/baseline_symphony_21-01-2026+15_00/tmp/mnist-net_256x2/image_9/mnist-net_256x2_9_0_053.mps,/home/annelot/WARMSTART_PROJECT/baseline_symphony_21-01-2026+15_00/tmp/mnist-net_256x2/image_9/mnist-net_256x2_9_0_057.mps,UNSAT,720.704,UNSAT-UNSAT,
/home/annelot/WARMSTART_PROJECT/baseline_symphony_21-01-2026+15_00/tmp/mnist-net_256x2/image_9/mnist-net_256x2_9_0_053.mps,/home/annelot/WARMSTART_PROJECT/baseline_symphony_21-01-2026+15_00/tmp/mnist-net_256x2/image_9/mnist-net_256x2_9_0_063.mps,UNSAT,721.888,UNSAT-UNSAT,
/home/annelot/WARMSTART_PROJECT/baseline_symphony_21-01-2026+15_00/tmp/mnist-net_256x2/image_9/mnist-net_256x2_9_0_053.mps,/home/annelot/WARMSTART_PROJECT/baseline_symphony_21-01-2026+15_00/tmp/mnist-net_256x2/image_9/mnist-net_256x2_9_0_061.mps,UNSAT,722.732,UNSAT-UNSAT,
/home/annelot/WARMSTART_PROJECT/baseline_symphony_21-01-2026+15_00/tmp/mnist-net_256x2/image_9/mnist-net_256x2_9_0_053.mps,/home/annelot/WARMSTART_PROJECT/baseline_symphony_21-01-2026+15_00/tmp/mnist-net_256x2/image_9/mnist-net_256x2_9_0_059.mps,UNSAT,723.296,UNSAT-UNSAT,
/home/annelot/WARMSTART_PROJECT/baseline_symphony_21-01-2026+15_00/tmp/mnist-net_256x2/image_9/mnist-net_256x2_9_0_053.mps,/home/annelot/WARMSTART_PROJECT/baseline_symphony_21-01-2026+15_00/tmp/mnist-net_256x2/image_9/mnist-net_256x2_9_0_065.mps,UNSAT,723.116,UNSAT-UNSAT,
/home/annelot/WARMSTART_PROJECT/baseline_symphony_21-01-2026+15_00/tmp/mnist-net_256x2/image_2/mnist-net_256x2_2_0_031.mps,/home/annelot/WARMSTART_PROJECT/baseline_symphony_21-01-2026+15_00/tmp/mnist-net_256x2/image_2/mnist-net_256x2_2_0_033.mps,UNSAT,228.456,UNSAT-UNSAT,
/home/annelot/WARMSTART_PROJECT/baseline_symphony_21-01-2026+15_00/tmp/mnist-net_256x2/image_2/mnist-net_256x2_2_0_033.mps,/home/annelot/WARMSTART_PROJECT/baseline_symphony_21-01-2026+15_00/tmp/mnist-net_256x2/image_2/mnist-net_256x2_2_0_061.mps,UNSAT,443.468,UNSAT-TIMEOUT,
/home/annelot/WARMSTART_PROJECT/baseline_symphony_21-01-2026+15_00/tmp/mnist-net_256x2/image_2/mnist-net_256x2_2_0_033.mps,/home/annelot/WARMSTART_PROJECT/baseline_symphony_21-01-2026+15_00/tmp/mnist-net_256x2/image_2/mnist-net_256x2_2_0_081.mps,UNSAT,445.514,UNSAT-TIMEOUT,
/home/annelot/WARMSTART_PROJECT/baseline_symphony_21-01-2026+15_00/tmp/mnist-net_256x2/image_2/mnist-net_256x2_2_0_033.mps,/home/annelot/WARMSTART_PROJECT/baseline_symphony_21-01-2026+15_00/tmp/mnist-net_256x2/image_2/mnist-net_256x2_2_0_301.mps,UNSAT,443.467,UNSAT-TIMEOUT,
/home/annelot/WARMSTART_PROJECT/baseline_symphony_21-01-2026+15_00/tmp/mnist-net_256x2/image_2/mnist-net_256x2_2_0_033.mps,/home/annelot/WARMSTART_PROJECT/baseline_symphony_21-01-2026+15_00/tmp/mnist-net_256x2/image_2/mnist-net_256x2_2_0_035.mps,UNSAT,748.17,UNSAT-TIMEOUT,
/home/annelot/WARMSTART_PROJECT/baseline_symphony_21-01-2026+15_00/tmp/mnist-net_256x2/image_2/mnist-net_256x2_2_0_033.mps,/home/annelot/WARMSTART_PROJECT/baseline_symphony_21-01-2026+15_00/tmp/mnist-net_256x2/image_2/mnist-net_256x2_2_0_041.mps,UNSAT,749.8,UNSAT-TIMEOUT,
/home/annelot/WARMSTART_PROJECT/baseline_symphony_21-01-2026+15_00/tmp/mnist-net_256x2/image_1/mnist-net_256x2_1_0_029.mps,/home/annelot/WARMSTART_PROJECT/baseline_symphony_21-01-2026+15_00/tmp/mnist-net_256x2/image_1/mnist-net_256x2_1_0_031.mps,UNSAT,0.196,UNSAT-UNSAT,
/home/annelot/WARMSTART_PROJECT/baseline_symphony_21-01-2026+15_00/tmp/mnist-net_256x2/image_1/mnist-net_256x2_1_0_029.mps,/home/annelot/WARMSTART_PROJECT/baseline_symphony_21-01-2026+15_00/tmp/mnist-net_256x2/image_1/mnist-net_256x2_1_0_033.mps,UNSAT,0.208,UNSAT-UNSAT,
/home/annelot/WARMSTART_PROJECT/baseline_symphony_21-01-2026+15_00/tmp/mnist-net_256x2/image_1/mnist-net_256x2_1_0_029.mps,/home/annelot/WARMSTART_PROJECT/baseline_symphony_21-01-2026+15_00/tmp/mnist-net_256x2/image_1/mnist-net_256x2_1_0_035.mps,UNSAT,0.205,UNSAT-UNSAT,
/home/annelot/WARMSTART_PROJECT/baseline_symphony_21-01-2026+15_00/tmp/mnist-net_256x2/image_1/mnist-net_256x2_1_0_029.mps,/home/annelot/WARMSTART_PROJECT/baseline_symphony_21-01-2026+15_00/tmp/mnist-net_256x2/image_1/mnist-net_256x2_1_0_037.mps,UNSAT,0.205,UNSAT-UNSAT,
/home/annelot/WARMSTART_PROJECT/baseline_symphony_21-01-2026+15_00/tmp/mnist-net_256x2/image_1/mnist-net_256x2_1_0_029.mps,/home/annelot/WARMSTART_PROJECT/baseline_symphony_21-01-2026+15_00/tmp/mnist-net_256x2/image_1/mnist-net_256x2_1_0_039.mps,UNSAT,0.202,UNSAT-UNSAT,
/home/annelot/WARMSTART_PROJECT/baseline_symphony_21-01-2026+15_00/tmp/mnist-net_256x2/image_1/mnist-net_256x2_1_0_029.mps,/home/annelot/WARMSTART_PROJECT/baseline_symphony_21-01-2026+15_00/tmp/mnist-net_256x2/image_1/mnist-net_256x2_1_0_041.mps,UNSAT,0.202,UNSAT-UNSAT,
/home/annelot/WARMSTART_PROJECT/baseline_symphony_21-01-2026+15_00/tmp/mnist-net_256x2/image_1/mnist-net_256x2_1_0_029.mps,/home/annelot/WARMSTART_PROJECT/baseline_symphony_21-01-2026+15_00/tmp/mnist-net_256x2/image_1/mnist-net_256x2_1_0_043.mps,UNSAT,0.204,UNSAT-UNSAT,
/home/annelot/WARMSTART_PROJECT/baseline_symphony_21-01-2026+15_00/tmp/mnist-net_256x2/image_1/mnist-net_256x2_1_0_029.mps,/home/annelot/WARMSTART_PROJECT/baseline_symphony_21-01-2026+15_00/tmp/mnist-net_256x2/image_1/mnist-net_256x2_1_0_045.mps,UNSAT,0.205,UNSAT-UNSAT,
/home/annelot/WARMSTART_PROJECT/baseline_symphony_21-01-2026+15_00/tmp/mnist-net_256x2/image_1/mnist-net_256x2_1_0_029.mps,/home/annelot/WARMSTART_PROJECT/baseline_symphony_21-01-2026+15_00/tmp/mnist-net_256x2/image_1/mnist-net_256x2_1_0_047.mps,UNSAT,0.208,UNSAT-UNSAT,
/home/annelot/WARMSTART_PROJECT/baseline_symphony_21-01-2026+15_00/tmp/mnist-net_256x2/image_1/mnist-net_256x2_1_0_029.mps,/home/annelot/WARMSTART_PROJECT/baseline_symphony_21-01-2026+15_00/tmp/mnist-net_256x2/image_1/mnist-net_256x2_1_0_049.mps,UNSAT,0.204,UNSAT-UNSAT,
/home/annelot/WARMSTART_PROJECT/baseline_symphony_21-01-2026+15_00/tmp/mnist-net_256x2/image_1/mnist-net_256x2_1_0_029.mps,/home/annelot/WARMSTART_PROJECT/baseline_symphony_21-01-2026+15_00/tmp/mnist-net_256x2/image_1/mnist-net_256x2_1_0_051.mps,UNSAT,0.205,UNSAT-UNSAT,
/home/annelot/WARMSTART_PROJECT/baseline_symphony_21-01-2026+15_00/tmp/mnist-net_256x2/image_1/mnist-net_256x2_1_0_031.mps,/home/annelot/WARMSTART_PROJECT/baseline_symphony_21-01-2026+15_00/tmp/mnist-net_256x2/image_1/mnist-net_256x2_1_0_033.mps,UNSAT,2.754,UNSAT-UNSAT,
/home/annelot/WARMSTART_PROJECT/baseline_symphony_21-01-2026+15_00/tmp/mnist-net_256x2/image_2/mnist-net_256x2_2_0_033.mps,/home/annelot/WARMSTART_PROJECT/baseline_symphony_21-01-2026+15_00/tmp/mnist-net_256x2/image_2/mnist-net_256x2_2_0_101.mps,UNSAT,745.768,UNSAT-TIMEOUT,
/home/annelot/WARMSTART_PROJECT/baseline_symphony_21-01-2026+15_00/tmp/mnist-net_256x2/image_1/mnist-net_256x2_1_0_031.mps,/home/annelot/WARMSTART_PROJECT/baseline_symphony_21-01-2026+15_00/tmp/mnist-net_256x2/image_1/mnist-net_256x2_1_0_035.mps,UNSAT,2.761,UNSAT-UNSAT,
/home/annelot/WARMSTART_PROJECT/baseline_symphony_21-01-2026+15_00/tmp/mnist-net_256x2/image_1/mnist-net_256x2_1_0_031.mps,/home/annelot/WARMSTART_PROJECT/baseline_symphony_21-01-2026+15_00/tmp/mnist-net_256x2/image_1/mnist-net_256x2_1_0_037.mps,UNSAT,2.728,UNSAT-UNSAT,
/home/annelot/WARMSTART_PROJECT/baseline_symphony_21-01-2026+15_00/tmp/mnist-net_256x2/image_1/mnist-net_256x2_1_0_031.mps,/home/annelot/WARMSTART_PROJECT/baseline_symphony_21-01-2026+15_00/tmp/mnist-net_256x2/image_1/mnist-net_256x2_1_0_039.mps,UNSAT,2.752,UNSAT-UNSAT,
/home/annelot/WARMSTART_PROJECT/baseline_symphony_21-01-2026+15_00/tmp/mnist-net_256x2/image_1/mnist-net_256x2_1_0_031.mps,/home/annelot/WARMSTART_PROJECT/baseline_symphony_21-01-2026+15_00/tmp/mnist-net_256x2/image_1/mnist-net_256x2_1_0_041.mps,UNSAT,2.752,UNSAT-UNSAT,
/home/annelot/WARMSTART_PROJECT/baseline_symphony_21-01-2026+15_00/tmp/mnist-net_256x2/image_1/mnist-net_256x2_1_0_031.mps,/home/annelot/WARMSTART_PROJECT/baseline_symphony_21-01-2026+15_00/tmp/mnist-net_256x2/image_1/mnist-net_256x2_1_0_043.mps,UNSAT,2.746,UNSAT-UNSAT,
/home/annelot/WARMSTART_PROJECT/baseline_symphony_21-01-2026+15_00/tmp/mnist-net_256x2/image_1/mnist-net_256x2_1_0_031.mps,/home/annelot/WARMSTART_PROJECT/baseline_symphony_21-01-2026+15_00/tmp/mnist-net_256x2/image_1/mnist-net_256x2_1_0_045.mps,UNSAT,2.749,UNSAT-UNSAT,
/home/annelot/WARMSTART_PROJECT/baseline_symphony_21-01-2026+15_00/tmp/mnist-net_256x2/image_1/mnist-net_256x2_1_0_031.mps,/home/annelot/WARMSTART_PROJECT/baseline_symphony_21-01-2026+15_00/tmp/mnist-net_256x2/image_1/mnist-net_256x2_1_0_047.mps,UNSAT,2.763,UNSAT-UNSAT,
/home/annelot/WARMSTART_PROJECT/baseline_symphony_21-01-2026+15_00/tmp/mnist-net_256x2/image_1/mnist-net_256x2_1_0_031.mps,/home/annelot/WARMSTART_PROJECT/baseline_symphony_21-01-2026+15_00/tmp/mnist-net_256x2/image_1/mnist-net_256x2_1_0_049.mps,UNSAT,2.723,UNSAT-UNSAT,
/home/annelot/WARMSTART_PROJECT/baseline_symphony_21-01-2026+15_00/tmp/mnist-net_256x2/image_1/mnist-net_256x2_1_0_031.mps,/home/annelot/WARMSTART_PROJECT/baseline_symphony_21-01-2026+15_00/tmp/mnist-net_256x2/image_1/mnist-net_256x2_1_0_051.mps,UNSAT,2.757,UNSAT-UNSAT,
/home/annelot/WARMSTART_PROJECT/baseline_symphony_21-01-2026+15_00/tmp/mnist-net_256x2/image_1/mnist-net_256x2_1_0_033.mps,/home/annelot/WARMSTART_PROJECT/baseline_symphony_21-01-2026+15_00/tmp/mnist-net_256x2/image_1/mnist-net_256x2_1_0_035.mps,UNSAT,10.583,UNSAT-UNSAT,
/home/annelot/WARMSTART_PROJECT/baseline_symphony_21-01-2026+15_00/tmp/mnist-net_256x2/image_1/mnist-net_256x2_1_0_033.mps,/home/annelot/WARMSTART_PROJECT/baseline_symphony_21-01-2026+15_00/tmp/mnist-net_256x2/image_1/mnist-net_256x2_1_0_037.mps,UNSAT,10.556,UNSAT-UNSAT,
/home/annelot/WARMSTART_PROJECT/baseline_symphony_21-01-2026+15_00/tmp/mnist-net_256x2/image_1/mnist-net_256x2_1_0_033.mps,/home/annelot/WARMSTART_PROJECT/baseline_symphony_21-01-2026+15_00/tmp/mnist-net_256x2/image_1/mnist-net_256x2_1_0_039.mps,UNSAT,10.576,UNSAT-UNSAT,
/home/annelot/WARMSTART_PROJECT/baseline_symphony_21-01-2026+15_00/tmp/mnist-net_256x2/image_1/mnist-net_256x2_1_0_033.mps,/home/annelot/WARMSTART_PROJECT/baseline_symphony_21-01-2026+15_00/tmp/mnist-net_256x2/image_1/mnist-net_256x2_1_0_041.mps,UNSAT,10.499,UNSAT-UNSAT,
/home/annelot/WARMSTART_PROJECT/baseline_symphony_21-01-2026+15_00/tmp/mnist-net_256x2/image_1/mnist-net_256x2_1_0_033.mps,/home/annelot/WARMSTART_PROJECT/baseline_symphony_21-01-2026+15_00/tmp/mnist-net_256x2/image_1/mnist-net_256x2_1_0_043.mps,UNSAT,10.546,UNSAT-UNSAT,
/home/annelot/WARMSTART_PROJECT/baseline_symphony_21-01-2026+15_00/tmp/mnist-net_256x2/image_1/mnist-net_256x2_1_0_033.mps,/home/annelot/WARMSTART_PROJECT/baseline_symphony_21-01-2026+15_00/tmp/mnist-net_256x2/image_1/mnist-net_256x2_1_0_045.mps,UNSAT,10.522,UNSAT-UNSAT,
/home/annelot/WARMSTART_PROJECT/baseline_symphony_21-01-2026+15_00/tmp/mnist-net_256x2/image_1/mnist-net_256x2_1_0_033.mps,/home/annelot/WARMSTART_PROJECT/baseline_symphony_21-01-2026+15_00/tmp/mnist-net_256x2/image_1/mnist-net_256x2_1_0_047.mps,UNSAT,10.531,UNSAT-UNSAT,
/home/annelot/WARMSTART_PROJECT/baseline_symphony_21-01-2026+15_00/tmp/mnist-net_256x2/image_1/mnist-net_256x2_1_0_033.mps,/home/annelot/WARMSTART_PROJECT/baseline_symphony_21-01-2026+15_00/tmp/mnist-net_256x2/image_1/mnist-net_256x2_1_0_049.mps,UNSAT,10.443,UNSAT-UNSAT,
/home/annelot/WARMSTART_PROJECT/baseline_symphony_21-01-2026+15_00/tmp/mnist-net_256x2/image_9/mnist-net_256x2_9_0_059.mps,/home/annelot/WARMSTART_PROJECT/baseline_symphony_21-01-2026+15_00/tmp/mnist-net_256x2/image_9/mnist-net_256x2_9_0_061.mps,UNSAT,833.883,UNSAT-UNSAT,
/home/annelot/WARMSTART_PROJECT/baseline_symphony_21-01-2026+15_00/tmp/mnist-net_256x2/image_9/mnist-net_256x2_9_0_059.mps,/home/annelot/WARMSTART_PROJECT/baseline_symphony_21-01-2026+15_00/tmp/mnist-net_256x2/image_9/mnist-net_256x2_9_0_065.mps,UNSAT,833.067,UNSAT-UNSAT,
/home/annelot/WARMSTART_PROJECT/baseline_symphony_21-01-2026+15_00/tmp/mnist-net_256x2/image_9/mnist-net_256x2_9_0_059.mps,/home/annelot/WARMSTART_PROJECT/baseline_symphony_21-01-2026+15_00/tmp/mnist-net_256x2/image_9/mnist-net_256x2_9_0_063.mps,UNSAT,836.667,UNSAT-UNSAT,
/home/annelot/WARMSTART_PROJECT/baseline_symphony_21-01-2026+15_00/tmp/mnist-net_256x2/image_1/mnist-net_256x2_1_0_033.mps,/home/annelot/WARMSTART_PROJECT/baseline_symphony_21-01-2026+15_00/tmp/mnist-net_256x2/image_1/mnist-net_256x2_1_0_051.mps,UNSAT,10.424,UNSAT-UNSAT,
/home/annelot/WARMSTART_PROJECT/baseline_symphony_21-01-2026+15_00/tmp/mnist-net_256x2/image_1/mnist-net_256x2_1_0_035.mps,/home/annelot/WARMSTART_PROJECT/baseline_symphony_21-01-2026+15_00/tmp/mnist-net_256x2/image_1/mnist-net_256x2_1_0_037.mps,UNSAT,10.456,UNSAT-UNSAT,
/home/annelot/WARMSTART_PROJECT/baseline_symphony_21-01-2026+15_00/tmp/mnist-net_256x2/image_1/mnist-net_256x2_1_0_035.mps,/home/annelot/WARMSTART_PROJECT/baseline_symphony_21-01-2026+15_00/tmp/mnist-net_256x2/image_1/mnist-net_256x2_1_0_039.mps,UNSAT,10.404,UNSAT-UNSAT,
/home/annelot/WARMSTART_PROJECT/baseline_symphony_21-01-2026+15_00/tmp/mnist-net_256x2/image_2/mnist-net_256x2_2_0_033.mps,/home/annelot/WARMSTART_PROJECT/baseline_symphony_21-01-2026+15_00/tmp/mnist-net_256x2/image_2/mnist-net_256x2_2_0_121.mps,UNSAT,738.42,UNSAT-TIMEOUT,
/home/annelot/WARMSTART_PROJECT/baseline_symphony_21-01-2026+15_00/tmp/mnist-net_256x2/image_2/mnist-net_256x2_2_0_033.mps,/home/annelot/WARMSTART_PROJECT/baseline_symphony_21-01-2026+15_00/tmp/mnist-net_256x2/image_2/mnist-net_256x2_2_0_321.mps,UNSAT,445.076,UNSAT-TIMEOUT,
/home/annelot/WARMSTART_PROJECT/baseline_symphony_21-01-2026+15_00/tmp/mnist-net_256x2/image_1/mnist-net_256x2_1_0_035.mps,/home/annelot/WARMSTART_PROJECT/baseline_symphony_21-01-2026+15_00/tmp/mnist-net_256x2/image_1/mnist-net_256x2_1_0_041.mps,UNSAT,10.391,UNSAT-UNSAT,
/home/annelot/WARMSTART_PROJECT/baseline_symphony_21-01-2026+15_00/tmp/mnist-net_256x2/image_2/mnist-net_256x2_2_0_033.mps,/home/annelot/WARMSTART_PROJECT/baseline_symphony_21-01-2026+15_00/tmp/mnist-net_256x2/image_2/mnist-net_256x2_2_0_141.mps,UNSAT,740.922,UNSAT-TIMEOUT,
/home/annelot/WARMSTART_PROJECT/baseline_symphony_21-01-2026+15_00/tmp/mnist-net_256x2/image_1/mnist-net_256x2_1_0_035.mps,/home/annelot/WARMSTART_PROJECT/baseline_symphony_21-01-2026+15_00/tmp/mnist-net_256x2/image_1/mnist-net_256x2_1_0_043.mps,UNSAT,10.42,UNSAT-UNSAT,
/home/annelot/WARMSTART_PROJECT/baseline_symphony_21-01-2026+15_00/tmp/mnist-net_256x2/image_1/mnist-net_256x2_1_0_035.mps,/home/annelot/WARMSTART_PROJECT/baseline_symphony_21-01-2026+15_00/tmp/mnist-net_256x2/image_1/mnist-net_256x2_1_0_045.mps,UNSAT,10.365,UNSAT-UNSAT,
/home/annelot/WARMSTART_PROJECT/baseline_symphony_21-01-2026+15_00/tmp/mnist-net_256x2/image_2/mnist-net_256x2_2_0_033.mps,/home/annelot/WARMSTART_PROJECT/baseline_symphony_21-01-2026+15_00/tmp/mnist-net_256x2/image_2/mnist-net_256x2_2_0_341.mps,UNSAT,446.865,UNSAT-TIMEOUT,
/home/annelot/WARMSTART_PROJECT/baseline_symphony_21-01-2026+15_00/tmp/mnist-net_256x2/image_1/mnist-net_256x2_1_0_035.mps,/home/annelot/WARMSTART_PROJECT/baseline_symphony_21-01-2026+15_00/tmp/mnist-net_256x2/image_1/mnist-net_256x2_1_0_047.mps,UNSAT,10.331,UNSAT-UNSAT,
/home/annelot/WARMSTART_PROJECT/baseline_symphony_21-01-2026+15_00/tmp/mnist-net_256x2/image_2/mnist-net_256x2_2_0_033.mps,/home/annelot/WARMSTART_PROJECT/baseline_symphony_21-01-2026+15_00/tmp/mnist-net_256x2/image_2/mnist-net_256x2_2_0_161.mps,UNSAT,742.242,UNSAT-TIMEOUT,
/home/annelot/WARMSTART_PROJECT/baseline_symphony_21-01-2026+15_00/tmp/mnist-net_256x2/image_1/mnist-net_256x2_1_0_035.mps,/home/annelot/WARMSTART_PROJECT/baseline_symphony_21-01-2026+15_00/tmp/mnist-net_256x2/image_1/mnist-net_256x2_1_0_049.mps,UNSAT,10.28,UNSAT-UNSAT,
/home/annelot/WARMSTART_PROJECT/baseline_symphony_21-01-2026+15_00/tmp/mnist-net_256x2/image_1/mnist-net_256x2_1_0_035.mps,/home/annelot/WARMSTART_PROJECT/baseline_symphony_21-01-2026+15_00/tmp/mnist-net_256x2/image_1/mnist-net_256x2_1_0_051.mps,UNSAT,10.028,UNSAT-UNSAT,
/home/annelot/WARMSTART_PROJECT/baseline_symphony_21-01-2026+15_00/tmp/mnist-net_256x2/image_2/mnist-net_256x2_2_0_033.mps,/home/annelot/WARMSTART_PROJECT/baseline_symphony_21-01-2026+15_00/tmp/mnist-net_256x2/image_2/mnist-net_256x2_2_0_181.mps,UNSAT,738.354,UNSAT-TIMEOUT,
/home/annelot/WARMSTART_PROJECT/baseline_symphony_21-01-2026+15_00/tmp/mnist-net_256x2/image_1/mnist-net_256x2_1_0_037.mps,/home/annelot/WARMSTART_PROJECT/baseline_symphony_21-01-2026+15_00/tmp/mnist-net_256x2/image_1/mnist-net_256x2_1_0_039.mps,UNSAT,16.889,UNSAT-UNSAT,
/home/annelot/WARMSTART_PROJECT/baseline_symphony_21-01-2026+15_00/tmp/mnist-net_256x2/image_2/mnist-net_256x2_2_0_033.mps,/home/annelot/WARMSTART_PROJECT/baseline_symphony_21-01-2026+15_00/tmp/mnist-net_256x2/image_2/mnist-net_256x2_2_0_201.mps,UNSAT,739.814,UNSAT-TIMEOUT,
/home/annelot/WARMSTART_PROJECT/baseline_symphony_21-01-2026+15_00/tmp/mnist-net_256x2/image_1/mnist-net_256x2_1_0_037.mps,/home/annelot/WARMSTART_PROJECT/baseline_symphony_21-01-2026+15_00/tmp/mnist-net_256x2/image_1/mnist-net_256x2_1_0_049.mps,UNSAT,16.945,UNSAT-UNSAT,
/home/annelot/WARMSTART_PROJECT/baseline_symphony_21-01-2026+15_00/tmp/mnist-net_256x2/image_2/mnist-net_256x2_2_0_033.mps,/home/annelot/WARMSTART_PROJECT/baseline_symphony_21-01-2026+15_00/tmp/mnist-net_256x2/image_2/mnist-net_256x2_2_0_221.mps,UNSAT,743.488,UNSAT-TIMEOUT,
/home/annelot/WARMSTART_PROJECT/baseline_symphony_21-01-2026+15_00/tmp/mnist-net_256x2/image_2/mnist-net_256x2_2_0_033.mps,/home/annelot/WARMSTART_PROJECT/baseline_symphony_21-01-2026+15_00/tmp/mnist-net_256x2/image_2/mnist-net_256x2_2_0_261.mps,UNSAT,741.907,UNSAT-TIMEOUT,
/home/annelot/WARMSTART_PROJECT/baseline_symphony_21-01-2026+15_00/tmp/mnist-net_256x2/image_2/mnist-net_256x2_2_0_033.mps,/home/annelot/WARMSTART_PROJECT/baseline_symphony_21-01-2026+15_00/tmp/mnist-net_256x2/image_2/mnist-net_256x2_2_0_241.mps,UNSAT,741.896,UNSAT-TIMEOUT,
/home/annelot/WARMSTART_PROJECT/baseline_symphony_21-01-2026+15_00/tmp/mnist-net_256x2/image_2/mnist-net_256x2_2_0_033.mps,/home/annelot/WARMSTART_PROJECT/baseline_symphony_21-01-2026+15_00/tmp/mnist-net_256x2/image_2/mnist-net_256x2_2_0_281.mps,UNSAT,740.795,UNSAT-TIMEOUT,
/home/annelot/WARMSTART_PROJECT/baseline_symphony_21-01-2026+15_00/tmp/mnist-net_256x2/image_1/mnist-net_256x2_1_0_037.mps,/home/annelot/WARMSTART_PROJECT/baseline_symphony_21-01-2026+15_00/tmp/mnist-net_256x2/image_1/mnist-net_256x2_1_0_041.mps,UNSAT,27.338,UNSAT-UNSAT,
/home/annelot/WARMSTART_PROJECT/baseline_symphony_21-01-2026+15_00/tmp/mnist-net_256x2/image_1/mnist-net_256x2_1_0_037.mps,/home/annelot/WARMSTART_PROJECT/baseline_symphony_21-01-2026+15_00/tmp/mnist-net_256x2/image_1/mnist-net_256x2_1_0_043.mps,UNSAT,27.262,UNSAT-UNSAT,
/home/annelot/WARMSTART_PROJECT/baseline_symphony_21-01-2026+15_00/tmp/mnist-net_256x2/image_1/mnist-net_256x2_1_0_037.mps,/home/annelot/WARMSTART_PROJECT/baseline_symphony_21-01-2026+15_00/tmp/mnist-net_256x2/image_1/mnist-net_256x2_1_0_045.mps,UNSAT,27.257,UNSAT-UNSAT,
/home/annelot/WARMSTART_PROJECT/baseline_symphony_21-01-2026+15_00/tmp/mnist-net_256x2/image_1/mnist-net_256x2_1_0_037.mps,/home/annelot/WARMSTART_PROJECT/baseline_symphony_21-01-2026+15_00/tmp/mnist-net_256x2/image_1/mnist-net_256x2_1_0_047.mps,UNSAT,27.188,UNSAT-UNSAT,
/home/annelot/WARMSTART_PROJECT/baseline_symphony_21-01-2026+15_00/tmp/mnist-net_256x2/image_1/mnist-net_256x2_1_0_039.mps,/home/annelot/WARMSTART_PROJECT/baseline_symphony_21-01-2026+15_00/tmp/mnist-net_256x2/image_1/mnist-net_256x2_1_0_049.mps,UNSAT,17.551,UNSAT-UNSAT,
/home/annelot/WARMSTART_PROJECT/baseline_symphony_21-01-2026+15_00/tmp/mnist-net_256x2/image_1/mnist-net_256x2_1_0_037.mps,/home/annelot/WARMSTART_PROJECT/baseline_symphony_21-01-2026+15_00/tmp/mnist-net_256x2/image_1/mnist-net_256x2_1_0_051.mps,UNSAT,27.095,UNSAT-UNSAT,
/home/annelot/WARMSTART_PROJECT/baseline_symphony_21-01-2026+15_00/tmp/mnist-net_256x2/image_1/mnist-net_256x2_1_0_039.mps,/home/annelot/WARMSTART_PROJECT/baseline_symphony_21-01-2026+15_00/tmp/mnist-net_256x2/image_1/mnist-net_256x2_1_0_041.mps,UNSAT,28.042,UNSAT-UNSAT,
/home/annelot/WARMSTART_PROJECT/baseline_symphony_21-01-2026+15_00/tmp/mnist-net_256x2/image_1/mnist-net_256x2_1_0_039.mps,/home/annelot/WARMSTART_PROJECT/baseline_symphony_21-01-2026+15_00/tmp/mnist-net_256x2/image_1/mnist-net_256x2_1_0_043.mps,UNSAT,28.107,UNSAT-UNSAT,
/home/annelot/WARMSTART_PROJECT/baseline_symphony_21-01-2026+15_00/tmp/mnist-net_256x2/image_1/mnist-net_256x2_1_0_039.mps,/home/annelot/WARMSTART_PROJECT/baseline_symphony_21-01-2026+15_00/tmp/mnist-net_256x2/image_1/mnist-net_256x2_1_0_045.mps,UNSAT,27.916,UNSAT-UNSAT,
/home/annelot/WARMSTART_PROJECT/baseline_symphony_21-01-2026+15_00/tmp/mnist-net_256x2/image_1/mnist-net_256x2_1_0_039.mps,/home/annelot/WARMSTART_PROJECT/baseline_symphony_21-01-2026+15_00/tmp/mnist-net_256x2/image_1/mnist-net_256x2_1_0_047.mps,UNSAT,27.926,UNSAT-UNSAT,
/home/annelot/WARMSTART_PROJECT/baseline_symphony_21-01-2026+15_00/tmp/mnist-net_256x2/image_1/mnist-net_256x2_1_0_039.mps,/home/annelot/WARMSTART_PROJECT/baseline_symphony_21-01-2026+15_00/tmp/mnist-net_256x2/image_1/mnist-net_256x2_1_0_051.mps,UNSAT,28.314,UNSAT-UNSAT,
/home/annelot/WARMSTART_PROJECT/baseline_symphony_21-01-2026+15_00/tmp/mnist-net_256x2/image_1/mnist-net_256x2_1_0_041.mps,/home/annelot/WARMSTART_PROJECT/baseline_symphony_21-01-2026+15_00/tmp/mnist-net_256x2/image_1/mnist-net_256x2_1_0_043.mps,UNSAT,33.215,UNSAT-UNSAT,
/home/annelot/WARMSTART_PROJECT/baseline_symphony_21-01-2026+15_00/tmp/mnist-net_256x2/image_1/mnist-net_256x2_1_0_041.mps,/home/annelot/WARMSTART_PROJECT/baseline_symphony_21-01-2026+15_00/tmp/mnist-net_256x2/image_1/mnist-net_256x2_1_0_045.mps,UNSAT,53.516,UNSAT-UNSAT,
/home/annelot/WARMSTART_PROJECT/baseline_symphony_21-01-2026+15_00/tmp/mnist-net_256x2/image_1/mnist-net_256x2_1_0_041.mps,/home/annelot/WARMSTART_PROJECT/baseline_symphony_21-01-2026+15_00/tmp/mnist-net_256x2/image_1/mnist-net_256x2_1_0_047.mps,UNSAT,53.775,UNSAT-UNSAT,
/home/annelot/WARMSTART_PROJECT/baseline_symphony_21-01-2026+15_00/tmp/mnist-net_256x2/image_1/mnist-net_256x2_1_0_041.mps,/home/annelot/WARMSTART_PROJECT/baseline_symphony_21-01-2026+15_00/tmp/mnist-net_256x2/image_1/mnist-net_256x2_1_0_049.mps,UNSAT,53.656,UNSAT-UNSAT,
/home/annelot/WARMSTART_PROJECT/baseline_symphony_21-01-2026+15_00/tmp/mnist-net_256x2/image_1/mnist-net_256x2_1_0_041.mps,/home/annelot/WARMSTART_PROJECT/baseline_symphony_21-01-2026+15_00/tmp/mnist-net_256x2/image_1/mnist-net_256x2_1_0_051.mps,UNSAT,53.551,UNSAT-UNSAT,
/home/annelot/WARMSTART_PROJECT/baseline_symphony_21-01-2026+15_00/tmp/mnist-net_256x2/image_2/mnist-net_256x2_2_0_033.mps,/home/annelot/WARMSTART_PROJECT/baseline_symphony_21-01-2026+15_00/tmp/mnist-net_256x2/image_2/mnist-net_256x2_2_0_361.mps,UNSAT,444.869,UNSAT-TIMEOUT,
/home/annelot/WARMSTART_PROJECT/baseline_symphony_21-01-2026+15_00/tmp/mnist-net_256x2/image_1/mnist-net_256x2_1_0_043.mps,/home/annelot/WARMSTART_PROJECT/baseline_symphony_21-01-2026+15_00/tmp/mnist-net_256x2/image_1/mnist-net_256x2_1_0_045.mps,UNSAT,176.203,UNSAT-UNSAT,
/home/annelot/WARMSTART_PROJECT/baseline_symphony_21-01-2026+15_00/tmp/mnist-net_256x2/image_1/mnist-net_256x2_1_0_043.mps,/home/annelot/WARMSTART_PROJECT/baseline_symphony_21-01-2026+15_00/tmp/mnist-net_256x2/image_1/mnist-net_256x2_1_0_047.mps,UNSAT,176.573,UNSAT-UNSAT,
/home/annelot/WARMSTART_PROJECT/baseline_symphony_21-01-2026+15_00/tmp/mnist-net_256x2/image_1/mnist-net_256x2_1_0_043.mps,/home/annelot/WARMSTART_PROJECT/baseline_symphony_21-01-2026+15_00/tmp/mnist-net_256x2/image_1/mnist-net_256x2_1_0_049.mps,UNSAT,177.027,UNSAT-UNSAT,
/home/annelot/WARMSTART_PROJECT/baseline_symphony_21-01-2026+15_00/tmp/mnist-net_256x2/image_1/mnist-net_256x2_1_0_043.mps,/home/annelot/WARMSTART_PROJECT/baseline_symphony_21-01-2026+15_00/tmp/mnist-net_256x2/image_1/mnist-net_256x2_1_0_051.mps,UNSAT,176.955,UNSAT-UNSAT,
/home/annelot/WARMSTART_PROJECT/baseline_symphony_21-01-2026+15_00/tmp/mnist-net_256x2/image_9/mnist-net_256x2_9_0_061.mps,/home/annelot/WARMSTART_PROJECT/baseline_symphony_21-01-2026+15_00/tmp/mnist-net_256x2/image_9/mnist-net_256x2_9_0_063.mps,UNSAT,1739.847,UNSAT-UNSAT,
/home/annelot/WARMSTART_PROJECT/baseline_symphony_21-01-2026+15_00/tmp/mnist-net_256x2/image_9/mnist-net_256x2_9_0_061.mps,/home/annelot/WARMSTART_PROJECT/baseline_symphony_21-01-2026+15_00/tmp/mnist-net_256x2/image_9/mnist-net_256x2_9_0_065.mps,UNSAT,1739.122,UNSAT-UNSAT,
/home/annelot/WARMSTART_PROJECT/baseline_symphony_21-01-2026+15_00/tmp/mnist-net_256x2/image_1/mnist-net_256x2_1_0_045.mps,/home/annelot/WARMSTART_PROJECT/baseline_symphony_21-01-2026+15_00/tmp/mnist-net_256x2/image_1/mnist-net_256x2_1_0_047.mps,UNSAT,366.096,UNSAT-UNSAT,
/home/annelot/WARMSTART_PROJECT/baseline_symphony_21-01-2026+15_00/tmp/mnist-net_256x2/image_9/mnist-net_256x2_9_0_063.mps,/home/annelot/WARMSTART_PROJECT/baseline_symphony_21-01-2026+15_00/tmp/mnist-net_256x2/image_9/mnist-net_256x2_9_0_065.mps,UNSAT,1979.415,UNSAT-UNSAT,
/home/annelot/WARMSTART_PROJECT/baseline_symphony_21-01-2026+15_00/tmp/mnist-net_256x2/image_2/mnist-net_256x2_2_0_033.mps,/home/annelot/WARMSTART_PROJECT/baseline_symphony_21-01-2026+15_00/tmp/mnist-net_256x2/image_2/mnist-net_256x2_2_0_381.mps,UNSAT,748.881,UNSAT-TIMEOUT,
/home/annelot/WARMSTART_PROJECT/baseline_symphony_21-01-2026+15_00/tmp/mnist-net_256x2/image_1/mnist-net_256x2_1_0_045.mps,/home/annelot/WARMSTART_PROJECT/baseline_symphony_21-01-2026+15_00/tmp/mnist-net_256x2/image_1/mnist-net_256x2_1_0_051.mps,UNSAT,609.85,UNSAT-UNSAT,
/home/annelot/WARMSTART_PROJECT/baseline_symphony_21-01-2026+15_00/tmp/mnist-net_256x2/image_1/mnist-net_256x2_1_0_045.mps,/home/annelot/WARMSTART_PROJECT/baseline_symphony_21-01-2026+15_00/tmp/mnist-net_256x2/image_1/mnist-net_256x2_1_0_049.mps,UNSAT,611.877,UNSAT-UNSAT,
/home/annelot/WARMSTART_PROJECT/baseline_symphony_21-01-2026+15_00/tmp/mnist-net_256x2/image_1/mnist-net_256x2_1_0_047.mps,/home/annelot/WARMSTART_PROJECT/baseline_symphony_21-01-2026+15_00/tmp/mnist-net_256x2/image_1/mnist-net_256x2_1_0_051.mps,UNSAT,788.372,UNSAT-UNSAT,
/home/annelot/WARMSTART_PROJECT/baseline_symphony_21-01-2026+15_00/tmp/mnist-net_256x2/image_1/mnist-net_256x2_1_0_047.mps,/home/annelot/WARMSTART_PROJECT/baseline_symphony_21-01-2026+15_00/tmp/mnist-net_256x2/image_1/mnist-net_256x2_1_0_049.mps,UNSAT,791.116,UNSAT-UNSAT,
/home/annelot/WARMSTART_PROJECT/baseline_symphony_21-01-2026+15_00/tmp/mnist-net_256x2/image_5/mnist-net_256x2_5_0_037.mps,/home/annelot/WARMSTART_PROJECT/baseline_symphony_21-01-2026+15_00/tmp/mnist-net_256x2/image_5/mnist-net_256x2_5_0_039.mps,UNSAT,350.914,UNSAT-TIMEOUT,
/home/annelot/WARMSTART_PROJECT/baseline_symphony_21-01-2026+15_00/tmp/mnist-net_256x2/image_5/mnist-net_256x2_5_0_037.mps,/home/annelot/WARMSTART_PROJECT/baseline_symphony_21-01-2026+15_00/tmp/mnist-net_256x2/image_5/mnist-net_256x2_5_0_041.mps,UNSAT,353.632,UNSAT-TIMEOUT,
/home/annelot/WARMSTART_PROJECT/baseline_symphony_21-01-2026+15_00/tmp/mnist-net_256x2/image_5/mnist-net_256x2_5_0_037.mps,/home/annelot/WARMSTART_PROJECT/baseline_symphony_21-01-2026+15_00/tmp/mnist-net_256x2/image_5/mnist-net_256x2_5_0_061.mps,UNSAT,351.897,UNSAT-TIMEOUT,
/home/annelot/WARMSTART_PROJECT/baseline_symphony_21-01-2026+15_00/tmp/mnist-net_256x2/image_5/mnist-net_256x2_5_0_037.mps,/home/annelot/WARMSTART_PROJECT/baseline_symphony_21-01-2026+15_00/tmp/mnist-net_256x2/image_5/mnist-net_256x2_5_0_141.mps,UNSAT,206.091,UNSAT-TIMEOUT,
/home/annelot/WARMSTART_PROJECT/baseline_symphony_21-01-2026+15_00/tmp/mnist-net_256x2/image_5/mnist-net_256x2_5_0_037.mps,/home/annelot/WARMSTART_PROJECT/baseline_symphony_21-01-2026+15_00/tmp/mnist-net_256x2/image_5/mnist-net_256x2_5_0_161.mps,UNSAT,205.976,UNSAT-TIMEOUT,
/home/annelot/WARMSTART_PROJECT/baseline_symphony_21-01-2026+15_00/tmp/mnist-net_256x2/image_5/mnist-net_256x2_5_0_037.mps,/home/annelot/WARMSTART_PROJECT/baseline_symphony_21-01-2026+15_00/tmp/mnist-net_256x2/image_5/mnist-net_256x2_5_0_181.mps,UNSAT,206.036,UNSAT-TIMEOUT,
/home/annelot/WARMSTART_PROJECT/baseline_symphony_21-01-2026+15_00/tmp/mnist-net_256x2/image_5/mnist-net_256x2_5_0_037.mps,/home/annelot/WARMSTART_PROJECT/baseline_symphony_21-01-2026+15_00/tmp/mnist-net_256x2/image_5/mnist-net_256x2_5_0_201.mps,UNSAT,207.1,UNSAT-TIMEOUT,
/home/annelot/WARMSTART_PROJECT/baseline_symphony_21-01-2026+15_00/tmp/mnist-net_256x2/image_5/mnist-net_256x2_5_0_037.mps,/home/annelot/WARMSTART_PROJECT/baseline_symphony_21-01-2026+15_00/tmp/mnist-net_256x2/image_5/mnist-net_256x2_5_0_081.mps,UNSAT,352.205,UNSAT-TIMEOUT,
/home/annelot/WARMSTART_PROJECT/baseline_symphony_21-01-2026+15_00/tmp/mnist-net_256x2/image_5/mnist-net_256x2_5_0_037.mps,/home/annelot/WARMSTART_PROJECT/baseline_symphony_21-01-2026+15_00/tmp/mnist-net_256x2/image_5/mnist-net_256x2_5_0_121.mps,UNSAT,351.24,UNSAT-TIMEOUT,
/home/annelot/WARMSTART_PROJECT/baseline_symphony_21-01-2026+15_00/tmp/mnist-net_256x2/image_5/mnist-net_256x2_5_0_037.mps,/home/annelot/WARMSTART_PROJECT/baseline_symphony_21-01-2026+15_00/tmp/mnist-net_256x2/image_5/mnist-net_256x2_5_0_101.mps,UNSAT,353.015,UNSAT-TIMEOUT,
/home/annelot/WARMSTART_PROJECT/baseline_symphony_21-01-2026+15_00/tmp/mnist-net_256x2/image_1/mnist-net_256x2_1_0_049.mps,/home/annelot/WARMSTART_PROJECT/baseline_symphony_21-01-2026+15_00/tmp/mnist-net_256x2/image_1/mnist-net_256x2_1_0_051.mps,UNSAT,860.095,UNSAT-UNSAT,
/home/annelot/WARMSTART_PROJECT/baseline_symphony_21-01-2026+15_00/tmp/mnist-net_256x2/image_0/mnist-net_256x2_0_0_021.mps,/home/annelot/WARMSTART_PROJECT/baseline_symphony_21-01-2026+15_00/tmp/mnist-net_256x2/image_0/mnist-net_256x2_0_0_023.mps,UNSAT,102.68,UNSAT-UNSAT,
/home/annelot/WARMSTART_PROJECT/baseline_symphony_21-01-2026+15_00/tmp/mnist-net_256x2/image_0/mnist-net_256x2_0_0_021.mps,/home/annelot/WARMSTART_PROJECT/baseline_symphony_21-01-2026+15_00/tmp/mnist-net_256x2/image_0/mnist-net_256x2_0_0_025.mps,UNSAT,102.774,UNSAT-UNSAT,
/home/annelot/WARMSTART_PROJECT/baseline_symphony_21-01-2026+15_00/tmp/mnist-net_256x2/image_5/mnist-net_256x2_5_0_037.mps,/home/annelot/WARMSTART_PROJECT/baseline_symphony_21-01-2026+15_00/tmp/mnist-net_256x2/image_5/mnist-net_256x2_5_0_321.mps,UNSAT,206.019,UNSAT-TIMEOUT,
/home/annelot/WARMSTART_PROJECT/baseline_symphony_21-01-2026+15_00/tmp/mnist-net_256x2/image_5/mnist-net_256x2_5_0_037.mps,/home/annelot/WARMSTART_PROJECT/baseline_symphony_21-01-2026+15_00/tmp/mnist-net_256x2/image_5/mnist-net_256x2_5_0_361.mps,UNSAT,206.087,UNSAT-TIMEOUT,
/home/annelot/WARMSTART_PROJECT/baseline_symphony_21-01-2026+15_00/tmp/mnist-net_256x2/image_5/mnist-net_256x2_5_0_037.mps,/home/annelot/WARMSTART_PROJECT/baseline_symphony_21-01-2026+15_00/tmp/mnist-net_256x2/image_5/mnist-net_256x2_5_0_341.mps,UNSAT,206.093,UNSAT-TIMEOUT,
/home/annelot/WARMSTART_PROJECT/baseline_symphony_21-01-2026+15_00/tmp/mnist-net_256x2/image_5/mnist-net_256x2_5_0_037.mps,/home/annelot/WARMSTART_PROJECT/baseline_symphony_21-01-2026+15_00/tmp/mnist-net_256x2/image_5/mnist-net_256x2_5_0_381.mps,UNSAT,206.757,UNSAT-TIMEOUT,
/home/annelot/WARMSTART_PROJECT/baseline_symphony_21-01-2026+15_00/tmp/mnist-net_256x2/image_5/mnist-net_256x2_5_0_037.mps,/home/annelot/WARMSTART_PROJECT/baseline_symphony_21-01-2026+15_00/tmp/mnist-net_256x2/image_5/mnist-net_256x2_5_0_221.mps,UNSAT,348.548,UNSAT-TIMEOUT,
/home/annelot/WARMSTART_PROJECT/baseline_symphony_21-01-2026+15_00/tmp/mnist-net_256x2/image_5/mnist-net_256x2_5_0_037.mps,/home/annelot/WARMSTART_PROJECT/baseline_symphony_21-01-2026+15_00/tmp/mnist-net_256x2/image_5/mnist-net_256x2_5_0_241.mps,UNSAT,350.228,UNSAT-TIMEOUT,
/home/annelot/WARMSTART_PROJECT/baseline_symphony_21-01-2026+15_00/tmp/mnist-net_256x2/image_5/mnist-net_256x2_5_0_037.mps,/home/annelot/WARMSTART_PROJECT/baseline_symphony_21-01-2026+15_00/tmp/mnist-net_256x2/image_5/mnist-net_256x2_5_0_261.mps,UNSAT,348.886,UNSAT-TIMEOUT,
/home/annelot/WARMSTART_PROJECT/baseline_symphony_21-01-2026+15_00/tmp/mnist-net_256x2/image_5/mnist-net_256x2_5_0_037.mps,/home/annelot/WARMSTART_PROJECT/baseline_symphony_21-01-2026+15_00/tmp/mnist-net_256x2/image_5/mnist-net_256x2_5_0_281.mps,UNSAT,350.426,UNSAT-TIMEOUT,
/home/annelot/WARMSTART_PROJECT/baseline_symphony_21-01-2026+15_00/tmp/mnist-net_256x2/image_5/mnist-net_256x2_5_0_037.mps,/home/annelot/WARMSTART_PROJECT/baseline_symphony_21-01-2026+15_00/tmp/mnist-net_256x2/image_5/mnist-net_256x2_5_0_301.mps,UNSAT,349.205,UNSAT-TIMEOUT,
/home/annelot/WARMSTART_PROJECT/baseline_symphony_21-01-2026+15_00/tmp/mnist-net_256x2/image_0/mnist-net_256x2_0_0_023.mps,/home/annelot/WARMSTART_PROJECT/baseline_symphony_21-01-2026+15_00/tmp/mnist-net_256x2/image_0/mnist-net_256x2_0_0_025.mps,UNSAT,315.398,UNSAT-UNSAT,
/home/annelot/WARMSTART_PROJECT/baseline_symphony_21-01-2026+15_00/tmp/mnist-net_256x2/image_0/mnist-net_256x2_0_0_025.mps,/home/annelot/WARMSTART_PROJECT/baseline_symphony_21-01-2026+15_00/tmp/mnist-net_256x2/image_0/mnist-net_256x2_0_0_081.mps,UNSAT,858.216,UNSAT-TIMEOUT,
/home/annelot/WARMSTART_PROJECT/baseline_symphony_21-01-2026+15_00/tmp/mnist-net_256x2/image_4/mnist-net_256x2_4_0_017.mps,/home/annelot/WARMSTART_PROJECT/baseline_symphony_21-01-2026+15_00/tmp/mnist-net_256x2/image_4/mnist-net_256x2_4_0_023.mps,UNSAT,0.142,UNSAT-UNSAT,
/home/annelot/WARMSTART_PROJECT/baseline_symphony_21-01-2026+15_00/tmp/mnist-net_256x2/image_4/mnist-net_256x2_4_0_017.mps,/home/annelot/WARMSTART_PROJECT/baseline_symphony_21-01-2026+15_00/tmp/mnist-net_256x2/image_4/mnist-net_256x2_4_0_021.mps,UNSAT,0.141,UNSAT-UNSAT,
/home/annelot/WARMSTART_PROJECT/baseline_symphony_21-01-2026+15_00/tmp/mnist-net_256x2/image_4/mnist-net_256x2_4_0_017.mps,/home/annelot/WARMSTART_PROJECT/baseline_symphony_21-01-2026+15_00/tmp/mnist-net_256x2/image_4/mnist-net_256x2_4_0_019.mps,UNSAT,0.193,UNSAT-UNSAT,
/home/annelot/WARMSTART_PROJECT/baseline_symphony_21-01-2026+15_00/tmp/mnist-net_256x2/image_4/mnist-net_256x2_4_0_017.mps,/home/annelot/WARMSTART_PROJECT/baseline_symphony_21-01-2026+15_00/tmp/mnist-net_256x2/image_4/mnist-net_256x2_4_0_025.mps,UNSAT,0.206,UNSAT-UNSAT,
/home/annelot/WARMSTART_PROJECT/baseline_symphony_21-01-2026+15_00/tmp/mnist-net_256x2/image_4/mnist-net_256x2_4_0_019.mps,/home/annelot/WARMSTART_PROJECT/baseline_symphony_21-01-2026+15_00/tmp/mnist-net_256x2/image_4/mnist-net_256x2_4_0_025.mps,UNSAT,2.205,UNSAT-UNSAT,
/home/annelot/WARMSTART_PROJECT/baseline_symphony_21-01-2026+15_00/tmp/mnist-net_256x2/image_4/mnist-net_256x2_4_0_019.mps,/home/annelot/WARMSTART_PROJECT/baseline_symphony_21-01-2026+15_00/tmp/mnist-net_256x2/image_4/mnist-net_256x2_4_0_021.mps,UNSAT,2.223,UNSAT-UNSAT,
/home/annelot/WARMSTART_PROJECT/baseline_symphony_21-01-2026+15_00/tmp/mnist-net_256x2/image_4/mnist-net_256x2_4_0_019.mps,/home/annelot/WARMSTART_PROJECT/baseline_symphony_21-01-2026+15_00/tmp/mnist-net_256x2/image_4/mnist-net_256x2_4_0_023.mps,UNSAT,2.229,UNSAT-UNSAT,
/home/annelot/WARMSTART_PROJECT/baseline_symphony_21-01-2026+15_00/tmp/mnist-net_256x2/image_4/mnist-net_256x2_4_0_021.mps,/home/annelot/WARMSTART_PROJECT/baseline_symphony_21-01-2026+15_00/tmp/mnist-net_256x2/image_4/mnist-net_256x2_4_0_025.mps,UNSAT,4.044,UNSAT-UNSAT,
/home/annelot/WARMSTART_PROJECT/baseline_symphony_21-01-2026+15_00/tmp/mnist-net_256x2/image_4/mnist-net_256x2_4_0_021.mps,/home/annelot/WARMSTART_PROJECT/baseline_symphony_21-01-2026+15_00/tmp/mnist-net_256x2/image_4/mnist-net_256x2_4_0_023.mps,UNSAT,4.046,UNSAT-UNSAT,
/home/annelot/WARMSTART_PROJECT/baseline_symphony_21-01-2026+15_00/tmp/mnist-net_256x2/image_4/mnist-net_256x2_4_0_023.mps,/home/annelot/WARMSTART_PROJECT/baseline_symphony_21-01-2026+15_00/tmp/mnist-net_256x2/image_4/mnist-net_256x2_4_0_025.mps,UNSAT,5.261,UNSAT-UNSAT,
/home/annelot/WARMSTART_PROJECT/baseline_symphony_21-01-2026+15_00/tmp/mnist-net_256x2/image_0/mnist-net_256x2_0_0_025.mps,/home/annelot/WARMSTART_PROJECT/baseline_symphony_21-01-2026+15_00/tmp/mnist-net_256x2/image_0/mnist-net_256x2_0_0_101.mps,UNSAT,858.725,UNSAT-TIMEOUT,
/home/annelot/WARMSTART_PROJECT/baseline_symphony_21-01-2026+15_00/tmp/mnist-net_256x2/image_0/mnist-net_256x2_0_0_025.mps,/home/annelot/WARMSTART_PROJECT/baseline_symphony_21-01-2026+15_00/tmp/mnist-net_256x2/image_0/mnist-net_256x2_0_0_121.mps,UNSAT,858.844,UNSAT-TIMEOUT,
/home/annelot/WARMSTART_PROJECT/baseline_symphony_21-01-2026+15_00/tmp/mnist-net_256x2/image_0/mnist-net_256x2_0_0_025.mps,/home/annelot/WARMSTART_PROJECT/baseline_symphony_21-01-2026+15_00/tmp/mnist-net_256x2/image_0/mnist-net_256x2_0_0_161.mps,UNSAT,861.56,UNSAT-TIMEOUT,
/home/annelot/WARMSTART_PROJECT/baseline_symphony_21-01-2026+15_00/tmp/mnist-net_256x2/image_4/mnist-net_256x2_4_0_029.mps,/home/annelot/WARMSTART_PROJECT/baseline_symphony_21-01-2026+15_00/tmp/mnist-net_256x2/image_4/mnist-net_256x2_4_0_027.mps,SAT,102.178,SAT-SAT,
/home/annelot/WARMSTART_PROJECT/baseline_symphony_21-01-2026+15_00/tmp/mnist-net_256x2/image_4/mnist-net_256x2_4_0_031.mps,/home/annelot/WARMSTART_PROJECT/baseline_symphony_21-01-2026+15_00/tmp/mnist-net_256x2/image_4/mnist-net_256x2_4_0_027.mps,SAT,224.207,SAT-SAT,
/home/annelot/WARMSTART_PROJECT/baseline_symphony_21-01-2026+15_00/tmp/mnist-net_256x2/image_4/mnist-net_256x2_4_0_031.mps,/home/annelot/WARMSTART_PROJECT/baseline_symphony_21-01-2026+15_00/tmp/mnist-net_256x2/image_4/mnist-net_256x2_4_0_029.mps,SAT,224.343,SAT-SAT,
/home/annelot/WARMSTART_PROJECT/baseline_symphony_21-01-2026+15_00/tmp/mnist-net_256x2/image_4/mnist-net_256x2_4_0_037.mps,/home/annelot/WARMSTART_PROJECT/baseline_symphony_21-01-2026+15_00/tmp/mnist-net_256x2/image_4/mnist-net_256x2_4_0_027.mps,SAT,291.273,SAT-SAT,
/home/annelot/WARMSTART_PROJECT/baseline_symphony_21-01-2026+15_00/tmp/mnist-net_256x2/image_4/mnist-net_256x2_4_0_033.mps,/home/annelot/WARMSTART_PROJECT/baseline_symphony_21-01-2026+15_00/tmp/mnist-net_256x2/image_4/mnist-net_256x2_4_0_027.mps,SAT,434.082,SAT-SAT,
/home/annelot/WARMSTART_PROJECT/baseline_symphony_21-01-2026+15_00/tmp/mnist-net_256x2/image_0/mnist-net_256x2_0_0_025.mps,/home/annelot/WARMSTART_PROJECT/baseline_symphony_21-01-2026+15_00/tmp/mnist-net_256x2/image_0/mnist-net_256x2_0_0_027.mps,UNSAT,1447.653,UNSAT-TIMEOUT,
/home/annelot/WARMSTART_PROJECT/baseline_symphony_21-01-2026+15_00/tmp/mnist-net_256x2/image_4/mnist-net_256x2_4_0_033.mps,/home/annelot/WARMSTART_PROJECT/baseline_symphony_21-01-2026+15_00/tmp/mnist-net_256x2/image_4/mnist-net_256x2_4_0_029.mps,SAT,432.916,SAT-SAT,
/home/annelot/WARMSTART_PROJECT/baseline_symphony_21-01-2026+15_00/tmp/mnist-net_256x2/image_4/mnist-net_256x2_4_0_035.mps,/home/annelot/WARMSTART_PROJECT/baseline_symphony_21-01-2026+15_00/tmp/mnist-net_256x2/image_4/mnist-net_256x2_4_0_027.mps,SAT,392.959,SAT-SAT,
/home/annelot/WARMSTART_PROJECT/baseline_symphony_21-01-2026+15_00/tmp/mnist-net_256x2/image_0/mnist-net_256x2_0_0_025.mps,/home/annelot/WARMSTART_PROJECT/baseline_symphony_21-01-2026+15_00/tmp/mnist-net_256x2/image_0/mnist-net_256x2_0_0_041.mps,UNSAT,1454.314,UNSAT-TIMEOUT,
/home/annelot/WARMSTART_PROJECT/baseline_symphony_21-01-2026+15_00/tmp/mnist-net_256x2/image_0/mnist-net_256x2_0_0_025.mps,/home/annelot/WARMSTART_PROJECT/baseline_symphony_21-01-2026+15_00/tmp/mnist-net_256x2/image_0/mnist-net_256x2_0_0_061.mps,UNSAT,1448.489,UNSAT-TIMEOUT,
/home/annelot/WARMSTART_PROJECT/baseline_symphony_21-01-2026+15_00/tmp/mnist-net_256x2/image_4/mnist-net_256x2_4_0_033.mps,/home/annelot/WARMSTART_PROJECT/baseline_symphony_21-01-2026+15_00/tmp/mnist-net_256x2/image_4/mnist-net_256x2_4_0_031.mps,SAT,257.591,SAT-SAT,
/home/annelot/WARMSTART_PROJECT/baseline_symphony_21-01-2026+15_00/tmp/mnist-net_256x2/image_0/mnist-net_256x2_0_0_025.mps,/home/annelot/WARMSTART_PROJECT/baseline_symphony_21-01-2026+15_00/tmp/mnist-net_256x2/image_0/mnist-net_256x2_0_0_141.mps,UNSAT,1446.215,UNSAT-TIMEOUT,
/home/annelot/WARMSTART_PROJECT/baseline_symphony_21-01-2026+15_00/tmp/mnist-net_256x2/image_0/mnist-net_256x2_0_0_025.mps,/home/annelot/WARMSTART_PROJECT/baseline_symphony_21-01-2026+15_00/tmp/mnist-net_256x2/image_0/mnist-net_256x2_0_0_181.mps,UNSAT,1453.034,UNSAT-TIMEOUT,
/home/annelot/WARMSTART_PROJECT/baseline_symphony_21-01-2026+15_00/tmp/mnist-net_256x2/image_0/mnist-net_256x2_0_0_025.mps,/home/annelot/WARMSTART_PROJECT/baseline_symphony_21-01-2026+15_00/tmp/mnist-net_256x2/image_0/mnist-net_256x2_0_0_201.mps,UNSAT,1448.845,UNSAT-TIMEOUT,
/home/annelot/WARMSTART_PROJECT/baseline_symphony_21-01-2026+15_00/tmp/mnist-net_256x2/image_0/mnist-net_256x2_0_0_025.mps,/home/annelot/WARMSTART_PROJECT/baseline_symphony_21-01-2026+15_00/tmp/mnist-net_256x2/image_0/mnist-net_256x2_0_0_221.mps,UNSAT,1454.863,UNSAT-TIMEOUT,
/home/annelot/WARMSTART_PROJECT/baseline_symphony_21-01-2026+15_00/tmp/mnist-net_256x2/image_0/mnist-net_256x2_0_0_025.mps,/home/annelot/WARMSTART_PROJECT/baseline_symphony_21-01-2026+15_00/tmp/mnist-net_256x2/image_0/mnist-net_256x2_0_0_301.mps,UNSAT,862.937,UNSAT-TIMEOUT,
/home/annelot/WARMSTART_PROJECT/baseline_symphony_21-01-2026+15_00/tmp/mnist-net_256x2/image_0/mnist-net_256x2_0_0_025.mps,/home/annelot/WARMSTART_PROJECT/baseline_symphony_21-01-2026+15_00/tmp/mnist-net_256x2/image_0/mnist-net_256x2_0_0_241.mps,UNSAT,1449.515,UNSAT-TIMEOUT,
/home/annelot/WARMSTART_PROJECT/baseline_symphony_21-01-2026+15_00/tmp/mnist-net_256x2/image_4/mnist-net_256x2_4_0_035.mps,/home/annelot/WARMSTART_PROJECT/baseline_symphony_21-01-2026+15_00/tmp/mnist-net_256x2/image_4/mnist-net_256x2_4_0_029.mps,SAT,392.685,SAT-SAT,
/home/annelot/WARMSTART_PROJECT/baseline_symphony_21-01-2026+15_00/tmp/mnist-net_256x2/image_0/mnist-net_256x2_0_0_025.mps,/home/annelot/WARMSTART_PROJECT/baseline_symphony_21-01-2026+15_00/tmp/mnist-net_256x2/image_0/mnist-net_256x2_0_0_261.mps,UNSAT,1454.846,UNSAT-TIMEOUT,
/home/annelot/WARMSTART_PROJECT/baseline_symphony_21-01-2026+15_00/tmp/mnist-net_256x2/image_4/mnist-net_256x2_4_0_037.mps,/home/annelot/WARMSTART_PROJECT/baseline_symphony_21-01-2026+15_00/tmp/mnist-net_256x2/image_4/mnist-net_256x2_4_0_029.mps,SAT,488.149,SAT-SAT,
/home/annelot/WARMSTART_PROJECT/baseline_symphony_21-01-2026+15_00/tmp/mnist-net_256x2/image_4/mnist-net_256x2_4_0_041.mps,/home/annelot/WARMSTART_PROJECT/baseline_symphony_21-01-2026+15_00/tmp/mnist-net_256x2/image_4/mnist-net_256x2_4_0_027.mps,SAT,651.435,SAT-SAT,
/home/annelot/WARMSTART_PROJECT/baseline_symphony_21-01-2026+15_00/tmp/mnist-net_256x2/image_4/mnist-net_256x2_4_0_037.mps,/home/annelot/WARMSTART_PROJECT/baseline_symphony_21-01-2026+15_00/tmp/mnist-net_256x2/image_4/mnist-net_256x2_4_0_031.mps,SAT,487.131,SAT-SAT,
/home/annelot/WARMSTART_PROJECT/baseline_symphony_21-01-2026+15_00/tmp/mnist-net_256x2/image_4/mnist-net_256x2_4_0_039.mps,/home/annelot/WARMSTART_PROJECT/baseline_symphony_21-01-2026+15_00/tmp/mnist-net_256x2/image_4/mnist-net_256x2_4_0_027.mps,SAT,1118.811,SAT-SAT,
/home/annelot/WARMSTART_PROJECT/baseline_symphony_21-01-2026+15_00/tmp/mnist-net_256x2/image_4/mnist-net_256x2_4_0_037.mps,/home/annelot/WARMSTART_PROJECT/baseline_symphony_21-01-2026+15_00/tmp/mnist-net_256x2/image_4/mnist-net_256x2_4_0_033.mps,SAT,489.274,SAT-SAT,
/home/annelot/WARMSTART_PROJECT/baseline_symphony_21-01-2026+15_00/tmp/mnist-net_256x2/image_0/mnist-net_256x2_0_0_025.mps,/home/annelot/WARMSTART_PROJECT/baseline_symphony_21-01-2026+15_00/tmp/mnist-net_256x2/image_0/mnist-net_256x2_0_0_281.mps,UNSAT,1453.852,UNSAT-TIMEOUT,
/home/annelot/WARMSTART_PROJECT/baseline_symphony_21-01-2026+15_00/tmp/mnist-net_256x2/image_4/mnist-net_256x2_4_0_039.mps,/home/annelot/WARMSTART_PROJECT/baseline_symphony_21-01-2026+15_00/tmp/mnist-net_256x2/image_4/mnist-net_256x2_4_0_029.mps,SAT,1130.019,SAT-SAT,
/home/annelot/WARMSTART_PROJECT/baseline_symphony_21-01-2026+15_00/tmp/mnist-net_256x2/image_0/mnist-net_256x2_0_0_025.mps,/home/annelot/WARMSTART_PROJECT/baseline_symphony_21-01-2026+15_00/tmp/mnist-net_256x2/image_0/mnist-net_256x2_0_0_321.mps,UNSAT,1457.534,UNSAT-TIMEOUT,
/home/annelot/WARMSTART_PROJECT/baseline_symphony_21-01-2026+15_00/tmp/mnist-net_256x2/image_0/mnist-net_256x2_0_0_025.mps,/home/annelot/WARMSTART_PROJECT/baseline_symphony_21-01-2026+15_00/tmp/mnist-net_256x2/image_0/mnist-net_256x2_0_0_361.mps,UNSAT,1458.369,UNSAT-TIMEOUT,
/home/annelot/WARMSTART_PROJECT/baseline_symphony_21-01-2026+15_00/tmp/mnist-net_256x2/image_0/mnist-net_256x2_0_0_025.mps,/home/annelot/WARMSTART_PROJECT/baseline_symphony_21-01-2026+15_00/tmp/mnist-net_256x2/image_0/mnist-net_256x2_0_0_341.mps,UNSAT,1460.472,UNSAT-TIMEOUT,
/home/annelot/WARMSTART_PROJECT/baseline_symphony_21-01-2026+15_00/tmp/mnist-net_256x2/image_0/mnist-net_256x2_0_0_025.mps,/home/annelot/WARMSTART_PROJECT/baseline_symphony_21-01-2026+15_00/tmp/mnist-net_256x2/image_0/mnist-net_256x2_0_0_381.mps,UNSAT,1459.579,UNSAT-TIMEOUT,
/home/annelot/WARMSTART_PROJECT/baseline_symphony_21-01-2026+15_00/tmp/mnist-net_256x2/image_4/mnist-net_256x2_4_0_035.mps,/home/annelot/WARMSTART_PROJECT/baseline_symphony_21-01-2026+15_00/tmp/mnist-net_256x2/image_4/mnist-net_256x2_4_0_031.mps,SAT,659.032,SAT-SAT,
/home/annelot/WARMSTART_PROJECT/baseline_symphony_21-01-2026+15_00/tmp/mnist-net_256x2/image_4/mnist-net_256x2_4_0_037.mps,/home/annelot/WARMSTART_PROJECT/baseline_symphony_21-01-2026+15_00/tmp/mnist-net_256x2/image_4/mnist-net_256x2_4_0_035.mps,SAT,489.097,SAT-SAT,
/home/annelot/WARMSTART_PROJECT/baseline_symphony_21-01-2026+15_00/tmp/mnist-net_256x2/image_4/mnist-net_256x2_4_0_035.mps,/home/annelot/WARMSTART_PROJECT/baseline_symphony_21-01-2026+15_00/tmp/mnist-net_256x2/image_4/mnist-net_256x2_4_0_033.mps,SAT,654.213,SAT-SAT,
/home/annelot/WARMSTART_PROJECT/baseline_symphony_21-01-2026+15_00/tmp/mnist-net_256x2/image_4/mnist-net_256x2_4_0_043.mps,/home/annelot/WARMSTART_PROJECT/baseline_symphony_21-01-2026+15_00/tmp/mnist-net_256x2/image_4/mnist-net_256x2_4_0_027.mps,SAT,1180.299,SAT-SAT,
/home/annelot/WARMSTART_PROJECT/baseline_symphony_21-01-2026+15_00/tmp/mnist-net_256x2/image_4/mnist-net_256x2_4_0_041.mps,/home/annelot/WARMSTART_PROJECT/baseline_symphony_21-01-2026+15_00/tmp/mnist-net_256x2/image_4/mnist-net_256x2_4_0_029.mps,SAT,1101.967,SAT-SAT,
/home/annelot/WARMSTART_PROJECT/baseline_symphony_21-01-2026+15_00/tmp/mnist-net_256x2/image_4/mnist-net_256x2_4_0_041.mps,/home/annelot/WARMSTART_PROJECT/baseline_symphony_21-01-2026+15_00/tmp/mnist-net_256x2/image_4/mnist-net_256x2_4_0_035.mps,SAT,651.919,SAT-SAT,
/home/annelot/WARMSTART_PROJECT/baseline_symphony_21-01-2026+15_00/tmp/mnist-net_256x2/image_4/mnist-net_256x2_4_0_039.mps,/home/annelot/WARMSTART_PROJECT/baseline_symphony_21-01-2026+15_00/tmp/mnist-net_256x2/image_4/mnist-net_256x2_4_0_031.mps,SAT,1117.594,SAT-SAT,
/home/annelot/WARMSTART_PROJECT/baseline_symphony_21-01-2026+15_00/tmp/mnist-net_256x2/image_4/mnist-net_256x2_4_0_039.mps,/home/annelot/WARMSTART_PROJECT/baseline_symphony_21-01-2026+15_00/tmp/mnist-net_256x2/image_4/mnist-net_256x2_4_0_033.mps,SAT,1117.144,SAT-SAT,
/home/annelot/WARMSTART_PROJECT/baseline_symphony_21-01-2026+15_00/tmp/mnist-net_256x2/image_4/mnist-net_256x2_4_0_039.mps,/home/annelot/WARMSTART_PROJECT/baseline_symphony_21-01-2026+15_00/tmp/mnist-net_256x2/image_4/mnist-net_256x2_4_0_035.mps,SAT,1123.622,SAT-SAT,
/home/annelot/WARMSTART_PROJECT/baseline_symphony_21-01-2026+15_00/tmp/mnist-net_256x2/image_4/mnist-net_256x2_4_0_041.mps,/home/annelot/WARMSTART_PROJECT/baseline_symphony_21-01-2026+15_00/tmp/mnist-net_256x2/image_4/mnist-net_256x2_4_0_031.mps,SAT,1098.04,SAT-SAT,
/home/annelot/WARMSTART_PROJECT/baseline_symphony_21-01-2026+15_00/tmp/mnist-net_256x2/image_4/mnist-net_256x2_4_0_041.mps,/home/annelot/WARMSTART_PROJECT/baseline_symphony_21-01-2026+15_00/tmp/mnist-net_256x2/image_4/mnist-net_256x2_4_0_033.mps,SAT,1102.79,SAT-SAT,
/home/annelot/WARMSTART_PROJECT/baseline_symphony_21-01-2026+15_00/tmp/mnist-net_256x2/image_4/mnist-net_256x2_4_0_043.mps,/home/annelot/WARMSTART_PROJECT/baseline_symphony_21-01-2026+15_00/tmp/mnist-net_256x2/image_4/mnist-net_256x2_4_0_031.mps,SAT,1183.16,SAT-SAT,
/home/annelot/WARMSTART_PROJECT/baseline_symphony_21-01-2026+15_00/tmp/mnist-net_256x2/image_4/mnist-net_256x2_4_0_043.mps,/home/annelot/WARMSTART_PROJECT/baseline_symphony_21-01-2026+15_00/tmp/mnist-net_256x2/image_4/mnist-net_256x2_4_0_033.mps,SAT,1187.988,SAT-SAT,
/home/annelot/WARMSTART_PROJECT/baseline_symphony_21-01-2026+15_00/tmp/mnist-net_256x2/image_4/mnist-net_256x2_4_0_039.mps,/home/annelot/WARMSTART_PROJECT/baseline_symphony_21-01-2026+15_00/tmp/mnist-net_256x2/image_4/mnist-net_256x2_4_0_037.mps,SAT,1116.732,SAT-SAT,
/home/annelot/WARMSTART_PROJECT/baseline_symphony_21-01-2026+15_00/tmp/mnist-net_256x2/image_3/mnist-net_256x2_3_0_041.mps,/home/annelot/WARMSTART_PROJECT/baseline_symphony_21-01-2026+15_00/tmp/mnist-net_256x2/image_3/mnist-net_256x2_3_0_043.mps,UNSAT,7.064,UNSAT-UNSAT,
/home/annelot/WARMSTART_PROJECT/baseline_symphony_21-01-2026+15_00/tmp/mnist-net_256x2/image_3/mnist-net_256x2_3_0_041.mps,/home/annelot/WARMSTART_PROJECT/baseline_symphony_21-01-2026+15_00/tmp/mnist-net_256x2/image_3/mnist-net_256x2_3_0_045.mps,UNSAT,7.072,UNSAT-UNSAT,
/home/annelot/WARMSTART_PROJECT/baseline_symphony_21-01-2026+15_00/tmp/mnist-net_256x2/image_3/mnist-net_256x2_3_0_041.mps,/home/annelot/WARMSTART_PROJECT/baseline_symphony_21-01-2026+15_00/tmp/mnist-net_256x2/image_3/mnist-net_256x2_3_0_047.mps,UNSAT,7.06,UNSAT-UNSAT,
/home/annelot/WARMSTART_PROJECT/baseline_symphony_21-01-2026+15_00/tmp/mnist-net_256x2/image_3/mnist-net_256x2_3_0_041.mps,/home/annelot/WARMSTART_PROJECT/baseline_symphony_21-01-2026+15_00/tmp/mnist-net_256x2/image_3/mnist-net_256x2_3_0_049.mps,UNSAT,7.077,UNSAT-UNSAT,
/home/annelot/WARMSTART_PROJECT/baseline_symphony_21-01-2026+15_00/tmp/mnist-net_256x2/image_3/mnist-net_256x2_3_0_041.mps,/home/annelot/WARMSTART_PROJECT/baseline_symphony_21-01-2026+15_00/tmp/mnist-net_256x2/image_3/mnist-net_256x2_3_0_051.mps,UNSAT,7.057,UNSAT-UNSAT,
/home/annelot/WARMSTART_PROJECT/baseline_symphony_21-01-2026+15_00/tmp/mnist-net_256x2/image_3/mnist-net_256x2_3_0_041.mps,/home/annelot/WARMSTART_PROJECT/baseline_symphony_21-01-2026+15_00/tmp/mnist-net_256x2/image_3/mnist-net_256x2_3_0_053.mps,UNSAT,7.077,UNSAT-UNSAT,
/home/annelot/WARMSTART_PROJECT/baseline_symphony_21-01-2026+15_00/tmp/mnist-net_256x2/image_3/mnist-net_256x2_3_0_041.mps,/home/annelot/WARMSTART_PROJECT/baseline_symphony_21-01-2026+15_00/tmp/mnist-net_256x2/image_3/mnist-net_256x2_3_0_055.mps,UNSAT,7.106,UNSAT-UNSAT,
/home/annelot/WARMSTART_PROJECT/baseline_symphony_21-01-2026+15_00/tmp/mnist-net_256x2/image_3/mnist-net_256x2_3_0_041.mps,/home/annelot/WARMSTART_PROJECT/baseline_symphony_21-01-2026+15_00/tmp/mnist-net_256x2/image_3/mnist-net_256x2_3_0_057.mps,UNSAT,7.076,UNSAT-UNSAT,
/home/annelot/WARMSTART_PROJECT/baseline_symphony_21-01-2026+15_00/tmp/mnist-net_256x2/image_3/mnist-net_256x2_3_0_043.mps,/home/annelot/WARMSTART_PROJECT/baseline_symphony_21-01-2026+15_00/tmp/mnist-net_256x2/image_3/mnist-net_256x2_3_0_045.mps,UNSAT,44.942,UNSAT-UNSAT,
/home/annelot/WARMSTART_PROJECT/baseline_symphony_21-01-2026+15_00/tmp/mnist-net_256x2/image_3/mnist-net_256x2_3_0_043.mps,/home/annelot/WARMSTART_PROJECT/baseline_symphony_21-01-2026+15_00/tmp/mnist-net_256x2/image_3/mnist-net_256x2_3_0_047.mps,UNSAT,45.068,UNSAT-UNSAT,
/home/annelot/WARMSTART_PROJECT/baseline_symphony_21-01-2026+15_00/tmp/mnist-net_256x2/image_3/mnist-net_256x2_3_0_043.mps,/home/annelot/WARMSTART_PROJECT/baseline_symphony_21-01-2026+15_00/tmp/mnist-net_256x2/image_3/mnist-net_256x2_3_0_049.mps,UNSAT,44.935,UNSAT-UNSAT,
/home/annelot/WARMSTART_PROJECT/baseline_symphony_21-01-2026+15_00/tmp/mnist-net_256x2/image_3/mnist-net_256x2_3_0_043.mps,/home/annelot/WARMSTART_PROJECT/baseline_symphony_21-01-2026+15_00/tmp/mnist-net_256x2/image_3/mnist-net_256x2_3_0_051.mps,UNSAT,44.856,UNSAT-UNSAT,
/home/annelot/WARMSTART_PROJECT/baseline_symphony_21-01-2026+15_00/tmp/mnist-net_256x2/image_3/mnist-net_256x2_3_0_043.mps,/home/annelot/WARMSTART_PROJECT/baseline_symphony_21-01-2026+15_00/tmp/mnist-net_256x2/image_3/mnist-net_256x2_3_0_055.mps,UNSAT,27.15,UNSAT-UNSAT,
/home/annelot/WARMSTART_PROJECT/baseline_symphony_21-01-2026+15_00/tmp/mnist-net_256x2/image_3/mnist-net_256x2_3_0_043.mps,/home/annelot/WARMSTART_PROJECT/baseline_symphony_21-01-2026+15_00/tmp/mnist-net_256x2/image_3/mnist-net_256x2_3_0_053.mps,UNSAT,44.899,UNSAT-UNSAT,
/home/annelot/WARMSTART_PROJECT/baseline_symphony_21-01-2026+15_00/tmp/mnist-net_256x2/image_3/mnist-net_256x2_3_0_045.mps,/home/annelot/WARMSTART_PROJECT/baseline_symphony_21-01-2026+15_00/tmp/mnist-net_256x2/image_3/mnist-net_256x2_3_0_047.mps,UNSAT,24.213,UNSAT-UNSAT,
/home/annelot/WARMSTART_PROJECT/baseline_symphony_21-01-2026+15_00/tmp/mnist-net_256x2/image_3/mnist-net_256x2_3_0_043.mps,/home/annelot/WARMSTART_PROJECT/baseline_symphony_21-01-2026+15_00/tmp/mnist-net_256x2/image_3/mnist-net_256x2_3_0_057.mps,UNSAT,44.58,UNSAT-UNSAT,
/home/annelot/WARMSTART_PROJECT/baseline_symphony_21-01-2026+15_00/tmp/mnist-net_256x2/image_3/mnist-net_256x2_3_0_045.mps,/home/annelot/WARMSTART_PROJECT/baseline_symphony_21-01-2026+15_00/tmp/mnist-net_256x2/image_3/mnist-net_256x2_3_0_051.mps,UNSAT,24.242,UNSAT-UNSAT,
/home/annelot/WARMSTART_PROJECT/baseline_symphony_21-01-2026+15_00/tmp/mnist-net_256x2/image_3/mnist-net_256x2_3_0_045.mps,/home/annelot/WARMSTART_PROJECT/baseline_symphony_21-01-2026+15_00/tmp/mnist-net_256x2/image_3/mnist-net_256x2_3_0_049.mps,UNSAT,38.944,UNSAT-UNSAT,
/home/annelot/WARMSTART_PROJECT/baseline_symphony_21-01-2026+15_00/tmp/mnist-net_256x2/image_3/mnist-net_256x2_3_0_045.mps,/home/annelot/WARMSTART_PROJECT/baseline_symphony_21-01-2026+15_00/tmp/mnist-net_256x2/image_3/mnist-net_256x2_3_0_055.mps,UNSAT,24.242,UNSAT-UNSAT,
/home/annelot/WARMSTART_PROJECT/baseline_symphony_21-01-2026+15_00/tmp/mnist-net_256x2/image_3/mnist-net_256x2_3_0_045.mps,/home/annelot/WARMSTART_PROJECT/baseline_symphony_21-01-2026+15_00/tmp/mnist-net_256x2/image_3/mnist-net_256x2_3_0_053.mps,UNSAT,39.022,UNSAT-UNSAT,
/home/annelot/WARMSTART_PROJECT/baseline_symphony_21-01-2026+15_00/tmp/mnist-net_256x2/image_3/mnist-net_256x2_3_0_045.mps,/home/annelot/WARMSTART_PROJECT/baseline_symphony_21-01-2026+15_00/tmp/mnist-net_256x2/image_3/mnist-net_256x2_3_0_057.mps,UNSAT,39.095,UNSAT-UNSAT,
/home/annelot/WARMSTART_PROJECT/baseline_symphony_21-01-2026+15_00/tmp/mnist-net_256x2/image_4/mnist-net_256x2_4_0_041.mps,/home/annelot/WARMSTART_PROJECT/baseline_symphony_21-01-2026+15_00/tmp/mnist-net_256x2/image_4/mnist-net_256x2_4_0_037.mps,SAT,1108.943,SAT-SAT,
/home/annelot/WARMSTART_PROJECT/baseline_symphony_21-01-2026+15_00/tmp/mnist-net_256x2/image_3/mnist-net_256x2_3_0_047.mps,/home/annelot/WARMSTART_PROJECT/baseline_symphony_21-01-2026+15_00/tmp/mnist-net_256x2/image_3/mnist-net_256x2_3_0_051.mps,UNSAT,51.586,UNSAT-UNSAT,
/home/annelot/WARMSTART_PROJECT/baseline_symphony_21-01-2026+15_00/tmp/mnist-net_256x2/image_3/mnist-net_256x2_3_0_047.mps,/home/annelot/WARMSTART_PROJECT/baseline_symphony_21-01-2026+15_00/tmp/mnist-net_256x2/image_3/mnist-net_256x2_3_0_053.mps,UNSAT,51.698,UNSAT-UNSAT,
/home/annelot/WARMSTART_PROJECT/baseline_symphony_21-01-2026+15_00/tmp/mnist-net_256x2/image_4/mnist-net_256x2_4_0_041.mps,/home/annelot/WARMSTART_PROJECT/baseline_symphony_21-01-2026+15_00/tmp/mnist-net_256x2/image_4/mnist-net_256x2_4_0_039.mps,SAT,1095.475,SAT-SAT,
/home/annelot/WARMSTART_PROJECT/baseline_symphony_21-01-2026+15_00/tmp/mnist-net_256x2/image_3/mnist-net_256x2_3_0_047.mps,/home/annelot/WARMSTART_PROJECT/baseline_symphony_21-01-2026+15_00/tmp/mnist-net_256x2/image_3/mnist-net_256x2_3_0_049.mps,UNSAT,84.428,UNSAT-UNSAT,
/home/annelot/WARMSTART_PROJECT/baseline_symphony_21-01-2026+15_00/tmp/mnist-net_256x2/image_3/mnist-net_256x2_3_0_047.mps,/home/annelot/WARMSTART_PROJECT/baseline_symphony_21-01-2026+15_00/tmp/mnist-net_256x2/image_3/mnist-net_256x2_3_0_055.mps,UNSAT,84.331,UNSAT-UNSAT,
/home/annelot/WARMSTART_PROJECT/baseline_symphony_21-01-2026+15_00/tmp/mnist-net_256x2/image_3/mnist-net_256x2_3_0_049.mps,/home/annelot/WARMSTART_PROJECT/baseline_symphony_21-01-2026+15_00/tmp/mnist-net_256x2/image_3/mnist-net_256x2_3_0_053.mps,UNSAT,36.858,UNSAT-UNSAT,
/home/annelot/WARMSTART_PROJECT/baseline_symphony_21-01-2026+15_00/tmp/mnist-net_256x2/image_3/mnist-net_256x2_3_0_049.mps,/home/annelot/WARMSTART_PROJECT/baseline_symphony_21-01-2026+15_00/tmp/mnist-net_256x2/image_3/mnist-net_256x2_3_0_055.mps,UNSAT,36.948,UNSAT-UNSAT,
/home/annelot/WARMSTART_PROJECT/baseline_symphony_21-01-2026+15_00/tmp/mnist-net_256x2/image_3/mnist-net_256x2_3_0_047.mps,/home/annelot/WARMSTART_PROJECT/baseline_symphony_21-01-2026+15_00/tmp/mnist-net_256x2/image_3/mnist-net_256x2_3_0_057.mps,UNSAT,84.177,UNSAT-UNSAT,
/home/annelot/WARMSTART_PROJECT/baseline_symphony_21-01-2026+15_00/tmp/mnist-net_256x2/image_3/mnist-net_256x2_3_0_049.mps,/home/annelot/WARMSTART_PROJECT/baseline_symphony_21-01-2026+15_00/tmp/mnist-net_256x2/image_3/mnist-net_256x2_3_0_051.mps,UNSAT,61.845,UNSAT-UNSAT,
/home/annelot/WARMSTART_PROJECT/baseline_symphony_21-01-2026+15_00/tmp/mnist-net_256x2/image_3/mnist-net_256x2_3_0_049.mps,/home/annelot/WARMSTART_PROJECT/baseline_symphony_21-01-2026+15_00/tmp/mnist-net_256x2/image_3/mnist-net_256x2_3_0_057.mps,UNSAT,61.443,UNSAT-UNSAT,
/home/annelot/WARMSTART_PROJECT/baseline_symphony_21-01-2026+15_00/tmp/mnist-net_256x2/image_3/mnist-net_256x2_3_0_053.mps,/home/annelot/WARMSTART_PROJECT/baseline_symphony_21-01-2026+15_00/tmp/mnist-net_256x2/image_3/mnist-net_256x2_3_0_055.mps,UNSAT,107.648,UNSAT-UNSAT,
/home/annelot/WARMSTART_PROJECT/baseline_symphony_21-01-2026+15_00/tmp/mnist-net_256x2/image_3/mnist-net_256x2_3_0_053.mps,/home/annelot/WARMSTART_PROJECT/baseline_symphony_21-01-2026+15_00/tmp/mnist-net_256x2/image_3/mnist-net_256x2_3_0_057.mps,UNSAT,178.845,UNSAT-UNSAT,
/home/annelot/WARMSTART_PROJECT/baseline_symphony_21-01-2026+15_00/tmp/mnist-net_256x2/image_3/mnist-net_256x2_3_0_051.mps,/home/annelot/WARMSTART_PROJECT/baseline_symphony_21-01-2026+15_00/tmp/mnist-net_256x2/image_3/mnist-net_256x2_3_0_057.mps,UNSAT,211.14,UNSAT-UNSAT,
/home/annelot/WARMSTART_PROJECT/baseline_symphony_21-01-2026+15_00/tmp/mnist-net_256x2/image_3/mnist-net_256x2_3_0_055.mps,/home/annelot/WARMSTART_PROJECT/baseline_symphony_21-01-2026+15_00/tmp/mnist-net_256x2/image_3/mnist-net_256x2_3_0_057.mps,UNSAT,244.426,UNSAT-UNSAT,
/home/annelot/WARMSTART_PROJECT/baseline_symphony_21-01-2026+15_00/tmp/mnist-net/image_7/mnist-net_7_0_027.mps,/home/annelot/WARMSTART_PROJECT/baseline_symphony_21-01-2026+15_00/tmp/mnist-net/image_7/mnist-net_7_0_029.mps,UNSAT,0.483,UNSAT-UNSAT,
/home/annelot/WARMSTART_PROJECT/baseline_symphony_21-01-2026+15_00/tmp/mnist-net/image_7/mnist-net_7_0_027.mps,/home/annelot/WARMSTART_PROJECT/baseline_symphony_21-01-2026+15_00/tmp/mnist-net/image_7/mnist-net_7_0_031.mps,UNSAT,0.482,UNSAT-UNSAT,
/home/annelot/WARMSTART_PROJECT/baseline_symphony_21-01-2026+15_00/tmp/mnist-net/image_7/mnist-net_7_0_027.mps,/home/annelot/WARMSTART_PROJECT/baseline_symphony_21-01-2026+15_00/tmp/mnist-net/image_7/mnist-net_7_0_033.mps,UNSAT,0.491,UNSAT-UNSAT,
/home/annelot/WARMSTART_PROJECT/baseline_symphony_21-01-2026+15_00/tmp/mnist-net/image_7/mnist-net_7_0_027.mps,/home/annelot/WARMSTART_PROJECT/baseline_symphony_21-01-2026+15_00/tmp/mnist-net/image_7/mnist-net_7_0_035.mps,UNSAT,0.48,UNSAT-UNSAT,
/home/annelot/WARMSTART_PROJECT/baseline_symphony_21-01-2026+15_00/tmp/mnist-net/image_7/mnist-net_7_0_029.mps,/home/annelot/WARMSTART_PROJECT/baseline_symphony_21-01-2026+15_00/tmp/mnist-net/image_7/mnist-net_7_0_031.mps,UNSAT,20.796,UNSAT-UNSAT,
/home/annelot/WARMSTART_PROJECT/baseline_symphony_21-01-2026+15_00/tmp/mnist-net_256x2/image_4/mnist-net_256x2_4_0_043.mps,/home/annelot/WARMSTART_PROJECT/baseline_symphony_21-01-2026+15_00/tmp/mnist-net_256x2/image_4/mnist-net_256x2_4_0_041.mps,SAT,1181.956,SAT-SAT,
/home/annelot/WARMSTART_PROJECT/baseline_symphony_21-01-2026+15_00/tmp/mnist-net/image_7/mnist-net_7_0_029.mps,/home/annelot/WARMSTART_PROJECT/baseline_symphony_21-01-2026+15_00/tmp/mnist-net/image_7/mnist-net_7_0_033.mps,UNSAT,20.82,UNSAT-UNSAT,
/home/annelot/WARMSTART_PROJECT/baseline_symphony_21-01-2026+15_00/tmp/mnist-net/image_7/mnist-net_7_0_029.mps,/home/annelot/WARMSTART_PROJECT/baseline_symphony_21-01-2026+15_00/tmp/mnist-net/image_7/mnist-net_7_0_035.mps,UNSAT,11.722,UNSAT-UNSAT,
/home/annelot/WARMSTART_PROJECT/baseline_symphony_21-01-2026+15_00/tmp/mnist-net_256x2/image_3/mnist-net_256x2_3_0_051.mps,/home/annelot/WARMSTART_PROJECT/baseline_symphony_21-01-2026+15_00/tmp/mnist-net_256x2/image_3/mnist-net_256x2_3_0_053.mps,UNSAT,350.937,UNSAT-UNSAT,
/home/annelot/WARMSTART_PROJECT/baseline_symphony_21-01-2026+15_00/tmp/mnist-net_256x2/image_3/mnist-net_256x2_3_0_051.mps,/home/annelot/WARMSTART_PROJECT/baseline_symphony_21-01-2026+15_00/tmp/mnist-net_256x2/image_3/mnist-net_256x2_3_0_055.mps,UNSAT,351.54,UNSAT-UNSAT,
/home/annelot/WARMSTART_PROJECT/baseline_symphony_21-01-2026+15_00/tmp/mnist-net/image_7/mnist-net_7_0_031.mps,/home/annelot/WARMSTART_PROJECT/baseline_symphony_21-01-2026+15_00/tmp/mnist-net/image_7/mnist-net_7_0_035.mps,UNSAT,43.998,UNSAT-UNSAT,
/home/annelot/WARMSTART_PROJECT/baseline_symphony_21-01-2026+15_00/tmp/mnist-net/image_7/mnist-net_7_0_031.mps,/home/annelot/WARMSTART_PROJECT/baseline_symphony_21-01-2026+15_00/tmp/mnist-net/image_7/mnist-net_7_0_033.mps,UNSAT,80.568,UNSAT-UNSAT,
/home/annelot/WARMSTART_PROJECT/baseline_symphony_21-01-2026+15_00/tmp/mnist-net/image_7/mnist-net_7_0_033.mps,/home/annelot/WARMSTART_PROJECT/baseline_symphony_21-01-2026+15_00/tmp/mnist-net/image_7/mnist-net_7_0_035.mps,UNSAT,170.064,UNSAT-UNSAT,
/home/annelot/WARMSTART_PROJECT/baseline_symphony_21-01-2026+15_00/tmp/mnist-net/image_7/mnist-net_7_0_035.mps,/home/annelot/WARMSTART_PROJECT/baseline_symphony_21-01-2026+15_00/tmp/mnist-net/image_7/mnist-net_7_0_041.mps,UNSAT,400.05,UNSAT-TIMEOUT,
/home/annelot/WARMSTART_PROJECT/baseline_symphony_21-01-2026+15_00/tmp/mnist-net_256x2/image_3/mnist-net_256x2_3_0_057.mps,/home/annelot/WARMSTART_PROJECT/baseline_symphony_21-01-2026+15_00/tmp/mnist-net_256x2/image_3/mnist-net_256x2_3_0_059.mps,UNSAT,744.44,UNSAT-TIMEOUT,
/home/annelot/WARMSTART_PROJECT/baseline_symphony_21-01-2026+15_00/tmp/mnist-net_256x2/image_3/mnist-net_256x2_3_0_141.mps,/home/annelot/WARMSTART_PROJECT/baseline_symphony_21-01-2026+15_00/tmp/mnist-net_256x2/image_3/mnist-net_256x2_3_0_101.mps,SAT,1182.044,SAT-TIMEOUT,
/home/annelot/WARMSTART_PROJECT/baseline_symphony_21-01-2026+15_00/tmp/mnist-net/image_6/mnist-net_6_0_027.mps,/home/annelot/WARMSTART_PROJECT/baseline_symphony_21-01-2026+15_00/tmp/mnist-net/image_6/mnist-net_6_0_029.mps,UNSAT,0.32,UNSAT-UNSAT,
/home/annelot/WARMSTART_PROJECT/baseline_symphony_21-01-2026+15_00/tmp/mnist-net/image_6/mnist-net_6_0_027.mps,/home/annelot/WARMSTART_PROJECT/baseline_symphony_21-01-2026+15_00/tmp/mnist-net/image_6/mnist-net_6_0_033.mps,UNSAT,0.321,UNSAT-UNSAT,
/home/annelot/WARMSTART_PROJECT/baseline_symphony_21-01-2026+15_00/tmp/mnist-net/image_6/mnist-net_6_0_027.mps,/home/annelot/WARMSTART_PROJECT/baseline_symphony_21-01-2026+15_00/tmp/mnist-net/image_6/mnist-net_6_0_031.mps,UNSAT,0.325,UNSAT-UNSAT,
/home/annelot/WARMSTART_PROJECT/baseline_symphony_21-01-2026+15_00/tmp/mnist-net/image_6/mnist-net_6_0_027.mps,/home/annelot/WARMSTART_PROJECT/baseline_symphony_21-01-2026+15_00/tmp/mnist-net/image_6/mnist-net_6_0_035.mps,UNSAT,0.325,UNSAT-UNSAT,
/home/annelot/WARMSTART_PROJECT/baseline_symphony_21-01-2026+15_00/tmp/mnist-net/image_6/mnist-net_6_0_029.mps,/home/annelot/WARMSTART_PROJECT/baseline_symphony_21-01-2026+15_00/tmp/mnist-net/image_6/mnist-net_6_0_031.mps,UNSAT,3.106,UNSAT-UNSAT,
/home/annelot/WARMSTART_PROJECT/baseline_symphony_21-01-2026+15_00/tmp/mnist-net/image_6/mnist-net_6_0_029.mps,/home/annelot/WARMSTART_PROJECT/baseline_symphony_21-01-2026+15_00/tmp/mnist-net/image_6/mnist-net_6_0_033.mps,UNSAT,3.106,UNSAT-UNSAT,
/home/annelot/WARMSTART_PROJECT/baseline_symphony_21-01-2026+15_00/tmp/mnist-net/image_6/mnist-net_6_0_029.mps,/home/annelot/WARMSTART_PROJECT/baseline_symphony_21-01-2026+15_00/tmp/mnist-net/image_6/mnist-net_6_0_035.mps,UNSAT,3.115,UNSAT-UNSAT,
/home/annelot/WARMSTART_PROJECT/baseline_symphony_21-01-2026+15_00/tmp/mnist-net/image_7/mnist-net_7_0_035.mps,/home/annelot/WARMSTART_PROJECT/baseline_symphony_21-01-2026+15_00/tmp/mnist-net/image_7/mnist-net_7_0_037.mps,UNSAT,811.65,UNSAT-TIMEOUT,
/home/annelot/WARMSTART_PROJECT/baseline_symphony_21-01-2026+15_00/tmp/mnist-net/image_7/mnist-net_7_0_035.mps,/home/annelot/WARMSTART_PROJECT/baseline_symphony_21-01-2026+15_00/tmp/mnist-net/image_7/mnist-net_7_0_261.mps,UNSAT,406.058,UNSAT-TIMEOUT,
/home/annelot/WARMSTART_PROJECT/baseline_symphony_21-01-2026+15_00/tmp/mnist-net/image_6/mnist-net_6_0_031.mps,/home/annelot/WARMSTART_PROJECT/baseline_symphony_21-01-2026+15_00/tmp/mnist-net/image_6/mnist-net_6_0_033.mps,UNSAT,139.995,UNSAT-UNSAT,
/home/annelot/WARMSTART_PROJECT/baseline_symphony_21-01-2026+15_00/tmp/mnist-net/image_7/mnist-net_7_0_035.mps,/home/annelot/WARMSTART_PROJECT/baseline_symphony_21-01-2026+15_00/tmp/mnist-net/image_7/mnist-net_7_0_301.mps,UNSAT,407.741,UNSAT-TIMEOUT,
/home/annelot/WARMSTART_PROJECT/baseline_symphony_21-01-2026+15_00/tmp/mnist-net/image_6/mnist-net_6_0_031.mps,/home/annelot/WARMSTART_PROJECT/baseline_symphony_21-01-2026+15_00/tmp/mnist-net/image_6/mnist-net_6_0_035.mps,UNSAT,140.42,UNSAT-UNSAT,
/home/annelot/WARMSTART_PROJECT/baseline_symphony_21-01-2026+15_00/tmp/mnist-net/image_7/mnist-net_7_0_035.mps,/home/annelot/WARMSTART_PROJECT/baseline_symphony_21-01-2026+15_00/tmp/mnist-net/image_7/mnist-net_7_0_061.mps,UNSAT,822.834,UNSAT-TIMEOUT,
/home/annelot/WARMSTART_PROJECT/baseline_symphony_21-01-2026+15_00/tmp/mnist-net/image_7/mnist-net_7_0_035.mps,/home/annelot/WARMSTART_PROJECT/baseline_symphony_21-01-2026+15_00/tmp/mnist-net/image_7/mnist-net_7_0_081.mps,UNSAT,830.665,UNSAT-TIMEOUT,
/home/annelot/WARMSTART_PROJECT/baseline_symphony_21-01-2026+15_00/tmp/mnist-net/image_7/mnist-net_7_0_035.mps,/home/annelot/WARMSTART_PROJECT/baseline_symphony_21-01-2026+15_00/tmp/mnist-net/image_7/mnist-net_7_0_101.mps,UNSAT,832.672,UNSAT-TIMEOUT,
/home/annelot/WARMSTART_PROJECT/baseline_symphony_21-01-2026+15_00/tmp/mnist-net/image_7/mnist-net_7_0_035.mps,/home/annelot/WARMSTART_PROJECT/baseline_symphony_21-01-2026+15_00/tmp/mnist-net/image_7/mnist-net_7_0_121.mps,UNSAT,831.899,UNSAT-TIMEOUT,
/home/annelot/WARMSTART_PROJECT/baseline_symphony_21-01-2026+15_00/tmp/mnist-net/image_7/mnist-net_7_0_035.mps,/home/annelot/WARMSTART_PROJECT/baseline_symphony_21-01-2026+15_00/tmp/mnist-net/image_7/mnist-net_7_0_141.mps,UNSAT,832.888,UNSAT-TIMEOUT,
/home/annelot/WARMSTART_PROJECT/baseline_symphony_21-01-2026+15_00/tmp/mnist-net/image_7/mnist-net_7_0_035.mps,/home/annelot/WARMSTART_PROJECT/baseline_symphony_21-01-2026+15_00/tmp/mnist-net/image_7/mnist-net_7_0_161.mps,UNSAT,835.352,UNSAT-TIMEOUT,
/home/annelot/WARMSTART_PROJECT/baseline_symphony_21-01-2026+15_00/tmp/mnist-net/image_7/mnist-net_7_0_035.mps,/home/annelot/WARMSTART_PROJECT/baseline_symphony_21-01-2026+15_00/tmp/mnist-net/image_7/mnist-net_7_0_181.mps,UNSAT,834.185,UNSAT-TIMEOUT,
/home/annelot/WARMSTART_PROJECT/baseline_symphony_21-01-2026+15_00/tmp/mnist-net/image_7/mnist-net_7_0_035.mps,/home/annelot/WARMSTART_PROJECT/baseline_symphony_21-01-2026+15_00/tmp/mnist-net/image_7/mnist-net_7_0_201.mps,UNSAT,833.155,UNSAT-TIMEOUT,
/home/annelot/WARMSTART_PROJECT/baseline_symphony_21-01-2026+15_00/tmp/mnist-net/image_9/mnist-net_9_0_045.mps,/home/annelot/WARMSTART_PROJECT/baseline_symphony_21-01-2026+15_00/tmp/mnist-net/image_9/mnist-net_9_0_059.mps,UNSAT,13.576,UNSAT-UNSAT,
/home/annelot/WARMSTART_PROJECT/baseline_symphony_21-01-2026+15_00/tmp/mnist-net/image_9/mnist-net_9_0_045.mps,/home/annelot/WARMSTART_PROJECT/baseline_symphony_21-01-2026+15_00/tmp/mnist-net/image_9/mnist-net_9_0_057.mps,UNSAT,13.697,UNSAT-UNSAT,
/home/annelot/WARMSTART_PROJECT/baseline_symphony_21-01-2026+15_00/tmp/mnist-net/image_9/mnist-net_9_0_045.mps,/home/annelot/WARMSTART_PROJECT/baseline_symphony_21-01-2026+15_00/tmp/mnist-net/image_9/mnist-net_9_0_055.mps,UNSAT,13.719,UNSAT-UNSAT,
/home/annelot/WARMSTART_PROJECT/baseline_symphony_21-01-2026+15_00/tmp/mnist-net/image_9/mnist-net_9_0_047.mps,/home/annelot/WARMSTART_PROJECT/baseline_symphony_21-01-2026+15_00/tmp/mnist-net/image_9/mnist-net_9_0_051.mps,UNSAT,21.686,UNSAT-UNSAT,
/home/annelot/WARMSTART_PROJECT/baseline_symphony_21-01-2026+15_00/tmp/mnist-net/image_7/mnist-net_7_0_035.mps,/home/annelot/WARMSTART_PROJECT/baseline_symphony_21-01-2026+15_00/tmp/mnist-net/image_7/mnist-net_7_0_341.mps,UNSAT,413.937,UNSAT-TIMEOUT,
/home/annelot/WARMSTART_PROJECT/baseline_symphony_21-01-2026+15_00/tmp/mnist-net/image_9/mnist-net_9_0_047.mps,/home/annelot/WARMSTART_PROJECT/baseline_symphony_21-01-2026+15_00/tmp/mnist-net/image_9/mnist-net_9_0_059.mps,UNSAT,21.679,UNSAT-UNSAT,
/home/annelot/WARMSTART_PROJECT/baseline_symphony_21-01-2026+15_00/tmp/mnist-net/image_9/mnist-net_9_0_047.mps,/home/annelot/WARMSTART_PROJECT/baseline_symphony_21-01-2026+15_00/tmp/mnist-net/image_9/mnist-net_9_0_049.mps,UNSAT,45.43,UNSAT-UNSAT,
/home/annelot/WARMSTART_PROJECT/baseline_symphony_21-01-2026+15_00/tmp/mnist-net/image_9/mnist-net_9_0_047.mps,/home/annelot/WARMSTART_PROJECT/baseline_symphony_21-01-2026+15_00/tmp/mnist-net/image_9/mnist-net_9_0_053.mps,UNSAT,45.059,UNSAT-UNSAT,
/home/annelot/WARMSTART_PROJECT/baseline_symphony_21-01-2026+15_00/tmp/mnist-net/image_9/mnist-net_9_0_047.mps,/home/annelot/WARMSTART_PROJECT/baseline_symphony_21-01-2026+15_00/tmp/mnist-net/image_9/mnist-net_9_0_057.mps,UNSAT,45.336,UNSAT-UNSAT,
/home/annelot/WARMSTART_PROJECT/baseline_symphony_21-01-2026+15_00/tmp/mnist-net/image_9/mnist-net_9_0_047.mps,/home/annelot/WARMSTART_PROJECT/baseline_symphony_21-01-2026+15_00/tmp/mnist-net/image_9/mnist-net_9_0_055.mps,UNSAT,45.458,UNSAT-UNSAT,
/home/annelot/WARMSTART_PROJECT/baseline_symphony_21-01-2026+15_00/tmp/mnist-net/image_9/mnist-net_9_0_049.mps,/home/annelot/WARMSTART_PROJECT/baseline_symphony_21-01-2026+15_00/tmp/mnist-net/image_9/mnist-net_9_0_051.mps,UNSAT,33.741,UNSAT-UNSAT,
/home/annelot/WARMSTART_PROJECT/baseline_symphony_21-01-2026+15_00/tmp/mnist-net/image_9/mnist-net_9_0_049.mps,/home/annelot/WARMSTART_PROJECT/baseline_symphony_21-01-2026+15_00/tmp/mnist-net/image_9/mnist-net_9_0_053.mps,UNSAT,33.903,UNSAT-UNSAT,
/home/annelot/WARMSTART_PROJECT/baseline_symphony_21-01-2026+15_00/tmp/mnist-net/image_7/mnist-net_7_0_035.mps,/home/annelot/WARMSTART_PROJECT/baseline_symphony_21-01-2026+15_00/tmp/mnist-net/image_7/mnist-net_7_0_221.mps,UNSAT,827.455,UNSAT-TIMEOUT,
/home/annelot/WARMSTART_PROJECT/baseline_symphony_21-01-2026+15_00/tmp/mnist-net/image_9/mnist-net_9_0_051.mps,/home/annelot/WARMSTART_PROJECT/baseline_symphony_21-01-2026+15_00/tmp/mnist-net/image_9/mnist-net_9_0_055.mps,UNSAT,41.408,UNSAT-UNSAT,
/home/annelot/WARMSTART_PROJECT/baseline_symphony_21-01-2026+15_00/tmp/mnist-net/image_9/mnist-net_9_0_049.mps,/home/annelot/WARMSTART_PROJECT/baseline_symphony_21-01-2026+15_00/tmp/mnist-net/image_9/mnist-net_9_0_055.mps,UNSAT,71.445,UNSAT-UNSAT,
/home/annelot/WARMSTART_PROJECT/baseline_symphony_21-01-2026+15_00/tmp/mnist-net/image_9/mnist-net_9_0_051.mps,/home/annelot/WARMSTART_PROJECT/baseline_symphony_21-01-2026+15_00/tmp/mnist-net/image_9/mnist-net_9_0_057.mps,UNSAT,41.501,UNSAT-UNSAT,
/home/annelot/WARMSTART_PROJECT/baseline_symphony_21-01-2026+15_00/tmp/mnist-net/image_9/mnist-net_9_0_049.mps,/home/annelot/WARMSTART_PROJECT/baseline_symphony_21-01-2026+15_00/tmp/mnist-net/image_9/mnist-net_9_0_057.mps,UNSAT,71.187,UNSAT-UNSAT,
/home/annelot/WARMSTART_PROJECT/baseline_symphony_21-01-2026+15_00/tmp/mnist-net/image_9/mnist-net_9_0_049.mps,/home/annelot/WARMSTART_PROJECT/baseline_symphony_21-01-2026+15_00/tmp/mnist-net/image_9/mnist-net_9_0_059.mps,UNSAT,71.67,UNSAT-UNSAT,
/home/annelot/WARMSTART_PROJECT/baseline_symphony_21-01-2026+15_00/tmp/mnist-net/image_9/mnist-net_9_0_051.mps,/home/annelot/WARMSTART_PROJECT/baseline_symphony_21-01-2026+15_00/tmp/mnist-net/image_9/mnist-net_9_0_053.mps,UNSAT,86.824,UNSAT-UNSAT,
/home/annelot/WARMSTART_PROJECT/baseline_symphony_21-01-2026+15_00/tmp/mnist-net/image_7/mnist-net_7_0_035.mps,/home/annelot/WARMSTART_PROJECT/baseline_symphony_21-01-2026+15_00/tmp/mnist-net/image_7/mnist-net_7_0_241.mps,UNSAT,841.7,UNSAT-TIMEOUT,
/home/annelot/WARMSTART_PROJECT/baseline_symphony_21-01-2026+15_00/tmp/mnist-net/image_6/mnist-net_6_0_033.mps,/home/annelot/WARMSTART_PROJECT/baseline_symphony_21-01-2026+15_00/tmp/mnist-net/image_6/mnist-net_6_0_035.mps,UNSAT,470.671,UNSAT-UNSAT,
/home/annelot/WARMSTART_PROJECT/baseline_symphony_21-01-2026+15_00/tmp/mnist-net/image_9/mnist-net_9_0_051.mps,/home/annelot/WARMSTART_PROJECT/baseline_symphony_21-01-2026+15_00/tmp/mnist-net/image_9/mnist-net_9_0_059.mps,UNSAT,86.623,UNSAT-UNSAT,
/home/annelot/WARMSTART_PROJECT/baseline_symphony_21-01-2026+15_00/tmp/mnist-net/image_9/mnist-net_9_0_053.mps,/home/annelot/WARMSTART_PROJECT/baseline_symphony_21-01-2026+15_00/tmp/mnist-net/image_9/mnist-net_9_0_055.mps,UNSAT,90.634,UNSAT-UNSAT,
/home/annelot/WARMSTART_PROJECT/baseline_symphony_21-01-2026+15_00/tmp/mnist-net/image_7/mnist-net_7_0_035.mps,/home/annelot/WARMSTART_PROJECT/baseline_symphony_21-01-2026+15_00/tmp/mnist-net/image_7/mnist-net_7_0_281.mps,UNSAT,839.539,UNSAT-TIMEOUT,
/home/annelot/WARMSTART_PROJECT/baseline_symphony_21-01-2026+15_00/tmp/mnist-net/image_9/mnist-net_9_0_053.mps,/home/annelot/WARMSTART_PROJECT/baseline_symphony_21-01-2026+15_00/tmp/mnist-net/image_9/mnist-net_9_0_059.mps,UNSAT,90.986,UNSAT-UNSAT,
/home/annelot/WARMSTART_PROJECT/baseline_symphony_21-01-2026+15_00/tmp/mnist-net_256x2/image_3/mnist-net_256x2_3_0_057.mps,/home/annelot/WARMSTART_PROJECT/baseline_symphony_21-01-2026+15_00/tmp/mnist-net_256x2/image_3/mnist-net_256x2_3_0_061.mps,UNSAT,1228.125,UNSAT-TIMEOUT,
/home/annelot/WARMSTART_PROJECT/baseline_symphony_21-01-2026+15_00/tmp/mnist-net_256x2/image_3/mnist-net_256x2_3_0_141.mps,/home/annelot/WARMSTART_PROJECT/baseline_symphony_21-01-2026+15_00/tmp/mnist-net_256x2/image_3/mnist-net_256x2_3_0_121.mps,SAT,2035.25,SAT-TIMEOUT,
/home/annelot/WARMSTART_PROJECT/baseline_symphony_21-01-2026+15_00/tmp/mnist-net/image_9/mnist-net_9_0_053.mps,/home/annelot/WARMSTART_PROJECT/baseline_symphony_21-01-2026+15_00/tmp/mnist-net/image_9/mnist-net_9_0_057.mps,UNSAT,194.429,UNSAT-UNSAT,
/home/annelot/WARMSTART_PROJECT/baseline_symphony_21-01-2026+15_00/tmp/mnist-net_256x2/image_3/mnist-net_256x2_3_0_057.mps,/home/annelot/WARMSTART_PROJECT/baseline_symphony_21-01-2026+15_00/tmp/mnist-net_256x2/image_3/mnist-net_256x2_3_0_081.mps,UNSAT,1229.049,UNSAT-TIMEOUT,
/home/annelot/WARMSTART_PROJECT/baseline_symphony_21-01-2026+15_00/tmp/mnist-net/image_7/mnist-net_7_0_035.mps,/home/annelot/WARMSTART_PROJECT/baseline_symphony_21-01-2026+15_00/tmp/mnist-net/image_7/mnist-net_7_0_321.mps,UNSAT,851.221,UNSAT-TIMEOUT,
/home/annelot/WARMSTART_PROJECT/baseline_symphony_21-01-2026+15_00/tmp/mnist-net/image_7/mnist-net_7_0_035.mps,/home/annelot/WARMSTART_PROJECT/baseline_symphony_21-01-2026+15_00/tmp/mnist-net/image_7/mnist-net_7_0_361.mps,UNSAT,899.077,UNSAT-TIMEOUT,
/home/annelot/WARMSTART_PROJECT/baseline_symphony_21-01-2026+15_00/tmp/mnist-net/image_7/mnist-net_7_0_035.mps,/home/annelot/WARMSTART_PROJECT/baseline_symphony_21-01-2026+15_00/tmp/mnist-net/image_7/mnist-net_7_0_381.mps,UNSAT,896.183,UNSAT-TIMEOUT,
/home/annelot/WARMSTART_PROJECT/baseline_symphony_21-01-2026+15_00/tmp/mnist-net/image_2/mnist-net_2_0_021.mps,/home/annelot/WARMSTART_PROJECT/baseline_symphony_21-01-2026+15_00/tmp/mnist-net/image_2/mnist-net_2_0_023.mps,UNSAT,0.738,UNSAT-UNSAT,
/home/annelot/WARMSTART_PROJECT/baseline_symphony_21-01-2026+15_00/tmp/mnist-net/image_2/mnist-net_2_0_021.mps,/home/annelot/WARMSTART_PROJECT/baseline_symphony_21-01-2026+15_00/tmp/mnist-net/image_2/mnist-net_2_0_025.mps,UNSAT,0.747,UNSAT-UNSAT,
/home/annelot/WARMSTART_PROJECT/baseline_symphony_21-01-2026+15_00/tmp/mnist-net/image_2/mnist-net_2_0_021.mps,/home/annelot/WARMSTART_PROJECT/baseline_symphony_21-01-2026+15_00/tmp/mnist-net/image_2/mnist-net_2_0_027.mps,UNSAT,0.747,UNSAT-UNSAT,
/home/annelot/WARMSTART_PROJECT/baseline_symphony_21-01-2026+15_00/tmp/mnist-net/image_2/mnist-net_2_0_021.mps,/home/annelot/WARMSTART_PROJECT/baseline_symphony_21-01-2026+15_00/tmp/mnist-net/image_2/mnist-net_2_0_029.mps,UNSAT,0.736,UNSAT-UNSAT,
/home/annelot/WARMSTART_PROJECT/baseline_symphony_21-01-2026+15_00/tmp/mnist-net/image_2/mnist-net_2_0_021.mps,/home/annelot/WARMSTART_PROJECT/baseline_symphony_21-01-2026+15_00/tmp/mnist-net/image_2/mnist-net_2_0_031.mps,UNSAT,0.742,UNSAT-UNSAT,
/home/annelot/WARMSTART_PROJECT/baseline_symphony_21-01-2026+15_00/tmp/mnist-net/image_2/mnist-net_2_0_021.mps,/home/annelot/WARMSTART_PROJECT/baseline_symphony_21-01-2026+15_00/tmp/mnist-net/image_2/mnist-net_2_0_033.mps,UNSAT,0.727,UNSAT-UNSAT,
/home/annelot/WARMSTART_PROJECT/baseline_symphony_21-01-2026+15_00/tmp/mnist-net/image_2/mnist-net_2_0_023.mps,/home/annelot/WARMSTART_PROJECT/baseline_symphony_21-01-2026+15_00/tmp/mnist-net/image_2/mnist-net_2_0_025.mps,UNSAT,17.409,UNSAT-UNSAT,
/home/annelot/WARMSTART_PROJECT/baseline_symphony_21-01-2026+15_00/tmp/mnist-net/image_2/mnist-net_2_0_023.mps,/home/annelot/WARMSTART_PROJECT/baseline_symphony_21-01-2026+15_00/tmp/mnist-net/image_2/mnist-net_2_0_027.mps,UNSAT,17.322,UNSAT-UNSAT,
/home/annelot/WARMSTART_PROJECT/baseline_symphony_21-01-2026+15_00/tmp/mnist-net/image_2/mnist-net_2_0_023.mps,/home/annelot/WARMSTART_PROJECT/baseline_symphony_21-01-2026+15_00/tmp/mnist-net/image_2/mnist-net_2_0_029.mps,UNSAT,17.245,UNSAT-UNSAT,
/home/annelot/WARMSTART_PROJECT/baseline_symphony_21-01-2026+15_00/tmp/mnist-net/image_2/mnist-net_2_0_023.mps,/home/annelot/WARMSTART_PROJECT/baseline_symphony_21-01-2026+15_00/tmp/mnist-net/image_2/mnist-net_2_0_031.mps,UNSAT,17.278,UNSAT-UNSAT,
/home/annelot/WARMSTART_PROJECT/baseline_symphony_21-01-2026+15_00/tmp/mnist-net/image_2/mnist-net_2_0_023.mps,/home/annelot/WARMSTART_PROJECT/baseline_symphony_21-01-2026+15_00/tmp/mnist-net/image_2/mnist-net_2_0_033.mps,UNSAT,17.288,UNSAT-UNSAT,
/home/annelot/WARMSTART_PROJECT/baseline_symphony_21-01-2026+15_00/tmp/mnist-net/image_2/mnist-net_2_0_025.mps,/home/annelot/WARMSTART_PROJECT/baseline_symphony_21-01-2026+15_00/tmp/mnist-net/image_2/mnist-net_2_0_027.mps,UNSAT,36.95,UNSAT-UNSAT,
/home/annelot/WARMSTART_PROJECT/baseline_symphony_21-01-2026+15_00/tmp/mnist-net/image_2/mnist-net_2_0_025.mps,/home/annelot/WARMSTART_PROJECT/baseline_symphony_21-01-2026+15_00/tmp/mnist-net/image_2/mnist-net_2_0_029.mps,UNSAT,36.943,UNSAT-UNSAT,
/home/annelot/WARMSTART_PROJECT/baseline_symphony_21-01-2026+15_00/tmp/mnist-net/image_2/mnist-net_2_0_025.mps,/home/annelot/WARMSTART_PROJECT/baseline_symphony_21-01-2026+15_00/tmp/mnist-net/image_2/mnist-net_2_0_031.mps,UNSAT,36.973,UNSAT-UNSAT,
/home/annelot/WARMSTART_PROJECT/baseline_symphony_21-01-2026+15_00/tmp/mnist-net/image_2/mnist-net_2_0_025.mps,/home/annelot/WARMSTART_PROJECT/baseline_symphony_21-01-2026+15_00/tmp/mnist-net/image_2/mnist-net_2_0_033.mps,UNSAT,36.786,UNSAT-UNSAT,
/home/annelot/WARMSTART_PROJECT/baseline_symphony_21-01-2026+15_00/tmp/mnist-net/image_2/mnist-net_2_0_027.mps,/home/annelot/WARMSTART_PROJECT/baseline_symphony_21-01-2026+15_00/tmp/mnist-net/image_2/mnist-net_2_0_029.mps,UNSAT,103.891,UNSAT-UNSAT,
/home/annelot/WARMSTART_PROJECT/baseline_symphony_21-01-2026+15_00/tmp/mnist-net/image_2/mnist-net_2_0_027.mps,/home/annelot/WARMSTART_PROJECT/baseline_symphony_21-01-2026+15_00/tmp/mnist-net/image_2/mnist-net_2_0_031.mps,UNSAT,103.612,UNSAT-UNSAT,
/home/annelot/WARMSTART_PROJECT/baseline_symphony_21-01-2026+15_00/tmp/mnist-net/image_2/mnist-net_2_0_027.mps,/home/annelot/WARMSTART_PROJECT/baseline_symphony_21-01-2026+15_00/tmp/mnist-net/image_2/mnist-net_2_0_033.mps,UNSAT,103.251,UNSAT-UNSAT,
/home/annelot/WARMSTART_PROJECT/baseline_symphony_21-01-2026+15_00/tmp/mnist-net/image_2/mnist-net_2_0_029.mps,/home/annelot/WARMSTART_PROJECT/baseline_symphony_21-01-2026+15_00/tmp/mnist-net/image_2/mnist-net_2_0_031.mps,UNSAT,511.061,UNSAT-UNSAT,
/home/annelot/WARMSTART_PROJECT/baseline_symphony_21-01-2026+15_00/tmp/mnist-net/image_2/mnist-net_2_0_029.mps,/home/annelot/WARMSTART_PROJECT/baseline_symphony_21-01-2026+15_00/tmp/mnist-net/image_2/mnist-net_2_0_033.mps,UNSAT,507.85,UNSAT-UNSAT,
/home/annelot/WARMSTART_PROJECT/baseline_symphony_21-01-2026+15_00/tmp/mnist-net/image_2/mnist-net_2_0_031.mps,/home/annelot/WARMSTART_PROJECT/baseline_symphony_21-01-2026+15_00/tmp/mnist-net/image_2/mnist-net_2_0_033.mps,UNSAT,1362.968,UNSAT-UNSAT,
/home/annelot/WARMSTART_PROJECT/baseline_symphony_21-01-2026+15_00/tmp/mnist-net/image_1/mnist-net_1_0_041.mps,/home/annelot/WARMSTART_PROJECT/baseline_symphony_21-01-2026+15_00/tmp/mnist-net/image_1/mnist-net_1_0_043.mps,UNSAT,875.99,UNSAT-UNSAT,
/home/annelot/WARMSTART_PROJECT/baseline_symphony_21-01-2026+15_00/tmp/mnist-net/image_5/mnist-net_5_0_023.mps,/home/annelot/WARMSTART_PROJECT/baseline_symphony_21-01-2026+15_00/tmp/mnist-net/image_5/mnist-net_5_0_025.mps,UNSAT,0.634,UNSAT-UNSAT,
/home/annelot/WARMSTART_PROJECT/baseline_symphony_21-01-2026+15_00/tmp/mnist-net/image_5/mnist-net_5_0_023.mps,/home/annelot/WARMSTART_PROJECT/baseline_symphony_21-01-2026+15_00/tmp/mnist-net/image_5/mnist-net_5_0_027.mps,UNSAT,0.63,UNSAT-UNSAT,
/home/annelot/WARMSTART_PROJECT/baseline_symphony_21-01-2026+15_00/tmp/mnist-net/image_5/mnist-net_5_0_023.mps,/home/annelot/WARMSTART_PROJECT/baseline_symphony_21-01-2026+15_00/tmp/mnist-net/image_5/mnist-net_5_0_029.mps,UNSAT,0.626,UNSAT-UNSAT,
/home/annelot/WARMSTART_PROJECT/baseline_symphony_21-01-2026+15_00/tmp/mnist-net/image_5/mnist-net_5_0_023.mps,/home/annelot/WARMSTART_PROJECT/baseline_symphony_21-01-2026+15_00/tmp/mnist-net/image_5/mnist-net_5_0_031.mps,UNSAT,0.631,UNSAT-UNSAT,
/home/annelot/WARMSTART_PROJECT/baseline_symphony_21-01-2026+15_00/tmp/mnist-net/image_5/mnist-net_5_0_023.mps,/home/annelot/WARMSTART_PROJECT/baseline_symphony_21-01-2026+15_00/tmp/mnist-net/image_5/mnist-net_5_0_033.mps,UNSAT,0.633,UNSAT-UNSAT,
/home/annelot/WARMSTART_PROJECT/baseline_symphony_21-01-2026+15_00/tmp/mnist-net/image_5/mnist-net_5_0_023.mps,/home/annelot/WARMSTART_PROJECT/baseline_symphony_21-01-2026+15_00/tmp/mnist-net/image_5/mnist-net_5_0_035.mps,UNSAT,0.621,UNSAT-UNSAT,
/home/annelot/WARMSTART_PROJECT/baseline_symphony_21-01-2026+15_00/tmp/mnist-net/image_5/mnist-net_5_0_025.mps,/home/annelot/WARMSTART_PROJECT/baseline_symphony_21-01-2026+15_00/tmp/mnist-net/image_5/mnist-net_5_0_027.mps,UNSAT,13.71,UNSAT-UNSAT,
/home/annelot/WARMSTART_PROJECT/baseline_symphony_21-01-2026+15_00/tmp/mnist-net/image_5/mnist-net_5_0_025.mps,/home/annelot/WARMSTART_PROJECT/baseline_symphony_21-01-2026+15_00/tmp/mnist-net/image_5/mnist-net_5_0_029.mps,UNSAT,13.707,UNSAT-UNSAT,
/home/annelot/WARMSTART_PROJECT/baseline_symphony_21-01-2026+15_00/tmp/mnist-net/image_5/mnist-net_5_0_025.mps,/home/annelot/WARMSTART_PROJECT/baseline_symphony_21-01-2026+15_00/tmp/mnist-net/image_5/mnist-net_5_0_031.mps,UNSAT,13.744,UNSAT-UNSAT,
/home/annelot/WARMSTART_PROJECT/baseline_symphony_21-01-2026+15_00/tmp/mnist-net/image_5/mnist-net_5_0_025.mps,/home/annelot/WARMSTART_PROJECT/baseline_symphony_21-01-2026+15_00/tmp/mnist-net/image_5/mnist-net_5_0_033.mps,UNSAT,13.777,UNSAT-UNSAT,
/home/annelot/WARMSTART_PROJECT/baseline_symphony_21-01-2026+15_00/tmp/mnist-net/image_5/mnist-net_5_0_025.mps,/home/annelot/WARMSTART_PROJECT/baseline_symphony_21-01-2026+15_00/tmp/mnist-net/image_5/mnist-net_5_0_035.mps,UNSAT,13.704,UNSAT-UNSAT,
/home/annelot/WARMSTART_PROJECT/baseline_symphony_21-01-2026+15_00/tmp/mnist-net/image_5/mnist-net_5_0_027.mps,/home/annelot/WARMSTART_PROJECT/baseline_symphony_21-01-2026+15_00/tmp/mnist-net/image_5/mnist-net_5_0_029.mps,UNSAT,16.234,UNSAT-UNSAT,
/home/annelot/WARMSTART_PROJECT/baseline_symphony_21-01-2026+15_00/tmp/mnist-net/image_5/mnist-net_5_0_027.mps,/home/annelot/WARMSTART_PROJECT/baseline_symphony_21-01-2026+15_00/tmp/mnist-net/image_5/mnist-net_5_0_031.mps,UNSAT,16.227,UNSAT-UNSAT,
/home/annelot/WARMSTART_PROJECT/baseline_symphony_21-01-2026+15_00/tmp/mnist-net/image_5/mnist-net_5_0_027.mps,/home/annelot/WARMSTART_PROJECT/baseline_symphony_21-01-2026+15_00/tmp/mnist-net/image_5/mnist-net_5_0_033.mps,UNSAT,16.307,UNSAT-UNSAT,
/home/annelot/WARMSTART_PROJECT/baseline_symphony_21-01-2026+15_00/tmp/mnist-net/image_5/mnist-net_5_0_027.mps,/home/annelot/WARMSTART_PROJECT/baseline_symphony_21-01-2026+15_00/tmp/mnist-net/image_5/mnist-net_5_0_035.mps,UNSAT,15.93,UNSAT-UNSAT,
/home/annelot/WARMSTART_PROJECT/baseline_symphony_21-01-2026+15_00/tmp/mnist-net/image_5/mnist-net_5_0_029.mps,/home/annelot/WARMSTART_PROJECT/baseline_symphony_21-01-2026+15_00/tmp/mnist-net/image_5/mnist-net_5_0_031.mps,UNSAT,41.362,UNSAT-UNSAT,
/home/annelot/WARMSTART_PROJECT/baseline_symphony_21-01-2026+15_00/tmp/mnist-net/image_5/mnist-net_5_0_029.mps,/home/annelot/WARMSTART_PROJECT/baseline_symphony_21-01-2026+15_00/tmp/mnist-net/image_5/mnist-net_5_0_033.mps,UNSAT,41.146,UNSAT-UNSAT,
/home/annelot/WARMSTART_PROJECT/baseline_symphony_21-01-2026+15_00/tmp/mnist-net/image_5/mnist-net_5_0_029.mps,/home/annelot/WARMSTART_PROJECT/baseline_symphony_21-01-2026+15_00/tmp/mnist-net/image_5/mnist-net_5_0_035.mps,UNSAT,41.082,UNSAT-UNSAT,
/home/annelot/WARMSTART_PROJECT/baseline_symphony_21-01-2026+15_00/tmp/mnist-net/image_5/mnist-net_5_0_031.mps,/home/annelot/WARMSTART_PROJECT/baseline_symphony_21-01-2026+15_00/tmp/mnist-net/image_5/mnist-net_5_0_033.mps,UNSAT,259.417,UNSAT-UNSAT,
/home/annelot/WARMSTART_PROJECT/baseline_symphony_21-01-2026+15_00/tmp/mnist-net/image_5/mnist-net_5_0_031.mps,/home/annelot/WARMSTART_PROJECT/baseline_symphony_21-01-2026+15_00/tmp/mnist-net/image_5/mnist-net_5_0_035.mps,UNSAT,259.44,UNSAT-UNSAT,
/home/annelot/WARMSTART_PROJECT/baseline_symphony_21-01-2026+15_00/tmp/mnist-net/image_5/mnist-net_5_0_033.mps,/home/annelot/WARMSTART_PROJECT/baseline_symphony_21-01-2026+15_00/tmp/mnist-net/image_5/mnist-net_5_0_035.mps,UNSAT,778.646,UNSAT-UNSAT,
/home/annelot/WARMSTART_PROJECT/baseline_symphony_21-01-2026+15_00/tmp/mnist-net/image_4/mnist-net_4_0_023.mps,/home/annelot/WARMSTART_PROJECT/baseline_symphony_21-01-2026+15_00/tmp/mnist-net/image_4/mnist-net_4_0_027.mps,UNSAT,0.312,UNSAT-UNSAT,
/home/annelot/WARMSTART_PROJECT/baseline_symphony_21-01-2026+15_00/tmp/mnist-net/image_4/mnist-net_4_0_023.mps,/home/annelot/WARMSTART_PROJECT/baseline_symphony_21-01-2026+15_00/tmp/mnist-net/image_4/mnist-net_4_0_025.mps,UNSAT,0.41,UNSAT-UNSAT,
/home/annelot/WARMSTART_PROJECT/baseline_symphony_21-01-2026+15_00/tmp/mnist-net/image_4/mnist-net_4_0_023.mps,/home/annelot/WARMSTART_PROJECT/baseline_symphony_21-01-2026+15_00/tmp/mnist-net/image_4/mnist-net_4_0_029.mps,UNSAT,0.444,UNSAT-UNSAT,
/home/annelot/WARMSTART_PROJECT/baseline_symphony_21-01-2026+15_00/tmp/mnist-net/image_4/mnist-net_4_0_023.mps,/home/annelot/WARMSTART_PROJECT/baseline_symphony_21-01-2026+15_00/tmp/mnist-net/image_4/mnist-net_4_0_031.mps,UNSAT,0.446,UNSAT-UNSAT,
/home/annelot/WARMSTART_PROJECT/baseline_symphony_21-01-2026+15_00/tmp/mnist-net/image_4/mnist-net_4_0_023.mps,/home/annelot/WARMSTART_PROJECT/baseline_symphony_21-01-2026+15_00/tmp/mnist-net/image_4/mnist-net_4_0_033.mps,UNSAT,0.441,UNSAT-UNSAT,
/home/annelot/WARMSTART_PROJECT/baseline_symphony_21-01-2026+15_00/tmp/mnist-net/image_4/mnist-net_4_0_023.mps,/home/annelot/WARMSTART_PROJECT/baseline_symphony_21-01-2026+15_00/tmp/mnist-net/image_4/mnist-net_4_0_035.mps,UNSAT,0.444,UNSAT-UNSAT,
/home/annelot/WARMSTART_PROJECT/baseline_symphony_21-01-2026+15_00/tmp/mnist-net/image_4/mnist-net_4_0_027.mps,/home/annelot/WARMSTART_PROJECT/baseline_symphony_21-01-2026+15_00/tmp/mnist-net/image_4/mnist-net_4_0_029.mps,UNSAT,7.274,UNSAT-UNSAT,
/home/annelot/WARMSTART_PROJECT/baseline_symphony_21-01-2026+15_00/tmp/mnist-net/image_4/mnist-net_4_0_027.mps,/home/annelot/WARMSTART_PROJECT/baseline_symphony_21-01-2026+15_00/tmp/mnist-net/image_4/mnist-net_4_0_031.mps,UNSAT,7.353,UNSAT-UNSAT,
/home/annelot/WARMSTART_PROJECT/baseline_symphony_21-01-2026+15_00/tmp/mnist-net/image_4/mnist-net_4_0_027.mps,/home/annelot/WARMSTART_PROJECT/baseline_symphony_21-01-2026+15_00/tmp/mnist-net/image_4/mnist-net_4_0_035.mps,UNSAT,7.346,UNSAT-UNSAT,
/home/annelot/WARMSTART_PROJECT/baseline_symphony_21-01-2026+15_00/tmp/mnist-net/image_4/mnist-net_4_0_027.mps,/home/annelot/WARMSTART_PROJECT/baseline_symphony_21-01-2026+15_00/tmp/mnist-net/image_4/mnist-net_4_0_033.mps,UNSAT,7.355,UNSAT-UNSAT,
/home/annelot/WARMSTART_PROJECT/baseline_symphony_21-01-2026+15_00/tmp/mnist-net/image_4/mnist-net_4_0_029.mps,/home/annelot/WARMSTART_PROJECT/baseline_symphony_21-01-2026+15_00/tmp/mnist-net/image_4/mnist-net_4_0_031.mps,UNSAT,15.79,UNSAT-UNSAT,
/home/annelot/WARMSTART_PROJECT/baseline_symphony_21-01-2026+15_00/tmp/mnist-net/image_4/mnist-net_4_0_029.mps,/home/annelot/WARMSTART_PROJECT/baseline_symphony_21-01-2026+15_00/tmp/mnist-net/image_4/mnist-net_4_0_035.mps,UNSAT,34.166,UNSAT-UNSAT,
/home/annelot/WARMSTART_PROJECT/baseline_symphony_21-01-2026+15_00/tmp/mnist-net/image_4/mnist-net_4_0_029.mps,/home/annelot/WARMSTART_PROJECT/baseline_symphony_21-01-2026+15_00/tmp/mnist-net/image_4/mnist-net_4_0_033.mps,UNSAT,34.239,UNSAT-UNSAT,
/home/annelot/WARMSTART_PROJECT/baseline_symphony_21-01-2026+15_00/tmp/mnist-net/image_4/mnist-net_4_0_031.mps,/home/annelot/WARMSTART_PROJECT/baseline_symphony_21-01-2026+15_00/tmp/mnist-net/image_4/mnist-net_4_0_033.mps,UNSAT,180.681,UNSAT-UNSAT,
/home/annelot/WARMSTART_PROJECT/baseline_symphony_21-01-2026+15_00/tmp/mnist-net/image_4/mnist-net_4_0_031.mps,/home/annelot/WARMSTART_PROJECT/baseline_symphony_21-01-2026+15_00/tmp/mnist-net/image_4/mnist-net_4_0_035.mps,UNSAT,182.098,UNSAT-UNSAT,
/home/annelot/WARMSTART_PROJECT/baseline_symphony_21-01-2026+15_00/tmp/mnist-net/image_4/mnist-net_4_0_033.mps,/home/annelot/WARMSTART_PROJECT/baseline_symphony_21-01-2026+15_00/tmp/mnist-net/image_4/mnist-net_4_0_035.mps,UNSAT,381.392,UNSAT-UNSAT,
/home/annelot/WARMSTART_PROJECT/baseline_symphony_21-01-2026+15_00/tmp/mnist-net/image_0/mnist-net_0_0_043.mps,/home/annelot/WARMSTART_PROJECT/baseline_symphony_21-01-2026+15_00/tmp/mnist-net/image_0/mnist-net_0_0_121.mps,UNSAT,1188.345,UNSAT-TIMEOUT,
/home/annelot/WARMSTART_PROJECT/baseline_symphony_21-01-2026+15_00/tmp/mnist-net/image_0/mnist-net_0_0_043.mps,/home/annelot/WARMSTART_PROJECT/baseline_symphony_21-01-2026+15_00/tmp/mnist-net/image_0/mnist-net_0_0_161.mps,UNSAT,1185.493,UNSAT-TIMEOUT,
/home/annelot/WARMSTART_PROJECT/baseline_symphony_21-01-2026+15_00/tmp/mnist-net/image_0/mnist-net_0_0_043.mps,/home/annelot/WARMSTART_PROJECT/baseline_symphony_21-01-2026+15_00/tmp/mnist-net/image_0/mnist-net_0_0_181.mps,UNSAT,1188.048,UNSAT-TIMEOUT,
/home/annelot/WARMSTART_PROJECT/baseline_symphony_21-01-2026+15_00/tmp/mnist-net/image_0/mnist-net_0_0_043.mps,/home/annelot/WARMSTART_PROJECT/baseline_symphony_21-01-2026+15_00/tmp/mnist-net/image_0/mnist-net_0_0_201.mps,UNSAT,1187.34,UNSAT-TIMEOUT,
/home/annelot/WARMSTART_PROJECT/baseline_symphony_21-01-2026+15_00/tmp/mnist-net/image_0/mnist-net_0_0_043.mps,/home/annelot/WARMSTART_PROJECT/baseline_symphony_21-01-2026+15_00/tmp/mnist-net/image_0/mnist-net_0_0_221.mps,UNSAT,1186.988,UNSAT-TIMEOUT,
/home/annelot/WARMSTART_PROJECT/baseline_symphony_21-01-2026+15_00/tmp/mnist-net/image_0/mnist-net_0_0_043.mps,/home/annelot/WARMSTART_PROJECT/baseline_symphony_21-01-2026+15_00/tmp/mnist-net/image_0/mnist-net_0_0_241.mps,UNSAT,1190.232,UNSAT-TIMEOUT,
/home/annelot/WARMSTART_PROJECT/baseline_symphony_21-01-2026+15_00/tmp/mnist-net/image_3/mnist-net_3_0_061.mps,/home/annelot/WARMSTART_PROJECT/baseline_symphony_21-01-2026+15_00/tmp/mnist-net/image_3/mnist-net_3_0_063.mps,UNSAT,848.068,UNSAT-TIMEOUT,
/home/annelot/WARMSTART_PROJECT/baseline_symphony_21-01-2026+15_00/tmp/mnist-net/image_3/mnist-net_3_0_061.mps,/home/annelot/WARMSTART_PROJECT/baseline_symphony_21-01-2026+15_00/tmp/mnist-net/image_3/mnist-net_3_0_081.mps,UNSAT,848.249,UNSAT-TIMEOUT,
/home/annelot/WARMSTART_PROJECT/baseline_symphony_21-01-2026+15_00/tmp/mnist-net/image_3/mnist-net_3_0_061.mps,/home/annelot/WARMSTART_PROJECT/baseline_symphony_21-01-2026+15_00/tmp/mnist-net/image_3/mnist-net_3_0_101.mps,UNSAT,847.753,UNSAT-TIMEOUT,
/home/annelot/WARMSTART_PROJECT/baseline_symphony_21-01-2026+15_00/tmp/mnist-net/image_3/mnist-net_3_0_061.mps,/home/annelot/WARMSTART_PROJECT/baseline_symphony_21-01-2026+15_00/tmp/mnist-net/image_3/mnist-net_3_0_121.mps,UNSAT,849.565,UNSAT-TIMEOUT,
/home/annelot/WARMSTART_PROJECT/baseline_symphony_21-01-2026+15_00/tmp/mnist-net_256x4/image_7/mnist-net_256x4_7_0_017.mps,/home/annelot/WARMSTART_PROJECT/baseline_symphony_21-01-2026+15_00/tmp/mnist-net_256x4/image_7/mnist-net_256x4_7_0_021.mps,UNSAT,337.061,UNSAT-TIMEOUT,
/home/annelot/WARMSTART_PROJECT/baseline_symphony_21-01-2026+15_00/tmp/mnist-net_256x4/image_7/mnist-net_256x4_7_0_017.mps,/home/annelot/WARMSTART_PROJECT/baseline_symphony_21-01-2026+15_00/tmp/mnist-net_256x4/image_7/mnist-net_256x4_7_0_041.mps,UNSAT,336.771,UNSAT-TIMEOUT,
/home/annelot/WARMSTART_PROJECT/baseline_symphony_21-01-2026+15_00/tmp/mnist-net_256x4/image_7/mnist-net_256x4_7_0_017.mps,/home/annelot/WARMSTART_PROJECT/baseline_symphony_21-01-2026+15_00/tmp/mnist-net_256x4/image_7/mnist-net_256x4_7_0_061.mps,UNSAT,336.639,UNSAT-TIMEOUT,
/home/annelot/WARMSTART_PROJECT/baseline_symphony_21-01-2026+15_00/tmp/mnist-net_256x4/image_7/mnist-net_256x4_7_0_017.mps,/home/annelot/WARMSTART_PROJECT/baseline_symphony_21-01-2026+15_00/tmp/mnist-net_256x4/image_7/mnist-net_256x4_7_0_081.mps,UNSAT,337.819,UNSAT-TIMEOUT,
/home/annelot/WARMSTART_PROJECT/baseline_symphony_21-01-2026+15_00/tmp/mnist-net_256x4/image_6/mnist-net_256x4_6_0_027.mps,/home/annelot/WARMSTART_PROJECT/baseline_symphony_21-01-2026+15_00/tmp/mnist-net_256x4/image_6/mnist-net_256x4_6_0_029.mps,UNSAT,6.206,UNSAT-UNSAT,
/home/annelot/WARMSTART_PROJECT/baseline_symphony_21-01-2026+15_00/tmp/mnist-net_256x4/image_6/mnist-net_256x4_6_0_027.mps,/home/annelot/WARMSTART_PROJECT/baseline_symphony_21-01-2026+15_00/tmp/mnist-net_256x4/image_6/mnist-net_256x4_6_0_031.mps,UNSAT,6.228,UNSAT-UNSAT,
/home/annelot/WARMSTART_PROJECT/baseline_symphony_21-01-2026+15_00/tmp/mnist-net_256x4/image_6/mnist-net_256x4_6_0_027.mps,/home/annelot/WARMSTART_PROJECT/baseline_symphony_21-01-2026+15_00/tmp/mnist-net_256x4/image_6/mnist-net_256x4_6_0_033.mps,UNSAT,10.266,UNSAT-UNSAT,
/home/annelot/WARMSTART_PROJECT/baseline_symphony_21-01-2026+15_00/tmp/mnist-net_256x4/image_6/mnist-net_256x4_6_0_029.mps,/home/annelot/WARMSTART_PROJECT/baseline_symphony_21-01-2026+15_00/tmp/mnist-net_256x4/image_6/mnist-net_256x4_6_0_033.mps,UNSAT,54.494,UNSAT-UNSAT,
/home/annelot/WARMSTART_PROJECT/baseline_symphony_21-01-2026+15_00/tmp/mnist-net_256x4/image_7/mnist-net_256x4_7_0_017.mps,/home/annelot/WARMSTART_PROJECT/baseline_symphony_21-01-2026+15_00/tmp/mnist-net_256x4/image_7/mnist-net_256x4_7_0_181.mps,UNSAT,338.278,UNSAT-TIMEOUT,
/home/annelot/WARMSTART_PROJECT/baseline_symphony_21-01-2026+15_00/tmp/mnist-net_256x4/image_6/mnist-net_256x4_6_0_029.mps,/home/annelot/WARMSTART_PROJECT/baseline_symphony_21-01-2026+15_00/tmp/mnist-net_256x4/image_6/mnist-net_256x4_6_0_031.mps,UNSAT,94.554,UNSAT-UNSAT,
/home/annelot/WARMSTART_PROJECT/baseline_symphony_21-01-2026+15_00/tmp/mnist-net_256x4/image_7/mnist-net_256x4_7_0_017.mps,/home/annelot/WARMSTART_PROJECT/baseline_symphony_21-01-2026+15_00/tmp/mnist-net_256x4/image_7/mnist-net_256x4_7_0_019.mps,UNSAT,626.923,UNSAT-TIMEOUT,
/home/annelot/WARMSTART_PROJECT/baseline_symphony_21-01-2026+15_00/tmp/mnist-net_256x4/image_7/mnist-net_256x4_7_0_017.mps,/home/annelot/WARMSTART_PROJECT/baseline_symphony_21-01-2026+15_00/tmp/mnist-net_256x4/image_7/mnist-net_256x4_7_0_361.mps,UNSAT,336.82,UNSAT-TIMEOUT,
/home/annelot/WARMSTART_PROJECT/baseline_symphony_21-01-2026+15_00/tmp/mnist-net_256x4/image_7/mnist-net_256x4_7_0_017.mps,/home/annelot/WARMSTART_PROJECT/baseline_symphony_21-01-2026+15_00/tmp/mnist-net_256x4/image_7/mnist-net_256x4_7_0_381.mps,UNSAT,336.237,UNSAT-TIMEOUT,
/home/annelot/WARMSTART_PROJECT/baseline_symphony_21-01-2026+15_00/tmp/mnist-net_256x4/image_7/mnist-net_256x4_7_0_017.mps,/home/annelot/WARMSTART_PROJECT/baseline_symphony_21-01-2026+15_00/tmp/mnist-net_256x4/image_7/mnist-net_256x4_7_0_101.mps,UNSAT,617.774,UNSAT-TIMEOUT,
/home/annelot/WARMSTART_PROJECT/baseline_symphony_21-01-2026+15_00/tmp/mnist-net_256x4/image_7/mnist-net_256x4_7_0_017.mps,/home/annelot/WARMSTART_PROJECT/baseline_symphony_21-01-2026+15_00/tmp/mnist-net_256x4/image_7/mnist-net_256x4_7_0_121.mps,UNSAT,622.549,UNSAT-TIMEOUT,
/home/annelot/WARMSTART_PROJECT/baseline_symphony_21-01-2026+15_00/tmp/mnist-net_256x4/image_7/mnist-net_256x4_7_0_017.mps,/home/annelot/WARMSTART_PROJECT/baseline_symphony_21-01-2026+15_00/tmp/mnist-net_256x4/image_7/mnist-net_256x4_7_0_141.mps,UNSAT,623.654,UNSAT-TIMEOUT,
/home/annelot/WARMSTART_PROJECT/baseline_symphony_21-01-2026+15_00/tmp/mnist-net_256x4/image_7/mnist-net_256x4_7_0_017.mps,/home/annelot/WARMSTART_PROJECT/baseline_symphony_21-01-2026+15_00/tmp/mnist-net_256x4/image_7/mnist-net_256x4_7_0_161.mps,UNSAT,618.113,UNSAT-TIMEOUT,
/home/annelot/WARMSTART_PROJECT/baseline_symphony_21-01-2026+15_00/tmp/mnist-net_256x4/image_7/mnist-net_256x4_7_0_017.mps,/home/annelot/WARMSTART_PROJECT/baseline_symphony_21-01-2026+15_00/tmp/mnist-net_256x4/image_7/mnist-net_256x4_7_0_221.mps,UNSAT,614.808,UNSAT-TIMEOUT,
/home/annelot/WARMSTART_PROJECT/baseline_symphony_21-01-2026+15_00/tmp/mnist-net_256x4/image_7/mnist-net_256x4_7_0_017.mps,/home/annelot/WARMSTART_PROJECT/baseline_symphony_21-01-2026+15_00/tmp/mnist-net_256x4/image_7/mnist-net_256x4_7_0_201.mps,UNSAT,616.288,UNSAT-TIMEOUT,
/home/annelot/WARMSTART_PROJECT/baseline_symphony_21-01-2026+15_00/tmp/mnist-net_256x4/image_7/mnist-net_256x4_7_0_017.mps,/home/annelot/WARMSTART_PROJECT/baseline_symphony_21-01-2026+15_00/tmp/mnist-net_256x4/image_7/mnist-net_256x4_7_0_241.mps,UNSAT,614.327,UNSAT-TIMEOUT,
/home/annelot/WARMSTART_PROJECT/baseline_symphony_21-01-2026+15_00/tmp/mnist-net_256x4/image_7/mnist-net_256x4_7_0_017.mps,/home/annelot/WARMSTART_PROJECT/baseline_symphony_21-01-2026+15_00/tmp/mnist-net_256x4/image_7/mnist-net_256x4_7_0_261.mps,UNSAT,614.625,UNSAT-TIMEOUT,
/home/annelot/WARMSTART_PROJECT/baseline_symphony_21-01-2026+15_00/tmp/mnist-net_256x4/image_8/mnist-net_256x4_8_0_025.mps,/home/annelot/WARMSTART_PROJECT/baseline_symphony_21-01-2026+15_00/tmp/mnist-net_256x4/image_8/mnist-net_256x4_8_0_027.mps,UNSAT,0.955,UNSAT-UNSAT,
/home/annelot/WARMSTART_PROJECT/baseline_symphony_21-01-2026+15_00/tmp/mnist-net_256x4/image_8/mnist-net_256x4_8_0_025.mps,/home/annelot/WARMSTART_PROJECT/baseline_symphony_21-01-2026+15_00/tmp/mnist-net_256x4/image_8/mnist-net_256x4_8_0_029.mps,UNSAT,0.959,UNSAT-UNSAT,
/home/annelot/WARMSTART_PROJECT/baseline_symphony_21-01-2026+15_00/tmp/mnist-net_256x4/image_7/mnist-net_256x4_7_0_017.mps,/home/annelot/WARMSTART_PROJECT/baseline_symphony_21-01-2026+15_00/tmp/mnist-net_256x4/image_7/mnist-net_256x4_7_0_281.mps,UNSAT,613.562,UNSAT-TIMEOUT,
/home/annelot/WARMSTART_PROJECT/baseline_symphony_21-01-2026+15_00/tmp/mnist-net_256x4/image_8/mnist-net_256x4_8_0_025.mps,/home/annelot/WARMSTART_PROJECT/baseline_symphony_21-01-2026+15_00/tmp/mnist-net_256x4/image_8/mnist-net_256x4_8_0_031.mps,UNSAT,0.962,UNSAT-UNSAT,
/home/annelot/WARMSTART_PROJECT/baseline_symphony_21-01-2026+15_00/tmp/mnist-net_256x4/image_8/mnist-net_256x4_8_0_027.mps,/home/annelot/WARMSTART_PROJECT/baseline_symphony_21-01-2026+15_00/tmp/mnist-net_256x4/image_8/mnist-net_256x4_8_0_029.mps,UNSAT,8.094,UNSAT-UNSAT,
/home/annelot/WARMSTART_PROJECT/baseline_symphony_21-01-2026+15_00/tmp/mnist-net_256x4/image_8/mnist-net_256x4_8_0_027.mps,/home/annelot/WARMSTART_PROJECT/baseline_symphony_21-01-2026+15_00/tmp/mnist-net_256x4/image_8/mnist-net_256x4_8_0_031.mps,UNSAT,8.063,UNSAT-UNSAT,
/home/annelot/WARMSTART_PROJECT/baseline_symphony_21-01-2026+15_00/tmp/mnist-net_256x4/image_7/mnist-net_256x4_7_0_017.mps,/home/annelot/WARMSTART_PROJECT/baseline_symphony_21-01-2026+15_00/tmp/mnist-net_256x4/image_7/mnist-net_256x4_7_0_301.mps,UNSAT,612.416,UNSAT-TIMEOUT,
/home/annelot/WARMSTART_PROJECT/baseline_symphony_21-01-2026+15_00/tmp/mnist-net_256x4/image_7/mnist-net_256x4_7_0_017.mps,/home/annelot/WARMSTART_PROJECT/baseline_symphony_21-01-2026+15_00/tmp/mnist-net_256x4/image_7/mnist-net_256x4_7_0_321.mps,UNSAT,610.293,UNSAT-TIMEOUT,
/home/annelot/WARMSTART_PROJECT/baseline_symphony_21-01-2026+15_00/tmp/mnist-net_256x4/image_7/mnist-net_256x4_7_0_017.mps,/home/annelot/WARMSTART_PROJECT/baseline_symphony_21-01-2026+15_00/tmp/mnist-net_256x4/image_7/mnist-net_256x4_7_0_341.mps,UNSAT,610.061,UNSAT-TIMEOUT,
/home/annelot/WARMSTART_PROJECT/baseline_symphony_21-01-2026+15_00/tmp/mnist-net_256x4/image_8/mnist-net_256x4_8_0_031.mps,/home/annelot/WARMSTART_PROJECT/baseline_symphony_21-01-2026+15_00/tmp/mnist-net_256x4/image_8/mnist-net_256x4_8_0_033.mps,UNSAT,148.951,UNSAT-TIMEOUT,
/home/annelot/WARMSTART_PROJECT/baseline_symphony_21-01-2026+15_00/tmp/mnist-net_256x4/image_8/mnist-net_256x4_8_0_031.mps,/home/annelot/WARMSTART_PROJECT/baseline_symphony_21-01-2026+15_00/tmp/mnist-net_256x4/image_8/mnist-net_256x4_8_0_041.mps,UNSAT,148.712,UNSAT-TIMEOUT,
/home/annelot/WARMSTART_PROJECT/baseline_symphony_21-01-2026+15_00/tmp/mnist-net_256x4/image_8/mnist-net_256x4_8_0_031.mps,/home/annelot/WARMSTART_PROJECT/baseline_symphony_21-01-2026+15_00/tmp/mnist-net_256x4/image_8/mnist-net_256x4_8_0_061.mps,UNSAT,148.893,UNSAT-TIMEOUT,
/home/annelot/WARMSTART_PROJECT/baseline_symphony_21-01-2026+15_00/tmp/mnist-net_256x4/image_8/mnist-net_256x4_8_0_031.mps,/home/annelot/WARMSTART_PROJECT/baseline_symphony_21-01-2026+15_00/tmp/mnist-net_256x4/image_8/mnist-net_256x4_8_0_101.mps,UNSAT,86.353,UNSAT-TIMEOUT,
/home/annelot/WARMSTART_PROJECT/baseline_symphony_21-01-2026+15_00/tmp/mnist-net_256x4/image_8/mnist-net_256x4_8_0_031.mps,/home/annelot/WARMSTART_PROJECT/baseline_symphony_21-01-2026+15_00/tmp/mnist-net_256x4/image_8/mnist-net_256x4_8_0_081.mps,UNSAT,148.55,UNSAT-TIMEOUT,
/home/annelot/WARMSTART_PROJECT/baseline_symphony_21-01-2026+15_00/tmp/mnist-net/image_3/mnist-net_3_0_061.mps,/home/annelot/WARMSTART_PROJECT/baseline_symphony_21-01-2026+15_00/tmp/mnist-net/image_3/mnist-net_3_0_141.mps,UNSAT,1553.77,UNSAT-TIMEOUT,
/home/annelot/WARMSTART_PROJECT/baseline_symphony_21-01-2026+15_00/tmp/mnist-net_256x4/image_8/mnist-net_256x4_8_0_031.mps,/home/annelot/WARMSTART_PROJECT/baseline_symphony_21-01-2026+15_00/tmp/mnist-net_256x4/image_8/mnist-net_256x4_8_0_181.mps,UNSAT,86.34,UNSAT-TIMEOUT,
/home/annelot/WARMSTART_PROJECT/baseline_symphony_21-01-2026+15_00/tmp/mnist-net_256x4/image_8/mnist-net_256x4_8_0_031.mps,/home/annelot/WARMSTART_PROJECT/baseline_symphony_21-01-2026+15_00/tmp/mnist-net_256x4/image_8/mnist-net_256x4_8_0_121.mps,UNSAT,148.163,UNSAT-TIMEOUT,
/home/annelot/WARMSTART_PROJECT/baseline_symphony_21-01-2026+15_00/tmp/mnist-net_256x4/image_8/mnist-net_256x4_8_0_031.mps,/home/annelot/WARMSTART_PROJECT/baseline_symphony_21-01-2026+15_00/tmp/mnist-net_256x4/image_8/mnist-net_256x4_8_0_141.mps,UNSAT,148.275,UNSAT-TIMEOUT,
/home/annelot/WARMSTART_PROJECT/baseline_symphony_21-01-2026+15_00/tmp/mnist-net_256x4/image_8/mnist-net_256x4_8_0_031.mps,/home/annelot/WARMSTART_PROJECT/baseline_symphony_21-01-2026+15_00/tmp/mnist-net_256x4/image_8/mnist-net_256x4_8_0_161.mps,UNSAT,147.704,UNSAT-TIMEOUT,
/home/annelot/WARMSTART_PROJECT/baseline_symphony_21-01-2026+15_00/tmp/mnist-net_256x4/image_8/mnist-net_256x4_8_0_031.mps,/home/annelot/WARMSTART_PROJECT/baseline_symphony_21-01-2026+15_00/tmp/mnist-net_256x4/image_8/mnist-net_256x4_8_0_201.mps,UNSAT,147.665,UNSAT-TIMEOUT,
/home/annelot/WARMSTART_PROJECT/baseline_symphony_21-01-2026+15_00/tmp/mnist-net_256x4/image_8/mnist-net_256x4_8_0_029.mps,/home/annelot/WARMSTART_PROJECT/baseline_symphony_21-01-2026+15_00/tmp/mnist-net_256x4/image_8/mnist-net_256x4_8_0_031.mps,UNSAT,566.565,UNSAT-UNSAT,
/home/annelot/WARMSTART_PROJECT/baseline_symphony_21-01-2026+15_00/tmp/mnist-net_256x4/image_8/mnist-net_256x4_8_0_031.mps,/home/annelot/WARMSTART_PROJECT/baseline_symphony_21-01-2026+15_00/tmp/mnist-net_256x4/image_8/mnist-net_256x4_8_0_241.mps,UNSAT,86.3,UNSAT-TIMEOUT,
/home/annelot/WARMSTART_PROJECT/baseline_symphony_21-01-2026+15_00/tmp/mnist-net_256x4/image_8/mnist-net_256x4_8_0_031.mps,/home/annelot/WARMSTART_PROJECT/baseline_symphony_21-01-2026+15_00/tmp/mnist-net_256x4/image_8/mnist-net_256x4_8_0_221.mps,UNSAT,147.178,UNSAT-TIMEOUT,
/home/annelot/WARMSTART_PROJECT/baseline_symphony_21-01-2026+15_00/tmp/mnist-net_256x4/image_8/mnist-net_256x4_8_0_031.mps,/home/annelot/WARMSTART_PROJECT/baseline_symphony_21-01-2026+15_00/tmp/mnist-net_256x4/image_8/mnist-net_256x4_8_0_361.mps,UNSAT,86.294,UNSAT-TIMEOUT,
/home/annelot/WARMSTART_PROJECT/baseline_symphony_21-01-2026+15_00/tmp/mnist-net_256x4/image_8/mnist-net_256x4_8_0_031.mps,/home/annelot/WARMSTART_PROJECT/baseline_symphony_21-01-2026+15_00/tmp/mnist-net_256x4/image_8/mnist-net_256x4_8_0_261.mps,UNSAT,147.779,UNSAT-TIMEOUT,
/home/annelot/WARMSTART_PROJECT/baseline_symphony_21-01-2026+15_00/tmp/mnist-net_256x4/image_8/mnist-net_256x4_8_0_031.mps,/home/annelot/WARMSTART_PROJECT/baseline_symphony_21-01-2026+15_00/tmp/mnist-net_256x4/image_8/mnist-net_256x4_8_0_281.mps,UNSAT,147.479,UNSAT-TIMEOUT,
/home/annelot/WARMSTART_PROJECT/baseline_symphony_21-01-2026+15_00/tmp/mnist-net_256x4/image_8/mnist-net_256x4_8_0_031.mps,/home/annelot/WARMSTART_PROJECT/baseline_symphony_21-01-2026+15_00/tmp/mnist-net_256x4/image_8/mnist-net_256x4_8_0_301.mps,UNSAT,147.151,UNSAT-TIMEOUT,
/home/annelot/WARMSTART_PROJECT/baseline_symphony_21-01-2026+15_00/tmp/mnist-net_256x4/image_8/mnist-net_256x4_8_0_031.mps,/home/annelot/WARMSTART_PROJECT/baseline_symphony_21-01-2026+15_00/tmp/mnist-net_256x4/image_8/mnist-net_256x4_8_0_321.mps,UNSAT,145.456,UNSAT-TIMEOUT,
/home/annelot/WARMSTART_PROJECT/baseline_symphony_21-01-2026+15_00/tmp/mnist-net_256x4/image_8/mnist-net_256x4_8_0_031.mps,/home/annelot/WARMSTART_PROJECT/baseline_symphony_21-01-2026+15_00/tmp/mnist-net_256x4/image_8/mnist-net_256x4_8_0_341.mps,UNSAT,145.19,UNSAT-TIMEOUT,
/home/annelot/WARMSTART_PROJECT/baseline_symphony_21-01-2026+15_00/tmp/mnist-net_256x4/image_8/mnist-net_256x4_8_0_031.mps,/home/annelot/WARMSTART_PROJECT/baseline_symphony_21-01-2026+15_00/tmp/mnist-net_256x4/image_8/mnist-net_256x4_8_0_381.mps,UNSAT,145.838,UNSAT-TIMEOUT,
/home/annelot/WARMSTART_PROJECT/baseline_symphony_21-01-2026+15_00/tmp/mnist-net_256x4/image_9/mnist-net_256x4_9_0_035.mps,/home/annelot/WARMSTART_PROJECT/baseline_symphony_21-01-2026+15_00/tmp/mnist-net_256x4/image_9/mnist-net_256x4_9_0_037.mps,UNSAT,162.483,UNSAT-UNSAT,
/home/annelot/WARMSTART_PROJECT/baseline_symphony_21-01-2026+15_00/tmp/mnist-net_256x4/image_6/mnist-net_256x4_6_0_031.mps,/home/annelot/WARMSTART_PROJECT/baseline_symphony_21-01-2026+15_00/tmp/mnist-net_256x4/image_6/mnist-net_256x4_6_0_033.mps,UNSAT,759.784,UNSAT-UNSAT,
/home/annelot/WARMSTART_PROJECT/baseline_symphony_21-01-2026+15_00/tmp/mnist-net_256x4/image_9/mnist-net_256x4_9_0_037.mps,/home/annelot/WARMSTART_PROJECT/baseline_symphony_21-01-2026+15_00/tmp/mnist-net_256x4/image_9/mnist-net_256x4_9_0_039.mps,UNSAT,178.418,UNSAT-UNSAT,
/home/annelot/WARMSTART_PROJECT/baseline_symphony_21-01-2026+15_00/tmp/mnist-net_256x4/image_9/mnist-net_256x4_9_0_033.mps,/home/annelot/WARMSTART_PROJECT/baseline_symphony_21-01-2026+15_00/tmp/mnist-net_256x4/image_9/mnist-net_256x4_9_0_037.mps,UNSAT,225.917,UNSAT-UNSAT,
/home/annelot/WARMSTART_PROJECT/baseline_symphony_21-01-2026+15_00/tmp/mnist-net_256x4/image_9/mnist-net_256x4_9_0_033.mps,/home/annelot/WARMSTART_PROJECT/baseline_symphony_21-01-2026+15_00/tmp/mnist-net_256x4/image_9/mnist-net_256x4_9_0_039.mps,UNSAT,225.785,UNSAT-UNSAT,
/home/annelot/WARMSTART_PROJECT/baseline_symphony_21-01-2026+15_00/tmp/mnist-net_256x4/image_9/mnist-net_256x4_9_0_033.mps,/home/annelot/WARMSTART_PROJECT/baseline_symphony_21-01-2026+15_00/tmp/mnist-net_256x4/image_9/mnist-net_256x4_9_0_035.mps,UNSAT,226.253,UNSAT-UNSAT,
/home/annelot/WARMSTART_PROJECT/baseline_symphony_21-01-2026+15_00/tmp/mnist-net_256x4/image_9/mnist-net_256x4_9_0_035.mps,/home/annelot/WARMSTART_PROJECT/baseline_symphony_21-01-2026+15_00/tmp/mnist-net_256x4/image_9/mnist-net_256x4_9_0_039.mps,UNSAT,274.501,UNSAT-UNSAT,
/home/annelot/WARMSTART_PROJECT/baseline_symphony_21-01-2026+15_00/tmp/mnist-net_256x4/image_6/mnist-net_256x4_6_0_033.mps,/home/annelot/WARMSTART_PROJECT/baseline_symphony_21-01-2026+15_00/tmp/mnist-net_256x4/image_6/mnist-net_256x4_6_0_061.mps,UNSAT,1736.315,UNSAT-TIMEOUT,
/home/annelot/WARMSTART_PROJECT/baseline_symphony_21-01-2026+15_00/tmp/mnist-net_256x4/image_6/mnist-net_256x4_6_0_033.mps,/home/annelot/WARMSTART_PROJECT/baseline_symphony_21-01-2026+15_00/tmp/mnist-net_256x4/image_6/mnist-net_256x4_6_0_101.mps,UNSAT,1746.412,UNSAT-TIMEOUT,
/home/annelot/WARMSTART_PROJECT/baseline_symphony_21-01-2026+15_00/tmp/mnist-net_256x4/image_6/mnist-net_256x4_6_0_033.mps,/home/annelot/WARMSTART_PROJECT/baseline_symphony_21-01-2026+15_00/tmp/mnist-net_256x4/image_6/mnist-net_256x4_6_0_221.mps,UNSAT,1736.767,UNSAT-TIMEOUT,
/home/annelot/WARMSTART_PROJECT/baseline_symphony_21-01-2026+15_00/tmp/mnist-net_256x4/image_6/mnist-net_256x4_6_0_033.mps,/home/annelot/WARMSTART_PROJECT/baseline_symphony_21-01-2026+15_00/tmp/mnist-net_256x4/image_6/mnist-net_256x4_6_0_201.mps,UNSAT,1739.914,UNSAT-TIMEOUT,
/home/annelot/WARMSTART_PROJECT/baseline_symphony_21-01-2026+15_00/tmp/mnist-net_256x4/image_2/mnist-net_256x4_2_0_021.mps,/home/annelot/WARMSTART_PROJECT/baseline_symphony_21-01-2026+15_00/tmp/mnist-net_256x4/image_2/mnist-net_256x4_2_0_081.mps,UNSAT,149.124,UNSAT-TIMEOUT,
/home/annelot/WARMSTART_PROJECT/baseline_symphony_21-01-2026+15_00/tmp/mnist-net_256x4/image_6/mnist-net_256x4_6_0_033.mps,/home/annelot/WARMSTART_PROJECT/baseline_symphony_21-01-2026+15_00/tmp/mnist-net_256x4/image_6/mnist-net_256x4_6_0_301.mps,UNSAT,1740.097,UNSAT-TIMEOUT,
/home/annelot/WARMSTART_PROJECT/baseline_symphony_21-01-2026+15_00/tmp/mnist-net_256x4/image_2/mnist-net_256x4_2_0_021.mps,/home/annelot/WARMSTART_PROJECT/baseline_symphony_21-01-2026+15_00/tmp/mnist-net_256x4/image_2/mnist-net_256x4_2_0_041.mps,UNSAT,270.087,UNSAT-TIMEOUT,
/home/annelot/WARMSTART_PROJECT/baseline_symphony_21-01-2026+15_00/tmp/mnist-net_256x4/image_2/mnist-net_256x4_2_0_021.mps,/home/annelot/WARMSTART_PROJECT/baseline_symphony_21-01-2026+15_00/tmp/mnist-net_256x4/image_2/mnist-net_256x4_2_0_061.mps,UNSAT,269.97,UNSAT-TIMEOUT,
/home/annelot/WARMSTART_PROJECT/baseline_symphony_21-01-2026+15_00/tmp/mnist-net_256x4/image_2/mnist-net_256x4_2_0_021.mps,/home/annelot/WARMSTART_PROJECT/baseline_symphony_21-01-2026+15_00/tmp/mnist-net_256x4/image_2/mnist-net_256x4_2_0_141.mps,UNSAT,148.272,UNSAT-TIMEOUT,
/home/annelot/WARMSTART_PROJECT/baseline_symphony_21-01-2026+15_00/tmp/mnist-net_256x4/image_1/mnist-net_256x4_1_0_041.mps,/home/annelot/WARMSTART_PROJECT/baseline_symphony_21-01-2026+15_00/tmp/mnist-net_256x4/image_1/mnist-net_256x4_1_0_043.mps,UNSAT,0.742,UNSAT-UNSAT,
/home/annelot/WARMSTART_PROJECT/baseline_symphony_21-01-2026+15_00/tmp/mnist-net_256x4/image_2/mnist-net_256x4_2_0_021.mps,/home/annelot/WARMSTART_PROJECT/baseline_symphony_21-01-2026+15_00/tmp/mnist-net_256x4/image_2/mnist-net_256x4_2_0_161.mps,UNSAT,148.608,UNSAT-TIMEOUT,
/home/annelot/WARMSTART_PROJECT/baseline_symphony_21-01-2026+15_00/tmp/mnist-net_256x4/image_1/mnist-net_256x4_1_0_041.mps,/home/annelot/WARMSTART_PROJECT/baseline_symphony_21-01-2026+15_00/tmp/mnist-net_256x4/image_1/mnist-net_256x4_1_0_045.mps,UNSAT,0.739,UNSAT-UNSAT,
/home/annelot/WARMSTART_PROJECT/baseline_symphony_21-01-2026+15_00/tmp/mnist-net_256x4/image_2/mnist-net_256x4_2_0_021.mps,/home/annelot/WARMSTART_PROJECT/baseline_symphony_21-01-2026+15_00/tmp/mnist-net_256x4/image_2/mnist-net_256x4_2_0_181.mps,UNSAT,149.109,UNSAT-TIMEOUT,
/home/annelot/WARMSTART_PROJECT/baseline_symphony_21-01-2026+15_00/tmp/mnist-net_256x4/image_2/mnist-net_256x4_2_0_021.mps,/home/annelot/WARMSTART_PROJECT/baseline_symphony_21-01-2026+15_00/tmp/mnist-net_256x4/image_2/mnist-net_256x4_2_0_101.mps,UNSAT,269.694,UNSAT-TIMEOUT,
/home/annelot/WARMSTART_PROJECT/baseline_symphony_21-01-2026+15_00/tmp/mnist-net_256x4/image_2/mnist-net_256x4_2_0_021.mps,/home/annelot/WARMSTART_PROJECT/baseline_symphony_21-01-2026+15_00/tmp/mnist-net_256x4/image_2/mnist-net_256x4_2_0_221.mps,UNSAT,148.398,UNSAT-TIMEOUT,
/home/annelot/WARMSTART_PROJECT/baseline_symphony_21-01-2026+15_00/tmp/mnist-net_256x4/image_2/mnist-net_256x4_2_0_021.mps,/home/annelot/WARMSTART_PROJECT/baseline_symphony_21-01-2026+15_00/tmp/mnist-net_256x4/image_2/mnist-net_256x4_2_0_121.mps,UNSAT,270.627,UNSAT-TIMEOUT,
/home/annelot/WARMSTART_PROJECT/baseline_symphony_21-01-2026+15_00/tmp/mnist-net_256x4/image_2/mnist-net_256x4_2_0_021.mps,/home/annelot/WARMSTART_PROJECT/baseline_symphony_21-01-2026+15_00/tmp/mnist-net_256x4/image_2/mnist-net_256x4_2_0_139.mps,UNSAT,270.717,UNSAT-TIMEOUT,
/home/annelot/WARMSTART_PROJECT/baseline_symphony_21-01-2026+15_00/tmp/mnist-net_256x4/image_1/mnist-net_256x4_1_0_043.mps,/home/annelot/WARMSTART_PROJECT/baseline_symphony_21-01-2026+15_00/tmp/mnist-net_256x4/image_1/mnist-net_256x4_1_0_045.mps,UNSAT,152.326,UNSAT-UNSAT,
/home/annelot/WARMSTART_PROJECT/baseline_symphony_21-01-2026+15_00/tmp/mnist-net_256x4/image_2/mnist-net_256x4_2_0_021.mps,/home/annelot/WARMSTART_PROJECT/baseline_symphony_21-01-2026+15_00/tmp/mnist-net_256x4/image_2/mnist-net_256x4_2_0_201.mps,UNSAT,270.477,UNSAT-TIMEOUT,
/home/annelot/WARMSTART_PROJECT/baseline_symphony_21-01-2026+15_00/tmp/mnist-net_256x4/image_2/mnist-net_256x4_2_0_021.mps,/home/annelot/WARMSTART_PROJECT/baseline_symphony_21-01-2026+15_00/tmp/mnist-net_256x4/image_2/mnist-net_256x4_2_0_241.mps,UNSAT,268.91,UNSAT-TIMEOUT,
/home/annelot/WARMSTART_PROJECT/baseline_symphony_21-01-2026+15_00/tmp/mnist-net_256x4/image_2/mnist-net_256x4_2_0_021.mps,/home/annelot/WARMSTART_PROJECT/baseline_symphony_21-01-2026+15_00/tmp/mnist-net_256x4/image_2/mnist-net_256x4_2_0_261.mps,UNSAT,271.047,UNSAT-TIMEOUT,
/home/annelot/WARMSTART_PROJECT/baseline_symphony_21-01-2026+15_00/tmp/mnist-net_256x4/image_2/mnist-net_256x4_2_0_021.mps,/home/annelot/WARMSTART_PROJECT/baseline_symphony_21-01-2026+15_00/tmp/mnist-net_256x4/image_2/mnist-net_256x4_2_0_281.mps,UNSAT,271.043,UNSAT-TIMEOUT,
/home/annelot/WARMSTART_PROJECT/baseline_symphony_21-01-2026+15_00/tmp/mnist-net_256x4/image_2/mnist-net_256x4_2_0_021.mps,/home/annelot/WARMSTART_PROJECT/baseline_symphony_21-01-2026+15_00/tmp/mnist-net_256x4/image_2/mnist-net_256x4_2_0_301.mps,UNSAT,271.047,UNSAT-TIMEOUT,
/home/annelot/WARMSTART_PROJECT/baseline_symphony_21-01-2026+15_00/tmp/mnist-net_256x4/image_1/mnist-net_256x4_1_0_045.mps,/home/annelot/WARMSTART_PROJECT/baseline_symphony_21-01-2026+15_00/tmp/mnist-net_256x4/image_1/mnist-net_256x4_1_0_047.mps,UNSAT,262.782,UNSAT-TIMEOUT,
/home/annelot/WARMSTART_PROJECT/baseline_symphony_21-01-2026+15_00/tmp/mnist-net_256x4/image_2/mnist-net_256x4_2_0_021.mps,/home/annelot/WARMSTART_PROJECT/baseline_symphony_21-01-2026+15_00/tmp/mnist-net_256x4/image_2/mnist-net_256x4_2_0_321.mps,UNSAT,270.446,UNSAT-TIMEOUT,
/home/annelot/WARMSTART_PROJECT/baseline_symphony_21-01-2026+15_00/tmp/mnist-net_256x4/image_2/mnist-net_256x4_2_0_021.mps,/home/annelot/WARMSTART_PROJECT/baseline_symphony_21-01-2026+15_00/tmp/mnist-net_256x4/image_2/mnist-net_256x4_2_0_341.mps,UNSAT,270.5,UNSAT-TIMEOUT,
/home/annelot/WARMSTART_PROJECT/baseline_symphony_21-01-2026+15_00/tmp/mnist-net_256x4/image_1/mnist-net_256x4_1_0_045.mps,/home/annelot/WARMSTART_PROJECT/baseline_symphony_21-01-2026+15_00/tmp/mnist-net_256x4/image_1/mnist-net_256x4_1_0_081.mps,UNSAT,264.415,UNSAT-TIMEOUT,
/home/annelot/WARMSTART_PROJECT/baseline_symphony_21-01-2026+15_00/tmp/mnist-net_256x4/image_2/mnist-net_256x4_2_0_021.mps,/home/annelot/WARMSTART_PROJECT/baseline_symphony_21-01-2026+15_00/tmp/mnist-net_256x4/image_2/mnist-net_256x4_2_0_361.mps,UNSAT,269.121,UNSAT-TIMEOUT,
/home/annelot/WARMSTART_PROJECT/baseline_symphony_21-01-2026+15_00/tmp/mnist-net_256x4/image_2/mnist-net_256x4_2_0_021.mps,/home/annelot/WARMSTART_PROJECT/baseline_symphony_21-01-2026+15_00/tmp/mnist-net_256x4/image_2/mnist-net_256x4_2_0_381.mps,UNSAT,269.932,UNSAT-TIMEOUT,
/home/annelot/WARMSTART_PROJECT/baseline_symphony_21-01-2026+15_00/tmp/mnist-net_256x4/image_1/mnist-net_256x4_1_0_045.mps,/home/annelot/WARMSTART_PROJECT/baseline_symphony_21-01-2026+15_00/tmp/mnist-net_256x4/image_1/mnist-net_256x4_1_0_121.mps,UNSAT,263.08,UNSAT-TIMEOUT,
/home/annelot/WARMSTART_PROJECT/baseline_symphony_21-01-2026+15_00/tmp/mnist-net_256x4/image_5/mnist-net_256x4_5_0_023.mps,/home/annelot/WARMSTART_PROJECT/baseline_symphony_21-01-2026+15_00/tmp/mnist-net_256x4/image_5/mnist-net_256x4_5_0_025.mps,UNSAT,0.898,UNSAT-UNSAT,
/home/annelot/WARMSTART_PROJECT/baseline_symphony_21-01-2026+15_00/tmp/mnist-net_256x4/image_5/mnist-net_256x4_5_0_023.mps,/home/annelot/WARMSTART_PROJECT/baseline_symphony_21-01-2026+15_00/tmp/mnist-net_256x4/image_5/mnist-net_256x4_5_0_027.mps,UNSAT,0.9,UNSAT-UNSAT,
/home/annelot/WARMSTART_PROJECT/baseline_symphony_21-01-2026+15_00/tmp/mnist-net_256x4/image_1/mnist-net_256x4_1_0_045.mps,/home/annelot/WARMSTART_PROJECT/baseline_symphony_21-01-2026+15_00/tmp/mnist-net_256x4/image_1/mnist-net_256x4_1_0_161.mps,UNSAT,263.14,UNSAT-TIMEOUT,
/home/annelot/WARMSTART_PROJECT/baseline_symphony_21-01-2026+15_00/tmp/mnist-net_256x4/image_1/mnist-net_256x4_1_0_045.mps,/home/annelot/WARMSTART_PROJECT/baseline_symphony_21-01-2026+15_00/tmp/mnist-net_256x4/image_1/mnist-net_256x4_1_0_061.mps,UNSAT,460.27,UNSAT-TIMEOUT,
/home/annelot/WARMSTART_PROJECT/baseline_symphony_21-01-2026+15_00/tmp/mnist-net_256x4/image_5/mnist-net_256x4_5_0_025.mps,/home/annelot/WARMSTART_PROJECT/baseline_symphony_21-01-2026+15_00/tmp/mnist-net_256x4/image_5/mnist-net_256x4_5_0_027.mps,UNSAT,244.027,UNSAT-UNSAT,
/home/annelot/WARMSTART_PROJECT/baseline_symphony_21-01-2026+15_00/tmp/mnist-net_256x4/image_1/mnist-net_256x4_1_0_045.mps,/home/annelot/WARMSTART_PROJECT/baseline_symphony_21-01-2026+15_00/tmp/mnist-net_256x4/image_1/mnist-net_256x4_1_0_101.mps,UNSAT,462.774,UNSAT-TIMEOUT,
/home/annelot/WARMSTART_PROJECT/baseline_symphony_21-01-2026+15_00/tmp/mnist-net_256x4/image_1/mnist-net_256x4_1_0_045.mps,/home/annelot/WARMSTART_PROJECT/baseline_symphony_21-01-2026+15_00/tmp/mnist-net_256x4/image_1/mnist-net_256x4_1_0_281.mps,UNSAT,262.743,UNSAT-TIMEOUT,
/home/annelot/WARMSTART_PROJECT/baseline_symphony_21-01-2026+15_00/tmp/mnist-net_256x4/image_1/mnist-net_256x4_1_0_045.mps,/home/annelot/WARMSTART_PROJECT/baseline_symphony_21-01-2026+15_00/tmp/mnist-net_256x4/image_1/mnist-net_256x4_1_0_139.mps,UNSAT,462.301,UNSAT-TIMEOUT,
/home/annelot/WARMSTART_PROJECT/baseline_symphony_21-01-2026+15_00/tmp/mnist-net_256x4/image_1/mnist-net_256x4_1_0_045.mps,/home/annelot/WARMSTART_PROJECT/baseline_symphony_21-01-2026+15_00/tmp/mnist-net_256x4/image_1/mnist-net_256x4_1_0_141.mps,UNSAT,461.558,UNSAT-TIMEOUT,
/home/annelot/WARMSTART_PROJECT/baseline_symphony_21-01-2026+15_00/tmp/mnist-net_256x4/image_1/mnist-net_256x4_1_0_045.mps,/home/annelot/WARMSTART_PROJECT/baseline_symphony_21-01-2026+15_00/tmp/mnist-net_256x4/image_1/mnist-net_256x4_1_0_341.mps,UNSAT,264.511,UNSAT-TIMEOUT,
/home/annelot/WARMSTART_PROJECT/baseline_symphony_21-01-2026+15_00/tmp/mnist-net_256x4/image_1/mnist-net_256x4_1_0_045.mps,/home/annelot/WARMSTART_PROJECT/baseline_symphony_21-01-2026+15_00/tmp/mnist-net_256x4/image_1/mnist-net_256x4_1_0_181.mps,UNSAT,459.321,UNSAT-TIMEOUT,
/home/annelot/WARMSTART_PROJECT/baseline_symphony_21-01-2026+15_00/tmp/mnist-net_256x4/image_1/mnist-net_256x4_1_0_045.mps,/home/annelot/WARMSTART_PROJECT/baseline_symphony_21-01-2026+15_00/tmp/mnist-net_256x4/image_1/mnist-net_256x4_1_0_201.mps,UNSAT,456.793,UNSAT-TIMEOUT,
/home/annelot/WARMSTART_PROJECT/baseline_symphony_21-01-2026+15_00/tmp/mnist-net_256x4/image_1/mnist-net_256x4_1_0_045.mps,/home/annelot/WARMSTART_PROJECT/baseline_symphony_21-01-2026+15_00/tmp/mnist-net_256x4/image_1/mnist-net_256x4_1_0_221.mps,UNSAT,460.988,UNSAT-TIMEOUT,
/home/annelot/WARMSTART_PROJECT/baseline_symphony_21-01-2026+15_00/tmp/mnist-net_256x4/image_1/mnist-net_256x4_1_0_045.mps,/home/annelot/WARMSTART_PROJECT/baseline_symphony_21-01-2026+15_00/tmp/mnist-net_256x4/image_1/mnist-net_256x4_1_0_241.mps,UNSAT,460.318,UNSAT-TIMEOUT,
/home/annelot/WARMSTART_PROJECT/baseline_symphony_21-01-2026+15_00/tmp/mnist-net_256x4/image_1/mnist-net_256x4_1_0_045.mps,/home/annelot/WARMSTART_PROJECT/baseline_symphony_21-01-2026+15_00/tmp/mnist-net_256x4/image_1/mnist-net_256x4_1_0_261.mps,UNSAT,457.208,UNSAT-TIMEOUT,
/home/annelot/WARMSTART_PROJECT/baseline_symphony_21-01-2026+15_00/tmp/mnist-net_256x4/image_0/mnist-net_256x4_0_0_031.mps,/home/annelot/WARMSTART_PROJECT/baseline_symphony_21-01-2026+15_00/tmp/mnist-net_256x4/image_0/mnist-net_256x4_0_0_035.mps,UNSAT,0.777,UNSAT-UNSAT,
/home/annelot/WARMSTART_PROJECT/baseline_symphony_21-01-2026+15_00/tmp/mnist-net_256x4/image_0/mnist-net_256x4_0_0_031.mps,/home/annelot/WARMSTART_PROJECT/baseline_symphony_21-01-2026+15_00/tmp/mnist-net_256x4/image_0/mnist-net_256x4_0_0_033.mps,UNSAT,0.784,UNSAT-UNSAT,
/home/annelot/WARMSTART_PROJECT/baseline_symphony_21-01-2026+15_00/tmp/mnist-net_256x4/image_1/mnist-net_256x4_1_0_045.mps,/home/annelot/WARMSTART_PROJECT/baseline_symphony_21-01-2026+15_00/tmp/mnist-net_256x4/image_1/mnist-net_256x4_1_0_301.mps,UNSAT,456.453,UNSAT-TIMEOUT,
/home/annelot/WARMSTART_PROJECT/baseline_symphony_21-01-2026+15_00/tmp/mnist-net_256x4/image_1/mnist-net_256x4_1_0_045.mps,/home/annelot/WARMSTART_PROJECT/baseline_symphony_21-01-2026+15_00/tmp/mnist-net_256x4/image_1/mnist-net_256x4_1_0_321.mps,UNSAT,457.797,UNSAT-TIMEOUT,
/home/annelot/WARMSTART_PROJECT/baseline_symphony_21-01-2026+15_00/tmp/mnist-net_256x4/image_1/mnist-net_256x4_1_0_045.mps,/home/annelot/WARMSTART_PROJECT/baseline_symphony_21-01-2026+15_00/tmp/mnist-net_256x4/image_1/mnist-net_256x4_1_0_361.mps,UNSAT,454.735,UNSAT-TIMEOUT,
/home/annelot/WARMSTART_PROJECT/baseline_symphony_21-01-2026+15_00/tmp/mnist-net_256x4/image_1/mnist-net_256x4_1_0_045.mps,/home/annelot/WARMSTART_PROJECT/baseline_symphony_21-01-2026+15_00/tmp/mnist-net_256x4/image_1/mnist-net_256x4_1_0_381.mps,UNSAT,456.619,UNSAT-TIMEOUT,
/home/annelot/WARMSTART_PROJECT/baseline_symphony_21-01-2026+15_00/tmp/mnist-net_256x4/image_0/mnist-net_256x4_0_0_033.mps,/home/annelot/WARMSTART_PROJECT/baseline_symphony_21-01-2026+15_00/tmp/mnist-net_256x4/image_0/mnist-net_256x4_0_0_035.mps,UNSAT,85.837,UNSAT-UNSAT,
/home/annelot/WARMSTART_PROJECT/baseline_symphony_21-01-2026+15_00/tmp/mnist-net_256x4/image_0/mnist-net_256x4_0_0_035.mps,/home/annelot/WARMSTART_PROJECT/baseline_symphony_21-01-2026+15_00/tmp/mnist-net_256x4/image_0/mnist-net_256x4_0_0_041.mps,UNSAT,884.529,UNSAT-TIMEOUT,
/home/annelot/WARMSTART_PROJECT/baseline_symphony_21-01-2026+15_00/tmp/mnist-net_256x4/image_0/mnist-net_256x4_0_0_035.mps,/home/annelot/WARMSTART_PROJECT/baseline_symphony_21-01-2026+15_00/tmp/mnist-net_256x4/image_0/mnist-net_256x4_0_0_037.mps,UNSAT,888.849,UNSAT-TIMEOUT,
/home/annelot/WARMSTART_PROJECT/baseline_symphony_21-01-2026+15_00/tmp/mnist-net_256x4/image_0/mnist-net_256x4_0_0_035.mps,/home/annelot/WARMSTART_PROJECT/baseline_symphony_21-01-2026+15_00/tmp/mnist-net_256x4/image_0/mnist-net_256x4_0_0_061.mps,UNSAT,888.1,UNSAT-TIMEOUT,
/home/annelot/WARMSTART_PROJECT/baseline_symphony_21-01-2026+15_00/tmp/mnist-net_256x4/image_0/mnist-net_256x4_0_0_035.mps,/home/annelot/WARMSTART_PROJECT/baseline_symphony_21-01-2026+15_00/tmp/mnist-net_256x4/image_0/mnist-net_256x4_0_0_101.mps,UNSAT,883.929,UNSAT-TIMEOUT,
/home/annelot/WARMSTART_PROJECT/baseline_symphony_21-01-2026+15_00/tmp/mnist-net_256x4/image_0/mnist-net_256x4_0_0_035.mps,/home/annelot/WARMSTART_PROJECT/baseline_symphony_21-01-2026+15_00/tmp/mnist-net_256x4/image_0/mnist-net_256x4_0_0_081.mps,UNSAT,889.125,UNSAT-TIMEOUT,
/home/annelot/WARMSTART_PROJECT/baseline_symphony_21-01-2026+15_00/tmp/mnist-net_256x4/image_0/mnist-net_256x4_0_0_035.mps,/home/annelot/WARMSTART_PROJECT/baseline_symphony_21-01-2026+15_00/tmp/mnist-net_256x4/image_0/mnist-net_256x4_0_0_121.mps,UNSAT,886.426,UNSAT-TIMEOUT,
/home/annelot/WARMSTART_PROJECT/baseline_symphony_21-01-2026+15_00/tmp/mnist-net_256x4/image_0/mnist-net_256x4_0_0_035.mps,/home/annelot/WARMSTART_PROJECT/baseline_symphony_21-01-2026+15_00/tmp/mnist-net_256x4/image_0/mnist-net_256x4_0_0_141.mps,UNSAT,885.406,UNSAT-TIMEOUT,
/home/annelot/WARMSTART_PROJECT/baseline_symphony_21-01-2026+15_00/tmp/mnist-net_256x4/image_0/mnist-net_256x4_0_0_035.mps,/home/annelot/WARMSTART_PROJECT/baseline_symphony_21-01-2026+15_00/tmp/mnist-net_256x4/image_0/mnist-net_256x4_0_0_161.mps,UNSAT,886.981,UNSAT-TIMEOUT,
/home/annelot/WARMSTART_PROJECT/baseline_symphony_21-01-2026+15_00/tmp/mnist-net_256x4/image_0/mnist-net_256x4_0_0_035.mps,/home/annelot/WARMSTART_PROJECT/baseline_symphony_21-01-2026+15_00/tmp/mnist-net_256x4/image_0/mnist-net_256x4_0_0_201.mps,UNSAT,882.897,UNSAT-TIMEOUT,
/home/annelot/WARMSTART_PROJECT/baseline_symphony_21-01-2026+15_00/tmp/mnist-net_256x4/image_0/mnist-net_256x4_0_0_035.mps,/home/annelot/WARMSTART_PROJECT/baseline_symphony_21-01-2026+15_00/tmp/mnist-net_256x4/image_0/mnist-net_256x4_0_0_181.mps,UNSAT,892.074,UNSAT-TIMEOUT,
/home/annelot/WARMSTART_PROJECT/baseline_symphony_21-01-2026+15_00/tmp/mnist-net_256x4/image_3/mnist-net_256x4_3_0_041.mps,/home/annelot/WARMSTART_PROJECT/baseline_symphony_21-01-2026+15_00/tmp/mnist-net_256x4/image_3/mnist-net_256x4_3_0_081.mps,UNSAT,0.81,UNSAT-TIMEOUT,
/home/annelot/WARMSTART_PROJECT/baseline_symphony_21-01-2026+15_00/tmp/mnist-net_256x4/image_3/mnist-net_256x4_3_0_041.mps,/home/annelot/WARMSTART_PROJECT/baseline_symphony_21-01-2026+15_00/tmp/mnist-net_256x4/image_3/mnist-net_256x4_3_0_061.mps,UNSAT,0.816,UNSAT-TIMEOUT,
/home/annelot/WARMSTART_PROJECT/baseline_symphony_21-01-2026+15_00/tmp/mnist-net_256x4/image_3/mnist-net_256x4_3_0_041.mps,/home/annelot/WARMSTART_PROJECT/baseline_symphony_21-01-2026+15_00/tmp/mnist-net_256x4/image_3/mnist-net_256x4_3_0_101.mps,UNSAT,0.771,UNSAT-TIMEOUT,
/home/annelot/WARMSTART_PROJECT/baseline_symphony_21-01-2026+15_00/tmp/mnist-net_256x4/image_0/mnist-net_256x4_0_0_035.mps,/home/annelot/WARMSTART_PROJECT/baseline_symphony_21-01-2026+15_00/tmp/mnist-net_256x4/image_0/mnist-net_256x4_0_0_241.mps,UNSAT,518.15,UNSAT-TIMEOUT,
/home/annelot/WARMSTART_PROJECT/baseline_symphony_21-01-2026+15_00/tmp/mnist-net_256x4/image_3/mnist-net_256x4_3_0_041.mps,/home/annelot/WARMSTART_PROJECT/baseline_symphony_21-01-2026+15_00/tmp/mnist-net_256x4/image_3/mnist-net_256x4_3_0_161.mps,UNSAT,0.809,UNSAT-TIMEOUT,
/home/annelot/WARMSTART_PROJECT/baseline_symphony_21-01-2026+15_00/tmp/mnist-net_256x4/image_3/mnist-net_256x4_3_0_041.mps,/home/annelot/WARMSTART_PROJECT/baseline_symphony_21-01-2026+15_00/tmp/mnist-net_256x4/image_3/mnist-net_256x4_3_0_121.mps,UNSAT,0.813,UNSAT-TIMEOUT,
/home/annelot/WARMSTART_PROJECT/baseline_symphony_21-01-2026+15_00/tmp/mnist-net_256x4/image_3/mnist-net_256x4_3_0_041.mps,/home/annelot/WARMSTART_PROJECT/baseline_symphony_21-01-2026+15_00/tmp/mnist-net_256x4/image_3/mnist-net_256x4_3_0_141.mps,UNSAT,0.815,UNSAT-TIMEOUT,
/home/annelot/WARMSTART_PROJECT/baseline_symphony_21-01-2026+15_00/tmp/mnist-net_256x4/image_3/mnist-net_256x4_3_0_041.mps,/home/annelot/WARMSTART_PROJECT/baseline_symphony_21-01-2026+15_00/tmp/mnist-net_256x4/image_3/mnist-net_256x4_3_0_221.mps,UNSAT,0.54,UNSAT-TIMEOUT,
/home/annelot/WARMSTART_PROJECT/baseline_symphony_21-01-2026+15_00/tmp/mnist-net_256x4/image_3/mnist-net_256x4_3_0_041.mps,/home/annelot/WARMSTART_PROJECT/baseline_symphony_21-01-2026+15_00/tmp/mnist-net_256x4/image_3/mnist-net_256x4_3_0_219.mps,UNSAT,0.815,UNSAT-TIMEOUT,
/home/annelot/WARMSTART_PROJECT/baseline_symphony_21-01-2026+15_00/tmp/mnist-net_256x4/image_3/mnist-net_256x4_3_0_041.mps,/home/annelot/WARMSTART_PROJECT/baseline_symphony_21-01-2026+15_00/tmp/mnist-net_256x4/image_3/mnist-net_256x4_3_0_201.mps,UNSAT,0.816,UNSAT-TIMEOUT,
/home/annelot/WARMSTART_PROJECT/baseline_symphony_21-01-2026+15_00/tmp/mnist-net_256x4/image_3/mnist-net_256x4_3_0_041.mps,/home/annelot/WARMSTART_PROJECT/baseline_symphony_21-01-2026+15_00/tmp/mnist-net_256x4/image_3/mnist-net_256x4_3_0_181.mps,UNSAT,0.818,UNSAT-TIMEOUT,
/home/annelot/WARMSTART_PROJECT/baseline_symphony_21-01-2026+15_00/tmp/mnist-net_256x4/image_3/mnist-net_256x4_3_0_041.mps,/home/annelot/WARMSTART_PROJECT/baseline_symphony_21-01-2026+15_00/tmp/mnist-net_256x4/image_3/mnist-net_256x4_3_0_301.mps,UNSAT,0.54,UNSAT-TIMEOUT,
/home/annelot/WARMSTART_PROJECT/baseline_symphony_21-01-2026+15_00/tmp/mnist-net_256x4/image_3/mnist-net_256x4_3_0_041.mps,/home/annelot/WARMSTART_PROJECT/baseline_symphony_21-01-2026+15_00/tmp/mnist-net_256x4/image_3/mnist-net_256x4_3_0_281.mps,UNSAT,0.813,UNSAT-TIMEOUT,
/home/annelot/WARMSTART_PROJECT/baseline_symphony_21-01-2026+15_00/tmp/mnist-net_256x4/image_3/mnist-net_256x4_3_0_041.mps,/home/annelot/WARMSTART_PROJECT/baseline_symphony_21-01-2026+15_00/tmp/mnist-net_256x4/image_3/mnist-net_256x4_3_0_261.mps,UNSAT,0.818,UNSAT-TIMEOUT,
/home/annelot/WARMSTART_PROJECT/baseline_symphony_21-01-2026+15_00/tmp/mnist-net_256x4/image_3/mnist-net_256x4_3_0_041.mps,/home/annelot/WARMSTART_PROJECT/baseline_symphony_21-01-2026+15_00/tmp/mnist-net_256x4/image_3/mnist-net_256x4_3_0_241.mps,UNSAT,0.81,UNSAT-TIMEOUT,
/home/annelot/WARMSTART_PROJECT/baseline_symphony_21-01-2026+15_00/tmp/mnist-net_256x4/image_3/mnist-net_256x4_3_0_041.mps,/home/annelot/WARMSTART_PROJECT/baseline_symphony_21-01-2026+15_00/tmp/mnist-net_256x4/image_3/mnist-net_256x4_3_0_381.mps,UNSAT,0.542,UNSAT-TIMEOUT,
/home/annelot/WARMSTART_PROJECT/baseline_symphony_21-01-2026+15_00/tmp/mnist-net_256x4/image_3/mnist-net_256x4_3_0_041.mps,/home/annelot/WARMSTART_PROJECT/baseline_symphony_21-01-2026+15_00/tmp/mnist-net_256x4/image_3/mnist-net_256x4_3_0_361.mps,UNSAT,0.812,UNSAT-TIMEOUT,
/home/annelot/WARMSTART_PROJECT/baseline_symphony_21-01-2026+15_00/tmp/mnist-net_256x4/image_3/mnist-net_256x4_3_0_041.mps,/home/annelot/WARMSTART_PROJECT/baseline_symphony_21-01-2026+15_00/tmp/mnist-net_256x4/image_3/mnist-net_256x4_3_0_341.mps,UNSAT,0.813,UNSAT-TIMEOUT,
/home/annelot/WARMSTART_PROJECT/baseline_symphony_21-01-2026+15_00/tmp/mnist-net_256x4/image_3/mnist-net_256x4_3_0_041.mps,/home/annelot/WARMSTART_PROJECT/baseline_symphony_21-01-2026+15_00/tmp/mnist-net_256x4/image_3/mnist-net_256x4_3_0_321.mps,UNSAT,0.813,UNSAT-TIMEOUT,
/home/annelot/WARMSTART_PROJECT/baseline_symphony_21-01-2026+15_00/tmp/mnist-net_256x4/image_0/mnist-net_256x4_0_0_035.mps,/home/annelot/WARMSTART_PROJECT/baseline_symphony_21-01-2026+15_00/tmp/mnist-net_256x4/image_0/mnist-net_256x4_0_0_221.mps,UNSAT,748.733,UNSAT-TIMEOUT,
/home/annelot/WARMSTART_PROJECT/baseline_symphony_21-01-2026+15_00/tmp/mnist-net_256x4/image_0/mnist-net_256x4_0_0_035.mps,/home/annelot/WARMSTART_PROJECT/baseline_symphony_21-01-2026+15_00/tmp/mnist-net_256x4/image_0/mnist-net_256x4_0_0_261.mps,UNSAT,515.654,UNSAT-TIMEOUT,
/home/annelot/WARMSTART_PROJECT/baseline_symphony_21-01-2026+15_00/tmp/mnist-net_256x4/image_0/mnist-net_256x4_0_0_035.mps,/home/annelot/WARMSTART_PROJECT/baseline_symphony_21-01-2026+15_00/tmp/mnist-net_256x4/image_0/mnist-net_256x4_0_0_281.mps,UNSAT,516.98,UNSAT-TIMEOUT,
/home/annelot/WARMSTART_PROJECT/baseline_symphony_21-01-2026+15_00/tmp/mnist-net_256x4/image_0/mnist-net_256x4_0_0_035.mps,/home/annelot/WARMSTART_PROJECT/baseline_symphony_21-01-2026+15_00/tmp/mnist-net_256x4/image_0/mnist-net_256x4_0_0_301.mps,UNSAT,516.099,UNSAT-TIMEOUT,
/home/annelot/WARMSTART_PROJECT/baseline_symphony_21-01-2026+15_00/tmp/mnist-net_256x4/image_0/mnist-net_256x4_0_0_035.mps,/home/annelot/WARMSTART_PROJECT/baseline_symphony_21-01-2026+15_00/tmp/mnist-net_256x4/image_0/mnist-net_256x4_0_0_321.mps,UNSAT,513.217,UNSAT-TIMEOUT,
/home/annelot/WARMSTART_PROJECT/baseline_symphony_21-01-2026+15_00/tmp/mnist-net_256x4/image_0/mnist-net_256x4_0_0_035.mps,/home/annelot/WARMSTART_PROJECT/baseline_symphony_21-01-2026+15_00/tmp/mnist-net_256x4/image_0/mnist-net_256x4_0_0_341.mps,UNSAT,514.419,UNSAT-TIMEOUT,
/home/annelot/WARMSTART_PROJECT/baseline_symphony_21-01-2026+15_00/tmp/mnist-net_256x4/image_0/mnist-net_256x4_0_0_035.mps,/home/annelot/WARMSTART_PROJECT/baseline_symphony_21-01-2026+15_00/tmp/mnist-net_256x4/image_0/mnist-net_256x4_0_0_361.mps,UNSAT,513.609,UNSAT-TIMEOUT,
/home/annelot/WARMSTART_PROJECT/baseline_symphony_21-01-2026+15_00/tmp/mnist-net_256x4/image_0/mnist-net_256x4_0_0_035.mps,/home/annelot/WARMSTART_PROJECT/baseline_symphony_21-01-2026+15_00/tmp/mnist-net_256x4/image_0/mnist-net_256x4_0_0_381.mps,UNSAT,506.921,UNSAT-TIMEOUT,
/home/annelot/WARMSTART_PROJECT/baseline_symphony_21-01-2026+15_00/tmp/mnist-net_256x2/image_6/mnist-net_256x2_6_0_023.mps,/home/annelot/WARMSTART_PROJECT/baseline_symphony_21-01-2026+15_00/tmp/mnist-net_256x2/image_7/mnist-net_256x2_7_0_023.mps,UNSAT,0.313,IMAGE,
/home/annelot/WARMSTART_PROJECT/baseline_symphony_21-01-2026+15_00/tmp/mnist-net_256x2/image_7/mnist-net_256x2_7_0_023.mps,/home/annelot/WARMSTART_PROJECT/baseline_symphony_21-01-2026+15_00/tmp/mnist-net_256x2/image_6/mnist-net_256x2_6_0_023.mps,UNSAT,1.396,IMAGE,
/home/annelot/WARMSTART_PROJECT/baseline_symphony_21-01-2026+15_00/tmp/mnist-net_256x2/image_6/mnist-net_256x2_6_0_025.mps,/home/annelot/WARMSTART_PROJECT/baseline_symphony_21-01-2026+15_00/tmp/mnist-net_256x2/image_7/mnist-net_256x2_7_0_025.mps,UNSAT,2.26,IMAGE,
/home/annelot/WARMSTART_PROJECT/baseline_symphony_21-01-2026+15_00/tmp/mnist-net_256x2/image_6/mnist-net_256x2_6_0_027.mps,/home/annelot/WARMSTART_PROJECT/baseline_symphony_21-01-2026+15_00/tmp/mnist-net_256x2/image_7/mnist-net_256x2_7_0_027.mps,UNSAT,13.7,IMAGE,
/home/annelot/WARMSTART_PROJECT/baseline_symphony_21-01-2026+15_00/tmp/mnist-net_256x2/image_7/mnist-net_256x2_7_0_025.mps,/home/annelot/WARMSTART_PROJECT/baseline_symphony_21-01-2026+15_00/tmp/mnist-net_256x2/image_6/mnist-net_256x2_6_0_025.mps,UNSAT,17.501,IMAGE,
/home/annelot/WARMSTART_PROJECT/baseline_symphony_21-01-2026+15_00/tmp/mnist-net_256x2/image_6/mnist-net_256x2_6_0_029.mps,/home/annelot/WARMSTART_PROJECT/baseline_symphony_21-01-2026+15_00/tmp/mnist-net_256x2/image_7/mnist-net_256x2_7_0_029.mps,UNSAT,42.801,IMAGE,
/home/annelot/WARMSTART_PROJECT/baseline_symphony_21-01-2026+15_00/tmp/mnist-net_256x2/image_7/mnist-net_256x2_7_0_027.mps,/home/annelot/WARMSTART_PROJECT/baseline_symphony_21-01-2026+15_00/tmp/mnist-net_256x2/image_6/mnist-net_256x2_6_0_027.mps,UNSAT,58.634,IMAGE,
/home/annelot/WARMSTART_PROJECT/baseline_symphony_21-01-2026+15_00/tmp/mnist-net_256x2/image_6/mnist-net_256x2_6_0_031.mps,/home/annelot/WARMSTART_PROJECT/baseline_symphony_21-01-2026+15_00/tmp/mnist-net_256x2/image_7/mnist-net_256x2_7_0_031.mps,UNSAT,343.111,IMAGE,
/home/annelot/WARMSTART_PROJECT/baseline_symphony_21-01-2026+15_00/tmp/mnist-net_256x2/image_7/mnist-net_256x2_7_0_029.mps,/home/annelot/WARMSTART_PROJECT/baseline_symphony_21-01-2026+15_00/tmp/mnist-net_256x2/image_6/mnist-net_256x2_6_0_029.mps,UNSAT,414.631,IMAGE,
/home/annelot/WARMSTART_PROJECT/baseline_symphony_21-01-2026+15_00/tmp/mnist-net_256x2/image_6/mnist-net_256x2_6_0_035.mps,/home/annelot/WARMSTART_PROJECT/baseline_symphony_21-01-2026+15_00/tmp/mnist-net_256x2/image_7/mnist-net_256x2_7_0_035.mps,UNSAT,737.693,IMAGE,
/home/annelot/WARMSTART_PROJECT/baseline_symphony_21-01-2026+15_00/tmp/mnist-net_256x2/image_8/mnist-net_256x2_8_0_021.mps,/home/annelot/WARMSTART_PROJECT/baseline_symphony_21-01-2026+15_00/tmp/mnist-net_256x2/image_7/mnist-net_256x2_7_0_021.mps,UNSAT,0.139,IMAGE,
/home/annelot/WARMSTART_PROJECT/baseline_symphony_21-01-2026+15_00/tmp/mnist-net_256x2/image_8/mnist-net_256x2_8_0_023.mps,/home/annelot/WARMSTART_PROJECT/baseline_symphony_21-01-2026+15_00/tmp/mnist-net_256x2/image_7/mnist-net_256x2_7_0_023.mps,UNSAT,0.778,IMAGE,
/home/annelot/WARMSTART_PROJECT/baseline_symphony_21-01-2026+15_00/tmp/mnist-net_256x2/image_8/mnist-net_256x2_8_0_025.mps,/home/annelot/WARMSTART_PROJECT/baseline_symphony_21-01-2026+15_00/tmp/mnist-net_256x2/image_7/mnist-net_256x2_7_0_025.mps,UNSAT,4.811,IMAGE,
/home/annelot/WARMSTART_PROJECT/baseline_symphony_21-01-2026+15_00/tmp/mnist-net_256x2/image_8/mnist-net_256x2_8_0_027.mps,/home/annelot/WARMSTART_PROJECT/baseline_symphony_21-01-2026+15_00/tmp/mnist-net_256x2/image_7/mnist-net_256x2_7_0_027.mps,UNSAT,8.12,IMAGE,
/home/annelot/WARMSTART_PROJECT/baseline_symphony_21-01-2026+15_00/tmp/mnist-net_256x2/image_8/mnist-net_256x2_8_0_029.mps,/home/annelot/WARMSTART_PROJECT/baseline_symphony_21-01-2026+15_00/tmp/mnist-net_256x2/image_7/mnist-net_256x2_7_0_029.mps,UNSAT,13.815,IMAGE,
/home/annelot/WARMSTART_PROJECT/baseline_symphony_21-01-2026+15_00/tmp/mnist-net_256x2/image_8/mnist-net_256x2_8_0_031.mps,/home/annelot/WARMSTART_PROJECT/baseline_symphony_21-01-2026+15_00/tmp/mnist-net_256x2/image_7/mnist-net_256x2_7_0_031.mps,UNSAT,30.843,IMAGE,
/home/annelot/WARMSTART_PROJECT/baseline_symphony_21-01-2026+15_00/tmp/mnist-net_256x2/image_8/mnist-net_256x2_8_0_033.mps,/home/annelot/WARMSTART_PROJECT/baseline_symphony_21-01-2026+15_00/tmp/mnist-net_256x2/image_7/mnist-net_256x2_7_0_033.mps,UNSAT,103.779,IMAGE,
/home/annelot/WARMSTART_PROJECT/baseline_symphony_21-01-2026+15_00/tmp/mnist-net_256x2/image_6/mnist-net_256x2_6_0_061.mps,/home/annelot/WARMSTART_PROJECT/baseline_symphony_21-01-2026+15_00/tmp/mnist-net_256x2/image_7/mnist-net_256x2_7_0_061.mps,SAT,886.019,IMAGE,
/home/annelot/WARMSTART_PROJECT/baseline_symphony_21-01-2026+15_00/tmp/mnist-net_256x2/image_8/mnist-net_256x2_8_0_035.mps,/home/annelot/WARMSTART_PROJECT/baseline_symphony_21-01-2026+15_00/tmp/mnist-net_256x2/image_7/mnist-net_256x2_7_0_035.mps,UNSAT,584.013,IMAGE,
/home/annelot/WARMSTART_PROJECT/baseline_symphony_21-01-2026+15_00/tmp/mnist-net_256x2/image_8/mnist-net_256x2_8_0_037.mps,/home/annelot/WARMSTART_PROJECT/baseline_symphony_21-01-2026+15_00/tmp/mnist-net_256x2/image_6/mnist-net_256x2_6_0_037.mps,UNSAT,439.787,IMAGE,
/home/annelot/WARMSTART_PROJECT/baseline_symphony_21-01-2026+15_00/tmp/mnist-net_256x2/image_8/mnist-net_256x2_8_0_039.mps,/home/annelot/WARMSTART_PROJECT/baseline_symphony_21-01-2026+15_00/tmp/mnist-net_256x2/image_9/mnist-net_256x2_9_0_039.mps,SAT,284.09,IMAGE,
/home/annelot/WARMSTART_PROJECT/baseline_symphony_21-01-2026+15_00/tmp/mnist-net_256x2/image_6/mnist-net_256x2_6_0_033.mps,/home/annelot/WARMSTART_PROJECT/baseline_symphony_21-01-2026+15_00/tmp/mnist-net_256x2/image_7/mnist-net_256x2_7_0_033.mps,UNSAT,1618.461,IMAGE,
/home/annelot/WARMSTART_PROJECT/baseline_symphony_21-01-2026+15_00/tmp/mnist-net_256x2/image_8/mnist-net_256x2_8_0_041.mps,/home/annelot/WARMSTART_PROJECT/baseline_symphony_21-01-2026+15_00/tmp/mnist-net_256x2/image_7/mnist-net_256x2_7_0_041.mps,SAT,267.024,IMAGE,
/home/annelot/WARMSTART_PROJECT/baseline_symphony_21-01-2026+15_00/tmp/mnist-net_256x2/image_9/mnist-net_256x2_9_0_033.mps,/home/annelot/WARMSTART_PROJECT/baseline_symphony_21-01-2026+15_00/tmp/mnist-net_256x2/image_7/mnist-net_256x2_7_0_033.mps,UNSAT,0.366,IMAGE,
/home/annelot/WARMSTART_PROJECT/baseline_symphony_21-01-2026+15_00/tmp/mnist-net_256x2/image_9/mnist-net_256x2_9_0_035.mps,/home/annelot/WARMSTART_PROJECT/baseline_symphony_21-01-2026+15_00/tmp/mnist-net_256x2/image_7/mnist-net_256x2_7_0_035.mps,UNSAT,13.909,IMAGE,
/home/annelot/WARMSTART_PROJECT/baseline_symphony_21-01-2026+15_00/tmp/mnist-net_256x2/image_9/mnist-net_256x2_9_0_037.mps,/home/annelot/WARMSTART_PROJECT/baseline_symphony_21-01-2026+15_00/tmp/mnist-net_256x2/image_6/mnist-net_256x2_6_0_037.mps,UNSAT,17.016,IMAGE,
/home/annelot/WARMSTART_PROJECT/baseline_symphony_21-01-2026+15_00/tmp/mnist-net_256x2/image_9/mnist-net_256x2_9_0_041.mps,/home/annelot/WARMSTART_PROJECT/baseline_symphony_21-01-2026+15_00/tmp/mnist-net_256x2/image_7/mnist-net_256x2_7_0_041.mps,UNSAT,94.601,IMAGE,
/home/annelot/WARMSTART_PROJECT/baseline_symphony_21-01-2026+15_00/tmp/mnist-net_256x2/image_8/mnist-net_256x2_8_0_141.mps,/home/annelot/WARMSTART_PROJECT/baseline_symphony_21-01-2026+15_00/tmp/mnist-net_256x2/image_7/mnist-net_256x2_7_0_141.mps,SAT,92.867,IMAGE,
/home/annelot/WARMSTART_PROJECT/baseline_symphony_21-01-2026+15_00/tmp/mnist-net_256x2/image_9/mnist-net_256x2_9_0_047.mps,/home/annelot/WARMSTART_PROJECT/baseline_symphony_21-01-2026+15_00/tmp/mnist-net_256x2/image_1/mnist-net_256x2_1_0_047.mps,UNSAT,125.802,IMAGE,
/home/annelot/WARMSTART_PROJECT/baseline_symphony_21-01-2026+15_00/tmp/mnist-net_256x2/image_9/mnist-net_256x2_9_0_039.mps,/home/annelot/WARMSTART_PROJECT/baseline_symphony_21-01-2026+15_00/tmp/mnist-net_256x2/image_8/mnist-net_256x2_8_0_039.mps,UNSAT,168.007,IMAGE,
/home/annelot/WARMSTART_PROJECT/baseline_symphony_21-01-2026+15_00/tmp/mnist-net_256x2/image_9/mnist-net_256x2_9_0_043.mps,/home/annelot/WARMSTART_PROJECT/baseline_symphony_21-01-2026+15_00/tmp/mnist-net_256x2/image_1/mnist-net_256x2_1_0_043.mps,UNSAT,163.158,IMAGE,
/home/annelot/WARMSTART_PROJECT/baseline_symphony_21-01-2026+15_00/tmp/mnist-net_256x2/image_9/mnist-net_256x2_9_0_049.mps,/home/annelot/WARMSTART_PROJECT/baseline_symphony_21-01-2026+15_00/tmp/mnist-net_256x2/image_1/mnist-net_256x2_1_0_049.mps,UNSAT,195.827,IMAGE,
/home/annelot/WARMSTART_PROJECT/baseline_symphony_21-01-2026+15_00/tmp/mnist-net_256x2/image_2/mnist-net_256x2_2_0_021.mps,/home/annelot/WARMSTART_PROJECT/baseline_symphony_21-01-2026+15_00/tmp/mnist-net_256x2/image_7/mnist-net_256x2_7_0_021.mps,UNSAT,0.319,IMAGE,
/home/annelot/WARMSTART_PROJECT/baseline_symphony_21-01-2026+15_00/tmp/mnist-net_256x2/image_2/mnist-net_256x2_2_0_023.mps,/home/annelot/WARMSTART_PROJECT/baseline_symphony_21-01-2026+15_00/tmp/mnist-net_256x2/image_7/mnist-net_256x2_7_0_023.mps,UNSAT,4.367,IMAGE,
/home/annelot/WARMSTART_PROJECT/baseline_symphony_21-01-2026+15_00/tmp/mnist-net_256x2/image_2/mnist-net_256x2_2_0_025.mps,/home/annelot/WARMSTART_PROJECT/baseline_symphony_21-01-2026+15_00/tmp/mnist-net_256x2/image_7/mnist-net_256x2_7_0_025.mps,UNSAT,28.917,IMAGE,
/home/annelot/WARMSTART_PROJECT/baseline_symphony_21-01-2026+15_00/tmp/mnist-net_256x2/image_2/mnist-net_256x2_2_0_027.mps,/home/annelot/WARMSTART_PROJECT/baseline_symphony_21-01-2026+15_00/tmp/mnist-net_256x2/image_7/mnist-net_256x2_7_0_027.mps,UNSAT,21.445,IMAGE,
/home/annelot/WARMSTART_PROJECT/baseline_symphony_21-01-2026+15_00/tmp/mnist-net_256x2/image_9/mnist-net_256x2_9_0_045.mps,/home/annelot/WARMSTART_PROJECT/baseline_symphony_21-01-2026+15_00/tmp/mnist-net_256x2/image_1/mnist-net_256x2_1_0_045.mps,UNSAT,270.133,IMAGE,
/home/annelot/WARMSTART_PROJECT/baseline_symphony_21-01-2026+15_00/tmp/mnist-net_256x2/image_2/mnist-net_256x2_2_0_029.mps,/home/annelot/WARMSTART_PROJECT/baseline_symphony_21-01-2026+15_00/tmp/mnist-net_256x2/image_7/mnist-net_256x2_7_0_029.mps,UNSAT,110.705,IMAGE,
/home/annelot/WARMSTART_PROJECT/baseline_symphony_21-01-2026+15_00/tmp/mnist-net_256x2/image_9/mnist-net_256x2_9_0_051.mps,/home/annelot/WARMSTART_PROJECT/baseline_symphony_21-01-2026+15_00/tmp/mnist-net_256x2/image_1/mnist-net_256x2_1_0_051.mps,UNSAT,420.919,IMAGE,
/home/annelot/WARMSTART_PROJECT/baseline_symphony_21-01-2026+15_00/tmp/mnist-net_256x2/image_9/mnist-net_256x2_9_0_057.mps,/home/annelot/WARMSTART_PROJECT/baseline_symphony_21-01-2026+15_00/tmp/mnist-net_256x2/image_3/mnist-net_256x2_3_0_057.mps,UNSAT,470.695,IMAGE,
/home/annelot/WARMSTART_PROJECT/baseline_symphony_21-01-2026+15_00/tmp/mnist-net_256x2/image_2/mnist-net_256x2_2_0_031.mps,/home/annelot/WARMSTART_PROJECT/baseline_symphony_21-01-2026+15_00/tmp/mnist-net_256x2/image_7/mnist-net_256x2_7_0_031.mps,UNSAT,228.674,IMAGE,
/home/annelot/WARMSTART_PROJECT/baseline_symphony_21-01-2026+15_00/tmp/mnist-net_256x2/image_9/mnist-net_256x2_9_0_053.mps,/home/annelot/WARMSTART_PROJECT/baseline_symphony_21-01-2026+15_00/tmp/mnist-net_256x2/image_1/mnist-net_256x2_1_0_053.mps,UNSAT,729.492,IMAGE,
/home/annelot/WARMSTART_PROJECT/baseline_symphony_21-01-2026+15_00/tmp/mnist-net_256x2/image_9/mnist-net_256x2_9_0_059.mps,/home/annelot/WARMSTART_PROJECT/baseline_symphony_21-01-2026+15_00/tmp/mnist-net_256x2/image_3/mnist-net_256x2_3_0_059.mps,UNSAT,509.573,IMAGE,
/home/annelot/WARMSTART_PROJECT/baseline_symphony_21-01-2026+15_00/tmp/mnist-net_256x2/image_2/mnist-net_256x2_2_0_033.mps,/home/annelot/WARMSTART_PROJECT/baseline_symphony_21-01-2026+15_00/tmp/mnist-net_256x2/image_7/mnist-net_256x2_7_0_033.mps,UNSAT,443.751,IMAGE,
/home/annelot/WARMSTART_PROJECT/baseline_symphony_21-01-2026+15_00/tmp/mnist-net_256x2/image_9/mnist-net_256x2_9_0_061.mps,/home/annelot/WARMSTART_PROJECT/baseline_symphony_21-01-2026+15_00/tmp/mnist-net_256x2/image_7/mnist-net_256x2_7_0_061.mps,UNSAT,1743.493,IMAGE,
/home/annelot/WARMSTART_PROJECT/baseline_symphony_21-01-2026+15_00/tmp/mnist-net_256x2/image_1/mnist-net_256x2_1_0_029.mps,/home/annelot/WARMSTART_PROJECT/baseline_symphony_21-01-2026+15_00/tmp/mnist-net_256x2/image_7/mnist-net_256x2_7_0_029.mps,UNSAT,0.183,IMAGE,
/home/annelot/WARMSTART_PROJECT/baseline_symphony_21-01-2026+15_00/tmp/mnist-net_256x2/image_1/mnist-net_256x2_1_0_031.mps,/home/annelot/WARMSTART_PROJECT/baseline_symphony_21-01-2026+15_00/tmp/mnist-net_256x2/image_7/mnist-net_256x2_7_0_031.mps,UNSAT,2.693,IMAGE,
/home/annelot/WARMSTART_PROJECT/baseline_symphony_21-01-2026+15_00/tmp/mnist-net_256x2/image_1/mnist-net_256x2_1_0_033.mps,/home/annelot/WARMSTART_PROJECT/baseline_symphony_21-01-2026+15_00/tmp/mnist-net_256x2/image_7/mnist-net_256x2_7_0_033.mps,UNSAT,10.509,IMAGE,
/home/annelot/WARMSTART_PROJECT/baseline_symphony_21-01-2026+15_00/tmp/mnist-net_256x2/image_1/mnist-net_256x2_1_0_035.mps,/home/annelot/WARMSTART_PROJECT/baseline_symphony_21-01-2026+15_00/tmp/mnist-net_256x2/image_7/mnist-net_256x2_7_0_035.mps,UNSAT,10.63,IMAGE,
/home/annelot/WARMSTART_PROJECT/baseline_symphony_21-01-2026+15_00/tmp/mnist-net_256x2/image_1/mnist-net_256x2_1_0_037.mps,/home/annelot/WARMSTART_PROJECT/baseline_symphony_21-01-2026+15_00/tmp/mnist-net_256x2/image_6/mnist-net_256x2_6_0_037.mps,UNSAT,27.704,IMAGE,
/home/annelot/WARMSTART_PROJECT/baseline_symphony_21-01-2026+15_00/tmp/mnist-net_256x2/image_1/mnist-net_256x2_1_0_039.mps,/home/annelot/WARMSTART_PROJECT/baseline_symphony_21-01-2026+15_00/tmp/mnist-net_256x2/image_8/mnist-net_256x2_8_0_039.mps,UNSAT,28.676,IMAGE,
/home/annelot/WARMSTART_PROJECT/baseline_symphony_21-01-2026+15_00/tmp/mnist-net_256x2/image_1/mnist-net_256x2_1_0_041.mps,/home/annelot/WARMSTART_PROJECT/baseline_symphony_21-01-2026+15_00/tmp/mnist-net_256x2/image_7/mnist-net_256x2_7_0_041.mps,UNSAT,53.052,IMAGE,
/home/annelot/WARMSTART_PROJECT/baseline_symphony_21-01-2026+15_00/tmp/mnist-net_256x2/image_1/mnist-net_256x2_1_0_043.mps,/home/annelot/WARMSTART_PROJECT/baseline_symphony_21-01-2026+15_00/tmp/mnist-net_256x2/image_9/mnist-net_256x2_9_0_043.mps,UNSAT,176.637,IMAGE,
/home/annelot/WARMSTART_PROJECT/baseline_symphony_21-01-2026+15_00/tmp/mnist-net_256x2/image_1/mnist-net_256x2_1_0_045.mps,/home/annelot/WARMSTART_PROJECT/baseline_symphony_21-01-2026+15_00/tmp/mnist-net_256x2/image_9/mnist-net_256x2_9_0_045.mps,UNSAT,607.293,IMAGE,
/home/annelot/WARMSTART_PROJECT/baseline_symphony_21-01-2026+15_00/tmp/mnist-net_256x2/image_1/mnist-net_256x2_1_0_047.mps,/home/annelot/WARMSTART_PROJECT/baseline_symphony_21-01-2026+15_00/tmp/mnist-net_256x2/image_9/mnist-net_256x2_9_0_047.mps,UNSAT,786.281,IMAGE,
/home/annelot/WARMSTART_PROJECT/baseline_symphony_21-01-2026+15_00/tmp/mnist-net_256x2/image_1/mnist-net_256x2_1_0_049.mps,/home/annelot/WARMSTART_PROJECT/baseline_symphony_21-01-2026+15_00/tmp/mnist-net_256x2/image_9/mnist-net_256x2_9_0_049.mps,UNSAT,852.755,IMAGE,
/home/annelot/WARMSTART_PROJECT/baseline_symphony_21-01-2026+15_00/tmp/mnist-net_256x2/image_5/mnist-net_256x2_5_0_025.mps,/home/annelot/WARMSTART_PROJECT/baseline_symphony_21-01-2026+15_00/tmp/mnist-net_256x2/image_7/mnist-net_256x2_7_0_025.mps,UNSAT,0.288,IMAGE,
/home/annelot/WARMSTART_PROJECT/baseline_symphony_21-01-2026+15_00/tmp/mnist-net_256x2/image_5/mnist-net_256x2_5_0_027.mps,/home/annelot/WARMSTART_PROJECT/baseline_symphony_21-01-2026+15_00/tmp/mnist-net_256x2/image_7/mnist-net_256x2_7_0_027.mps,UNSAT,5.132,IMAGE,
/home/annelot/WARMSTART_PROJECT/baseline_symphony_21-01-2026+15_00/tmp/mnist-net_256x2/image_5/mnist-net_256x2_5_0_029.mps,/home/annelot/WARMSTART_PROJECT/baseline_symphony_21-01-2026+15_00/tmp/mnist-net_256x2/image_7/mnist-net_256x2_7_0_029.mps,UNSAT,28.78,IMAGE,
/home/annelot/WARMSTART_PROJECT/baseline_symphony_21-01-2026+15_00/tmp/mnist-net_256x2/image_5/mnist-net_256x2_5_0_031.mps,/home/annelot/WARMSTART_PROJECT/baseline_symphony_21-01-2026+15_00/tmp/mnist-net_256x2/image_7/mnist-net_256x2_7_0_031.mps,UNSAT,20.313,IMAGE,
/home/annelot/WARMSTART_PROJECT/baseline_symphony_21-01-2026+15_00/tmp/mnist-net_256x2/image_5/mnist-net_256x2_5_0_033.mps,/home/annelot/WARMSTART_PROJECT/baseline_symphony_21-01-2026+15_00/tmp/mnist-net_256x2/image_7/mnist-net_256x2_7_0_033.mps,UNSAT,102.54,IMAGE,
/home/annelot/WARMSTART_PROJECT/baseline_symphony_21-01-2026+15_00/tmp/mnist-net_256x2/image_5/mnist-net_256x2_5_0_035.mps,/home/annelot/WARMSTART_PROJECT/baseline_symphony_21-01-2026+15_00/tmp/mnist-net_256x2/image_7/mnist-net_256x2_7_0_035.mps,UNSAT,220.146,IMAGE,
/home/annelot/WARMSTART_PROJECT/baseline_symphony_21-01-2026+15_00/tmp/mnist-net_256x2/image_5/mnist-net_256x2_5_0_037.mps,/home/annelot/WARMSTART_PROJECT/baseline_symphony_21-01-2026+15_00/tmp/mnist-net_256x2/image_6/mnist-net_256x2_6_0_037.mps,UNSAT,349.277,IMAGE,
/home/annelot/WARMSTART_PROJECT/baseline_symphony_21-01-2026+15_00/tmp/mnist-net_256x2/image_0/mnist-net_256x2_0_0_021.mps,/home/annelot/WARMSTART_PROJECT/baseline_symphony_21-01-2026+15_00/tmp/mnist-net_256x2/image_7/mnist-net_256x2_7_0_021.mps,UNSAT,101.523,IMAGE,
/home/annelot/WARMSTART_PROJECT/baseline_symphony_21-01-2026+15_00/tmp/mnist-net_256x2/image_0/mnist-net_256x2_0_0_023.mps,/home/annelot/WARMSTART_PROJECT/baseline_symphony_21-01-2026+15_00/tmp/mnist-net_256x2/image_7/mnist-net_256x2_7_0_023.mps,UNSAT,310.096,IMAGE,
/home/annelot/WARMSTART_PROJECT/baseline_symphony_21-01-2026+15_00/tmp/mnist-net_256x2/image_5/mnist-net_256x2_5_0_039.mps,/home/annelot/WARMSTART_PROJECT/baseline_symphony_21-01-2026+15_00/tmp/mnist-net_256x2/image_8/mnist-net_256x2_8_0_039.mps,UNSAT,1100.38,IMAGE,
/home/annelot/WARMSTART_PROJECT/baseline_symphony_21-01-2026+15_00/tmp/mnist-net_256x2/image_0/mnist-net_256x2_0_0_025.mps,/home/annelot/WARMSTART_PROJECT/baseline_symphony_21-01-2026+15_00/tmp/mnist-net_256x2/image_7/mnist-net_256x2_7_0_025.mps,UNSAT,1436.266,IMAGE,
/home/annelot/WARMSTART_PROJECT/baseline_symphony_21-01-2026+15_00/tmp/mnist-net_256x2/image_4/mnist-net_256x2_4_0_023.mps,/home/annelot/WARMSTART_PROJECT/baseline_symphony_21-01-2026+15_00/tmp/mnist-net_256x2/image_7/mnist-net_256x2_7_0_023.mps,UNSAT,5.167,IMAGE,
/home/annelot/WARMSTART_PROJECT/baseline_symphony_21-01-2026+15_00/tmp/mnist-net_256x2/image_4/mnist-net_256x2_4_0_021.mps,/home/annelot/WARMSTART_PROJECT/baseline_symphony_21-01-2026+15_00/tmp/mnist-net_256x2/image_7/mnist-net_256x2_7_0_021.mps,UNSAT,6.502,IMAGE,
/home/annelot/WARMSTART_PROJECT/baseline_symphony_21-01-2026+15_00/tmp/mnist-net_256x2/image_4/mnist-net_256x2_4_0_025.mps,/home/annelot/WARMSTART_PROJECT/baseline_symphony_21-01-2026+15_00/tmp/mnist-net_256x2/image_7/mnist-net_256x2_7_0_025.mps,UNSAT,13.268,IMAGE,
/home/annelot/WARMSTART_PROJECT/baseline_symphony_21-01-2026+15_00/tmp/mnist-net_256x2/image_4/mnist-net_256x2_4_0_027.mps,/home/annelot/WARMSTART_PROJECT/baseline_symphony_21-01-2026+15_00/tmp/mnist-net_256x2/image_7/mnist-net_256x2_7_0_027.mps,SAT,61.399,IMAGE,
/home/annelot/WARMSTART_PROJECT/baseline_symphony_21-01-2026+15_00/tmp/mnist-net_256x2/image_4/mnist-net_256x2_4_0_029.mps,/home/annelot/WARMSTART_PROJECT/baseline_symphony_21-01-2026+15_00/tmp/mnist-net_256x2/image_7/mnist-net_256x2_7_0_029.mps,SAT,101.076,IMAGE,
/home/annelot/WARMSTART_PROJECT/baseline_symphony_21-01-2026+15_00/tmp/mnist-net_256x2/image_4/mnist-net_256x2_4_0_031.mps,/home/annelot/WARMSTART_PROJECT/baseline_symphony_21-01-2026+15_00/tmp/mnist-net_256x2/image_7/mnist-net_256x2_7_0_031.mps,SAT,220.749,IMAGE,
/home/annelot/WARMSTART_PROJECT/baseline_symphony_21-01-2026+15_00/tmp/mnist-net_256x2/image_4/mnist-net_256x2_4_0_033.mps,/home/annelot/WARMSTART_PROJECT/baseline_symphony_21-01-2026+15_00/tmp/mnist-net_256x2/image_7/mnist-net_256x2_7_0_033.mps,SAT,427.727,IMAGE,
/home/annelot/WARMSTART_PROJECT/baseline_symphony_21-01-2026+15_00/tmp/mnist-net_256x2/image_3/mnist-net_256x2_3_0_041.mps,/home/annelot/WARMSTART_PROJECT/baseline_symphony_21-01-2026+15_00/tmp/mnist-net_256x2/image_7/mnist-net_256x2_7_0_041.mps,UNSAT,6.974,IMAGE,
/home/annelot/WARMSTART_PROJECT/baseline_symphony_21-01-2026+15_00/tmp/mnist-net_256x2/image_3/mnist-net_256x2_3_0_045.mps,/home/annelot/WARMSTART_PROJECT/baseline_symphony_21-01-2026+15_00/tmp/mnist-net_256x2/image_9/mnist-net_256x2_9_0_045.mps,UNSAT,24.876,IMAGE,
/home/annelot/WARMSTART_PROJECT/baseline_symphony_21-01-2026+15_00/tmp/mnist-net_256x2/image_3/mnist-net_256x2_3_0_043.mps,/home/annelot/WARMSTART_PROJECT/baseline_symphony_21-01-2026+15_00/tmp/mnist-net_256x2/image_9/mnist-net_256x2_9_0_043.mps,UNSAT,44.486,IMAGE,
/home/annelot/WARMSTART_PROJECT/baseline_symphony_21-01-2026+15_00/tmp/mnist-net_256x2/image_3/mnist-net_256x2_3_0_047.mps,/home/annelot/WARMSTART_PROJECT/baseline_symphony_21-01-2026+15_00/tmp/mnist-net_256x2/image_9/mnist-net_256x2_9_0_047.mps,UNSAT,51.428,IMAGE,
/home/annelot/WARMSTART_PROJECT/baseline_symphony_21-01-2026+15_00/tmp/mnist-net_256x2/image_4/mnist-net_256x2_4_0_037.mps,/home/annelot/WARMSTART_PROJECT/baseline_symphony_21-01-2026+15_00/tmp/mnist-net_256x2/image_6/mnist-net_256x2_6_0_037.mps,SAT,482.632,IMAGE,
/home/annelot/WARMSTART_PROJECT/baseline_symphony_21-01-2026+15_00/tmp/mnist-net_256x2/image_3/mnist-net_256x2_3_0_049.mps,/home/annelot/WARMSTART_PROJECT/baseline_symphony_21-01-2026+15_00/tmp/mnist-net_256x2/image_9/mnist-net_256x2_9_0_049.mps,UNSAT,60.426,IMAGE,
/home/annelot/WARMSTART_PROJECT/baseline_symphony_21-01-2026+15_00/tmp/mnist-net_256x2/image_3/mnist-net_256x2_3_0_053.mps,/home/annelot/WARMSTART_PROJECT/baseline_symphony_21-01-2026+15_00/tmp/mnist-net_256x2/image_9/mnist-net_256x2_9_0_053.mps,UNSAT,177.723,IMAGE,
/home/annelot/WARMSTART_PROJECT/baseline_symphony_21-01-2026+15_00/tmp/mnist-net_256x2/image_3/mnist-net_256x2_3_0_051.mps,/home/annelot/WARMSTART_PROJECT/baseline_symphony_21-01-2026+15_00/tmp/mnist-net_256x2/image_9/mnist-net_256x2_9_0_051.mps,UNSAT,212.785,IMAGE,
/home/annelot/WARMSTART_PROJECT/baseline_symphony_21-01-2026+15_00/tmp/mnist-net_256x2/image_3/mnist-net_256x2_3_0_055.mps,/home/annelot/WARMSTART_PROJECT/baseline_symphony_21-01-2026+15_00/tmp/mnist-net_256x2/image_9/mnist-net_256x2_9_0_055.mps,UNSAT,240.259,IMAGE,
/home/annelot/WARMSTART_PROJECT/baseline_symphony_21-01-2026+15_00/tmp/mnist-net_256x2/image_4/mnist-net_256x2_4_0_035.mps,/home/annelot/WARMSTART_PROJECT/baseline_symphony_21-01-2026+15_00/tmp/mnist-net_256x2/image_7/mnist-net_256x2_7_0_035.mps,SAT,642.954,IMAGE,
/home/annelot/WARMSTART_PROJECT/baseline_symphony_21-01-2026+15_00/tmp/mnist-net_256x2/image_4/mnist-net_256x2_4_0_039.mps,/home/annelot/WARMSTART_PROJECT/baseline_symphony_21-01-2026+15_00/tmp/mnist-net_256x2/image_8/mnist-net_256x2_8_0_039.mps,SAT,1093.985,IMAGE,
/home/annelot/WARMSTART_PROJECT/baseline_symphony_21-01-2026+15_00/tmp/mnist-net_256x2/image_4/mnist-net_256x2_4_0_041.mps,/home/annelot/WARMSTART_PROJECT/baseline_symphony_21-01-2026+15_00/tmp/mnist-net_256x2/image_7/mnist-net_256x2_7_0_041.mps,SAT,1073.203,IMAGE,
/home/annelot/WARMSTART_PROJECT/baseline_symphony_21-01-2026+15_00/tmp/mnist-net_256x2/image_3/mnist-net_256x2_3_0_141.mps,/home/annelot/WARMSTART_PROJECT/baseline_symphony_21-01-2026+15_00/tmp/mnist-net_256x2/image_7/mnist-net_256x2_7_0_141.mps,SAT,1176.695,IMAGE,
/home/annelot/WARMSTART_PROJECT/baseline_symphony_21-01-2026+15_00/tmp/mnist-net_256x2/image_7/mnist-net_256x2_7_0_023.mps,/home/annelot/WARMSTART_PROJECT/baseline_symphony_21-01-2026+15_00/tmp/mnist-net/image_7/mnist-net_7_0_023.mps,UNSAT,1.432,NETWORK,
/home/annelot/WARMSTART_PROJECT/baseline_symphony_21-01-2026+15_00/tmp/mnist-net_256x2/image_7/mnist-net_256x2_7_0_025.mps,/home/annelot/WARMSTART_PROJECT/baseline_symphony_21-01-2026+15_00/tmp/mnist-net/image_7/mnist-net_7_0_025.mps,UNSAT,17.31,NETWORK,
/home/annelot/WARMSTART_PROJECT/baseline_symphony_21-01-2026+15_00/tmp/mnist-net_256x2/image_3/mnist-net_256x2_3_0_057.mps,/home/annelot/WARMSTART_PROJECT/baseline_symphony_21-01-2026+15_00/tmp/mnist-net_256x2/image_9/mnist-net_256x2_9_0_057.mps,UNSAT,1215.747,IMAGE,
/home/annelot/WARMSTART_PROJECT/baseline_symphony_21-01-2026+15_00/tmp/mnist-net_256x2/image_7/mnist-net_256x2_7_0_027.mps,/home/annelot/WARMSTART_PROJECT/baseline_symphony_21-01-2026+15_00/tmp/mnist-net/image_7/mnist-net_7_0_027.mps,UNSAT,58.457,NETWORK,
/home/annelot/WARMSTART_PROJECT/baseline_symphony_21-01-2026+15_00/tmp/mnist-net_256x2/image_7/mnist-net_256x2_7_0_029.mps,/home/annelot/WARMSTART_PROJECT/baseline_symphony_21-01-2026+15_00/tmp/mnist-net/image_7/mnist-net_7_0_029.mps,UNSAT,412.774,NETWORK,
/home/annelot/WARMSTART_PROJECT/baseline_symphony_21-01-2026+15_00/tmp/mnist-net_256x2/image_6/mnist-net_256x2_6_0_023.mps,/home/annelot/WARMSTART_PROJECT/baseline_symphony_21-01-2026+15_00/tmp/mnist-net/image_6/mnist-net_6_0_023.mps,UNSAT,0.332,NETWORK,
/home/annelot/WARMSTART_PROJECT/baseline_symphony_21-01-2026+15_00/tmp/mnist-net_256x2/image_6/mnist-net_256x2_6_0_025.mps,/home/annelot/WARMSTART_PROJECT/baseline_symphony_21-01-2026+15_00/tmp/mnist-net/image_6/mnist-net_6_0_025.mps,UNSAT,3.203,NETWORK,
/home/annelot/WARMSTART_PROJECT/baseline_symphony_21-01-2026+15_00/tmp/mnist-net_256x2/image_3/mnist-net_256x2_3_0_121.mps,/home/annelot/WARMSTART_PROJECT/baseline_symphony_21-01-2026+15_00/tmp/mnist-net_256x2/image_7/mnist-net_256x2_7_0_121.mps,SAT,1907.1,IMAGE,
/home/annelot/WARMSTART_PROJECT/baseline_symphony_21-01-2026+15_00/tmp/mnist-net_256x2/image_6/mnist-net_256x2_6_0_027.mps,/home/annelot/WARMSTART_PROJECT/baseline_symphony_21-01-2026+15_00/tmp/mnist-net/image_6/mnist-net_6_0_027.mps,UNSAT,22.515,NETWORK,
/home/annelot/WARMSTART_PROJECT/baseline_symphony_21-01-2026+15_00/tmp/mnist-net_256x2/image_6/mnist-net_256x2_6_0_029.mps,/home/annelot/WARMSTART_PROJECT/baseline_symphony_21-01-2026+15_00/tmp/mnist-net/image_6/mnist-net_6_0_029.mps,UNSAT,43.045,NETWORK,
/home/annelot/WARMSTART_PROJECT/baseline_symphony_21-01-2026+15_00/tmp/mnist-net_256x2/image_6/mnist-net_256x2_6_0_031.mps,/home/annelot/WARMSTART_PROJECT/baseline_symphony_21-01-2026+15_00/tmp/mnist-net/image_6/mnist-net_6_0_031.mps,UNSAT,570.654,NETWORK,
/home/annelot/WARMSTART_PROJECT/baseline_symphony_21-01-2026+15_00/tmp/mnist-net_256x2/image_6/mnist-net_256x2_6_0_035.mps,/home/annelot/WARMSTART_PROJECT/baseline_symphony_21-01-2026+15_00/tmp/mnist-net/image_6/mnist-net_6_0_035.mps,UNSAT,742.048,NETWORK,
/home/annelot/WARMSTART_PROJECT/baseline_symphony_21-01-2026+15_00/tmp/mnist-net_256x2/image_8/mnist-net_256x2_8_0_141.mps,/home/annelot/WARMSTART_PROJECT/baseline_symphony_21-01-2026+15_00/tmp/mnist-net_256x4/image_8/mnist-net_256x4_8_0_141.mps,SAT,56.046,NETWORK,
/home/annelot/WARMSTART_PROJECT/baseline_symphony_21-01-2026+15_00/tmp/mnist-net_256x2/image_6/mnist-net_256x2_6_0_061.mps,/home/annelot/WARMSTART_PROJECT/baseline_symphony_21-01-2026+15_00/tmp/mnist-net/image_6/mnist-net_6_0_061.mps,SAT,1458.136,NETWORK,
/home/annelot/WARMSTART_PROJECT/baseline_symphony_21-01-2026+15_00/tmp/mnist-net_256x2/image_8/mnist-net_256x2_8_0_021.mps,/home/annelot/WARMSTART_PROJECT/baseline_symphony_21-01-2026+15_00/tmp/mnist-net_256x4/image_8/mnist-net_256x4_8_0_021.mps,UNSAT,0.217,NETWORK,
/home/annelot/WARMSTART_PROJECT/baseline_symphony_21-01-2026+15_00/tmp/mnist-net_256x2/image_8/mnist-net_256x2_8_0_023.mps,/home/annelot/WARMSTART_PROJECT/baseline_symphony_21-01-2026+15_00/tmp/mnist-net_256x4/image_8/mnist-net_256x4_8_0_023.mps,UNSAT,1.232,NETWORK,
/home/annelot/WARMSTART_PROJECT/baseline_symphony_21-01-2026+15_00/tmp/mnist-net_256x2/image_8/mnist-net_256x2_8_0_025.mps,/home/annelot/WARMSTART_PROJECT/baseline_symphony_21-01-2026+15_00/tmp/mnist-net_256x4/image_8/mnist-net_256x4_8_0_025.mps,UNSAT,7.832,NETWORK,
/home/annelot/WARMSTART_PROJECT/baseline_symphony_21-01-2026+15_00/tmp/mnist-net_256x2/image_8/mnist-net_256x2_8_0_027.mps,/home/annelot/WARMSTART_PROJECT/baseline_symphony_21-01-2026+15_00/tmp/mnist-net_256x4/image_8/mnist-net_256x4_8_0_027.mps,UNSAT,13.297,NETWORK,
/home/annelot/WARMSTART_PROJECT/baseline_symphony_21-01-2026+15_00/tmp/mnist-net_256x2/image_8/mnist-net_256x2_8_0_029.mps,/home/annelot/WARMSTART_PROJECT/baseline_symphony_21-01-2026+15_00/tmp/mnist-net_256x4/image_8/mnist-net_256x4_8_0_029.mps,UNSAT,22.672,NETWORK,
/home/annelot/WARMSTART_PROJECT/baseline_symphony_21-01-2026+15_00/tmp/mnist-net_256x2/image_8/mnist-net_256x2_8_0_031.mps,/home/annelot/WARMSTART_PROJECT/baseline_symphony_21-01-2026+15_00/tmp/mnist-net_256x4/image_8/mnist-net_256x4_8_0_031.mps,UNSAT,30.922,NETWORK,
/home/annelot/WARMSTART_PROJECT/baseline_symphony_21-01-2026+15_00/tmp/mnist-net_256x2/image_6/mnist-net_256x2_6_0_033.mps,/home/annelot/WARMSTART_PROJECT/baseline_symphony_21-01-2026+15_00/tmp/mnist-net/image_6/mnist-net_6_0_033.mps,UNSAT,1598.167,NETWORK,
/home/annelot/WARMSTART_PROJECT/baseline_symphony_21-01-2026+15_00/tmp/mnist-net_256x2/image_8/mnist-net_256x2_8_0_033.mps,/home/annelot/WARMSTART_PROJECT/baseline_symphony_21-01-2026+15_00/tmp/mnist-net_256x4/image_8/mnist-net_256x4_8_0_033.mps,UNSAT,169.756,NETWORK,
/home/annelot/WARMSTART_PROJECT/baseline_symphony_21-01-2026+15_00/tmp/mnist-net_256x2/image_8/mnist-net_256x2_8_0_041.mps,/home/annelot/WARMSTART_PROJECT/baseline_symphony_21-01-2026+15_00/tmp/mnist-net_256x4/image_8/mnist-net_256x4_8_0_041.mps,SAT,438.83,NETWORK,
/home/annelot/WARMSTART_PROJECT/baseline_symphony_21-01-2026+15_00/tmp/mnist-net_256x2/image_9/mnist-net_256x2_9_0_033.mps,/home/annelot/WARMSTART_PROJECT/baseline_symphony_21-01-2026+15_00/tmp/mnist-net/image_9/mnist-net_9_0_033.mps,UNSAT,0.37,NETWORK,
/home/annelot/WARMSTART_PROJECT/baseline_symphony_21-01-2026+15_00/tmp/mnist-net_256x2/image_9/mnist-net_256x2_9_0_035.mps,/home/annelot/WARMSTART_PROJECT/baseline_symphony_21-01-2026+15_00/tmp/mnist-net/image_9/mnist-net_9_0_035.mps,UNSAT,8.803,NETWORK,
/home/annelot/WARMSTART_PROJECT/baseline_symphony_21-01-2026+15_00/tmp/mnist-net_256x2/image_9/mnist-net_256x2_9_0_037.mps,/home/annelot/WARMSTART_PROJECT/baseline_symphony_21-01-2026+15_00/tmp/mnist-net/image_9/mnist-net_9_0_037.mps,UNSAT,10.505,NETWORK,
/home/annelot/WARMSTART_PROJECT/baseline_symphony_21-01-2026+15_00/tmp/mnist-net_256x2/image_9/mnist-net_256x2_9_0_041.mps,/home/annelot/WARMSTART_PROJECT/baseline_symphony_21-01-2026+15_00/tmp/mnist-net/image_9/mnist-net_9_0_041.mps,UNSAT,58.159,NETWORK,
/home/annelot/WARMSTART_PROJECT/baseline_symphony_21-01-2026+15_00/tmp/mnist-net_256x2/image_9/mnist-net_256x2_9_0_039.mps,/home/annelot/WARMSTART_PROJECT/baseline_symphony_21-01-2026+15_00/tmp/mnist-net/image_9/mnist-net_9_0_039.mps,UNSAT,103.568,NETWORK,
/home/annelot/WARMSTART_PROJECT/baseline_symphony_21-01-2026+15_00/tmp/mnist-net_256x2/image_9/mnist-net_256x2_9_0_043.mps,/home/annelot/WARMSTART_PROJECT/baseline_symphony_21-01-2026+15_00/tmp/mnist-net/image_9/mnist-net_9_0_043.mps,UNSAT,99.849,NETWORK,
/home/annelot/WARMSTART_PROJECT/baseline_symphony_21-01-2026+15_00/tmp/mnist-net_256x2/image_9/mnist-net_256x2_9_0_049.mps,/home/annelot/WARMSTART_PROJECT/baseline_symphony_21-01-2026+15_00/tmp/mnist-net/image_9/mnist-net_9_0_049.mps,UNSAT,120.065,NETWORK,
/home/annelot/WARMSTART_PROJECT/baseline_symphony_21-01-2026+15_00/tmp/mnist-net_256x2/image_9/mnist-net_256x2_9_0_047.mps,/home/annelot/WARMSTART_PROJECT/baseline_symphony_21-01-2026+15_00/tmp/mnist-net/image_9/mnist-net_9_0_047.mps,UNSAT,206.05,NETWORK,
/home/annelot/WARMSTART_PROJECT/baseline_symphony_21-01-2026+15_00/tmp/mnist-net_256x2/image_9/mnist-net_256x2_9_0_045.mps,/home/annelot/WARMSTART_PROJECT/baseline_symphony_21-01-2026+15_00/tmp/mnist-net/image_9/mnist-net_9_0_045.mps,UNSAT,441.719,NETWORK,
/home/annelot/WARMSTART_PROJECT/baseline_symphony_21-01-2026+15_00/tmp/mnist-net_256x2/image_9/mnist-net_256x2_9_0_051.mps,/home/annelot/WARMSTART_PROJECT/baseline_symphony_21-01-2026+15_00/tmp/mnist-net/image_9/mnist-net_9_0_051.mps,UNSAT,424.576,NETWORK,
/home/annelot/WARMSTART_PROJECT/baseline_symphony_21-01-2026+15_00/tmp/mnist-net_256x2/image_9/mnist-net_256x2_9_0_053.mps,/home/annelot/WARMSTART_PROJECT/baseline_symphony_21-01-2026+15_00/tmp/mnist-net/image_9/mnist-net_9_0_053.mps,UNSAT,443.324,NETWORK,
/home/annelot/WARMSTART_PROJECT/baseline_symphony_21-01-2026+15_00/tmp/mnist-net_256x2/image_9/mnist-net_256x2_9_0_057.mps,/home/annelot/WARMSTART_PROJECT/baseline_symphony_21-01-2026+15_00/tmp/mnist-net/image_9/mnist-net_9_0_057.mps,UNSAT,468.538,NETWORK,
/home/annelot/WARMSTART_PROJECT/baseline_symphony_21-01-2026+15_00/tmp/mnist-net_256x2/image_9/mnist-net_256x2_9_0_061.mps,/home/annelot/WARMSTART_PROJECT/baseline_symphony_21-01-2026+15_00/tmp/mnist-net/image_9/mnist-net_9_0_061.mps,UNSAT,1733.333,NETWORK,
/home/annelot/WARMSTART_PROJECT/baseline_symphony_21-01-2026+15_00/tmp/mnist-net_256x2/image_2/mnist-net_256x2_2_0_021.mps,/home/annelot/WARMSTART_PROJECT/baseline_symphony_21-01-2026+15_00/tmp/mnist-net/image_2/mnist-net_2_0_021.mps,UNSAT,0.215,NETWORK,
/home/annelot/WARMSTART_PROJECT/baseline_symphony_21-01-2026+15_00/tmp/mnist-net_256x2/image_9/mnist-net_256x2_9_0_059.mps,/home/annelot/WARMSTART_PROJECT/baseline_symphony_21-01-2026+15_00/tmp/mnist-net/image_9/mnist-net_9_0_059.mps,UNSAT,832.723,NETWORK,
/home/annelot/WARMSTART_PROJECT/baseline_symphony_21-01-2026+15_00/tmp/mnist-net_256x2/image_2/mnist-net_256x2_2_0_023.mps,/home/annelot/WARMSTART_PROJECT/baseline_symphony_21-01-2026+15_00/tmp/mnist-net/image_2/mnist-net_2_0_023.mps,UNSAT,4.261,NETWORK,
/home/annelot/WARMSTART_PROJECT/baseline_symphony_21-01-2026+15_00/tmp/mnist-net_256x2/image_2/mnist-net_256x2_2_0_025.mps,/home/annelot/WARMSTART_PROJECT/baseline_symphony_21-01-2026+15_00/tmp/mnist-net/image_2/mnist-net_2_0_025.mps,UNSAT,28.75,NETWORK,
/home/annelot/WARMSTART_PROJECT/baseline_symphony_21-01-2026+15_00/tmp/mnist-net_256x2/image_2/mnist-net_256x2_2_0_027.mps,/home/annelot/WARMSTART_PROJECT/baseline_symphony_21-01-2026+15_00/tmp/mnist-net/image_2/mnist-net_2_0_027.mps,UNSAT,21.19,NETWORK,
/home/annelot/WARMSTART_PROJECT/baseline_symphony_21-01-2026+15_00/tmp/mnist-net/image_9/mnist-net_9_0_221.mps,/home/annelot/WARMSTART_PROJECT/baseline_symphony_21-01-2026+15_00/tmp/mnist-net_256x4/image_9/mnist-net_256x4_9_0_221.mps,SAT,1128.646,NETWORK,
/home/annelot/WARMSTART_PROJECT/baseline_symphony_21-01-2026+15_00/tmp/mnist-net_256x2/image_2/mnist-net_256x2_2_0_029.mps,/home/annelot/WARMSTART_PROJECT/baseline_symphony_21-01-2026+15_00/tmp/mnist-net/image_2/mnist-net_2_0_029.mps,UNSAT,110.011,NETWORK,
/home/annelot/WARMSTART_PROJECT/baseline_symphony_21-01-2026+15_00/tmp/mnist-net_256x2/image_2/mnist-net_256x2_2_0_031.mps,/home/annelot/WARMSTART_PROJECT/baseline_symphony_21-01-2026+15_00/tmp/mnist-net/image_2/mnist-net_2_0_031.mps,UNSAT,379.015,NETWORK,
/home/annelot/WARMSTART_PROJECT/baseline_symphony_21-01-2026+15_00/tmp/mnist-net_256x2/image_9/mnist-net_256x2_9_0_063.mps,/home/annelot/WARMSTART_PROJECT/baseline_symphony_21-01-2026+15_00/tmp/mnist-net/image_9/mnist-net_9_0_063.mps,UNSAT,1963.061,NETWORK,
/home/annelot/WARMSTART_PROJECT/baseline_symphony_21-01-2026+15_00/tmp/mnist-net_256x2/image_2/mnist-net_256x2_2_0_033.mps,/home/annelot/WARMSTART_PROJECT/baseline_symphony_21-01-2026+15_00/tmp/mnist-net/image_2/mnist-net_2_0_033.mps,UNSAT,743.725,NETWORK,
/home/annelot/WARMSTART_PROJECT/baseline_symphony_21-01-2026+15_00/tmp/mnist-net_256x2/image_1/mnist-net_256x2_1_0_041.mps,/home/annelot/WARMSTART_PROJECT/baseline_symphony_21-01-2026+15_00/tmp/mnist-net/image_1/mnist-net_1_0_041.mps,UNSAT,53.036,NETWORK,
/home/annelot/WARMSTART_PROJECT/baseline_symphony_21-01-2026+15_00/tmp/mnist-net_256x2/image_1/mnist-net_256x2_1_0_043.mps,/home/annelot/WARMSTART_PROJECT/baseline_symphony_21-01-2026+15_00/tmp/mnist-net/image_1/mnist-net_1_0_043.mps,UNSAT,106.045,NETWORK,
/home/annelot/WARMSTART_PROJECT/baseline_symphony_21-01-2026+15_00/tmp/mnist-net_256x2/image_1/mnist-net_256x2_1_0_045.mps,/home/annelot/WARMSTART_PROJECT/baseline_symphony_21-01-2026+15_00/tmp/mnist-net/image_1/mnist-net_1_0_045.mps,UNSAT,603.834,NETWORK,
/home/annelot/WARMSTART_PROJECT/baseline_symphony_21-01-2026+15_00/tmp/mnist-net_256x2/image_1/mnist-net_256x2_1_0_047.mps,/home/annelot/WARMSTART_PROJECT/baseline_symphony_21-01-2026+15_00/tmp/mnist-net_256x4/image_1/mnist-net_256x4_1_0_047.mps,UNSAT,779.918,NETWORK,
/home/annelot/WARMSTART_PROJECT/baseline_symphony_21-01-2026+15_00/tmp/mnist-net_256x2/image_5/mnist-net_256x2_5_0_025.mps,/home/annelot/WARMSTART_PROJECT/baseline_symphony_21-01-2026+15_00/tmp/mnist-net/image_5/mnist-net_5_0_025.mps,UNSAT,0.282,NETWORK,
/home/annelot/WARMSTART_PROJECT/baseline_symphony_21-01-2026+15_00/tmp/mnist-net_256x2/image_5/mnist-net_256x2_5_0_027.mps,/home/annelot/WARMSTART_PROJECT/baseline_symphony_21-01-2026+15_00/tmp/mnist-net/image_5/mnist-net_5_0_027.mps,UNSAT,5.085,NETWORK,
/home/annelot/WARMSTART_PROJECT/baseline_symphony_21-01-2026+15_00/tmp/mnist-net_256x2/image_5/mnist-net_256x2_5_0_029.mps,/home/annelot/WARMSTART_PROJECT/baseline_symphony_21-01-2026+15_00/tmp/mnist-net/image_5/mnist-net_5_0_029.mps,UNSAT,28.498,NETWORK,
/home/annelot/WARMSTART_PROJECT/baseline_symphony_21-01-2026+15_00/tmp/mnist-net_256x2/image_5/mnist-net_256x2_5_0_031.mps,/home/annelot/WARMSTART_PROJECT/baseline_symphony_21-01-2026+15_00/tmp/mnist-net/image_5/mnist-net_5_0_031.mps,UNSAT,20.197,NETWORK,
/home/annelot/WARMSTART_PROJECT/baseline_symphony_21-01-2026+15_00/tmp/mnist-net_256x2/image_5/mnist-net_256x2_5_0_033.mps,/home/annelot/WARMSTART_PROJECT/baseline_symphony_21-01-2026+15_00/tmp/mnist-net/image_5/mnist-net_5_0_033.mps,UNSAT,102.04,NETWORK,
/home/annelot/WARMSTART_PROJECT/baseline_symphony_21-01-2026+15_00/tmp/mnist-net_256x2/image_5/mnist-net_256x2_5_0_035.mps,/home/annelot/WARMSTART_PROJECT/baseline_symphony_21-01-2026+15_00/tmp/mnist-net/image_5/mnist-net_5_0_035.mps,UNSAT,219.341,NETWORK,
/home/annelot/WARMSTART_PROJECT/baseline_symphony_21-01-2026+15_00/tmp/mnist-net_256x2/image_5/mnist-net_256x2_5_0_037.mps,/home/annelot/WARMSTART_PROJECT/baseline_symphony_21-01-2026+15_00/tmp/mnist-net/image_5/mnist-net_5_0_037.mps,UNSAT,345.346,NETWORK,
/home/annelot/WARMSTART_PROJECT/baseline_symphony_21-01-2026+15_00/tmp/mnist-net_256x2/image_0/mnist-net_256x2_0_0_021.mps,/home/annelot/WARMSTART_PROJECT/baseline_symphony_21-01-2026+15_00/tmp/mnist-net_256x4/image_0/mnist-net_256x4_0_0_021.mps,UNSAT,62.017,NETWORK,
/home/annelot/WARMSTART_PROJECT/baseline_symphony_21-01-2026+15_00/tmp/mnist-net_256x2/image_0/mnist-net_256x2_0_0_023.mps,/home/annelot/WARMSTART_PROJECT/baseline_symphony_21-01-2026+15_00/tmp/mnist-net_256x4/image_0/mnist-net_256x4_0_0_023.mps,UNSAT,310.241,NETWORK,
/home/annelot/WARMSTART_PROJECT/baseline_symphony_21-01-2026+15_00/tmp/mnist-net_256x2/image_4/mnist-net_256x2_4_0_021.mps,/home/annelot/WARMSTART_PROJECT/baseline_symphony_21-01-2026+15_00/tmp/mnist-net/image_4/mnist-net_4_0_021.mps,UNSAT,6.526,NETWORK,
/home/annelot/WARMSTART_PROJECT/baseline_symphony_21-01-2026+15_00/tmp/mnist-net_256x2/image_4/mnist-net_256x2_4_0_023.mps,/home/annelot/WARMSTART_PROJECT/baseline_symphony_21-01-2026+15_00/tmp/mnist-net/image_4/mnist-net_4_0_023.mps,UNSAT,5.191,NETWORK,
/home/annelot/WARMSTART_PROJECT/baseline_symphony_21-01-2026+15_00/tmp/mnist-net_256x2/image_4/mnist-net_256x2_4_0_025.mps,/home/annelot/WARMSTART_PROJECT/baseline_symphony_21-01-2026+15_00/tmp/mnist-net/image_4/mnist-net_4_0_025.mps,UNSAT,13.299,NETWORK,
/home/annelot/WARMSTART_PROJECT/baseline_symphony_21-01-2026+15_00/tmp/mnist-net_256x2/image_4/mnist-net_256x2_4_0_027.mps,/home/annelot/WARMSTART_PROJECT/baseline_symphony_21-01-2026+15_00/tmp/mnist-net/image_4/mnist-net_4_0_027.mps,SAT,61.183,NETWORK,
/home/annelot/WARMSTART_PROJECT/baseline_symphony_21-01-2026+15_00/tmp/mnist-net_256x2/image_4/mnist-net_256x2_4_0_029.mps,/home/annelot/WARMSTART_PROJECT/baseline_symphony_21-01-2026+15_00/tmp/mnist-net/image_4/mnist-net_4_0_029.mps,SAT,100.262,NETWORK,
/home/annelot/WARMSTART_PROJECT/baseline_symphony_21-01-2026+15_00/tmp/mnist-net_256x2/image_4/mnist-net_256x2_4_0_031.mps,/home/annelot/WARMSTART_PROJECT/baseline_symphony_21-01-2026+15_00/tmp/mnist-net/image_4/mnist-net_4_0_031.mps,SAT,218.446,NETWORK,
/home/annelot/WARMSTART_PROJECT/baseline_symphony_21-01-2026+15_00/tmp/mnist-net_256x2/image_4/mnist-net_256x2_4_0_019.mps,/home/annelot/WARMSTART_PROJECT/baseline_symphony_21-01-2026+15_00/tmp/mnist-net/image_4/mnist-net_4_0_019.mps,UNSAT,2.21,NETWORK,
/home/annelot/WARMSTART_PROJECT/baseline_symphony_21-01-2026+15_00/tmp/mnist-net_256x2/image_4/mnist-net_256x2_4_0_017.mps,/home/annelot/WARMSTART_PROJECT/baseline_symphony_21-01-2026+15_00/tmp/mnist-net/image_4/mnist-net_4_0_017.mps,UNSAT,0.199,NETWORK,
/home/annelot/WARMSTART_PROJECT/baseline_symphony_21-01-2026+15_00/tmp/mnist-net_256x2/image_4/mnist-net_256x2_4_0_033.mps,/home/annelot/WARMSTART_PROJECT/baseline_symphony_21-01-2026+15_00/tmp/mnist-net/image_4/mnist-net_4_0_033.mps,SAT,259.654,NETWORK,
/home/annelot/WARMSTART_PROJECT/baseline_symphony_21-01-2026+15_00/tmp/mnist-net_256x2/image_0/mnist-net_256x2_0_0_025.mps,/home/annelot/WARMSTART_PROJECT/baseline_symphony_21-01-2026+15_00/tmp/mnist-net_256x4/image_0/mnist-net_256x4_0_0_025.mps,UNSAT,1428.725,NETWORK,
/home/annelot/WARMSTART_PROJECT/baseline_symphony_21-01-2026+15_00/tmp/mnist-net_256x2/image_4/mnist-net_256x2_4_0_037.mps,/home/annelot/WARMSTART_PROJECT/baseline_symphony_21-01-2026+15_00/tmp/mnist-net/image_4/mnist-net_4_0_037.mps,SAT,295.572,NETWORK,
/home/annelot/WARMSTART_PROJECT/baseline_symphony_21-01-2026+15_00/tmp/mnist-net_256x2/image_3/mnist-net_256x2_3_0_041.mps,/home/annelot/WARMSTART_PROJECT/baseline_symphony_21-01-2026+15_00/tmp/mnist-net_256x4/image_3/mnist-net_256x4_3_0_041.mps,UNSAT,4.37,NETWORK,
/home/annelot/WARMSTART_PROJECT/baseline_symphony_21-01-2026+15_00/tmp/mnist-net/image_7/mnist-net_7_0_027.mps,/home/annelot/WARMSTART_PROJECT/baseline_symphony_21-01-2026+15_00/tmp/mnist-net/image_6/mnist-net_6_0_027.mps,UNSAT,0.486,IMAGE,
/home/annelot/WARMSTART_PROJECT/baseline_symphony_21-01-2026+15_00/tmp/mnist-net/image_7/mnist-net_7_0_029.mps,/home/annelot/WARMSTART_PROJECT/baseline_symphony_21-01-2026+15_00/tmp/mnist-net/image_6/mnist-net_6_0_029.mps,UNSAT,21.174,IMAGE,
/home/annelot/WARMSTART_PROJECT/baseline_symphony_21-01-2026+15_00/tmp/mnist-net/image_7/mnist-net_7_0_031.mps,/home/annelot/WARMSTART_PROJECT/baseline_symphony_21-01-2026+15_00/tmp/mnist-net/image_6/mnist-net_6_0_031.mps,UNSAT,80.764,IMAGE,
/home/annelot/WARMSTART_PROJECT/baseline_symphony_21-01-2026+15_00/tmp/mnist-net/image_7/mnist-net_7_0_033.mps,/home/annelot/WARMSTART_PROJECT/baseline_symphony_21-01-2026+15_00/tmp/mnist-net/image_6/mnist-net_6_0_033.mps,UNSAT,93.527,IMAGE,
/home/annelot/WARMSTART_PROJECT/baseline_symphony_21-01-2026+15_00/tmp/mnist-net_256x2/image_4/mnist-net_256x2_4_0_035.mps,/home/annelot/WARMSTART_PROJECT/baseline_symphony_21-01-2026+15_00/tmp/mnist-net/image_4/mnist-net_4_0_035.mps,SAT,649.303,NETWORK,
/home/annelot/WARMSTART_PROJECT/baseline_symphony_21-01-2026+15_00/tmp/mnist-net_256x2/image_4/mnist-net_256x2_4_0_041.mps,/home/annelot/WARMSTART_PROJECT/baseline_symphony_21-01-2026+15_00/tmp/mnist-net/image_4/mnist-net_4_0_041.mps,SAT,1077.449,NETWORK,
/home/annelot/WARMSTART_PROJECT/baseline_symphony_21-01-2026+15_00/tmp/mnist-net/image_4/mnist-net_4_0_081.mps,/home/annelot/WARMSTART_PROJECT/baseline_symphony_21-01-2026+15_00/tmp/mnist-net_256x4/image_4/mnist-net_256x4_4_0_081.mps,SAT,930.744,NETWORK,
/home/annelot/WARMSTART_PROJECT/baseline_symphony_21-01-2026+15_00/tmp/mnist-net_256x2/image_4/mnist-net_256x2_4_0_039.mps,/home/annelot/WARMSTART_PROJECT/baseline_symphony_21-01-2026+15_00/tmp/mnist-net/image_4/mnist-net_4_0_039.mps,SAT,1101.726,NETWORK,
/home/annelot/WARMSTART_PROJECT/baseline_symphony_21-01-2026+15_00/tmp/mnist-net/image_7/mnist-net_7_0_035.mps,/home/annelot/WARMSTART_PROJECT/baseline_symphony_21-01-2026+15_00/tmp/mnist-net/image_6/mnist-net_6_0_035.mps,UNSAT,795.073,IMAGE,
/home/annelot/WARMSTART_PROJECT/baseline_symphony_21-01-2026+15_00/tmp/mnist-net_256x2/image_3/mnist-net_256x2_3_0_141.mps,/home/annelot/WARMSTART_PROJECT/baseline_symphony_21-01-2026+15_00/tmp/mnist-net/image_3/mnist-net_3_0_141.mps,SAT,1982.037,NETWORK,
/home/annelot/WARMSTART_PROJECT/baseline_symphony_21-01-2026+15_00/tmp/mnist-net/image_6/mnist-net_6_0_027.mps,/home/annelot/WARMSTART_PROJECT/baseline_symphony_21-01-2026+15_00/tmp/mnist-net/image_7/mnist-net_7_0_027.mps,UNSAT,0.508,IMAGE,
/home/annelot/WARMSTART_PROJECT/baseline_symphony_21-01-2026+15_00/tmp/mnist-net/image_6/mnist-net_6_0_029.mps,/home/annelot/WARMSTART_PROJECT/baseline_symphony_21-01-2026+15_00/tmp/mnist-net/image_7/mnist-net_7_0_029.mps,UNSAT,5.832,IMAGE,
/home/annelot/WARMSTART_PROJECT/baseline_symphony_21-01-2026+15_00/tmp/mnist-net/image_6/mnist-net_6_0_031.mps,/home/annelot/WARMSTART_PROJECT/baseline_symphony_21-01-2026+15_00/tmp/mnist-net/image_7/mnist-net_7_0_031.mps,UNSAT,291.506,IMAGE,
/home/annelot/WARMSTART_PROJECT/baseline_symphony_21-01-2026+15_00/tmp/mnist-net/image_6/mnist-net_6_0_033.mps,/home/annelot/WARMSTART_PROJECT/baseline_symphony_21-01-2026+15_00/tmp/mnist-net/image_7/mnist-net_7_0_033.mps,UNSAT,227.73,IMAGE,
/home/annelot/WARMSTART_PROJECT/baseline_symphony_21-01-2026+15_00/tmp/mnist-net/image_7/mnist-net_7_0_037.mps,/home/annelot/WARMSTART_PROJECT/baseline_symphony_21-01-2026+15_00/tmp/mnist-net/image_6/mnist-net_6_0_037.mps,UNSAT,1575.824,IMAGE,
/home/annelot/WARMSTART_PROJECT/baseline_symphony_21-01-2026+15_00/tmp/mnist-net/image_9/mnist-net_9_0_037.mps,/home/annelot/WARMSTART_PROJECT/baseline_symphony_21-01-2026+15_00/tmp/mnist-net/image_7/mnist-net_7_0_037.mps,UNSAT,0.256,IMAGE,
/home/annelot/WARMSTART_PROJECT/baseline_symphony_21-01-2026+15_00/tmp/mnist-net/image_9/mnist-net_9_0_043.mps,/home/annelot/WARMSTART_PROJECT/baseline_symphony_21-01-2026+15_00/tmp/mnist-net/image_1/mnist-net_1_0_043.mps,UNSAT,2.699,IMAGE,
/home/annelot/WARMSTART_PROJECT/baseline_symphony_21-01-2026+15_00/tmp/mnist-net/image_9/mnist-net_9_0_039.mps,/home/annelot/WARMSTART_PROJECT/baseline_symphony_21-01-2026+15_00/tmp/mnist-net/image_4/mnist-net_4_0_039.mps,UNSAT,4.014,IMAGE,
/home/annelot/WARMSTART_PROJECT/baseline_symphony_21-01-2026+15_00/tmp/mnist-net/image_9/mnist-net_9_0_041.mps,/home/annelot/WARMSTART_PROJECT/baseline_symphony_21-01-2026+15_00/tmp/mnist-net/image_7/mnist-net_7_0_041.mps,UNSAT,5.124,IMAGE,
/home/annelot/WARMSTART_PROJECT/baseline_symphony_21-01-2026+15_00/tmp/mnist-net/image_9/mnist-net_9_0_045.mps,/home/annelot/WARMSTART_PROJECT/baseline_symphony_21-01-2026+15_00/tmp/mnist-net/image_1/mnist-net_1_0_045.mps,UNSAT,6.75,IMAGE,
/home/annelot/WARMSTART_PROJECT/baseline_symphony_21-01-2026+15_00/tmp/mnist-net/image_6/mnist-net_6_0_035.mps,/home/annelot/WARMSTART_PROJECT/baseline_symphony_21-01-2026+15_00/tmp/mnist-net/image_7/mnist-net_7_0_035.mps,UNSAT,1258.319,IMAGE,
/home/annelot/WARMSTART_PROJECT/baseline_symphony_21-01-2026+15_00/tmp/mnist-net/image_2/mnist-net_2_0_021.mps,/home/annelot/WARMSTART_PROJECT/baseline_symphony_21-01-2026+15_00/tmp/mnist-net/image_7/mnist-net_7_0_021.mps,UNSAT,0.744,IMAGE,
/home/annelot/WARMSTART_PROJECT/baseline_symphony_21-01-2026+15_00/tmp/mnist-net/image_2/mnist-net_2_0_023.mps,/home/annelot/WARMSTART_PROJECT/baseline_symphony_21-01-2026+15_00/tmp/mnist-net/image_7/mnist-net_7_0_023.mps,UNSAT,16.481,IMAGE,
/home/annelot/WARMSTART_PROJECT/baseline_symphony_21-01-2026+15_00/tmp/mnist-net/image_2/mnist-net_2_0_025.mps,/home/annelot/WARMSTART_PROJECT/baseline_symphony_21-01-2026+15_00/tmp/mnist-net/image_7/mnist-net_7_0_025.mps,UNSAT,35.1,IMAGE,
/home/annelot/WARMSTART_PROJECT/baseline_symphony_21-01-2026+15_00/tmp/mnist-net/image_2/mnist-net_2_0_027.mps,/home/annelot/WARMSTART_PROJECT/baseline_symphony_21-01-2026+15_00/tmp/mnist-net/image_7/mnist-net_7_0_027.mps,UNSAT,98.662,IMAGE,
/home/annelot/WARMSTART_PROJECT/baseline_symphony_21-01-2026+15_00/tmp/mnist-net/image_9/mnist-net_9_0_221.mps,/home/annelot/WARMSTART_PROJECT/baseline_symphony_21-01-2026+15_00/tmp/mnist-net/image_7/mnist-net_7_0_221.mps,SAT,1146.425,IMAGE,
/home/annelot/WARMSTART_PROJECT/baseline_symphony_21-01-2026+15_00/tmp/mnist-net/image_2/mnist-net_2_0_029.mps,/home/annelot/WARMSTART_PROJECT/baseline_symphony_21-01-2026+15_00/tmp/mnist-net/image_7/mnist-net_7_0_029.mps,UNSAT,483.111,IMAGE,
/home/annelot/WARMSTART_PROJECT/baseline_symphony_21-01-2026+15_00/tmp/mnist-net/image_2/mnist-net_2_0_031.mps,/home/annelot/WARMSTART_PROJECT/baseline_symphony_21-01-2026+15_00/tmp/mnist-net/image_7/mnist-net_7_0_031.mps,UNSAT,1286.048,IMAGE,
/home/annelot/WARMSTART_PROJECT/baseline_symphony_21-01-2026+15_00/tmp/mnist-net/image_5/mnist-net_5_0_023.mps,/home/annelot/WARMSTART_PROJECT/baseline_symphony_21-01-2026+15_00/tmp/mnist-net/image_7/mnist-net_7_0_023.mps,UNSAT,0.393,IMAGE,
/home/annelot/WARMSTART_PROJECT/baseline_symphony_21-01-2026+15_00/tmp/mnist-net/image_5/mnist-net_5_0_025.mps,/home/annelot/WARMSTART_PROJECT/baseline_symphony_21-01-2026+15_00/tmp/mnist-net/image_7/mnist-net_7_0_025.mps,UNSAT,6.356,IMAGE,
/home/annelot/WARMSTART_PROJECT/baseline_symphony_21-01-2026+15_00/tmp/mnist-net/image_5/mnist-net_5_0_027.mps,/home/annelot/WARMSTART_PROJECT/baseline_symphony_21-01-2026+15_00/tmp/mnist-net/image_7/mnist-net_7_0_027.mps,UNSAT,7.629,IMAGE,
/home/annelot/WARMSTART_PROJECT/baseline_symphony_21-01-2026+15_00/tmp/mnist-net/image_5/mnist-net_5_0_029.mps,/home/annelot/WARMSTART_PROJECT/baseline_symphony_21-01-2026+15_00/tmp/mnist-net/image_7/mnist-net_7_0_029.mps,UNSAT,18.727,IMAGE,
/home/annelot/WARMSTART_PROJECT/baseline_symphony_21-01-2026+15_00/tmp/mnist-net/image_5/mnist-net_5_0_031.mps,/home/annelot/WARMSTART_PROJECT/baseline_symphony_21-01-2026+15_00/tmp/mnist-net/image_7/mnist-net_7_0_031.mps,UNSAT,116.66,IMAGE,
/home/annelot/WARMSTART_PROJECT/baseline_symphony_21-01-2026+15_00/tmp/mnist-net/image_5/mnist-net_5_0_033.mps,/home/annelot/WARMSTART_PROJECT/baseline_symphony_21-01-2026+15_00/tmp/mnist-net/image_7/mnist-net_7_0_033.mps,UNSAT,727.863,IMAGE,
/home/annelot/WARMSTART_PROJECT/baseline_symphony_21-01-2026+15_00/tmp/mnist-net/image_4/mnist-net_4_0_023.mps,/home/annelot/WARMSTART_PROJECT/baseline_symphony_21-01-2026+15_00/tmp/mnist-net/image_7/mnist-net_7_0_023.mps,UNSAT,0.3,IMAGE,
/home/annelot/WARMSTART_PROJECT/baseline_symphony_21-01-2026+15_00/tmp/mnist-net/image_4/mnist-net_4_0_027.mps,/home/annelot/WARMSTART_PROJECT/baseline_symphony_21-01-2026+15_00/tmp/mnist-net/image_7/mnist-net_7_0_027.mps,UNSAT,3.462,IMAGE,
/home/annelot/WARMSTART_PROJECT/baseline_symphony_21-01-2026+15_00/tmp/mnist-net/image_4/mnist-net_4_0_029.mps,/home/annelot/WARMSTART_PROJECT/baseline_symphony_21-01-2026+15_00/tmp/mnist-net/image_7/mnist-net_7_0_029.mps,UNSAT,15.491,IMAGE,
/home/annelot/WARMSTART_PROJECT/baseline_symphony_21-01-2026+15_00/tmp/mnist-net/image_4/mnist-net_4_0_031.mps,/home/annelot/WARMSTART_PROJECT/baseline_symphony_21-01-2026+15_00/tmp/mnist-net/image_7/mnist-net_7_0_031.mps,UNSAT,79.615,IMAGE,
/home/annelot/WARMSTART_PROJECT/baseline_symphony_21-01-2026+15_00/tmp/mnist-net/image_0/mnist-net_0_0_041.mps,/home/annelot/WARMSTART_PROJECT/baseline_symphony_21-01-2026+15_00/tmp/mnist-net/image_7/mnist-net_7_0_041.mps,UNSAT,1639.242,IMAGE,
/home/annelot/WARMSTART_PROJECT/baseline_symphony_21-01-2026+15_00/tmp/mnist-net/image_4/mnist-net_4_0_033.mps,/home/annelot/WARMSTART_PROJECT/baseline_symphony_21-01-2026+15_00/tmp/mnist-net/image_7/mnist-net_7_0_033.mps,UNSAT,361.3,IMAGE,
/home/annelot/WARMSTART_PROJECT/baseline_symphony_21-01-2026+15_00/tmp/mnist-net/image_4/mnist-net_4_0_037.mps,/home/annelot/WARMSTART_PROJECT/baseline_symphony_21-01-2026+15_00/tmp/mnist-net/image_7/mnist-net_7_0_037.mps,SAT,690.052,IMAGE,
/home/annelot/WARMSTART_PROJECT/baseline_symphony_21-01-2026+15_00/tmp/mnist-net/image_4/mnist-net_4_0_081.mps,/home/annelot/WARMSTART_PROJECT/baseline_symphony_21-01-2026+15_00/tmp/mnist-net/image_7/mnist-net_7_0_081.mps,SAT,1061.171,IMAGE,
/home/annelot/WARMSTART_PROJECT/baseline_symphony_21-01-2026+15_00/tmp/mnist-net/image_4/mnist-net_4_0_035.mps,/home/annelot/WARMSTART_PROJECT/baseline_symphony_21-01-2026+15_00/tmp/mnist-net/image_7/mnist-net_7_0_035.mps,UNSAT,1120.0,IMAGE,
/home/annelot/WARMSTART_PROJECT/baseline_symphony_21-01-2026+15_00/tmp/mnist-net_256x4/image_6/mnist-net_256x4_6_0_027.mps,/home/annelot/WARMSTART_PROJECT/baseline_symphony_21-01-2026+15_00/tmp/mnist-net_256x4/image_8/mnist-net_256x4_8_0_027.mps,UNSAT,10.183,IMAGE,
/home/annelot/WARMSTART_PROJECT/baseline_symphony_21-01-2026+15_00/tmp/mnist-net/image_3/mnist-net_3_0_061.mps,/home/annelot/WARMSTART_PROJECT/baseline_symphony_21-01-2026+15_00/tmp/mnist-net/image_7/mnist-net_7_0_061.mps,UNSAT,1655.808,IMAGE,
/home/annelot/WARMSTART_PROJECT/baseline_symphony_21-01-2026+15_00/tmp/mnist-net_256x4/image_6/mnist-net_256x4_6_0_029.mps,/home/annelot/WARMSTART_PROJECT/baseline_symphony_21-01-2026+15_00/tmp/mnist-net_256x4/image_8/mnist-net_256x4_8_0_029.mps,UNSAT,92.823,IMAGE,
/home/annelot/WARMSTART_PROJECT/baseline_symphony_21-01-2026+15_00/tmp/mnist-net_256x4/image_8/mnist-net_256x4_8_0_025.mps,/home/annelot/WARMSTART_PROJECT/baseline_symphony_21-01-2026+15_00/tmp/mnist-net_256x4/image_6/mnist-net_256x4_6_0_025.mps,UNSAT,0.932,IMAGE,
/home/annelot/WARMSTART_PROJECT/baseline_symphony_21-01-2026+15_00/tmp/mnist-net_256x4/image_8/mnist-net_256x4_8_0_027.mps,/home/annelot/WARMSTART_PROJECT/baseline_symphony_21-01-2026+15_00/tmp/mnist-net_256x4/image_6/mnist-net_256x4_6_0_027.mps,UNSAT,8.265,IMAGE,
/home/annelot/WARMSTART_PROJECT/baseline_symphony_21-01-2026+15_00/tmp/mnist-net_256x4/image_8/mnist-net_256x4_8_0_031.mps,/home/annelot/WARMSTART_PROJECT/baseline_symphony_21-01-2026+15_00/tmp/mnist-net_256x4/image_6/mnist-net_256x4_6_0_031.mps,UNSAT,86.729,IMAGE,
/home/annelot/WARMSTART_PROJECT/baseline_symphony_21-01-2026+15_00/tmp/mnist-net_256x4/image_8/mnist-net_256x4_8_0_029.mps,/home/annelot/WARMSTART_PROJECT/baseline_symphony_21-01-2026+15_00/tmp/mnist-net_256x4/image_6/mnist-net_256x4_6_0_029.mps,UNSAT,571.145,IMAGE,
/home/annelot/WARMSTART_PROJECT/baseline_symphony_21-01-2026+15_00/tmp/mnist-net_256x4/image_9/mnist-net_256x4_9_0_035.mps,/home/annelot/WARMSTART_PROJECT/baseline_symphony_21-01-2026+15_00/tmp/mnist-net_256x4/image_6/mnist-net_256x4_6_0_035.mps,UNSAT,163.662,IMAGE,
/home/annelot/WARMSTART_PROJECT/baseline_symphony_21-01-2026+15_00/tmp/mnist-net_256x4/image_9/mnist-net_256x4_9_0_033.mps,/home/annelot/WARMSTART_PROJECT/baseline_symphony_21-01-2026+15_00/tmp/mnist-net_256x4/image_6/mnist-net_256x4_6_0_033.mps,UNSAT,226.694,IMAGE,
/home/annelot/WARMSTART_PROJECT/baseline_symphony_21-01-2026+15_00/tmp/mnist-net_256x4/image_9/mnist-net_256x4_9_0_037.mps,/home/annelot/WARMSTART_PROJECT/baseline_symphony_21-01-2026+15_00/tmp/mnist-net_256x4/image_0/mnist-net_256x4_0_0_037.mps,UNSAT,177.854,IMAGE,
/home/annelot/WARMSTART_PROJECT/baseline_symphony_21-01-2026+15_00/tmp/mnist-net_256x4/image_2/mnist-net_256x4_2_0_021.mps,/home/annelot/WARMSTART_PROJECT/baseline_symphony_21-01-2026+15_00/tmp/mnist-net_256x4/image_7/mnist-net_256x4_7_0_021.mps,UNSAT,148.967,IMAGE,
/home/annelot/WARMSTART_PROJECT/baseline_symphony_21-01-2026+15_00/tmp/mnist-net_256x4/image_1/mnist-net_256x4_1_0_041.mps,/home/annelot/WARMSTART_PROJECT/baseline_symphony_21-01-2026+15_00/tmp/mnist-net_256x4/image_7/mnist-net_256x4_7_0_041.mps,UNSAT,1.122,IMAGE,
/home/annelot/WARMSTART_PROJECT/baseline_symphony_21-01-2026+15_00/tmp/mnist-net_256x4/image_5/mnist-net_256x4_5_0_023.mps,/home/annelot/WARMSTART_PROJECT/baseline_symphony_21-01-2026+15_00/tmp/mnist-net_256x4/image_6/mnist-net_256x4_6_0_023.mps,UNSAT,1.417,IMAGE,
/home/annelot/WARMSTART_PROJECT/baseline_symphony_21-01-2026+15_00/tmp/mnist-net_256x4/image_5/mnist-net_256x4_5_0_025.mps,/home/annelot/WARMSTART_PROJECT/baseline_symphony_21-01-2026+15_00/tmp/mnist-net_256x4/image_6/mnist-net_256x4_6_0_025.mps,UNSAT,455.182,IMAGE,
/home/annelot/WARMSTART_PROJECT/baseline_symphony_21-01-2026+15_00/tmp/mnist-net_256x4/image_0/mnist-net_256x4_0_0_031.mps,/home/annelot/WARMSTART_PROJECT/baseline_symphony_21-01-2026+15_00/tmp/mnist-net_256x4/image_6/mnist-net_256x4_6_0_031.mps,UNSAT,0.518,IMAGE,
/home/annelot/WARMSTART_PROJECT/baseline_symphony_21-01-2026+15_00/tmp/mnist-net_256x4/image_0/mnist-net_256x4_0_0_033.mps,/home/annelot/WARMSTART_PROJECT/baseline_symphony_21-01-2026+15_00/tmp/mnist-net_256x4/image_6/mnist-net_256x4_6_0_033.mps,UNSAT,88.006,IMAGE,
/home/annelot/WARMSTART_PROJECT/baseline_symphony_21-01-2026+15_00/tmp/mnist-net_256x4/image_0/mnist-net_256x4_0_0_035.mps,/home/annelot/WARMSTART_PROJECT/baseline_symphony_21-01-2026+15_00/tmp/mnist-net_256x4/image_6/mnist-net_256x4_6_0_035.mps,UNSAT,518.878,IMAGE,
/home/annelot/WARMSTART_PROJECT/baseline_symphony_21-01-2026+15_00/tmp/mnist-net_256x4/image_3/mnist-net_256x4_3_0_041.mps,/home/annelot/WARMSTART_PROJECT/baseline_symphony_21-01-2026+15_00/tmp/mnist-net_256x4/image_7/mnist-net_256x4_7_0_041.mps,UNSAT,0.784,IMAGE,
/home/annelot/WARMSTART_PROJECT/baseline_symphony_21-01-2026+15_00/tmp/mnist-net_256x2/image_6/mnist-net_256x2_6_0_021.mps,/home/annelot/WARMSTART_PROJECT/baseline_symphony_21-01-2026+15_00/tmp/mnist-net_256x2/image_6/mnist-net_256x2_6_0_033.mps,UNSAT,0.006671,UNSAT-UNSAT,None
/home/annelot/WARMSTART_PROJECT/baseline_symphony_21-01-2026+15_00/tmp/mnist-net_256x2/image_6/mnist-net_256x2_6_0_021.mps,/home/annelot/WARMSTART_PROJECT/baseline_symphony_21-01-2026+15_00/tmp/mnist-net_256x2/image_6/mnist-net_256x2_6_0_023.mps,UNSAT,0.00814,UNSAT-UNSAT,None
/home/annelot/WARMSTART_PROJECT/baseline_symphony_21-01-2026+15_00/tmp/mnist-net_256x2/image_6/mnist-net_256x2_6_0_021.mps,/home/annelot/WARMSTART_PROJECT/baseline_symphony_21-01-2026+15_00/tmp/mnist-net_256x2/image_6/mnist-net_256x2_6_0_035.mps,UNSAT,0.009838,UNSAT-UNSAT,None
/home/annelot/WARMSTART_PROJECT/baseline_symphony_21-01-2026+15_00/tmp/mnist-net_256x2/image_5/mnist-net_256x2_5_0_021.mps,/home/annelot/WARMSTART_PROJECT/baseline_symphony_21-01-2026+15_00/tmp/mnist-net_256x2/image_5/mnist-net_256x2_5_0_035.mps,UNSAT,0.006462,UNSAT-UNSAT,None
/home/annelot/WARMSTART_PROJECT/baseline_symphony_21-01-2026+15_00/tmp/mnist-net_256x2/image_6/mnist-net_256x2_6_0_021.mps,/home/annelot/WARMSTART_PROJECT/baseline_symphony_21-01-2026+15_00/tmp/mnist-net_256x2/image_6/mnist-net_256x2_6_0_027.mps,UNSAT,0.006495,UNSAT-UNSAT,None
/home/annelot/WARMSTART_PROJECT/baseline_symphony_21-01-2026+15_00/tmp/mnist-net_256x2/image_6/mnist-net_256x2_6_0_021.mps,/home/annelot/WARMSTART_PROJECT/baseline_symphony_21-01-2026+15_00/tmp/mnist-net_256x2/image_6/mnist-net_256x2_6_0_031.mps,UNSAT,0.006705,UNSAT-UNSAT,None
/home/annelot/WARMSTART_PROJECT/baseline_symphony_21-01-2026+15_00/tmp/mnist-net_256x2/image_6/mnist-net_256x2_6_0_021.mps,/home/annelot/WARMSTART_PROJECT/baseline_symphony_21-01-2026+15_00/tmp/mnist-net_256x2/image_6/mnist-net_256x2_6_0_025.mps,UNSAT,0.006932,UNSAT-UNSAT,None
/home/annelot/WARMSTART_PROJECT/baseline_symphony_21-01-2026+15_00/tmp/mnist-net_256x2/image_5/mnist-net_256x2_5_0_023.mps,/home/annelot/WARMSTART_PROJECT/baseline_symphony_21-01-2026+15_00/tmp/mnist-net_256x2/image_5/mnist-net_256x2_5_0_033.mps,UNSAT,0.009989,UNSAT-UNSAT,None
/home/annelot/WARMSTART_PROJECT/baseline_symphony_21-01-2026+15_00/tmp/mnist-net_256x2/image_5/mnist-net_256x2_5_0_023.mps,/home/annelot/WARMSTART_PROJECT/baseline_symphony_21-01-2026+15_00/tmp/mnist-net_256x2/image_5/mnist-net_256x2_5_0_029.mps,UNSAT,0.007115,UNSAT-UNSAT,None
/home/annelot/WARMSTART_PROJECT/baseline_symphony_21-01-2026+15_00/tmp/mnist-net_256x2/image_5/mnist-net_256x2_5_0_023.mps,/home/annelot/WARMSTART_PROJECT/baseline_symphony_21-01-2026+15_00/tmp/mnist-net_256x2/image_5/mnist-net_256x2_5_0_037.mps,UNSAT,0.007215,UNSAT-UNSAT,None
/home/annelot/WARMSTART_PROJECT/baseline_symphony_21-01-2026+15_00/tmp/mnist-net_256x2/image_5/mnist-net_256x2_5_0_023.mps,/home/annelot/WARMSTART_PROJECT/baseline_symphony_21-01-2026+15_00/tmp/mnist-net_256x2/image_5/mnist-net_256x2_5_0_027.mps,UNSAT,0.007189,UNSAT-UNSAT,None
/home/annelot/WARMSTART_PROJECT/baseline_symphony_21-01-2026+15_00/tmp/mnist-net_256x2/image_5/mnist-net_256x2_5_0_023.mps,/home/annelot/WARMSTART_PROJECT/baseline_symphony_21-01-2026+15_00/tmp/mnist-net_256x2/image_5/mnist-net_256x2_5_0_025.mps,UNSAT,0.0068,UNSAT-UNSAT,None
/home/annelot/WARMSTART_PROJECT/baseline_symphony_21-01-2026+15_00/tmp/mnist-net_256x2/image_5/mnist-net_256x2_5_0_023.mps,/home/annelot/WARMSTART_PROJECT/baseline_symphony_21-01-2026+15_00/tmp/mnist-net_256x2/image_5/mnist-net_256x2_5_0_031.mps,UNSAT,0.007029,UNSAT-UNSAT,None
/home/annelot/WARMSTART_PROJECT/baseline_symphony_21-01-2026+15_00/tmp/mnist-net_256x2/image_5/mnist-net_256x2_5_0_021.mps,/home/annelot/WARMSTART_PROJECT/baseline_symphony_21-01-2026+15_00/tmp/mnist-net_256x2/image_5/mnist-net_256x2_5_0_037.mps,UNSAT,0.006147,UNSAT-UNSAT,None
/home/annelot/WARMSTART_PROJECT/baseline_symphony_21-01-2026+15_00/tmp/mnist-net_256x2/image_5/mnist-net_256x2_5_0_021.mps,/home/annelot/WARMSTART_PROJECT/baseline_symphony_21-01-2026+15_00/tmp/mnist-net_256x2/image_5/mnist-net_256x2_5_0_033.mps,UNSAT,0.008581,UNSAT-UNSAT,None
/home/annelot/WARMSTART_PROJECT/baseline_symphony_21-01-2026+15_00/tmp/mnist-net_256x2/image_6/mnist-net_256x2_6_0_021.mps,/home/annelot/WARMSTART_PROJECT/baseline_symphony_21-01-2026+15_00/tmp/mnist-net_256x2/image_6/mnist-net_256x2_6_0_029.mps,UNSAT,0.009771,UNSAT-UNSAT,None
/home/annelot/WARMSTART_PROJECT/baseline_symphony_21-01-2026+15_00/tmp/mnist-net_256x2/image_5/mnist-net_256x2_5_0_023.mps,/home/annelot/WARMSTART_PROJECT/baseline_symphony_21-01-2026+15_00/tmp/mnist-net_256x2/image_5/mnist-net_256x2_5_0_035.mps,UNSAT,0.006511,UNSAT-UNSAT,None
/home/annelot/WARMSTART_PROJECT/baseline_symphony_21-01-2026+15_00/tmp/mnist-net/image_9/mnist-net_9_0_033.mps,/home/annelot/WARMSTART_PROJECT/baseline_symphony_21-01-2026+15_00/tmp/mnist-net/image_9/mnist-net_9_0_047.mps,UNSAT,0.013438,UNSAT-UNSAT,None
/home/annelot/WARMSTART_PROJECT/baseline_symphony_21-01-2026+15_00/tmp/mnist-net/image_9/mnist-net_9_0_033.mps,/home/annelot/WARMSTART_PROJECT/baseline_symphony_21-01-2026+15_00/tmp/mnist-net/image_9/mnist-net_9_0_059.mps,UNSAT,0.013123,UNSAT-UNSAT,None
/home/annelot/WARMSTART_PROJECT/baseline_symphony_21-01-2026+15_00/tmp/mnist-net/image_9/mnist-net_9_0_033.mps,/home/annelot/WARMSTART_PROJECT/baseline_symphony_21-01-2026+15_00/tmp/mnist-net/image_9/mnist-net_9_0_045.mps,UNSAT,0.014467,UNSAT-UNSAT,None
/home/annelot/WARMSTART_PROJECT/baseline_symphony_21-01-2026+15_00/tmp/mnist-net/image_9/mnist-net_9_0_033.mps,/home/annelot/WARMSTART_PROJECT/baseline_symphony_21-01-2026+15_00/tmp/mnist-net/image_9/mnist-net_9_0_051.mps,UNSAT,0.013589,UNSAT-UNSAT,None
/home/annelot/WARMSTART_PROJECT/baseline_symphony_21-01-2026+15_00/tmp/mnist-net/image_9/mnist-net_9_0_033.mps,/home/annelot/WARMSTART_PROJECT/baseline_symphony_21-01-2026+15_00/tmp/mnist-net/image_9/mnist-net_9_0_053.mps,UNSAT,0.013634,UNSAT-UNSAT,None
/home/annelot/WARMSTART_PROJECT/baseline_symphony_21-01-2026+15_00/tmp/mnist-net/image_9/mnist-net_9_0_033.mps,/home/annelot/WARMSTART_PROJECT/baseline_symphony_21-01-2026+15_00/tmp/mnist-net/image_9/mnist-net_9_0_055.mps,UNSAT,0.013659,UNSAT-UNSAT,None
/home/annelot/WARMSTART_PROJECT/baseline_symphony_21-01-2026+15_00/tmp/mnist-net/image_9/mnist-net_9_0_035.mps,/home/annelot/WARMSTART_PROJECT/baseline_symphony_21-01-2026+15_00/tmp/mnist-net/image_9/mnist-net_9_0_039.mps,UNSAT,0.013058,UNSAT-UNSAT,None
/home/annelot/WARMSTART_PROJECT/baseline_symphony_21-01-2026+15_00/tmp/mnist-net/image_9/mnist-net_9_0_035.mps,/home/annelot/WARMSTART_PROJECT/baseline_symphony_21-01-2026+15_00/tmp/mnist-net/image_9/mnist-net_9_0_037.mps,UNSAT,0.013066,UNSAT-UNSAT,None
/home/annelot/WARMSTART_PROJECT/baseline_symphony_21-01-2026+15_00/tmp/mnist-net/image_9/mnist-net_9_0_033.mps,/home/annelot/WARMSTART_PROJECT/baseline_symphony_21-01-2026+15_00/tmp/mnist-net/image_9/mnist-net_9_0_057.mps,UNSAT,0.013853,UNSAT-UNSAT,None
/home/annelot/WARMSTART_PROJECT/baseline_symphony_21-01-2026+15_00/tmp/mnist-net/image_9/mnist-net_9_0_033.mps,/home/annelot/WARMSTART_PROJECT/baseline_symphony_21-01-2026+15_00/tmp/mnist-net/image_9/mnist-net_9_0_037.mps,UNSAT,0.013514,UNSAT-UNSAT,None
/home/annelot/WARMSTART_PROJECT/baseline_symphony_21-01-2026+15_00/tmp/mnist-net/image_9/mnist-net_9_0_033.mps,/home/annelot/WARMSTART_PROJECT/baseline_symphony_21-01-2026+15_00/tmp/mnist-net/image_9/mnist-net_9_0_039.mps,UNSAT,0.0134,UNSAT-UNSAT,None
/home/annelot/WARMSTART_PROJECT/baseline_symphony_21-01-2026+15_00/tmp/mnist-net/image_9/mnist-net_9_0_033.mps,/home/annelot/WARMSTART_PROJECT/baseline_symphony_21-01-2026+15_00/tmp/mnist-net/image_9/mnist-net_9_0_049.mps,UNSAT,0.01375,UNSAT-UNSAT,None
/home/annelot/WARMSTART_PROJECT/baseline_symphony_21-01-2026+15_00/tmp/mnist-net/image_9/mnist-net_9_0_033.mps,/home/annelot/WARMSTART_PROJECT/baseline_symphony_21-01-2026+15_00/tmp/mnist-net/image_9/mnist-net_9_0_041.mps,UNSAT,0.013489,UNSAT-UNSAT,None
/home/annelot/WARMSTART_PROJECT/baseline_symphony_21-01-2026+15_00/tmp/mnist-net/image_9/mnist-net_9_0_033.mps,/home/annelot/WARMSTART_PROJECT/baseline_symphony_21-01-2026+15_00/tmp/mnist-net/image_9/mnist-net_9_0_043.mps,UNSAT,0.013529,UNSAT-UNSAT,None
/home/annelot/WARMSTART_PROJECT/baseline_symphony_21-01-2026+15_00/tmp/mnist-net_256x2/image_9/mnist-net_256x2_9_0_021.mps,/home/annelot/WARMSTART_PROJECT/baseline_symphony_21-01-2026+15_00/tmp/mnist-net_256x2/image_9/mnist-net_256x2_9_0_057.mps,UNSAT,0.00644,UNSAT-UNSAT,None
/home/annelot/WARMSTART_PROJECT/baseline_symphony_21-01-2026+15_00/tmp/mnist-net_256x2/image_9/mnist-net_256x2_9_0_021.mps,/home/annelot/WARMSTART_PROJECT/baseline_symphony_21-01-2026+15_00/tmp/mnist-net_256x2/image_9/mnist-net_256x2_9_0_041.mps,UNSAT,0.006487,UNSAT-UNSAT,None
/home/annelot/WARMSTART_PROJECT/baseline_symphony_21-01-2026+15_00/tmp/mnist-net_256x2/image_9/mnist-net_256x2_9_0_021.mps,/home/annelot/WARMSTART_PROJECT/baseline_symphony_21-01-2026+15_00/tmp/mnist-net_256x2/image_9/mnist-net_256x2_9_0_065.mps,UNSAT,0.006387,UNSAT-UNSAT,None
/home/annelot/WARMSTART_PROJECT/baseline_symphony_21-01-2026+15_00/tmp/mnist-net_256x2/image_9/mnist-net_256x2_9_0_021.mps,/home/annelot/WARMSTART_PROJECT/baseline_symphony_21-01-2026+15_00/tmp/mnist-net_256x2/image_9/mnist-net_256x2_9_0_025.mps,UNSAT,0.006524,UNSAT-UNSAT,None
/home/annelot/WARMSTART_PROJECT/baseline_symphony_21-01-2026+15_00/tmp/mnist-net_256x2/image_9/mnist-net_256x2_9_0_021.mps,/home/annelot/WARMSTART_PROJECT/baseline_symphony_21-01-2026+15_00/tmp/mnist-net_256x2/image_9/mnist-net_256x2_9_0_051.mps,UNSAT,0.006337,UNSAT-UNSAT,None
/home/annelot/WARMSTART_PROJECT/baseline_symphony_21-01-2026+15_00/tmp/mnist-net_256x2/image_9/mnist-net_256x2_9_0_021.mps,/home/annelot/WARMSTART_PROJECT/baseline_symphony_21-01-2026+15_00/tmp/mnist-net_256x2/image_9/mnist-net_256x2_9_0_023.mps,UNSAT,0.006488,UNSAT-UNSAT,None
/home/annelot/WARMSTART_PROJECT/baseline_symphony_21-01-2026+15_00/tmp/mnist-net_256x2/image_9/mnist-net_256x2_9_0_021.mps,/home/annelot/WARMSTART_PROJECT/baseline_symphony_21-01-2026+15_00/tmp/mnist-net_256x2/image_9/mnist-net_256x2_9_0_053.mps,UNSAT,0.006363,UNSAT-UNSAT,None
/home/annelot/WARMSTART_PROJECT/baseline_symphony_21-01-2026+15_00/tmp/mnist-net_256x2/image_9/mnist-net_256x2_9_0_021.mps,/home/annelot/WARMSTART_PROJECT/baseline_symphony_21-01-2026+15_00/tmp/mnist-net_256x2/image_9/mnist-net_256x2_9_0_047.mps,UNSAT,0.006505,UNSAT-UNSAT,None
/home/annelot/WARMSTART_PROJECT/baseline_symphony_21-01-2026+15_00/tmp/mnist-net_256x2/image_9/mnist-net_256x2_9_0_021.mps,/home/annelot/WARMSTART_PROJECT/baseline_symphony_21-01-2026+15_00/tmp/mnist-net_256x2/image_9/mnist-net_256x2_9_0_063.mps,UNSAT,0.006491,UNSAT-UNSAT,None
/home/annelot/WARMSTART_PROJECT/baseline_symphony_21-01-2026+15_00/tmp/mnist-net_256x2/image_9/mnist-net_256x2_9_0_021.mps,/home/annelot/WARMSTART_PROJECT/baseline_symphony_21-01-2026+15_00/tmp/mnist-net_256x2/image_9/mnist-net_256x2_9_0_059.mps,UNSAT,0.006498,UNSAT-UNSAT,None
/home/annelot/WARMSTART_PROJECT/baseline_symphony_21-01-2026+15_00/tmp/mnist-net_256x2/image_9/mnist-net_256x2_9_0_021.mps,/home/annelot/WARMSTART_PROJECT/baseline_symphony_21-01-2026+15_00/tmp/mnist-net_256x2/image_9/mnist-net_256x2_9_0_055.mps,UNSAT,0.006438,UNSAT-UNSAT,None
/home/annelot/WARMSTART_PROJECT/baseline_symphony_21-01-2026+15_00/tmp/mnist-net_256x2/image_9/mnist-net_256x2_9_0_021.mps,/home/annelot/WARMSTART_PROJECT/baseline_symphony_21-01-2026+15_00/tmp/mnist-net_256x2/image_9/mnist-net_256x2_9_0_049.mps,UNSAT,0.006694,UNSAT-UNSAT,None
/home/annelot/WARMSTART_PROJECT/baseline_symphony_21-01-2026+15_00/tmp/mnist-net_256x2/image_9/mnist-net_256x2_9_0_021.mps,/home/annelot/WARMSTART_PROJECT/baseline_symphony_21-01-2026+15_00/tmp/mnist-net_256x2/image_9/mnist-net_256x2_9_0_045.mps,UNSAT,0.006874,UNSAT-UNSAT,None
/home/annelot/WARMSTART_PROJECT/baseline_symphony_21-01-2026+15_00/tmp/mnist-net_256x2/image_9/mnist-net_256x2_9_0_021.mps,/home/annelot/WARMSTART_PROJECT/baseline_symphony_21-01-2026+15_00/tmp/mnist-net_256x2/image_9/mnist-net_256x2_9_0_031.mps,UNSAT,0.006966,UNSAT-UNSAT,None
/home/annelot/WARMSTART_PROJECT/baseline_symphony_21-01-2026+15_00/tmp/mnist-net_256x2/image_9/mnist-net_256x2_9_0_021.mps,/home/annelot/WARMSTART_PROJECT/baseline_symphony_21-01-2026+15_00/tmp/mnist-net_256x2/image_9/mnist-net_256x2_9_0_033.mps,UNSAT,0.00695,UNSAT-UNSAT,None
/home/annelot/WARMSTART_PROJECT/baseline_symphony_21-01-2026+15_00/tmp/mnist-net_256x2/image_9/mnist-net_256x2_9_0_021.mps,/home/annelot/WARMSTART_PROJECT/baseline_symphony_21-01-2026+15_00/tmp/mnist-net_256x2/image_9/mnist-net_256x2_9_0_043.mps,UNSAT,0.006686,UNSAT-UNSAT,None
/home/annelot/WARMSTART_PROJECT/baseline_symphony_21-01-2026+15_00/tmp/mnist-net_256x2/image_9/mnist-net_256x2_9_0_021.mps,/home/annelot/WARMSTART_PROJECT/baseline_symphony_21-01-2026+15_00/tmp/mnist-net_256x2/image_9/mnist-net_256x2_9_0_027.mps,UNSAT,0.006966,UNSAT-UNSAT,None
/home/annelot/WARMSTART_PROJECT/baseline_symphony_21-01-2026+15_00/tmp/mnist-net_256x2/image_9/mnist-net_256x2_9_0_021.mps,/home/annelot/WARMSTART_PROJECT/baseline_symphony_21-01-2026+15_00/tmp/mnist-net_256x2/image_9/mnist-net_256x2_9_0_039.mps,UNSAT,0.006838,UNSAT-UNSAT,None
/home/annelot/WARMSTART_PROJECT/baseline_symphony_21-01-2026+15_00/tmp/mnist-net_256x2/image_9/mnist-net_256x2_9_0_021.mps,/home/annelot/WARMSTART_PROJECT/baseline_symphony_21-01-2026+15_00/tmp/mnist-net_256x2/image_9/mnist-net_256x2_9_0_035.mps,UNSAT,0.006438,UNSAT-UNSAT,None
/home/annelot/WARMSTART_PROJECT/baseline_symphony_21-01-2026+15_00/tmp/mnist-net_256x2/image_9/mnist-net_256x2_9_0_021.mps,/home/annelot/WARMSTART_PROJECT/baseline_symphony_21-01-2026+15_00/tmp/mnist-net_256x2/image_9/mnist-net_256x2_9_0_037.mps,UNSAT,0.009063,UNSAT-UNSAT,None
/home/annelot/WARMSTART_PROJECT/baseline_symphony_21-01-2026+15_00/tmp/mnist-net_256x2/image_9/mnist-net_256x2_9_0_021.mps,/home/annelot/WARMSTART_PROJECT/baseline_symphony_21-01-2026+15_00/tmp/mnist-net_256x2/image_9/mnist-net_256x2_9_0_029.mps,UNSAT,0.006407,UNSAT-UNSAT,None
/home/annelot/WARMSTART_PROJECT/baseline_symphony_21-01-2026+15_00/tmp/mnist-net/image_9/mnist-net_9_0_035.mps,/home/annelot/WARMSTART_PROJECT/baseline_symphony_21-01-2026+15_00/tmp/mnist-net/image_9/mnist-net_9_0_059.mps,UNSAT,0.012485,UNSAT-UNSAT,None
/home/annelot/WARMSTART_PROJECT/baseline_symphony_21-01-2026+15_00/tmp/mnist-net/image_9/mnist-net_9_0_035.mps,/home/annelot/WARMSTART_PROJECT/baseline_symphony_21-01-2026+15_00/tmp/mnist-net/image_9/mnist-net_9_0_045.mps,UNSAT,0.012389,UNSAT-UNSAT,None
/home/annelot/WARMSTART_PROJECT/baseline_symphony_21-01-2026+15_00/tmp/mnist-net/image_9/mnist-net_9_0_035.mps,/home/annelot/WARMSTART_PROJECT/baseline_symphony_21-01-2026+15_00/tmp/mnist-net/image_9/mnist-net_9_0_041.mps,UNSAT,0.012828,UNSAT-UNSAT,None
/home/annelot/WARMSTART_PROJECT/baseline_symphony_21-01-2026+15_00/tmp/mnist-net/image_9/mnist-net_9_0_035.mps,/home/annelot/WARMSTART_PROJECT/baseline_symphony_21-01-2026+15_00/tmp/mnist-net/image_9/mnist-net_9_0_047.mps,UNSAT,0.01287,UNSAT-UNSAT,None
/home/annelot/WARMSTART_PROJECT/baseline_symphony_21-01-2026+15_00/tmp/mnist-net/image_9/mnist-net_9_0_035.mps,/home/annelot/WARMSTART_PROJECT/baseline_symphony_21-01-2026+15_00/tmp/mnist-net/image_9/mnist-net_9_0_057.mps,UNSAT,0.01302,UNSAT-UNSAT,None
/home/annelot/WARMSTART_PROJECT/baseline_symphony_21-01-2026+15_00/tmp/mnist-net/image_9/mnist-net_9_0_035.mps,/home/annelot/WARMSTART_PROJECT/baseline_symphony_21-01-2026+15_00/tmp/mnist-net/image_9/mnist-net_9_0_043.mps,UNSAT,0.012727,UNSAT-UNSAT,None
/home/annelot/WARMSTART_PROJECT/baseline_symphony_21-01-2026+15_00/tmp/mnist-net/image_9/mnist-net_9_0_035.mps,/home/annelot/WARMSTART_PROJECT/baseline_symphony_21-01-2026+15_00/tmp/mnist-net/image_9/mnist-net_9_0_051.mps,UNSAT,0.013721,UNSAT-UNSAT,None
/home/annelot/WARMSTART_PROJECT/baseline_symphony_21-01-2026+15_00/tmp/mnist-net/image_9/mnist-net_9_0_035.mps,/home/annelot/WARMSTART_PROJECT/baseline_symphony_21-01-2026+15_00/tmp/mnist-net/image_9/mnist-net_9_0_049.mps,UNSAT,0.012678,UNSAT-UNSAT,None
/home/annelot/WARMSTART_PROJECT/baseline_symphony_21-01-2026+15_00/tmp/mnist-net/image_9/mnist-net_9_0_035.mps,/home/annelot/WARMSTART_PROJECT/baseline_symphony_21-01-2026+15_00/tmp/mnist-net/image_9/mnist-net_9_0_055.mps,UNSAT,0.012219,UNSAT-UNSAT,None
/home/annelot/WARMSTART_PROJECT/baseline_symphony_21-01-2026+15_00/tmp/mnist-net/image_9/mnist-net_9_0_035.mps,/home/annelot/WARMSTART_PROJECT/baseline_symphony_21-01-2026+15_00/tmp/mnist-net/image_9/mnist-net_9_0_053.mps,UNSAT,0.012315,UNSAT-UNSAT,None
/home/annelot/WARMSTART_PROJECT/baseline_symphony_21-01-2026+15_00/tmp/mnist-net_256x2/image_9/mnist-net_256x2_9_0_023.mps,/home/annelot/WARMSTART_PROJECT/baseline_symphony_21-01-2026+15_00/tmp/mnist-net_256x2/image_9/mnist-net_256x2_9_0_031.mps,UNSAT,0.006182,UNSAT-UNSAT,None
/home/annelot/WARMSTART_PROJECT/baseline_symphony_21-01-2026+15_00/tmp/mnist-net_256x2/image_9/mnist-net_256x2_9_0_023.mps,/home/annelot/WARMSTART_PROJECT/baseline_symphony_21-01-2026+15_00/tmp/mnist-net_256x2/image_9/mnist-net_256x2_9_0_029.mps,UNSAT,0.006495,UNSAT-UNSAT,None
/home/annelot/WARMSTART_PROJECT/baseline_symphony_21-01-2026+15_00/tmp/mnist-net_256x2/image_9/mnist-net_256x2_9_0_023.mps,/home/annelot/WARMSTART_PROJECT/baseline_symphony_21-01-2026+15_00/tmp/mnist-net_256x2/image_9/mnist-net_256x2_9_0_051.mps,UNSAT,0.006881,UNSAT-UNSAT,None
/home/annelot/WARMSTART_PROJECT/baseline_symphony_21-01-2026+15_00/tmp/mnist-net_256x2/image_9/mnist-net_256x2_9_0_023.mps,/home/annelot/WARMSTART_PROJECT/baseline_symphony_21-01-2026+15_00/tmp/mnist-net_256x2/image_9/mnist-net_256x2_9_0_035.mps,UNSAT,0.00667,UNSAT-UNSAT,None
/home/annelot/WARMSTART_PROJECT/baseline_symphony_21-01-2026+15_00/tmp/mnist-net_256x2/image_9/mnist-net_256x2_9_0_023.mps,/home/annelot/WARMSTART_PROJECT/baseline_symphony_21-01-2026+15_00/tmp/mnist-net_256x2/image_9/mnist-net_256x2_9_0_025.mps,UNSAT,0.00662,UNSAT-UNSAT,None
/home/annelot/WARMSTART_PROJECT/baseline_symphony_21-01-2026+15_00/tmp/mnist-net_256x2/image_9/mnist-net_256x2_9_0_021.mps,/home/annelot/WARMSTART_PROJECT/baseline_symphony_21-01-2026+15_00/tmp/mnist-net_256x2/image_9/mnist-net_256x2_9_0_061.mps,UNSAT,0.007512,UNSAT-UNSAT,None
/home/annelot/WARMSTART_PROJECT/baseline_symphony_21-01-2026+15_00/tmp/mnist-net_256x2/image_9/mnist-net_256x2_9_0_025.mps,/home/annelot/WARMSTART_PROJECT/baseline_symphony_21-01-2026+15_00/tmp/mnist-net_256x2/image_9/mnist-net_256x2_9_0_043.mps,UNSAT,0.005542,UNSAT-UNSAT,None
/home/annelot/WARMSTART_PROJECT/baseline_symphony_21-01-2026+15_00/tmp/mnist-net_256x2/image_9/mnist-net_256x2_9_0_023.mps,/home/annelot/WARMSTART_PROJECT/baseline_symphony_21-01-2026+15_00/tmp/mnist-net_256x2/image_9/mnist-net_256x2_9_0_027.mps,UNSAT,0.006281,UNSAT-UNSAT,None
/home/annelot/WARMSTART_PROJECT/baseline_symphony_21-01-2026+15_00/tmp/mnist-net_256x2/image_9/mnist-net_256x2_9_0_023.mps,/home/annelot/WARMSTART_PROJECT/baseline_symphony_21-01-2026+15_00/tmp/mnist-net_256x2/image_9/mnist-net_256x2_9_0_037.mps,UNSAT,0.00585,UNSAT-UNSAT,None
/home/annelot/WARMSTART_PROJECT/baseline_symphony_21-01-2026+15_00/tmp/mnist-net_256x2/image_9/mnist-net_256x2_9_0_023.mps,/home/annelot/WARMSTART_PROJECT/baseline_symphony_21-01-2026+15_00/tmp/mnist-net_256x2/image_9/mnist-net_256x2_9_0_033.mps,UNSAT,0.00585,UNSAT-UNSAT,None
/home/annelot/WARMSTART_PROJECT/baseline_symphony_21-01-2026+15_00/tmp/mnist-net_256x2/image_9/mnist-net_256x2_9_0_025.mps,/home/annelot/WARMSTART_PROJECT/baseline_symphony_21-01-2026+15_00/tmp/mnist-net_256x2/image_9/mnist-net_256x2_9_0_035.mps,UNSAT,0.005717,UNSAT-UNSAT,None
/home/annelot/WARMSTART_PROJECT/baseline_symphony_21-01-2026+15_00/tmp/mnist-net_256x2/image_9/mnist-net_256x2_9_0_023.mps,/home/annelot/WARMSTART_PROJECT/baseline_symphony_21-01-2026+15_00/tmp/mnist-net_256x2/image_9/mnist-net_256x2_9_0_043.mps,UNSAT,0.006378,UNSAT-UNSAT,None
/home/annelot/WARMSTART_PROJECT/baseline_symphony_21-01-2026+15_00/tmp/mnist-net_256x2/image_9/mnist-net_256x2_9_0_025.mps,/home/annelot/WARMSTART_PROJECT/baseline_symphony_21-01-2026+15_00/tmp/mnist-net_256x2/image_9/mnist-net_256x2_9_0_039.mps,UNSAT,0.006416,UNSAT-UNSAT,None
/home/annelot/WARMSTART_PROJECT/baseline_symphony_21-01-2026+15_00/tmp/mnist-net_256x2/image_9/mnist-net_256x2_9_0_025.mps,/home/annelot/WARMSTART_PROJECT/baseline_symphony_21-01-2026+15_00/tmp/mnist-net_256x2/image_9/mnist-net_256x2_9_0_033.mps,UNSAT,0.006437,UNSAT-UNSAT,None
/home/annelot/WARMSTART_PROJECT/baseline_symphony_21-01-2026+15_00/tmp/mnist-net_256x2/image_9/mnist-net_256x2_9_0_025.mps,/home/annelot/WARMSTART_PROJECT/baseline_symphony_21-01-2026+15_00/tmp/mnist-net_256x2/image_9/mnist-net_256x2_9_0_037.mps,UNSAT,0.006361,UNSAT-UNSAT,None
/home/annelot/WARMSTART_PROJECT/baseline_symphony_21-01-2026+15_00/tmp/mnist-net_256x2/image_9/mnist-net_256x2_9_0_023.mps,/home/annelot/WARMSTART_PROJECT/baseline_symphony_21-01-2026+15_00/tmp/mnist-net_256x2/image_9/mnist-net_256x2_9_0_061.mps,UNSAT,0.006448,UNSAT-UNSAT,None
/home/annelot/WARMSTART_PROJECT/baseline_symphony_21-01-2026+15_00/tmp/mnist-net_256x2/image_9/mnist-net_256x2_9_0_023.mps,/home/annelot/WARMSTART_PROJECT/baseline_symphony_21-01-2026+15_00/tmp/mnist-net_256x2/image_9/mnist-net_256x2_9_0_065.mps,UNSAT,0.006315,UNSAT-UNSAT,None
/home/annelot/WARMSTART_PROJECT/baseline_symphony_21-01-2026+15_00/tmp/mnist-net_256x2/image_9/mnist-net_256x2_9_0_025.mps,/home/annelot/WARMSTART_PROJECT/baseline_symphony_21-01-2026+15_00/tmp/mnist-net_256x2/image_9/mnist-net_256x2_9_0_047.mps,UNSAT,0.006425,UNSAT-UNSAT,None
/home/annelot/WARMSTART_PROJECT/baseline_symphony_21-01-2026+15_00/tmp/mnist-net_256x2/image_9/mnist-net_256x2_9_0_023.mps,/home/annelot/WARMSTART_PROJECT/baseline_symphony_21-01-2026+15_00/tmp/mnist-net_256x2/image_9/mnist-net_256x2_9_0_053.mps,UNSAT,0.006585,UNSAT-UNSAT,None
/home/annelot/WARMSTART_PROJECT/baseline_symphony_21-01-2026+15_00/tmp/mnist-net_256x2/image_9/mnist-net_256x2_9_0_023.mps,/home/annelot/WARMSTART_PROJECT/baseline_symphony_21-01-2026+15_00/tmp/mnist-net_256x2/image_9/mnist-net_256x2_9_0_041.mps,UNSAT,0.00683,UNSAT-UNSAT,None
/home/annelot/WARMSTART_PROJECT/baseline_symphony_21-01-2026+15_00/tmp/mnist-net_256x2/image_9/mnist-net_256x2_9_0_023.mps,/home/annelot/WARMSTART_PROJECT/baseline_symphony_21-01-2026+15_00/tmp/mnist-net_256x2/image_9/mnist-net_256x2_9_0_045.mps,UNSAT,0.006883,UNSAT-UNSAT,None
/home/annelot/WARMSTART_PROJECT/baseline_symphony_21-01-2026+15_00/tmp/mnist-net_256x2/image_9/mnist-net_256x2_9_0_023.mps,/home/annelot/WARMSTART_PROJECT/baseline_symphony_21-01-2026+15_00/tmp/mnist-net_256x2/image_9/mnist-net_256x2_9_0_057.mps,UNSAT,0.006663,UNSAT-UNSAT,None
/home/annelot/WARMSTART_PROJECT/baseline_symphony_21-01-2026+15_00/tmp/mnist-net_256x2/image_9/mnist-net_256x2_9_0_025.mps,/home/annelot/WARMSTART_PROJECT/baseline_symphony_21-01-2026+15_00/tmp/mnist-net_256x2/image_9/mnist-net_256x2_9_0_031.mps,UNSAT,0.006589,UNSAT-UNSAT,None
/home/annelot/WARMSTART_PROJECT/baseline_symphony_21-01-2026+15_00/tmp/mnist-net_256x2/image_9/mnist-net_256x2_9_0_025.mps,/home/annelot/WARMSTART_PROJECT/baseline_symphony_21-01-2026+15_00/tmp/mnist-net_256x2/image_9/mnist-net_256x2_9_0_029.mps,UNSAT,0.006557,UNSAT-UNSAT,None
/home/annelot/WARMSTART_PROJECT/baseline_symphony_21-01-2026+15_00/tmp/mnist-net_256x2/image_9/mnist-net_256x2_9_0_025.mps,/home/annelot/WARMSTART_PROJECT/baseline_symphony_21-01-2026+15_00/tmp/mnist-net_256x2/image_9/mnist-net_256x2_9_0_027.mps,UNSAT,0.00659,UNSAT-UNSAT,None
/home/annelot/WARMSTART_PROJECT/baseline_symphony_21-01-2026+15_00/tmp/mnist-net_256x2/image_9/mnist-net_256x2_9_0_023.mps,/home/annelot/WARMSTART_PROJECT/baseline_symphony_21-01-2026+15_00/tmp/mnist-net_256x2/image_9/mnist-net_256x2_9_0_059.mps,UNSAT,0.007021,UNSAT-UNSAT,None
/home/annelot/WARMSTART_PROJECT/baseline_symphony_21-01-2026+15_00/tmp/mnist-net_256x2/image_9/mnist-net_256x2_9_0_023.mps,/home/annelot/WARMSTART_PROJECT/baseline_symphony_21-01-2026+15_00/tmp/mnist-net_256x2/image_9/mnist-net_256x2_9_0_047.mps,UNSAT,0.006567,UNSAT-UNSAT,None
/home/annelot/WARMSTART_PROJECT/baseline_symphony_21-01-2026+15_00/tmp/mnist-net_256x2/image_9/mnist-net_256x2_9_0_023.mps,/home/annelot/WARMSTART_PROJECT/baseline_symphony_21-01-2026+15_00/tmp/mnist-net_256x2/image_9/mnist-net_256x2_9_0_055.mps,UNSAT,0.00686,UNSAT-UNSAT,None
/home/annelot/WARMSTART_PROJECT/baseline_symphony_21-01-2026+15_00/tmp/mnist-net_256x2/image_9/mnist-net_256x2_9_0_023.mps,/home/annelot/WARMSTART_PROJECT/baseline_symphony_21-01-2026+15_00/tmp/mnist-net_256x2/image_9/mnist-net_256x2_9_0_063.mps,UNSAT,0.006536,UNSAT-UNSAT,None
/home/annelot/WARMSTART_PROJECT/baseline_symphony_21-01-2026+15_00/tmp/mnist-net_256x2/image_9/mnist-net_256x2_9_0_023.mps,/home/annelot/WARMSTART_PROJECT/baseline_symphony_21-01-2026+15_00/tmp/mnist-net_256x2/image_9/mnist-net_256x2_9_0_049.mps,UNSAT,0.008914,UNSAT-UNSAT,None
/home/annelot/WARMSTART_PROJECT/baseline_symphony_21-01-2026+15_00/tmp/mnist-net_256x2/image_9/mnist-net_256x2_9_0_023.mps,/home/annelot/WARMSTART_PROJECT/baseline_symphony_21-01-2026+15_00/tmp/mnist-net_256x2/image_9/mnist-net_256x2_9_0_039.mps,UNSAT,0.008824,UNSAT-UNSAT,None
/home/annelot/WARMSTART_PROJECT/baseline_symphony_21-01-2026+15_00/tmp/mnist-net_256x2/image_9/mnist-net_256x2_9_0_027.mps,/home/annelot/WARMSTART_PROJECT/baseline_symphony_21-01-2026+15_00/tmp/mnist-net_256x2/image_9/mnist-net_256x2_9_0_041.mps,UNSAT,0.006296,UNSAT-UNSAT,None
/home/annelot/WARMSTART_PROJECT/baseline_symphony_21-01-2026+15_00/tmp/mnist-net_256x2/image_9/mnist-net_256x2_9_0_025.mps,/home/annelot/WARMSTART_PROJECT/baseline_symphony_21-01-2026+15_00/tmp/mnist-net_256x2/image_9/mnist-net_256x2_9_0_041.mps,UNSAT,0.006556,UNSAT-UNSAT,None
/home/annelot/WARMSTART_PROJECT/baseline_symphony_21-01-2026+15_00/tmp/mnist-net_256x2/image_9/mnist-net_256x2_9_0_025.mps,/home/annelot/WARMSTART_PROJECT/baseline_symphony_21-01-2026+15_00/tmp/mnist-net_256x2/image_9/mnist-net_256x2_9_0_049.mps,UNSAT,0.006533,UNSAT-UNSAT,None
/home/annelot/WARMSTART_PROJECT/baseline_symphony_21-01-2026+15_00/tmp/mnist-net_256x2/image_9/mnist-net_256x2_9_0_025.mps,/home/annelot/WARMSTART_PROJECT/baseline_symphony_21-01-2026+15_00/tmp/mnist-net_256x2/image_9/mnist-net_256x2_9_0_051.mps,UNSAT,0.005686,UNSAT-UNSAT,None
/home/annelot/WARMSTART_PROJECT/baseline_symphony_21-01-2026+15_00/tmp/mnist-net_256x2/image_9/mnist-net_256x2_9_0_025.mps,/home/annelot/WARMSTART_PROJECT/baseline_symphony_21-01-2026+15_00/tmp/mnist-net_256x2/image_9/mnist-net_256x2_9_0_045.mps,UNSAT,0.009355,UNSAT-UNSAT,None
/home/annelot/WARMSTART_PROJECT/baseline_symphony_21-01-2026+15_00/tmp/mnist-net_256x2/image_9/mnist-net_256x2_9_0_025.mps,/home/annelot/WARMSTART_PROJECT/baseline_symphony_21-01-2026+15_00/tmp/mnist-net_256x2/image_9/mnist-net_256x2_9_0_055.mps,UNSAT,0.006721,UNSAT-UNSAT,None
/home/annelot/WARMSTART_PROJECT/baseline_symphony_21-01-2026+15_00/tmp/mnist-net_256x2/image_9/mnist-net_256x2_9_0_027.mps,/home/annelot/WARMSTART_PROJECT/baseline_symphony_21-01-2026+15_00/tmp/mnist-net_256x2/image_9/mnist-net_256x2_9_0_037.mps,UNSAT,0.005919,UNSAT-UNSAT,None
/home/annelot/WARMSTART_PROJECT/baseline_symphony_21-01-2026+15_00/tmp/mnist-net_256x2/image_9/mnist-net_256x2_9_0_027.mps,/home/annelot/WARMSTART_PROJECT/baseline_symphony_21-01-2026+15_00/tmp/mnist-net_256x2/image_9/mnist-net_256x2_9_0_059.mps,UNSAT,0.0061,UNSAT-UNSAT,None
/home/annelot/WARMSTART_PROJECT/baseline_symphony_21-01-2026+15_00/tmp/mnist-net_256x2/image_9/mnist-net_256x2_9_0_027.mps,/home/annelot/WARMSTART_PROJECT/baseline_symphony_21-01-2026+15_00/tmp/mnist-net_256x2/image_9/mnist-net_256x2_9_0_063.mps,UNSAT,0.006026,UNSAT-UNSAT,None
/home/annelot/WARMSTART_PROJECT/baseline_symphony_21-01-2026+15_00/tmp/mnist-net_256x2/image_9/mnist-net_256x2_9_0_027.mps,/home/annelot/WARMSTART_PROJECT/baseline_symphony_21-01-2026+15_00/tmp/mnist-net_256x2/image_9/mnist-net_256x2_9_0_051.mps,UNSAT,0.00606,UNSAT-UNSAT,None
/home/annelot/WARMSTART_PROJECT/baseline_symphony_21-01-2026+15_00/tmp/mnist-net_256x2/image_9/mnist-net_256x2_9_0_027.mps,/home/annelot/WARMSTART_PROJECT/baseline_symphony_21-01-2026+15_00/tmp/mnist-net_256x2/image_9/mnist-net_256x2_9_0_061.mps,UNSAT,0.006029,UNSAT-UNSAT,None
/home/annelot/WARMSTART_PROJECT/baseline_symphony_21-01-2026+15_00/tmp/mnist-net_256x2/image_9/mnist-net_256x2_9_0_027.mps,/home/annelot/WARMSTART_PROJECT/baseline_symphony_21-01-2026+15_00/tmp/mnist-net_256x2/image_9/mnist-net_256x2_9_0_055.mps,UNSAT,0.006153,UNSAT-UNSAT,None
/home/annelot/WARMSTART_PROJECT/baseline_symphony_21-01-2026+15_00/tmp/mnist-net_256x2/image_9/mnist-net_256x2_9_0_025.mps,/home/annelot/WARMSTART_PROJECT/baseline_symphony_21-01-2026+15_00/tmp/mnist-net_256x2/image_9/mnist-net_256x2_9_0_059.mps,UNSAT,0.006302,UNSAT-UNSAT,None
/home/annelot/WARMSTART_PROJECT/baseline_symphony_21-01-2026+15_00/tmp/mnist-net_256x2/image_9/mnist-net_256x2_9_0_025.mps,/home/annelot/WARMSTART_PROJECT/baseline_symphony_21-01-2026+15_00/tmp/mnist-net_256x2/image_9/mnist-net_256x2_9_0_063.mps,UNSAT,0.00623,UNSAT-UNSAT,None
/home/annelot/WARMSTART_PROJECT/baseline_symphony_21-01-2026+15_00/tmp/mnist-net_256x2/image_9/mnist-net_256x2_9_0_027.mps,/home/annelot/WARMSTART_PROJECT/baseline_symphony_21-01-2026+15_00/tmp/mnist-net_256x2/image_9/mnist-net_256x2_9_0_065.mps,UNSAT,0.005976,UNSAT-UNSAT,None
/home/annelot/WARMSTART_PROJECT/baseline_symphony_21-01-2026+15_00/tmp/mnist-net_256x2/image_9/mnist-net_256x2_9_0_029.mps,/home/annelot/WARMSTART_PROJECT/baseline_symphony_21-01-2026+15_00/tmp/mnist-net_256x2/image_9/mnist-net_256x2_9_0_037.mps,UNSAT,0.006602,UNSAT-UNSAT,None
/home/annelot/WARMSTART_PROJECT/baseline_symphony_21-01-2026+15_00/tmp/mnist-net_256x2/image_9/mnist-net_256x2_9_0_027.mps,/home/annelot/WARMSTART_PROJECT/baseline_symphony_21-01-2026+15_00/tmp/mnist-net_256x2/image_9/mnist-net_256x2_9_0_057.mps,UNSAT,0.006636,UNSAT-UNSAT,None
/home/annelot/WARMSTART_PROJECT/baseline_symphony_21-01-2026+15_00/tmp/mnist-net_256x2/image_9/mnist-net_256x2_9_0_027.mps,/home/annelot/WARMSTART_PROJECT/baseline_symphony_21-01-2026+15_00/tmp/mnist-net_256x2/image_9/mnist-net_256x2_9_0_033.mps,UNSAT,0.009401,UNSAT-UNSAT,None
/home/annelot/WARMSTART_PROJECT/baseline_symphony_21-01-2026+15_00/tmp/mnist-net_256x2/image_9/mnist-net_256x2_9_0_027.mps,/home/annelot/WARMSTART_PROJECT/baseline_symphony_21-01-2026+15_00/tmp/mnist-net_256x2/image_9/mnist-net_256x2_9_0_029.mps,UNSAT,0.006631,UNSAT-UNSAT,None
/home/annelot/WARMSTART_PROJECT/baseline_symphony_21-01-2026+15_00/tmp/mnist-net_256x2/image_9/mnist-net_256x2_9_0_027.mps,/home/annelot/WARMSTART_PROJECT/baseline_symphony_21-01-2026+15_00/tmp/mnist-net_256x2/image_9/mnist-net_256x2_9_0_045.mps,UNSAT,0.006978,UNSAT-UNSAT,None
/home/annelot/WARMSTART_PROJECT/baseline_symphony_21-01-2026+15_00/tmp/mnist-net_256x2/image_9/mnist-net_256x2_9_0_027.mps,/home/annelot/WARMSTART_PROJECT/baseline_symphony_21-01-2026+15_00/tmp/mnist-net_256x2/image_9/mnist-net_256x2_9_0_035.mps,UNSAT,0.007303,UNSAT-UNSAT,None
/home/annelot/WARMSTART_PROJECT/baseline_symphony_21-01-2026+15_00/tmp/mnist-net_256x2/image_9/mnist-net_256x2_9_0_027.mps,/home/annelot/WARMSTART_PROJECT/baseline_symphony_21-01-2026+15_00/tmp/mnist-net_256x2/image_9/mnist-net_256x2_9_0_043.mps,UNSAT,0.007028,UNSAT-UNSAT,None
/home/annelot/WARMSTART_PROJECT/baseline_symphony_21-01-2026+15_00/tmp/mnist-net_256x2/image_9/mnist-net_256x2_9_0_027.mps,/home/annelot/WARMSTART_PROJECT/baseline_symphony_21-01-2026+15_00/tmp/mnist-net_256x2/image_9/mnist-net_256x2_9_0_047.mps,UNSAT,0.007192,UNSAT-UNSAT,None
/home/annelot/WARMSTART_PROJECT/baseline_symphony_21-01-2026+15_00/tmp/mnist-net_256x2/image_9/mnist-net_256x2_9_0_027.mps,/home/annelot/WARMSTART_PROJECT/baseline_symphony_21-01-2026+15_00/tmp/mnist-net_256x2/image_9/mnist-net_256x2_9_0_049.mps,UNSAT,0.007227,UNSAT-UNSAT,None
/home/annelot/WARMSTART_PROJECT/baseline_symphony_21-01-2026+15_00/tmp/mnist-net_256x2/image_9/mnist-net_256x2_9_0_025.mps,/home/annelot/WARMSTART_PROJECT/baseline_symphony_21-01-2026+15_00/tmp/mnist-net_256x2/image_9/mnist-net_256x2_9_0_065.mps,UNSAT,0.006807,UNSAT-UNSAT,None
/home/annelot/WARMSTART_PROJECT/baseline_symphony_21-01-2026+15_00/tmp/mnist-net_256x2/image_9/mnist-net_256x2_9_0_025.mps,/home/annelot/WARMSTART_PROJECT/baseline_symphony_21-01-2026+15_00/tmp/mnist-net_256x2/image_9/mnist-net_256x2_9_0_061.mps,UNSAT,0.006571,UNSAT-UNSAT,None
/home/annelot/WARMSTART_PROJECT/baseline_symphony_21-01-2026+15_00/tmp/mnist-net_256x2/image_9/mnist-net_256x2_9_0_025.mps,/home/annelot/WARMSTART_PROJECT/baseline_symphony_21-01-2026+15_00/tmp/mnist-net_256x2/image_9/mnist-net_256x2_9_0_053.mps,UNSAT,0.007437,UNSAT-UNSAT,None
/home/annelot/WARMSTART_PROJECT/baseline_symphony_21-01-2026+15_00/tmp/mnist-net_256x2/image_9/mnist-net_256x2_9_0_025.mps,/home/annelot/WARMSTART_PROJECT/baseline_symphony_21-01-2026+15_00/tmp/mnist-net_256x2/image_9/mnist-net_256x2_9_0_057.mps,UNSAT,0.007552,UNSAT-UNSAT,None
/home/annelot/WARMSTART_PROJECT/baseline_symphony_21-01-2026+15_00/tmp/mnist-net_256x2/image_9/mnist-net_256x2_9_0_027.mps,/home/annelot/WARMSTART_PROJECT/baseline_symphony_21-01-2026+15_00/tmp/mnist-net_256x2/image_9/mnist-net_256x2_9_0_039.mps,UNSAT,0.005651,UNSAT-UNSAT,None
/home/annelot/WARMSTART_PROJECT/baseline_symphony_21-01-2026+15_00/tmp/mnist-net_256x2/image_9/mnist-net_256x2_9_0_027.mps,/home/annelot/WARMSTART_PROJECT/baseline_symphony_21-01-2026+15_00/tmp/mnist-net_256x2/image_9/mnist-net_256x2_9_0_053.mps,UNSAT,0.005751,UNSAT-UNSAT,None
/home/annelot/WARMSTART_PROJECT/baseline_symphony_21-01-2026+15_00/tmp/mnist-net_256x2/image_9/mnist-net_256x2_9_0_027.mps,/home/annelot/WARMSTART_PROJECT/baseline_symphony_21-01-2026+15_00/tmp/mnist-net_256x2/image_9/mnist-net_256x2_9_0_031.mps,UNSAT,0.00562,UNSAT-UNSAT,None
/home/annelot/WARMSTART_PROJECT/baseline_symphony_21-01-2026+15_00/tmp/mnist-net_256x2/image_9/mnist-net_256x2_9_0_029.mps,/home/annelot/WARMSTART_PROJECT/baseline_symphony_21-01-2026+15_00/tmp/mnist-net_256x2/image_9/mnist-net_256x2_9_0_047.mps,UNSAT,0.006871,UNSAT-UNSAT,None
/home/annelot/WARMSTART_PROJECT/baseline_symphony_21-01-2026+15_00/tmp/mnist-net_256x2/image_9/mnist-net_256x2_9_0_029.mps,/home/annelot/WARMSTART_PROJECT/baseline_symphony_21-01-2026+15_00/tmp/mnist-net_256x2/image_9/mnist-net_256x2_9_0_041.mps,UNSAT,0.006869,UNSAT-UNSAT,None
/home/annelot/WARMSTART_PROJECT/baseline_symphony_21-01-2026+15_00/tmp/mnist-net_256x2/image_9/mnist-net_256x2_9_0_031.mps,/home/annelot/WARMSTART_PROJECT/baseline_symphony_21-01-2026+15_00/tmp/mnist-net_256x2/image_9/mnist-net_256x2_9_0_057.mps,UNSAT,0.006885,UNSAT-UNSAT,None
/home/annelot/WARMSTART_PROJECT/baseline_symphony_21-01-2026+15_00/tmp/mnist-net_256x2/image_9/mnist-net_256x2_9_0_029.mps,/home/annelot/WARMSTART_PROJECT/baseline_symphony_21-01-2026+15_00/tmp/mnist-net_256x2/image_9/mnist-net_256x2_9_0_035.mps,UNSAT,0.010059,UNSAT-UNSAT,None
/home/annelot/WARMSTART_PROJECT/baseline_symphony_21-01-2026+15_00/tmp/mnist-net_256x2/image_9/mnist-net_256x2_9_0_031.mps,/home/annelot/WARMSTART_PROJECT/baseline_symphony_21-01-2026+15_00/tmp/mnist-net_256x2/image_9/mnist-net_256x2_9_0_049.mps,UNSAT,0.006241,UNSAT-UNSAT,None
/home/annelot/WARMSTART_PROJECT/baseline_symphony_21-01-2026+15_00/tmp/mnist-net_256x2/image_9/mnist-net_256x2_9_0_029.mps,/home/annelot/WARMSTART_PROJECT/baseline_symphony_21-01-2026+15_00/tmp/mnist-net_256x2/image_9/mnist-net_256x2_9_0_045.mps,UNSAT,0.008972,UNSAT-UNSAT,None
/home/annelot/WARMSTART_PROJECT/baseline_symphony_21-01-2026+15_00/tmp/mnist-net_256x2/image_9/mnist-net_256x2_9_0_031.mps,/home/annelot/WARMSTART_PROJECT/baseline_symphony_21-01-2026+15_00/tmp/mnist-net_256x2/image_9/mnist-net_256x2_9_0_055.mps,UNSAT,0.006166,UNSAT-UNSAT,None
/home/annelot/WARMSTART_PROJECT/baseline_symphony_21-01-2026+15_00/tmp/mnist-net_256x2/image_9/mnist-net_256x2_9_0_029.mps,/home/annelot/WARMSTART_PROJECT/baseline_symphony_21-01-2026+15_00/tmp/mnist-net_256x2/image_9/mnist-net_256x2_9_0_031.mps,UNSAT,0.010267,UNSAT-UNSAT,None
/home/annelot/WARMSTART_PROJECT/baseline_symphony_21-01-2026+15_00/tmp/mnist-net_256x2/image_9/mnist-net_256x2_9_0_031.mps,/home/annelot/WARMSTART_PROJECT/baseline_symphony_21-01-2026+15_00/tmp/mnist-net_256x2/image_9/mnist-net_256x2_9_0_033.mps,UNSAT,0.006696,UNSAT-UNSAT,None
/home/annelot/WARMSTART_PROJECT/baseline_symphony_21-01-2026+15_00/tmp/mnist-net_256x2/image_9/mnist-net_256x2_9_0_029.mps,/home/annelot/WARMSTART_PROJECT/baseline_symphony_21-01-2026+15_00/tmp/mnist-net_256x2/image_9/mnist-net_256x2_9_0_063.mps,UNSAT,0.006639,UNSAT-UNSAT,None
/home/annelot/WARMSTART_PROJECT/baseline_symphony_21-01-2026+15_00/tmp/mnist-net_256x2/image_9/mnist-net_256x2_9_0_031.mps,/home/annelot/WARMSTART_PROJECT/baseline_symphony_21-01-2026+15_00/tmp/mnist-net_256x2/image_9/mnist-net_256x2_9_0_047.mps,UNSAT,0.006506,UNSAT-UNSAT,None
/home/annelot/WARMSTART_PROJECT/baseline_symphony_21-01-2026+15_00/tmp/mnist-net_256x2/image_9/mnist-net_256x2_9_0_031.mps,/home/annelot/WARMSTART_PROJECT/baseline_symphony_21-01-2026+15_00/tmp/mnist-net_256x2/image_9/mnist-net_256x2_9_0_045.mps,UNSAT,0.006631,UNSAT-UNSAT,None
/home/annelot/WARMSTART_PROJECT/baseline_symphony_21-01-2026+15_00/tmp/mnist-net_256x2/image_9/mnist-net_256x2_9_0_031.mps,/home/annelot/WARMSTART_PROJECT/baseline_symphony_21-01-2026+15_00/tmp/mnist-net_256x2/image_9/mnist-net_256x2_9_0_053.mps,UNSAT,0.006617,UNSAT-UNSAT,None
/home/annelot/WARMSTART_PROJECT/baseline_symphony_21-01-2026+15_00/tmp/mnist-net_256x2/image_9/mnist-net_256x2_9_0_031.mps,/home/annelot/WARMSTART_PROJECT/baseline_symphony_21-01-2026+15_00/tmp/mnist-net_256x2/image_9/mnist-net_256x2_9_0_035.mps,UNSAT,0.006586,UNSAT-UNSAT,None
/home/annelot/WARMSTART_PROJECT/baseline_symphony_21-01-2026+15_00/tmp/mnist-net_256x2/image_9/mnist-net_256x2_9_0_029.mps,/home/annelot/WARMSTART_PROJECT/baseline_symphony_21-01-2026+15_00/tmp/mnist-net_256x2/image_9/mnist-net_256x2_9_0_057.mps,UNSAT,0.006601,UNSAT-UNSAT,None
/home/annelot/WARMSTART_PROJECT/baseline_symphony_21-01-2026+15_00/tmp/mnist-net_256x2/image_9/mnist-net_256x2_9_0_029.mps,/home/annelot/WARMSTART_PROJECT/baseline_symphony_21-01-2026+15_00/tmp/mnist-net_256x2/image_9/mnist-net_256x2_9_0_059.mps,UNSAT,0.0066,UNSAT-UNSAT,None
/home/annelot/WARMSTART_PROJECT/baseline_symphony_21-01-2026+15_00/tmp/mnist-net_256x2/image_9/mnist-net_256x2_9_0_029.mps,/home/annelot/WARMSTART_PROJECT/baseline_symphony_21-01-2026+15_00/tmp/mnist-net_256x2/image_9/mnist-net_256x2_9_0_055.mps,UNSAT,0.006776,UNSAT-UNSAT,None
/home/annelot/WARMSTART_PROJECT/baseline_symphony_21-01-2026+15_00/tmp/mnist-net_256x2/image_9/mnist-net_256x2_9_0_029.mps,/home/annelot/WARMSTART_PROJECT/baseline_symphony_21-01-2026+15_00/tmp/mnist-net_256x2/image_9/mnist-net_256x2_9_0_065.mps,UNSAT,0.006676,UNSAT-UNSAT,None
/home/annelot/WARMSTART_PROJECT/baseline_symphony_21-01-2026+15_00/tmp/mnist-net_256x2/image_9/mnist-net_256x2_9_0_029.mps,/home/annelot/WARMSTART_PROJECT/baseline_symphony_21-01-2026+15_00/tmp/mnist-net_256x2/image_9/mnist-net_256x2_9_0_043.mps,UNSAT,0.006758,UNSAT-UNSAT,None
/home/annelot/WARMSTART_PROJECT/baseline_symphony_21-01-2026+15_00/tmp/mnist-net_256x2/image_9/mnist-net_256x2_9_0_029.mps,/home/annelot/WARMSTART_PROJECT/baseline_symphony_21-01-2026+15_00/tmp/mnist-net_256x2/image_9/mnist-net_256x2_9_0_051.mps,UNSAT,0.00695,UNSAT-UNSAT,None
/home/annelot/WARMSTART_PROJECT/baseline_symphony_21-01-2026+15_00/tmp/mnist-net_256x2/image_9/mnist-net_256x2_9_0_029.mps,/home/annelot/WARMSTART_PROJECT/baseline_symphony_21-01-2026+15_00/tmp/mnist-net_256x2/image_9/mnist-net_256x2_9_0_053.mps,UNSAT,0.006999,UNSAT-UNSAT,None
/home/annelot/WARMSTART_PROJECT/baseline_symphony_21-01-2026+15_00/tmp/mnist-net_256x2/image_9/mnist-net_256x2_9_0_031.mps,/home/annelot/WARMSTART_PROJECT/baseline_symphony_21-01-2026+15_00/tmp/mnist-net_256x2/image_9/mnist-net_256x2_9_0_059.mps,UNSAT,0.00977,UNSAT-UNSAT,None
/home/annelot/WARMSTART_PROJECT/baseline_symphony_21-01-2026+15_00/tmp/mnist-net_256x2/image_9/mnist-net_256x2_9_0_031.mps,/home/annelot/WARMSTART_PROJECT/baseline_symphony_21-01-2026+15_00/tmp/mnist-net_256x2/image_9/mnist-net_256x2_9_0_037.mps,UNSAT,0.007144,UNSAT-UNSAT,None
/home/annelot/WARMSTART_PROJECT/baseline_symphony_21-01-2026+15_00/tmp/mnist-net_256x2/image_9/mnist-net_256x2_9_0_031.mps,/home/annelot/WARMSTART_PROJECT/baseline_symphony_21-01-2026+15_00/tmp/mnist-net_256x2/image_9/mnist-net_256x2_9_0_051.mps,UNSAT,0.00716,UNSAT-UNSAT,None
/home/annelot/WARMSTART_PROJECT/baseline_symphony_21-01-2026+15_00/tmp/mnist-net_256x2/image_9/mnist-net_256x2_9_0_031.mps,/home/annelot/WARMSTART_PROJECT/baseline_symphony_21-01-2026+15_00/tmp/mnist-net_256x2/image_9/mnist-net_256x2_9_0_043.mps,UNSAT,0.00724,UNSAT-UNSAT,None
/home/annelot/WARMSTART_PROJECT/baseline_symphony_21-01-2026+15_00/tmp/mnist-net_256x2/image_9/mnist-net_256x2_9_0_031.mps,/home/annelot/WARMSTART_PROJECT/baseline_symphony_21-01-2026+15_00/tmp/mnist-net_256x2/image_9/mnist-net_256x2_9_0_039.mps,UNSAT,0.007027,UNSAT-UNSAT,None
/home/annelot/WARMSTART_PROJECT/baseline_symphony_21-01-2026+15_00/tmp/mnist-net_256x2/image_9/mnist-net_256x2_9_0_029.mps,/home/annelot/WARMSTART_PROJECT/baseline_symphony_21-01-2026+15_00/tmp/mnist-net_256x2/image_9/mnist-net_256x2_9_0_039.mps,UNSAT,0.007995,UNSAT-UNSAT,None
/home/annelot/WARMSTART_PROJECT/baseline_symphony_21-01-2026+15_00/tmp/mnist-net_256x2/image_9/mnist-net_256x2_9_0_031.mps,/home/annelot/WARMSTART_PROJECT/baseline_symphony_21-01-2026+15_00/tmp/mnist-net_256x2/image_9/mnist-net_256x2_9_0_041.mps,UNSAT,0.006735,UNSAT-UNSAT,None
/home/annelot/WARMSTART_PROJECT/baseline_symphony_21-01-2026+15_00/tmp/mnist-net_256x2/image_9/mnist-net_256x2_9_0_029.mps,/home/annelot/WARMSTART_PROJECT/baseline_symphony_21-01-2026+15_00/tmp/mnist-net_256x2/image_9/mnist-net_256x2_9_0_061.mps,UNSAT,0.006809,UNSAT-UNSAT,None
/home/annelot/WARMSTART_PROJECT/baseline_symphony_21-01-2026+15_00/tmp/mnist-net_256x2/image_9/mnist-net_256x2_9_0_029.mps,/home/annelot/WARMSTART_PROJECT/baseline_symphony_21-01-2026+15_00/tmp/mnist-net_256x2/image_9/mnist-net_256x2_9_0_033.mps,UNSAT,0.007255,UNSAT-UNSAT,None
/home/annelot/WARMSTART_PROJECT/baseline_symphony_21-01-2026+15_00/tmp/mnist-net_256x2/image_9/mnist-net_256x2_9_0_029.mps,/home/annelot/WARMSTART_PROJECT/baseline_symphony_21-01-2026+15_00/tmp/mnist-net_256x2/image_9/mnist-net_256x2_9_0_049.mps,UNSAT,0.009387,UNSAT-UNSAT,None
/home/annelot/WARMSTART_PROJECT/baseline_symphony_21-01-2026+15_00/tmp/mnist-net_256x2/image_9/mnist-net_256x2_9_0_031.mps,/home/annelot/WARMSTART_PROJECT/baseline_symphony_21-01-2026+15_00/tmp/mnist-net_256x2/image_9/mnist-net_256x2_9_0_063.mps,UNSAT,0.007206,UNSAT-UNSAT,None
/home/annelot/WARMSTART_PROJECT/baseline_symphony_21-01-2026+15_00/tmp/mnist-net_256x2/image_1/mnist-net_256x2_1_0_021.mps,/home/annelot/WARMSTART_PROJECT/baseline_symphony_21-01-2026+15_00/tmp/mnist-net_256x2/image_1/mnist-net_256x2_1_0_043.mps,UNSAT,0.006674,UNSAT-UNSAT,None
/home/annelot/WARMSTART_PROJECT/baseline_symphony_21-01-2026+15_00/tmp/mnist-net_256x2/image_1/mnist-net_256x2_1_0_023.mps,/home/annelot/WARMSTART_PROJECT/baseline_symphony_21-01-2026+15_00/tmp/mnist-net_256x2/image_1/mnist-net_256x2_1_0_043.mps,UNSAT,0.005367,UNSAT-UNSAT,None
/home/annelot/WARMSTART_PROJECT/baseline_symphony_21-01-2026+15_00/tmp/mnist-net_256x2/image_1/mnist-net_256x2_1_0_023.mps,/home/annelot/WARMSTART_PROJECT/baseline_symphony_21-01-2026+15_00/tmp/mnist-net_256x2/image_1/mnist-net_256x2_1_0_045.mps,UNSAT,0.005342,UNSAT-UNSAT,None
/home/annelot/WARMSTART_PROJECT/baseline_symphony_21-01-2026+15_00/tmp/mnist-net_256x2/image_1/mnist-net_256x2_1_0_023.mps,/home/annelot/WARMSTART_PROJECT/baseline_symphony_21-01-2026+15_00/tmp/mnist-net_256x2/image_1/mnist-net_256x2_1_0_041.mps,UNSAT,0.005169,UNSAT-UNSAT,None
/home/annelot/WARMSTART_PROJECT/baseline_symphony_21-01-2026+15_00/tmp/mnist-net_256x2/image_9/mnist-net_256x2_9_0_031.mps,/home/annelot/WARMSTART_PROJECT/baseline_symphony_21-01-2026+15_00/tmp/mnist-net_256x2/image_9/mnist-net_256x2_9_0_065.mps,UNSAT,0.006768,UNSAT-UNSAT,None
/home/annelot/WARMSTART_PROJECT/baseline_symphony_21-01-2026+15_00/tmp/mnist-net_256x2/image_1/mnist-net_256x2_1_0_023.mps,/home/annelot/WARMSTART_PROJECT/baseline_symphony_21-01-2026+15_00/tmp/mnist-net_256x2/image_1/mnist-net_256x2_1_0_039.mps,UNSAT,0.006287,UNSAT-UNSAT,None
/home/annelot/WARMSTART_PROJECT/baseline_symphony_21-01-2026+15_00/tmp/mnist-net_256x2/image_1/mnist-net_256x2_1_0_023.mps,/home/annelot/WARMSTART_PROJECT/baseline_symphony_21-01-2026+15_00/tmp/mnist-net_256x2/image_1/mnist-net_256x2_1_0_047.mps,UNSAT,0.006333,UNSAT-UNSAT,None
/home/annelot/WARMSTART_PROJECT/baseline_symphony_21-01-2026+15_00/tmp/mnist-net_256x2/image_1/mnist-net_256x2_1_0_023.mps,/home/annelot/WARMSTART_PROJECT/baseline_symphony_21-01-2026+15_00/tmp/mnist-net_256x2/image_1/mnist-net_256x2_1_0_049.mps,UNSAT,0.00635,UNSAT-UNSAT,None
/home/annelot/WARMSTART_PROJECT/baseline_symphony_21-01-2026+15_00/tmp/mnist-net_256x2/image_1/mnist-net_256x2_1_0_023.mps,/home/annelot/WARMSTART_PROJECT/baseline_symphony_21-01-2026+15_00/tmp/mnist-net_256x2/image_1/mnist-net_256x2_1_0_037.mps,UNSAT,0.006229,UNSAT-UNSAT,None
/home/annelot/WARMSTART_PROJECT/baseline_symphony_21-01-2026+15_00/tmp/mnist-net_256x2/image_1/mnist-net_256x2_1_0_021.mps,/home/annelot/WARMSTART_PROJECT/baseline_symphony_21-01-2026+15_00/tmp/mnist-net_256x2/image_1/mnist-net_256x2_1_0_025.mps,UNSAT,0.007046,UNSAT-UNSAT,None
/home/annelot/WARMSTART_PROJECT/baseline_symphony_21-01-2026+15_00/tmp/mnist-net_256x2/image_1/mnist-net_256x2_1_0_021.mps,/home/annelot/WARMSTART_PROJECT/baseline_symphony_21-01-2026+15_00/tmp/mnist-net_256x2/image_1/mnist-net_256x2_1_0_033.mps,UNSAT,0.00664,UNSAT-UNSAT,None
/home/annelot/WARMSTART_PROJECT/baseline_symphony_21-01-2026+15_00/tmp/mnist-net_256x2/image_1/mnist-net_256x2_1_0_021.mps,/home/annelot/WARMSTART_PROJECT/baseline_symphony_21-01-2026+15_00/tmp/mnist-net_256x2/image_1/mnist-net_256x2_1_0_041.mps,UNSAT,0.007144,UNSAT-UNSAT,None
/home/annelot/WARMSTART_PROJECT/baseline_symphony_21-01-2026+15_00/tmp/mnist-net_256x2/image_1/mnist-net_256x2_1_0_021.mps,/home/annelot/WARMSTART_PROJECT/baseline_symphony_21-01-2026+15_00/tmp/mnist-net_256x2/image_1/mnist-net_256x2_1_0_037.mps,UNSAT,0.006998,UNSAT-UNSAT,None
/home/annelot/WARMSTART_PROJECT/baseline_symphony_21-01-2026+15_00/tmp/mnist-net_256x2/image_1/mnist-net_256x2_1_0_021.mps,/home/annelot/WARMSTART_PROJECT/baseline_symphony_21-01-2026+15_00/tmp/mnist-net_256x2/image_1/mnist-net_256x2_1_0_035.mps,UNSAT,0.007927,UNSAT-UNSAT,None
/home/annelot/WARMSTART_PROJECT/baseline_symphony_21-01-2026+15_00/tmp/mnist-net_256x2/image_1/mnist-net_256x2_1_0_021.mps,/home/annelot/WARMSTART_PROJECT/baseline_symphony_21-01-2026+15_00/tmp/mnist-net_256x2/image_1/mnist-net_256x2_1_0_039.mps,UNSAT,0.007323,UNSAT-UNSAT,None
/home/annelot/WARMSTART_PROJECT/baseline_symphony_21-01-2026+15_00/tmp/mnist-net_256x2/image_1/mnist-net_256x2_1_0_021.mps,/home/annelot/WARMSTART_PROJECT/baseline_symphony_21-01-2026+15_00/tmp/mnist-net_256x2/image_1/mnist-net_256x2_1_0_029.mps,UNSAT,0.007394,UNSAT-UNSAT,None
/home/annelot/WARMSTART_PROJECT/baseline_symphony_21-01-2026+15_00/tmp/mnist-net_256x2/image_1/mnist-net_256x2_1_0_021.mps,/home/annelot/WARMSTART_PROJECT/baseline_symphony_21-01-2026+15_00/tmp/mnist-net_256x2/image_1/mnist-net_256x2_1_0_027.mps,UNSAT,0.007343,UNSAT-UNSAT,None
/home/annelot/WARMSTART_PROJECT/baseline_symphony_21-01-2026+15_00/tmp/mnist-net_256x2/image_1/mnist-net_256x2_1_0_023.mps,/home/annelot/WARMSTART_PROJECT/baseline_symphony_21-01-2026+15_00/tmp/mnist-net_256x2/image_1/mnist-net_256x2_1_0_031.mps,UNSAT,0.006714,UNSAT-UNSAT,None
/home/annelot/WARMSTART_PROJECT/baseline_symphony_21-01-2026+15_00/tmp/mnist-net_256x2/image_1/mnist-net_256x2_1_0_023.mps,/home/annelot/WARMSTART_PROJECT/baseline_symphony_21-01-2026+15_00/tmp/mnist-net_256x2/image_1/mnist-net_256x2_1_0_035.mps,UNSAT,0.006797,UNSAT-UNSAT,None
/home/annelot/WARMSTART_PROJECT/baseline_symphony_21-01-2026+15_00/tmp/mnist-net_256x2/image_1/mnist-net_256x2_1_0_023.mps,/home/annelot/WARMSTART_PROJECT/baseline_symphony_21-01-2026+15_00/tmp/mnist-net_256x2/image_1/mnist-net_256x2_1_0_033.mps,UNSAT,0.006806,UNSAT-UNSAT,None
/home/annelot/WARMSTART_PROJECT/baseline_symphony_21-01-2026+15_00/tmp/mnist-net_256x2/image_1/mnist-net_256x2_1_0_021.mps,/home/annelot/WARMSTART_PROJECT/baseline_symphony_21-01-2026+15_00/tmp/mnist-net_256x2/image_1/mnist-net_256x2_1_0_051.mps,UNSAT,0.007049,UNSAT-UNSAT,None
/home/annelot/WARMSTART_PROJECT/baseline_symphony_21-01-2026+15_00/tmp/mnist-net_256x2/image_1/mnist-net_256x2_1_0_023.mps,/home/annelot/WARMSTART_PROJECT/baseline_symphony_21-01-2026+15_00/tmp/mnist-net_256x2/image_1/mnist-net_256x2_1_0_025.mps,UNSAT,0.006842,UNSAT-UNSAT,None
/home/annelot/WARMSTART_PROJECT/baseline_symphony_21-01-2026+15_00/tmp/mnist-net_256x2/image_1/mnist-net_256x2_1_0_023.mps,/home/annelot/WARMSTART_PROJECT/baseline_symphony_21-01-2026+15_00/tmp/mnist-net_256x2/image_1/mnist-net_256x2_1_0_029.mps,UNSAT,0.007031,UNSAT-UNSAT,None
/home/annelot/WARMSTART_PROJECT/baseline_symphony_21-01-2026+15_00/tmp/mnist-net_256x2/image_1/mnist-net_256x2_1_0_021.mps,/home/annelot/WARMSTART_PROJECT/baseline_symphony_21-01-2026+15_00/tmp/mnist-net_256x2/image_1/mnist-net_256x2_1_0_047.mps,UNSAT,0.007092,UNSAT-UNSAT,None
/home/annelot/WARMSTART_PROJECT/baseline_symphony_21-01-2026+15_00/tmp/mnist-net_256x2/image_9/mnist-net_256x2_9_0_031.mps,/home/annelot/WARMSTART_PROJECT/baseline_symphony_21-01-2026+15_00/tmp/mnist-net_256x2/image_9/mnist-net_256x2_9_0_061.mps,UNSAT,0.00682,UNSAT-UNSAT,None
/home/annelot/WARMSTART_PROJECT/baseline_symphony_21-01-2026+15_00/tmp/mnist-net_256x2/image_1/mnist-net_256x2_1_0_021.mps,/home/annelot/WARMSTART_PROJECT/baseline_symphony_21-01-2026+15_00/tmp/mnist-net_256x2/image_1/mnist-net_256x2_1_0_023.mps,UNSAT,0.006945,UNSAT-UNSAT,None
/home/annelot/WARMSTART_PROJECT/baseline_symphony_21-01-2026+15_00/tmp/mnist-net_256x2/image_1/mnist-net_256x2_1_0_021.mps,/home/annelot/WARMSTART_PROJECT/baseline_symphony_21-01-2026+15_00/tmp/mnist-net_256x2/image_1/mnist-net_256x2_1_0_045.mps,UNSAT,0.009308,UNSAT-UNSAT,None
/home/annelot/WARMSTART_PROJECT/baseline_symphony_21-01-2026+15_00/tmp/mnist-net_256x2/image_1/mnist-net_256x2_1_0_021.mps,/home/annelot/WARMSTART_PROJECT/baseline_symphony_21-01-2026+15_00/tmp/mnist-net_256x2/image_1/mnist-net_256x2_1_0_031.mps,UNSAT,0.006676,UNSAT-UNSAT,None
/home/annelot/WARMSTART_PROJECT/baseline_symphony_21-01-2026+15_00/tmp/mnist-net_256x2/image_1/mnist-net_256x2_1_0_021.mps,/home/annelot/WARMSTART_PROJECT/baseline_symphony_21-01-2026+15_00/tmp/mnist-net_256x2/image_1/mnist-net_256x2_1_0_049.mps,UNSAT,0.006655,UNSAT-UNSAT,None
/home/annelot/WARMSTART_PROJECT/baseline_symphony_21-01-2026+15_00/tmp/mnist-net_256x2/image_1/mnist-net_256x2_1_0_023.mps,/home/annelot/WARMSTART_PROJECT/baseline_symphony_21-01-2026+15_00/tmp/mnist-net_256x2/image_1/mnist-net_256x2_1_0_027.mps,UNSAT,0.008806,UNSAT-UNSAT,None
/home/annelot/WARMSTART_PROJECT/baseline_symphony_21-01-2026+15_00/tmp/mnist-net_256x2/image_5/mnist-net_256x2_5_0_021.mps,/home/annelot/WARMSTART_PROJECT/baseline_symphony_21-01-2026+15_00/tmp/mnist-net_256x2/image_5/mnist-net_256x2_5_0_023.mps,UNSAT,0.004998,UNSAT-UNSAT,None
/home/annelot/WARMSTART_PROJECT/baseline_symphony_21-01-2026+15_00/tmp/mnist-net_256x2/image_1/mnist-net_256x2_1_0_025.mps,/home/annelot/WARMSTART_PROJECT/baseline_symphony_21-01-2026+15_00/tmp/mnist-net_256x2/image_1/mnist-net_256x2_1_0_043.mps,UNSAT,0.007143,UNSAT-UNSAT,None
/home/annelot/WARMSTART_PROJECT/baseline_symphony_21-01-2026+15_00/tmp/mnist-net_256x2/image_1/mnist-net_256x2_1_0_025.mps,/home/annelot/WARMSTART_PROJECT/baseline_symphony_21-01-2026+15_00/tmp/mnist-net_256x2/image_1/mnist-net_256x2_1_0_027.mps,UNSAT,0.007468,UNSAT-UNSAT,None
/home/annelot/WARMSTART_PROJECT/baseline_symphony_21-01-2026+15_00/tmp/mnist-net_256x2/image_1/mnist-net_256x2_1_0_027.mps,/home/annelot/WARMSTART_PROJECT/baseline_symphony_21-01-2026+15_00/tmp/mnist-net_256x2/image_1/mnist-net_256x2_1_0_049.mps,UNSAT,0.006416,UNSAT-UNSAT,None
/home/annelot/WARMSTART_PROJECT/baseline_symphony_21-01-2026+15_00/tmp/mnist-net_256x2/image_1/mnist-net_256x2_1_0_025.mps,/home/annelot/WARMSTART_PROJECT/baseline_symphony_21-01-2026+15_00/tmp/mnist-net_256x2/image_1/mnist-net_256x2_1_0_041.mps,UNSAT,0.009676,UNSAT-UNSAT,None
/home/annelot/WARMSTART_PROJECT/baseline_symphony_21-01-2026+15_00/tmp/mnist-net_256x2/image_1/mnist-net_256x2_1_0_023.mps,/home/annelot/WARMSTART_PROJECT/baseline_symphony_21-01-2026+15_00/tmp/mnist-net_256x2/image_1/mnist-net_256x2_1_0_051.mps,UNSAT,0.009122,UNSAT-UNSAT,None
/home/annelot/WARMSTART_PROJECT/baseline_symphony_21-01-2026+15_00/tmp/mnist-net_256x2/image_5/mnist-net_256x2_5_0_021.mps,/home/annelot/WARMSTART_PROJECT/baseline_symphony_21-01-2026+15_00/tmp/mnist-net_256x2/image_5/mnist-net_256x2_5_0_025.mps,UNSAT,0.005847,UNSAT-UNSAT,None
/home/annelot/WARMSTART_PROJECT/baseline_symphony_21-01-2026+15_00/tmp/mnist-net_256x2/image_5/mnist-net_256x2_5_0_021.mps,/home/annelot/WARMSTART_PROJECT/baseline_symphony_21-01-2026+15_00/tmp/mnist-net_256x2/image_5/mnist-net_256x2_5_0_027.mps,UNSAT,0.005919,UNSAT-UNSAT,None
/home/annelot/WARMSTART_PROJECT/baseline_symphony_21-01-2026+15_00/tmp/mnist-net_256x2/image_1/mnist-net_256x2_1_0_027.mps,/home/annelot/WARMSTART_PROJECT/baseline_symphony_21-01-2026+15_00/tmp/mnist-net_256x2/image_1/mnist-net_256x2_1_0_051.mps,UNSAT,0.006453,UNSAT-UNSAT,None
/home/annelot/WARMSTART_PROJECT/baseline_symphony_21-01-2026+15_00/tmp/mnist-net_256x2/image_1/mnist-net_256x2_1_0_025.mps,/home/annelot/WARMSTART_PROJECT/baseline_symphony_21-01-2026+15_00/tmp/mnist-net_256x2/image_1/mnist-net_256x2_1_0_049.mps,UNSAT,0.00702,UNSAT-UNSAT,None
/home/annelot/WARMSTART_PROJECT/baseline_symphony_21-01-2026+15_00/tmp/mnist-net_256x2/image_5/mnist-net_256x2_5_0_021.mps,/home/annelot/WARMSTART_PROJECT/baseline_symphony_21-01-2026+15_00/tmp/mnist-net_256x2/image_5/mnist-net_256x2_5_0_029.mps,UNSAT,0.006098,UNSAT-UNSAT,None
/home/annelot/WARMSTART_PROJECT/baseline_symphony_21-01-2026+15_00/tmp/mnist-net_256x2/image_5/mnist-net_256x2_5_0_021.mps,/home/annelot/WARMSTART_PROJECT/baseline_symphony_21-01-2026+15_00/tmp/mnist-net_256x2/image_5/mnist-net_256x2_5_0_031.mps,UNSAT,0.006132,UNSAT-UNSAT,None
/home/annelot/WARMSTART_PROJECT/baseline_symphony_21-01-2026+15_00/tmp/mnist-net_256x2/image_1/mnist-net_256x2_1_0_027.mps,/home/annelot/WARMSTART_PROJECT/baseline_symphony_21-01-2026+15_00/tmp/mnist-net_256x2/image_1/mnist-net_256x2_1_0_029.mps,UNSAT,0.006556,UNSAT-UNSAT,None
/home/annelot/WARMSTART_PROJECT/baseline_symphony_21-01-2026+15_00/tmp/mnist-net_256x2/image_1/mnist-net_256x2_1_0_027.mps,/home/annelot/WARMSTART_PROJECT/baseline_symphony_21-01-2026+15_00/tmp/mnist-net_256x2/image_1/mnist-net_256x2_1_0_035.mps,UNSAT,0.006539,UNSAT-UNSAT,None
/home/annelot/WARMSTART_PROJECT/baseline_symphony_21-01-2026+15_00/tmp/mnist-net_256x2/image_1/mnist-net_256x2_1_0_027.mps,/home/annelot/WARMSTART_PROJECT/baseline_symphony_21-01-2026+15_00/tmp/mnist-net_256x2/image_1/mnist-net_256x2_1_0_043.mps,UNSAT,0.006823,UNSAT-UNSAT,None
/home/annelot/WARMSTART_PROJECT/baseline_symphony_21-01-2026+15_00/tmp/mnist-net_256x2/image_1/mnist-net_256x2_1_0_027.mps,/home/annelot/WARMSTART_PROJECT/baseline_symphony_21-01-2026+15_00/tmp/mnist-net_256x2/image_1/mnist-net_256x2_1_0_045.mps,UNSAT,0.006752,UNSAT-UNSAT,None
/home/annelot/WARMSTART_PROJECT/baseline_symphony_21-01-2026+15_00/tmp/mnist-net_256x2/image_1/mnist-net_256x2_1_0_025.mps,/home/annelot/WARMSTART_PROJECT/baseline_symphony_21-01-2026+15_00/tmp/mnist-net_256x2/image_1/mnist-net_256x2_1_0_051.mps,UNSAT,0.006904,UNSAT-UNSAT,None
/home/annelot/WARMSTART_PROJECT/baseline_symphony_21-01-2026+15_00/tmp/mnist-net_256x2/image_1/mnist-net_256x2_1_0_025.mps,/home/annelot/WARMSTART_PROJECT/baseline_symphony_21-01-2026+15_00/tmp/mnist-net_256x2/image_1/mnist-net_256x2_1_0_045.mps,UNSAT,0.007344,UNSAT-UNSAT,None
/home/annelot/WARMSTART_PROJECT/baseline_symphony_21-01-2026+15_00/tmp/mnist-net_256x2/image_1/mnist-net_256x2_1_0_025.mps,/home/annelot/WARMSTART_PROJECT/baseline_symphony_21-01-2026+15_00/tmp/mnist-net_256x2/image_1/mnist-net_256x2_1_0_035.mps,UNSAT,0.007173,UNSAT-UNSAT,None
/home/annelot/WARMSTART_PROJECT/baseline_symphony_21-01-2026+15_00/tmp/mnist-net_256x2/image_1/mnist-net_256x2_1_0_027.mps,/home/annelot/WARMSTART_PROJECT/baseline_symphony_21-01-2026+15_00/tmp/mnist-net_256x2/image_1/mnist-net_256x2_1_0_031.mps,UNSAT,0.007228,UNSAT-UNSAT,None
/home/annelot/WARMSTART_PROJECT/baseline_symphony_21-01-2026+15_00/tmp/mnist-net_256x2/image_1/mnist-net_256x2_1_0_027.mps,/home/annelot/WARMSTART_PROJECT/baseline_symphony_21-01-2026+15_00/tmp/mnist-net_256x2/image_1/mnist-net_256x2_1_0_047.mps,UNSAT,0.007085,UNSAT-UNSAT,None
/home/annelot/WARMSTART_PROJECT/baseline_symphony_21-01-2026+15_00/tmp/mnist-net_256x2/image_1/mnist-net_256x2_1_0_025.mps,/home/annelot/WARMSTART_PROJECT/baseline_symphony_21-01-2026+15_00/tmp/mnist-net_256x2/image_1/mnist-net_256x2_1_0_039.mps,UNSAT,0.007309,UNSAT-UNSAT,None
/home/annelot/WARMSTART_PROJECT/baseline_symphony_21-01-2026+15_00/tmp/mnist-net_256x2/image_1/mnist-net_256x2_1_0_027.mps,/home/annelot/WARMSTART_PROJECT/baseline_symphony_21-01-2026+15_00/tmp/mnist-net_256x2/image_1/mnist-net_256x2_1_0_037.mps,UNSAT,0.007252,UNSAT-UNSAT,None
/home/annelot/WARMSTART_PROJECT/baseline_symphony_21-01-2026+15_00/tmp/mnist-net_256x2/image_1/mnist-net_256x2_1_0_025.mps,/home/annelot/WARMSTART_PROJECT/baseline_symphony_21-01-2026+15_00/tmp/mnist-net_256x2/image_1/mnist-net_256x2_1_0_047.mps,UNSAT,0.007387,UNSAT-UNSAT,None
/home/annelot/WARMSTART_PROJECT/baseline_symphony_21-01-2026+15_00/tmp/mnist-net_256x2/image_1/mnist-net_256x2_1_0_025.mps,/home/annelot/WARMSTART_PROJECT/baseline_symphony_21-01-2026+15_00/tmp/mnist-net_256x2/image_1/mnist-net_256x2_1_0_033.mps,UNSAT,0.00717,UNSAT-UNSAT,None
/home/annelot/WARMSTART_PROJECT/baseline_symphony_21-01-2026+15_00/tmp/mnist-net_256x2/image_1/mnist-net_256x2_1_0_025.mps,/home/annelot/WARMSTART_PROJECT/baseline_symphony_21-01-2026+15_00/tmp/mnist-net_256x2/image_1/mnist-net_256x2_1_0_037.mps,UNSAT,0.007279,UNSAT-UNSAT,None
/home/annelot/WARMSTART_PROJECT/baseline_symphony_21-01-2026+15_00/tmp/mnist-net_256x2/image_1/mnist-net_256x2_1_0_027.mps,/home/annelot/WARMSTART_PROJECT/baseline_symphony_21-01-2026+15_00/tmp/mnist-net_256x2/image_1/mnist-net_256x2_1_0_033.mps,UNSAT,0.006818,UNSAT-UNSAT,None
/home/annelot/WARMSTART_PROJECT/baseline_symphony_21-01-2026+15_00/tmp/mnist-net_256x2/image_1/mnist-net_256x2_1_0_027.mps,/home/annelot/WARMSTART_PROJECT/baseline_symphony_21-01-2026+15_00/tmp/mnist-net_256x2/image_1/mnist-net_256x2_1_0_039.mps,UNSAT,0.006877,UNSAT-UNSAT,None
/home/annelot/WARMSTART_PROJECT/baseline_symphony_21-01-2026+15_00/tmp/mnist-net_256x2/image_1/mnist-net_256x2_1_0_025.mps,/home/annelot/WARMSTART_PROJECT/baseline_symphony_21-01-2026+15_00/tmp/mnist-net_256x2/image_1/mnist-net_256x2_1_0_029.mps,UNSAT,0.007188,UNSAT-UNSAT,None
/home/annelot/WARMSTART_PROJECT/baseline_symphony_21-01-2026+15_00/tmp/mnist-net_256x2/image_1/mnist-net_256x2_1_0_025.mps,/home/annelot/WARMSTART_PROJECT/baseline_symphony_21-01-2026+15_00/tmp/mnist-net_256x2/image_1/mnist-net_256x2_1_0_031.mps,UNSAT,0.01003,UNSAT-UNSAT,None
/home/annelot/WARMSTART_PROJECT/baseline_symphony_21-01-2026+15_00/tmp/mnist-net_256x2/image_1/mnist-net_256x2_1_0_027.mps,/home/annelot/WARMSTART_PROJECT/baseline_symphony_21-01-2026+15_00/tmp/mnist-net_256x2/image_1/mnist-net_256x2_1_0_041.mps,UNSAT,0.009668,UNSAT-UNSAT,None
/home/annelot/WARMSTART_PROJECT/baseline_symphony_21-01-2026+15_00/tmp/mnist-net_256x2/image_4/mnist-net_256x2_4_0_003.mps,/home/annelot/WARMSTART_PROJECT/baseline_symphony_21-01-2026+15_00/tmp/mnist-net_256x2/image_4/mnist-net_256x2_4_0_013.mps,ERR,,UNSAT-UNSAT,None
/home/annelot/WARMSTART_PROJECT/baseline_symphony_21-01-2026+15_00/tmp/mnist-net_256x2/image_4/mnist-net_256x2_4_0_003.mps,/home/annelot/WARMSTART_PROJECT/baseline_symphony_21-01-2026+15_00/tmp/mnist-net_256x2/image_4/mnist-net_256x2_4_0_023.mps,ERR,,UNSAT-UNSAT,None
/home/annelot/WARMSTART_PROJECT/baseline_symphony_21-01-2026+15_00/tmp/mnist-net_256x2/image_4/mnist-net_256x2_4_0_003.mps,/home/annelot/WARMSTART_PROJECT/baseline_symphony_21-01-2026+15_00/tmp/mnist-net_256x2/image_4/mnist-net_256x2_4_0_017.mps,ERR,,UNSAT-UNSAT,None
/home/annelot/WARMSTART_PROJECT/baseline_symphony_21-01-2026+15_00/tmp/mnist-net_256x2/image_4/mnist-net_256x2_4_0_001.mps,/home/annelot/WARMSTART_PROJECT/baseline_symphony_21-01-2026+15_00/tmp/mnist-net_256x2/image_4/mnist-net_256x2_4_0_011.mps,ERR,,UNSAT-UNSAT,None
/home/annelot/WARMSTART_PROJECT/baseline_symphony_21-01-2026+15_00/tmp/mnist-net_256x2/image_4/mnist-net_256x2_4_0_001.mps,/home/annelot/WARMSTART_PROJECT/baseline_symphony_21-01-2026+15_00/tmp/mnist-net_256x2/image_4/mnist-net_256x2_4_0_025.mps,ERR,,UNSAT-UNSAT,None
/home/annelot/WARMSTART_PROJECT/baseline_symphony_21-01-2026+15_00/tmp/mnist-net_256x2/image_4/mnist-net_256x2_4_0_003.mps,/home/annelot/WARMSTART_PROJECT/baseline_symphony_21-01-2026+15_00/tmp/mnist-net_256x2/image_4/mnist-net_256x2_4_0_011.mps,ERR,,UNSAT-UNSAT,None
/home/annelot/WARMSTART_PROJECT/baseline_symphony_21-01-2026+15_00/tmp/mnist-net_256x2/image_4/mnist-net_256x2_4_0_001.mps,/home/annelot/WARMSTART_PROJECT/baseline_symphony_21-01-2026+15_00/tmp/mnist-net_256x2/image_4/mnist-net_256x2_4_0_023.mps,ERR,,UNSAT-UNSAT,None
/home/annelot/WARMSTART_PROJECT/baseline_symphony_21-01-2026+15_00/tmp/mnist-net_256x2/image_4/mnist-net_256x2_4_0_003.mps,/home/annelot/WARMSTART_PROJECT/baseline_symphony_21-01-2026+15_00/tmp/mnist-net_256x2/image_4/mnist-net_256x2_4_0_021.mps,ERR,,UNSAT-UNSAT,None
/home/annelot/WARMSTART_PROJECT/baseline_symphony_21-01-2026+15_00/tmp/mnist-net_256x2/image_4/mnist-net_256x2_4_0_003.mps,/home/annelot/WARMSTART_PROJECT/baseline_symphony_21-01-2026+15_00/tmp/mnist-net_256x2/image_4/mnist-net_256x2_4_0_019.mps,ERR,,UNSAT-UNSAT,None
/home/annelot/WARMSTART_PROJECT/baseline_symphony_21-01-2026+15_00/tmp/mnist-net_256x2/image_4/mnist-net_256x2_4_0_003.mps,/home/annelot/WARMSTART_PROJECT/baseline_symphony_21-01-2026+15_00/tmp/mnist-net_256x2/image_4/mnist-net_256x2_4_0_025.mps,ERR,,UNSAT-UNSAT,None
/home/annelot/WARMSTART_PROJECT/baseline_symphony_21-01-2026+15_00/tmp/mnist-net_256x2/image_4/mnist-net_256x2_4_0_001.mps,/home/annelot/WARMSTART_PROJECT/baseline_symphony_21-01-2026+15_00/tmp/mnist-net_256x2/image_4/mnist-net_256x2_4_0_021.mps,ERR,,UNSAT-UNSAT,None
/home/annelot/WARMSTART_PROJECT/baseline_symphony_21-01-2026+15_00/tmp/mnist-net_256x2/image_4/mnist-net_256x2_4_0_001.mps,/home/annelot/WARMSTART_PROJECT/baseline_symphony_21-01-2026+15_00/tmp/mnist-net_256x2/image_4/mnist-net_256x2_4_0_009.mps,ERR,,UNSAT-UNSAT,None
/home/annelot/WARMSTART_PROJECT/baseline_symphony_21-01-2026+15_00/tmp/mnist-net_256x2/image_4/mnist-net_256x2_4_0_001.mps,/home/annelot/WARMSTART_PROJECT/baseline_symphony_21-01-2026+15_00/tmp/mnist-net_256x2/image_4/mnist-net_256x2_4_0_007.mps,ERR,,UNSAT-UNSAT,None
/home/annelot/WARMSTART_PROJECT/baseline_symphony_21-01-2026+15_00/tmp/mnist-net_256x2/image_4/mnist-net_256x2_4_0_005.mps,/home/annelot/WARMSTART_PROJECT/baseline_symphony_21-01-2026+15_00/tmp/mnist-net_256x2/image_4/mnist-net_256x2_4_0_019.mps,UNSAT,0.006379,UNSAT-UNSAT,None
/home/annelot/WARMSTART_PROJECT/baseline_symphony_21-01-2026+15_00/tmp/mnist-net_256x2/image_4/mnist-net_256x2_4_0_005.mps,/home/annelot/WARMSTART_PROJECT/baseline_symphony_21-01-2026+15_00/tmp/mnist-net_256x2/image_4/mnist-net_256x2_4_0_015.mps,UNSAT,0.006486,UNSAT-UNSAT,None
/home/annelot/WARMSTART_PROJECT/baseline_symphony_21-01-2026+15_00/tmp/mnist-net_256x2/image_4/mnist-net_256x2_4_0_005.mps,/home/annelot/WARMSTART_PROJECT/baseline_symphony_21-01-2026+15_00/tmp/mnist-net_256x2/image_4/mnist-net_256x2_4_0_017.mps,UNSAT,0.006616,UNSAT-UNSAT,None
/home/annelot/WARMSTART_PROJECT/baseline_symphony_21-01-2026+15_00/tmp/mnist-net_256x2/image_4/mnist-net_256x2_4_0_005.mps,/home/annelot/WARMSTART_PROJECT/baseline_symphony_21-01-2026+15_00/tmp/mnist-net_256x2/image_4/mnist-net_256x2_4_0_013.mps,UNSAT,0.006581,UNSAT-UNSAT,None
/home/annelot/WARMSTART_PROJECT/baseline_symphony_21-01-2026+15_00/tmp/mnist-net_256x2/image_4/mnist-net_256x2_4_0_005.mps,/home/annelot/WARMSTART_PROJECT/baseline_symphony_21-01-2026+15_00/tmp/mnist-net_256x2/image_4/mnist-net_256x2_4_0_009.mps,UNSAT,0.006591,UNSAT-UNSAT,None
/home/annelot/WARMSTART_PROJECT/baseline_symphony_21-01-2026+15_00/tmp/mnist-net_256x2/image_4/mnist-net_256x2_4_0_005.mps,/home/annelot/WARMSTART_PROJECT/baseline_symphony_21-01-2026+15_00/tmp/mnist-net_256x2/image_4/mnist-net_256x2_4_0_007.mps,UNSAT,0.004826,UNSAT-UNSAT,None
/home/annelot/WARMSTART_PROJECT/baseline_symphony_21-01-2026+15_00/tmp/mnist-net_256x2/image_4/mnist-net_256x2_4_0_005.mps,/home/annelot/WARMSTART_PROJECT/baseline_symphony_21-01-2026+15_00/tmp/mnist-net_256x2/image_4/mnist-net_256x2_4_0_023.mps,UNSAT,0.006617,UNSAT-UNSAT,None
/home/annelot/WARMSTART_PROJECT/baseline_symphony_21-01-2026+15_00/tmp/mnist-net_256x2/image_4/mnist-net_256x2_4_0_005.mps,/home/annelot/WARMSTART_PROJECT/baseline_symphony_21-01-2026+15_00/tmp/mnist-net_256x2/image_4/mnist-net_256x2_4_0_011.mps,UNSAT,0.006547,UNSAT-UNSAT,None
/home/annelot/WARMSTART_PROJECT/baseline_symphony_21-01-2026+15_00/tmp/mnist-net_256x2/image_4/mnist-net_256x2_4_0_001.mps,/home/annelot/WARMSTART_PROJECT/baseline_symphony_21-01-2026+15_00/tmp/mnist-net_256x2/image_4/mnist-net_256x2_4_0_005.mps,ERR,,UNSAT-UNSAT,None
/home/annelot/WARMSTART_PROJECT/baseline_symphony_21-01-2026+15_00/tmp/mnist-net_256x2/image_4/mnist-net_256x2_4_0_001.mps,/home/annelot/WARMSTART_PROJECT/baseline_symphony_21-01-2026+15_00/tmp/mnist-net_256x2/image_4/mnist-net_256x2_4_0_019.mps,ERR,,UNSAT-UNSAT,None
/home/annelot/WARMSTART_PROJECT/baseline_symphony_21-01-2026+15_00/tmp/mnist-net_256x2/image_4/mnist-net_256x2_4_0_009.mps,/home/annelot/WARMSTART_PROJECT/baseline_symphony_21-01-2026+15_00/tmp/mnist-net_256x2/image_4/mnist-net_256x2_4_0_017.mps,UNSAT,0.005956,UNSAT-UNSAT,None
/home/annelot/WARMSTART_PROJECT/baseline_symphony_21-01-2026+15_00/tmp/mnist-net_256x2/image_4/mnist-net_256x2_4_0_011.mps,/home/annelot/WARMSTART_PROJECT/baseline_symphony_21-01-2026+15_00/tmp/mnist-net_256x2/image_4/mnist-net_256x2_4_0_019.mps,UNSAT,0.006268,UNSAT-UNSAT,None
/home/annelot/WARMSTART_PROJECT/baseline_symphony_21-01-2026+15_00/tmp/mnist-net_256x2/image_4/mnist-net_256x2_4_0_011.mps,/home/annelot/WARMSTART_PROJECT/baseline_symphony_21-01-2026+15_00/tmp/mnist-net_256x2/image_4/mnist-net_256x2_4_0_015.mps,UNSAT,0.006355,UNSAT-UNSAT,None
/home/annelot/WARMSTART_PROJECT/baseline_symphony_21-01-2026+15_00/tmp/mnist-net_256x2/image_4/mnist-net_256x2_4_0_007.mps,/home/annelot/WARMSTART_PROJECT/baseline_symphony_21-01-2026+15_00/tmp/mnist-net_256x2/image_4/mnist-net_256x2_4_0_015.mps,UNSAT,0.006559,UNSAT-UNSAT,None
/home/annelot/WARMSTART_PROJECT/baseline_symphony_21-01-2026+15_00/tmp/mnist-net_256x2/image_4/mnist-net_256x2_4_0_011.mps,/home/annelot/WARMSTART_PROJECT/baseline_symphony_21-01-2026+15_00/tmp/mnist-net_256x2/image_4/mnist-net_256x2_4_0_013.mps,UNSAT,0.006577,UNSAT-UNSAT,None
/home/annelot/WARMSTART_PROJECT/baseline_symphony_21-01-2026+15_00/tmp/mnist-net_256x2/image_4/mnist-net_256x2_4_0_011.mps,/home/annelot/WARMSTART_PROJECT/baseline_symphony_21-01-2026+15_00/tmp/mnist-net_256x2/image_4/mnist-net_256x2_4_0_017.mps,UNSAT,0.006556,UNSAT-UNSAT,None
/home/annelot/WARMSTART_PROJECT/baseline_symphony_21-01-2026+15_00/tmp/mnist-net_256x2/image_4/mnist-net_256x2_4_0_009.mps,/home/annelot/WARMSTART_PROJECT/baseline_symphony_21-01-2026+15_00/tmp/mnist-net_256x2/image_4/mnist-net_256x2_4_0_025.mps,UNSAT,0.006677,UNSAT-UNSAT,None
/home/annelot/WARMSTART_PROJECT/baseline_symphony_21-01-2026+15_00/tmp/mnist-net_256x2/image_4/mnist-net_256x2_4_0_009.mps,/home/annelot/WARMSTART_PROJECT/baseline_symphony_21-01-2026+15_00/tmp/mnist-net_256x2/image_4/mnist-net_256x2_4_0_015.mps,UNSAT,0.006603,UNSAT-UNSAT,None
/home/annelot/WARMSTART_PROJECT/baseline_symphony_21-01-2026+15_00/tmp/mnist-net_256x2/image_4/mnist-net_256x2_4_0_007.mps,/home/annelot/WARMSTART_PROJECT/baseline_symphony_21-01-2026+15_00/tmp/mnist-net_256x2/image_4/mnist-net_256x2_4_0_013.mps,UNSAT,0.006569,UNSAT-UNSAT,None
/home/annelot/WARMSTART_PROJECT/baseline_symphony_21-01-2026+15_00/tmp/mnist-net_256x2/image_4/mnist-net_256x2_4_0_007.mps,/home/annelot/WARMSTART_PROJECT/baseline_symphony_21-01-2026+15_00/tmp/mnist-net_256x2/image_4/mnist-net_256x2_4_0_011.mps,UNSAT,0.006679,UNSAT-UNSAT,None
/home/annelot/WARMSTART_PROJECT/baseline_symphony_21-01-2026+15_00/tmp/mnist-net_256x2/image_4/mnist-net_256x2_4_0_007.mps,/home/annelot/WARMSTART_PROJECT/baseline_symphony_21-01-2026+15_00/tmp/mnist-net_256x2/image_4/mnist-net_256x2_4_0_017.mps,UNSAT,0.006891,UNSAT-UNSAT,None
/home/annelot/WARMSTART_PROJECT/baseline_symphony_21-01-2026+15_00/tmp/mnist-net_256x2/image_4/mnist-net_256x2_4_0_009.mps,/home/annelot/WARMSTART_PROJECT/baseline_symphony_21-01-2026+15_00/tmp/mnist-net_256x2/image_4/mnist-net_256x2_4_0_019.mps,UNSAT,0.007218,UNSAT-UNSAT,None
/home/annelot/WARMSTART_PROJECT/baseline_symphony_21-01-2026+15_00/tmp/mnist-net_256x2/image_4/mnist-net_256x2_4_0_009.mps,/home/annelot/WARMSTART_PROJECT/baseline_symphony_21-01-2026+15_00/tmp/mnist-net_256x2/image_4/mnist-net_256x2_4_0_023.mps,UNSAT,0.00716,UNSAT-UNSAT,None
/home/annelot/WARMSTART_PROJECT/baseline_symphony_21-01-2026+15_00/tmp/mnist-net_256x2/image_4/mnist-net_256x2_4_0_009.mps,/home/annelot/WARMSTART_PROJECT/baseline_symphony_21-01-2026+15_00/tmp/mnist-net_256x2/image_4/mnist-net_256x2_4_0_021.mps,UNSAT,0.007158,UNSAT-UNSAT,None
/home/annelot/WARMSTART_PROJECT/baseline_symphony_21-01-2026+15_00/tmp/mnist-net_256x2/image_4/mnist-net_256x2_4_0_009.mps,/home/annelot/WARMSTART_PROJECT/baseline_symphony_21-01-2026+15_00/tmp/mnist-net_256x2/image_4/mnist-net_256x2_4_0_013.mps,UNSAT,0.007298,UNSAT-UNSAT,None
/home/annelot/WARMSTART_PROJECT/baseline_symphony_21-01-2026+15_00/tmp/mnist-net_256x2/image_4/mnist-net_256x2_4_0_005.mps,/home/annelot/WARMSTART_PROJECT/baseline_symphony_21-01-2026+15_00/tmp/mnist-net_256x2/image_4/mnist-net_256x2_4_0_025.mps,UNSAT,0.007005,UNSAT-UNSAT,None
/home/annelot/WARMSTART_PROJECT/baseline_symphony_21-01-2026+15_00/tmp/mnist-net_256x2/image_4/mnist-net_256x2_4_0_007.mps,/home/annelot/WARMSTART_PROJECT/baseline_symphony_21-01-2026+15_00/tmp/mnist-net_256x2/image_4/mnist-net_256x2_4_0_023.mps,UNSAT,0.007188,UNSAT-UNSAT,None
/home/annelot/WARMSTART_PROJECT/baseline_symphony_21-01-2026+15_00/tmp/mnist-net_256x2/image_4/mnist-net_256x2_4_0_009.mps,/home/annelot/WARMSTART_PROJECT/baseline_symphony_21-01-2026+15_00/tmp/mnist-net_256x2/image_4/mnist-net_256x2_4_0_011.mps,UNSAT,0.007027,UNSAT-UNSAT,None
/home/annelot/WARMSTART_PROJECT/baseline_symphony_21-01-2026+15_00/tmp/mnist-net_256x2/image_4/mnist-net_256x2_4_0_007.mps,/home/annelot/WARMSTART_PROJECT/baseline_symphony_21-01-2026+15_00/tmp/mnist-net_256x2/image_4/mnist-net_256x2_4_0_009.mps,UNSAT,0.007328,UNSAT-UNSAT,None
/home/annelot/WARMSTART_PROJECT/baseline_symphony_21-01-2026+15_00/tmp/mnist-net_256x2/image_4/mnist-net_256x2_4_0_007.mps,/home/annelot/WARMSTART_PROJECT/baseline_symphony_21-01-2026+15_00/tmp/mnist-net_256x2/image_4/mnist-net_256x2_4_0_021.mps,UNSAT,0.007016,UNSAT-UNSAT,None
/home/annelot/WARMSTART_PROJECT/baseline_symphony_21-01-2026+15_00/tmp/mnist-net_256x2/image_4/mnist-net_256x2_4_0_007.mps,/home/annelot/WARMSTART_PROJECT/baseline_symphony_21-01-2026+15_00/tmp/mnist-net_256x2/image_4/mnist-net_256x2_4_0_025.mps,UNSAT,0.007144,UNSAT-UNSAT,None
/home/annelot/WARMSTART_PROJECT/baseline_symphony_21-01-2026+15_00/tmp/mnist-net_256x2/image_4/mnist-net_256x2_4_0_007.mps,/home/annelot/WARMSTART_PROJECT/baseline_symphony_21-01-2026+15_00/tmp/mnist-net_256x2/image_4/mnist-net_256x2_4_0_019.mps,UNSAT,0.007478,UNSAT-UNSAT,None
/home/annelot/WARMSTART_PROJECT/baseline_symphony_21-01-2026+15_00/tmp/mnist-net_256x2/image_4/mnist-net_256x2_4_0_005.mps,/home/annelot/WARMSTART_PROJECT/baseline_symphony_21-01-2026+15_00/tmp/mnist-net_256x2/image_4/mnist-net_256x2_4_0_021.mps,UNSAT,0.007024,UNSAT-UNSAT,None
/home/annelot/WARMSTART_PROJECT/baseline_symphony_21-01-2026+15_00/tmp/mnist-net_256x2/image_4/mnist-net_256x2_4_0_003.mps,/home/annelot/WARMSTART_PROJECT/baseline_symphony_21-01-2026+15_00/tmp/mnist-net_256x2/image_4/mnist-net_256x2_4_0_015.mps,ERR,,UNSAT-UNSAT,None
/home/annelot/WARMSTART_PROJECT/baseline_symphony_21-01-2026+15_00/tmp/mnist-net_256x2/image_4/mnist-net_256x2_4_0_001.mps,/home/annelot/WARMSTART_PROJECT/baseline_symphony_21-01-2026+15_00/tmp/mnist-net_256x2/image_4/mnist-net_256x2_4_0_013.mps,ERR,,UNSAT-UNSAT,None
/home/annelot/WARMSTART_PROJECT/baseline_symphony_21-01-2026+15_00/tmp/mnist-net_256x2/image_4/mnist-net_256x2_4_0_011.mps,/home/annelot/WARMSTART_PROJECT/baseline_symphony_21-01-2026+15_00/tmp/mnist-net_256x2/image_4/mnist-net_256x2_4_0_021.mps,UNSAT,0.006526,UNSAT-UNSAT,None
/home/annelot/WARMSTART_PROJECT/baseline_symphony_21-01-2026+15_00/tmp/mnist-net_256x2/image_4/mnist-net_256x2_4_0_011.mps,/home/annelot/WARMSTART_PROJECT/baseline_symphony_21-01-2026+15_00/tmp/mnist-net_256x2/image_4/mnist-net_256x2_4_0_023.mps,UNSAT,0.006538,UNSAT-UNSAT,None
/home/annelot/WARMSTART_PROJECT/baseline_symphony_21-01-2026+15_00/tmp/mnist-net_256x2/image_4/mnist-net_256x2_4_0_013.mps,/home/annelot/WARMSTART_PROJECT/baseline_symphony_21-01-2026+15_00/tmp/mnist-net_256x2/image_4/mnist-net_256x2_4_0_025.mps,UNSAT,0.006682,UNSAT-UNSAT,None
/home/annelot/WARMSTART_PROJECT/baseline_symphony_21-01-2026+15_00/tmp/mnist-net_256x2/image_4/mnist-net_256x2_4_0_013.mps,/home/annelot/WARMSTART_PROJECT/baseline_symphony_21-01-2026+15_00/tmp/mnist-net_256x2/image_4/mnist-net_256x2_4_0_015.mps,UNSAT,0.006744,UNSAT-UNSAT,None
/home/annelot/WARMSTART_PROJECT/baseline_symphony_21-01-2026+15_00/tmp/mnist-net_256x2/image_4/mnist-net_256x2_4_0_013.mps,/home/annelot/WARMSTART_PROJECT/baseline_symphony_21-01-2026+15_00/tmp/mnist-net_256x2/image_4/mnist-net_256x2_4_0_017.mps,UNSAT,0.006973,UNSAT-UNSAT,None
/home/annelot/WARMSTART_PROJECT/baseline_symphony_21-01-2026+15_00/tmp/mnist-net_256x2/image_4/mnist-net_256x2_4_0_013.mps,/home/annelot/WARMSTART_PROJECT/baseline_symphony_21-01-2026+15_00/tmp/mnist-net_256x2/image_4/mnist-net_256x2_4_0_021.mps,UNSAT,0.006887,UNSAT-UNSAT,None
/home/annelot/WARMSTART_PROJECT/baseline_symphony_21-01-2026+15_00/tmp/mnist-net_256x2/image_4/mnist-net_256x2_4_0_015.mps,/home/annelot/WARMSTART_PROJECT/baseline_symphony_21-01-2026+15_00/tmp/mnist-net_256x2/image_4/mnist-net_256x2_4_0_017.mps,UNSAT,0.00636,UNSAT-UNSAT,None
/home/annelot/WARMSTART_PROJECT/baseline_symphony_21-01-2026+15_00/tmp/mnist-net_256x2/image_4/mnist-net_256x2_4_0_015.mps,/home/annelot/WARMSTART_PROJECT/baseline_symphony_21-01-2026+15_00/tmp/mnist-net_256x2/image_4/mnist-net_256x2_4_0_025.mps,UNSAT,0.006338,UNSAT-UNSAT,None
/home/annelot/WARMSTART_PROJECT/baseline_symphony_21-01-2026+15_00/tmp/mnist-net_256x2/image_4/mnist-net_256x2_4_0_013.mps,/home/annelot/WARMSTART_PROJECT/baseline_symphony_21-01-2026+15_00/tmp/mnist-net_256x2/image_4/mnist-net_256x2_4_0_019.mps,UNSAT,0.006775,UNSAT-UNSAT,None
/home/annelot/WARMSTART_PROJECT/baseline_symphony_21-01-2026+15_00/tmp/mnist-net_256x2/image_4/mnist-net_256x2_4_0_015.mps,/home/annelot/WARMSTART_PROJECT/baseline_symphony_21-01-2026+15_00/tmp/mnist-net_256x2/image_4/mnist-net_256x2_4_0_023.mps,UNSAT,0.006483,UNSAT-UNSAT,None
/home/annelot/WARMSTART_PROJECT/baseline_symphony_21-01-2026+15_00/tmp/mnist-net_256x2/image_4/mnist-net_256x2_4_0_015.mps,/home/annelot/WARMSTART_PROJECT/baseline_symphony_21-01-2026+15_00/tmp/mnist-net_256x2/image_4/mnist-net_256x2_4_0_021.mps,UNSAT,0.006489,UNSAT-UNSAT,None
/home/annelot/WARMSTART_PROJECT/baseline_symphony_21-01-2026+15_00/tmp/mnist-net_256x2/image_4/mnist-net_256x2_4_0_015.mps,/home/annelot/WARMSTART_PROJECT/baseline_symphony_21-01-2026+15_00/tmp/mnist-net_256x2/image_4/mnist-net_256x2_4_0_019.mps,UNSAT,0.006522,UNSAT-UNSAT,None
/home/annelot/WARMSTART_PROJECT/baseline_symphony_21-01-2026+15_00/tmp/mnist-net_256x2/image_4/mnist-net_256x2_4_0_013.mps,/home/annelot/WARMSTART_PROJECT/baseline_symphony_21-01-2026+15_00/tmp/mnist-net_256x2/image_4/mnist-net_256x2_4_0_023.mps,UNSAT,0.006665,UNSAT-UNSAT,None
/home/annelot/WARMSTART_PROJECT/baseline_symphony_21-01-2026+15_00/tmp/mnist-net_256x2/image_4/mnist-net_256x2_4_0_011.mps,/home/annelot/WARMSTART_PROJECT/baseline_symphony_21-01-2026+15_00/tmp/mnist-net_256x2/image_4/mnist-net_256x2_4_0_025.mps,UNSAT,0.006973,UNSAT-UNSAT,None
/home/annelot/WARMSTART_PROJECT/baseline_symphony_21-01-2026+15_00/tmp/mnist-net/image_7/mnist-net_7_0_021.mps,/home/annelot/WARMSTART_PROJECT/baseline_symphony_21-01-2026+15_00/tmp/mnist-net/image_7/mnist-net_7_0_031.mps,UNSAT,0.012806,UNSAT-UNSAT,None
/home/annelot/WARMSTART_PROJECT/baseline_symphony_21-01-2026+15_00/tmp/mnist-net/image_7/mnist-net_7_0_023.mps,/home/annelot/WARMSTART_PROJECT/baseline_symphony_21-01-2026+15_00/tmp/mnist-net/image_7/mnist-net_7_0_029.mps,UNSAT,0.013924,UNSAT-UNSAT,None
/home/annelot/WARMSTART_PROJECT/baseline_symphony_21-01-2026+15_00/tmp/mnist-net/image_7/mnist-net_7_0_021.mps,/home/annelot/WARMSTART_PROJECT/baseline_symphony_21-01-2026+15_00/tmp/mnist-net/image_7/mnist-net_7_0_035.mps,UNSAT,0.013651,UNSAT-UNSAT,None
/home/annelot/WARMSTART_PROJECT/baseline_symphony_21-01-2026+15_00/tmp/mnist-net/image_7/mnist-net_7_0_021.mps,/home/annelot/WARMSTART_PROJECT/baseline_symphony_21-01-2026+15_00/tmp/mnist-net/image_7/mnist-net_7_0_033.mps,UNSAT,0.013755,UNSAT-UNSAT,None
/home/annelot/WARMSTART_PROJECT/baseline_symphony_21-01-2026+15_00/tmp/mnist-net/image_7/mnist-net_7_0_023.mps,/home/annelot/WARMSTART_PROJECT/baseline_symphony_21-01-2026+15_00/tmp/mnist-net/image_7/mnist-net_7_0_025.mps,UNSAT,0.014253,UNSAT-UNSAT,None
/home/annelot/WARMSTART_PROJECT/baseline_symphony_21-01-2026+15_00/tmp/mnist-net/image_7/mnist-net_7_0_021.mps,/home/annelot/WARMSTART_PROJECT/baseline_symphony_21-01-2026+15_00/tmp/mnist-net/image_7/mnist-net_7_0_029.mps,UNSAT,0.013396,UNSAT-UNSAT,None
/home/annelot/WARMSTART_PROJECT/baseline_symphony_21-01-2026+15_00/tmp/mnist-net/image_7/mnist-net_7_0_021.mps,/home/annelot/WARMSTART_PROJECT/baseline_symphony_21-01-2026+15_00/tmp/mnist-net/image_7/mnist-net_7_0_023.mps,UNSAT,0.013202,UNSAT-UNSAT,None
/home/annelot/WARMSTART_PROJECT/baseline_symphony_21-01-2026+15_00/tmp/mnist-net/image_7/mnist-net_7_0_021.mps,/home/annelot/WARMSTART_PROJECT/baseline_symphony_21-01-2026+15_00/tmp/mnist-net/image_7/mnist-net_7_0_025.mps,UNSAT,0.01308,UNSAT-UNSAT,None
/home/annelot/WARMSTART_PROJECT/baseline_symphony_21-01-2026+15_00/tmp/mnist-net/image_7/mnist-net_7_0_023.mps,/home/annelot/WARMSTART_PROJECT/baseline_symphony_21-01-2026+15_00/tmp/mnist-net/image_7/mnist-net_7_0_027.mps,UNSAT,0.014026,UNSAT-UNSAT,None
/home/annelot/WARMSTART_PROJECT/baseline_symphony_21-01-2026+15_00/tmp/mnist-net/image_7/mnist-net_7_0_021.mps,/home/annelot/WARMSTART_PROJECT/baseline_symphony_21-01-2026+15_00/tmp/mnist-net/image_7/mnist-net_7_0_027.mps,UNSAT,0.013047,UNSAT-UNSAT,None
/home/annelot/WARMSTART_PROJECT/baseline_symphony_21-01-2026+15_00/tmp/mnist-net/image_6/mnist-net_6_0_021.mps,/home/annelot/WARMSTART_PROJECT/baseline_symphony_21-01-2026+15_00/tmp/mnist-net/image_6/mnist-net_6_0_027.mps,UNSAT,0.014311,UNSAT-UNSAT,None
/home/annelot/WARMSTART_PROJECT/baseline_symphony_21-01-2026+15_00/tmp/mnist-net/image_7/mnist-net_7_0_025.mps,/home/annelot/WARMSTART_PROJECT/baseline_symphony_21-01-2026+15_00/tmp/mnist-net/image_7/mnist-net_7_0_027.mps,UNSAT,0.015704,UNSAT-UNSAT,None
/home/annelot/WARMSTART_PROJECT/baseline_symphony_21-01-2026+15_00/tmp/mnist-net/image_6/mnist-net_6_0_021.mps,/home/annelot/WARMSTART_PROJECT/baseline_symphony_21-01-2026+15_00/tmp/mnist-net/image_6/mnist-net_6_0_031.mps,UNSAT,0.015426,UNSAT-UNSAT,None
/home/annelot/WARMSTART_PROJECT/baseline_symphony_21-01-2026+15_00/tmp/mnist-net/image_6/mnist-net_6_0_021.mps,/home/annelot/WARMSTART_PROJECT/baseline_symphony_21-01-2026+15_00/tmp/mnist-net/image_6/mnist-net_6_0_025.mps,UNSAT,0.015453,UNSAT-UNSAT,None
/home/annelot/WARMSTART_PROJECT/baseline_symphony_21-01-2026+15_00/tmp/mnist-net/image_6/mnist-net_6_0_021.mps,/home/annelot/WARMSTART_PROJECT/baseline_symphony_21-01-2026+15_00/tmp/mnist-net/image_6/mnist-net_6_0_029.mps,UNSAT,0.015467,UNSAT-UNSAT,None
/home/annelot/WARMSTART_PROJECT/baseline_symphony_21-01-2026+15_00/tmp/mnist-net/image_6/mnist-net_6_0_021.mps,/home/annelot/WARMSTART_PROJECT/baseline_symphony_21-01-2026+15_00/tmp/mnist-net/image_6/mnist-net_6_0_033.mps,UNSAT,0.015513,UNSAT-UNSAT,None
/home/annelot/WARMSTART_PROJECT/baseline_symphony_21-01-2026+15_00/tmp/mnist-net/image_6/mnist-net_6_0_021.mps,/home/annelot/WARMSTART_PROJECT/baseline_symphony_21-01-2026+15_00/tmp/mnist-net/image_6/mnist-net_6_0_035.mps,UNSAT,0.015477,UNSAT-UNSAT,None
/home/annelot/WARMSTART_PROJECT/baseline_symphony_21-01-2026+15_00/tmp/mnist-net/image_6/mnist-net_6_0_021.mps,/home/annelot/WARMSTART_PROJECT/baseline_symphony_21-01-2026+15_00/tmp/mnist-net/image_6/mnist-net_6_0_023.mps,UNSAT,0.015476,UNSAT-UNSAT,None
/home/annelot/WARMSTART_PROJECT/baseline_symphony_21-01-2026+15_00/tmp/mnist-net/image_7/mnist-net_7_0_025.mps,/home/annelot/WARMSTART_PROJECT/baseline_symphony_21-01-2026+15_00/tmp/mnist-net/image_7/mnist-net_7_0_029.mps,UNSAT,0.013897,UNSAT-UNSAT,None
/home/annelot/WARMSTART_PROJECT/baseline_symphony_21-01-2026+15_00/tmp/mnist-net/image_7/mnist-net_7_0_023.mps,/home/annelot/WARMSTART_PROJECT/baseline_symphony_21-01-2026+15_00/tmp/mnist-net/image_7/mnist-net_7_0_033.mps,UNSAT,0.014244,UNSAT-UNSAT,None
/home/annelot/WARMSTART_PROJECT/baseline_symphony_21-01-2026+15_00/tmp/mnist-net/image_7/mnist-net_7_0_025.mps,/home/annelot/WARMSTART_PROJECT/baseline_symphony_21-01-2026+15_00/tmp/mnist-net/image_7/mnist-net_7_0_033.mps,UNSAT,0.013903,UNSAT-UNSAT,None
/home/annelot/WARMSTART_PROJECT/baseline_symphony_21-01-2026+15_00/tmp/mnist-net/image_7/mnist-net_7_0_025.mps,/home/annelot/WARMSTART_PROJECT/baseline_symphony_21-01-2026+15_00/tmp/mnist-net/image_7/mnist-net_7_0_031.mps,UNSAT,0.013859,UNSAT-UNSAT,None
/home/annelot/WARMSTART_PROJECT/baseline_symphony_21-01-2026+15_00/tmp/mnist-net/image_7/mnist-net_7_0_023.mps,/home/annelot/WARMSTART_PROJECT/baseline_symphony_21-01-2026+15_00/tmp/mnist-net/image_7/mnist-net_7_0_031.mps,UNSAT,0.014572,UNSAT-UNSAT,None
/home/annelot/WARMSTART_PROJECT/baseline_symphony_21-01-2026+15_00/tmp/mnist-net/image_7/mnist-net_7_0_025.mps,/home/annelot/WARMSTART_PROJECT/baseline_symphony_21-01-2026+15_00/tmp/mnist-net/image_7/mnist-net_7_0_035.mps,UNSAT,0.014035,UNSAT-UNSAT,None
/home/annelot/WARMSTART_PROJECT/baseline_symphony_21-01-2026+15_00/tmp/mnist-net/image_7/mnist-net_7_0_023.mps,/home/annelot/WARMSTART_PROJECT/baseline_symphony_21-01-2026+15_00/tmp/mnist-net/image_7/mnist-net_7_0_035.mps,UNSAT,0.0143,UNSAT-UNSAT,None
/home/annelot/WARMSTART_PROJECT/baseline_symphony_21-01-2026+15_00/tmp/mnist-net_256x2/image_4/mnist-net_256x2_4_0_003.mps,/home/annelot/WARMSTART_PROJECT/baseline_symphony_21-01-2026+15_00/tmp/mnist-net_256x2/image_4/mnist-net_256x2_4_0_009.mps,ERR,,UNSAT-UNSAT,None
/home/annelot/WARMSTART_PROJECT/baseline_symphony_21-01-2026+15_00/tmp/mnist-net_256x2/image_4/mnist-net_256x2_4_0_003.mps,/home/annelot/WARMSTART_PROJECT/baseline_symphony_21-01-2026+15_00/tmp/mnist-net_256x2/image_4/mnist-net_256x2_4_0_005.mps,ERR,,UNSAT-UNSAT,None
/home/annelot/WARMSTART_PROJECT/baseline_symphony_21-01-2026+15_00/tmp/mnist-net_256x2/image_4/mnist-net_256x2_4_0_003.mps,/home/annelot/WARMSTART_PROJECT/baseline_symphony_21-01-2026+15_00/tmp/mnist-net_256x2/image_4/mnist-net_256x2_4_0_007.mps,ERR,,UNSAT-UNSAT,None
/home/annelot/WARMSTART_PROJECT/baseline_symphony_21-01-2026+15_00/tmp/mnist-net_256x2/image_4/mnist-net_256x2_4_0_001.mps,/home/annelot/WARMSTART_PROJECT/baseline_symphony_21-01-2026+15_00/tmp/mnist-net_256x2/image_4/mnist-net_256x2_4_0_015.mps,ERR,,UNSAT-UNSAT,None
/home/annelot/WARMSTART_PROJECT/baseline_symphony_21-01-2026+15_00/tmp/mnist-net/image_9/mnist-net_9_0_013.mps,/home/annelot/WARMSTART_PROJECT/baseline_symphony_21-01-2026+15_00/tmp/mnist-net/image_9/mnist-net_9_0_039.mps,UNSAT,0.011194,UNSAT-UNSAT,None
/home/annelot/WARMSTART_PROJECT/baseline_symphony_21-01-2026+15_00/tmp/mnist-net/image_6/mnist-net_6_0_025.mps,/home/annelot/WARMSTART_PROJECT/baseline_symphony_21-01-2026+15_00/tmp/mnist-net/image_6/mnist-net_6_0_027.mps,UNSAT,0.014265,UNSAT-UNSAT,None
/home/annelot/WARMSTART_PROJECT/baseline_symphony_21-01-2026+15_00/tmp/mnist-net/image_9/mnist-net_9_0_013.mps,/home/annelot/WARMSTART_PROJECT/baseline_symphony_21-01-2026+15_00/tmp/mnist-net/image_9/mnist-net_9_0_021.mps,UNSAT,0.013133,UNSAT-UNSAT,None
/home/annelot/WARMSTART_PROJECT/baseline_symphony_21-01-2026+15_00/tmp/mnist-net/image_9/mnist-net_9_0_013.mps,/home/annelot/WARMSTART_PROJECT/baseline_symphony_21-01-2026+15_00/tmp/mnist-net/image_9/mnist-net_9_0_043.mps,UNSAT,0.012199,UNSAT-UNSAT,None
/home/annelot/WARMSTART_PROJECT/baseline_symphony_21-01-2026+15_00/tmp/mnist-net/image_9/mnist-net_9_0_013.mps,/home/annelot/WARMSTART_PROJECT/baseline_symphony_21-01-2026+15_00/tmp/mnist-net/image_9/mnist-net_9_0_035.mps,UNSAT,0.012903,UNSAT-UNSAT,None
/home/annelot/WARMSTART_PROJECT/baseline_symphony_21-01-2026+15_00/tmp/mnist-net/image_9/mnist-net_9_0_013.mps,/home/annelot/WARMSTART_PROJECT/baseline_symphony_21-01-2026+15_00/tmp/mnist-net/image_9/mnist-net_9_0_037.mps,UNSAT,0.013428,UNSAT-UNSAT,None
/home/annelot/WARMSTART_PROJECT/baseline_symphony_21-01-2026+15_00/tmp/mnist-net/image_6/mnist-net_6_0_025.mps,/home/annelot/WARMSTART_PROJECT/baseline_symphony_21-01-2026+15_00/tmp/mnist-net/image_6/mnist-net_6_0_033.mps,UNSAT,0.014012,UNSAT-UNSAT,None
/home/annelot/WARMSTART_PROJECT/baseline_symphony_21-01-2026+15_00/tmp/mnist-net/image_6/mnist-net_6_0_023.mps,/home/annelot/WARMSTART_PROJECT/baseline_symphony_21-01-2026+15_00/tmp/mnist-net/image_6/mnist-net_6_0_027.mps,UNSAT,0.013497,UNSAT-UNSAT,None
/home/annelot/WARMSTART_PROJECT/baseline_symphony_21-01-2026+15_00/tmp/mnist-net/image_9/mnist-net_9_0_013.mps,/home/annelot/WARMSTART_PROJECT/baseline_symphony_21-01-2026+15_00/tmp/mnist-net/image_9/mnist-net_9_0_045.mps,UNSAT,0.013266,UNSAT-UNSAT,None
/home/annelot/WARMSTART_PROJECT/baseline_symphony_21-01-2026+15_00/tmp/mnist-net/image_9/mnist-net_9_0_013.mps,/home/annelot/WARMSTART_PROJECT/baseline_symphony_21-01-2026+15_00/tmp/mnist-net/image_9/mnist-net_9_0_047.mps,UNSAT,0.013141,UNSAT-UNSAT,None
/home/annelot/WARMSTART_PROJECT/baseline_symphony_21-01-2026+15_00/tmp/mnist-net/image_9/mnist-net_9_0_013.mps,/home/annelot/WARMSTART_PROJECT/baseline_symphony_21-01-2026+15_00/tmp/mnist-net/image_9/mnist-net_9_0_041.mps,UNSAT,0.013105,UNSAT-UNSAT,None
/home/annelot/WARMSTART_PROJECT/baseline_symphony_21-01-2026+15_00/tmp/mnist-net/image_9/mnist-net_9_0_013.mps,/home/annelot/WARMSTART_PROJECT/baseline_symphony_21-01-2026+15_00/tmp/mnist-net/image_9/mnist-net_9_0_015.mps,UNSAT,0.013827,UNSAT-UNSAT,None
/home/annelot/WARMSTART_PROJECT/baseline_symphony_21-01-2026+15_00/tmp/mnist-net/image_6/mnist-net_6_0_023.mps,/home/annelot/WARMSTART_PROJECT/baseline_symphony_21-01-2026+15_00/tmp/mnist-net/image_6/mnist-net_6_0_031.mps,UNSAT,0.015125,UNSAT-UNSAT,None
/home/annelot/WARMSTART_PROJECT/baseline_symphony_21-01-2026+15_00/tmp/mnist-net/image_9/mnist-net_9_0_013.mps,/home/annelot/WARMSTART_PROJECT/baseline_symphony_21-01-2026+15_00/tmp/mnist-net/image_9/mnist-net_9_0_029.mps,UNSAT,0.014666,UNSAT-UNSAT,None
/home/annelot/WARMSTART_PROJECT/baseline_symphony_21-01-2026+15_00/tmp/mnist-net/image_9/mnist-net_9_0_013.mps,/home/annelot/WARMSTART_PROJECT/baseline_symphony_21-01-2026+15_00/tmp/mnist-net/image_9/mnist-net_9_0_019.mps,UNSAT,0.014621,UNSAT-UNSAT,None
/home/annelot/WARMSTART_PROJECT/baseline_symphony_21-01-2026+15_00/tmp/mnist-net/image_9/mnist-net_9_0_013.mps,/home/annelot/WARMSTART_PROJECT/baseline_symphony_21-01-2026+15_00/tmp/mnist-net/image_9/mnist-net_9_0_017.mps,UNSAT,0.014686,UNSAT-UNSAT,None
/home/annelot/WARMSTART_PROJECT/baseline_symphony_21-01-2026+15_00/tmp/mnist-net/image_9/mnist-net_9_0_013.mps,/home/annelot/WARMSTART_PROJECT/baseline_symphony_21-01-2026+15_00/tmp/mnist-net/image_9/mnist-net_9_0_025.mps,UNSAT,0.014726,UNSAT-UNSAT,None
/home/annelot/WARMSTART_PROJECT/baseline_symphony_21-01-2026+15_00/tmp/mnist-net/image_6/mnist-net_6_0_025.mps,/home/annelot/WARMSTART_PROJECT/baseline_symphony_21-01-2026+15_00/tmp/mnist-net/image_6/mnist-net_6_0_029.mps,UNSAT,0.014915,UNSAT-UNSAT,None
/home/annelot/WARMSTART_PROJECT/baseline_symphony_21-01-2026+15_00/tmp/mnist-net/image_6/mnist-net_6_0_025.mps,/home/annelot/WARMSTART_PROJECT/baseline_symphony_21-01-2026+15_00/tmp/mnist-net/image_6/mnist-net_6_0_031.mps,UNSAT,0.014654,UNSAT-UNSAT,None
/home/annelot/WARMSTART_PROJECT/baseline_symphony_21-01-2026+15_00/tmp/mnist-net/image_9/mnist-net_9_0_013.mps,/home/annelot/WARMSTART_PROJECT/baseline_symphony_21-01-2026+15_00/tmp/mnist-net/image_9/mnist-net_9_0_027.mps,UNSAT,0.014215,UNSAT-UNSAT,None
/home/annelot/WARMSTART_PROJECT/baseline_symphony_21-01-2026+15_00/tmp/mnist-net/image_9/mnist-net_9_0_013.mps,/home/annelot/WARMSTART_PROJECT/baseline_symphony_21-01-2026+15_00/tmp/mnist-net/image_9/mnist-net_9_0_031.mps,UNSAT,0.01414,UNSAT-UNSAT,None
/home/annelot/WARMSTART_PROJECT/baseline_symphony_21-01-2026+15_00/tmp/mnist-net/image_6/mnist-net_6_0_025.mps,/home/annelot/WARMSTART_PROJECT/baseline_symphony_21-01-2026+15_00/tmp/mnist-net/image_6/mnist-net_6_0_035.mps,UNSAT,0.014468,UNSAT-UNSAT,None
/home/annelot/WARMSTART_PROJECT/baseline_symphony_21-01-2026+15_00/tmp/mnist-net/image_9/mnist-net_9_0_013.mps,/home/annelot/WARMSTART_PROJECT/baseline_symphony_21-01-2026+15_00/tmp/mnist-net/image_9/mnist-net_9_0_033.mps,UNSAT,0.014085,UNSAT-UNSAT,None
/home/annelot/WARMSTART_PROJECT/baseline_symphony_21-01-2026+15_00/tmp/mnist-net/image_6/mnist-net_6_0_023.mps,/home/annelot/WARMSTART_PROJECT/baseline_symphony_21-01-2026+15_00/tmp/mnist-net/image_6/mnist-net_6_0_029.mps,UNSAT,0.014031,UNSAT-UNSAT,None
/home/annelot/WARMSTART_PROJECT/baseline_symphony_21-01-2026+15_00/tmp/mnist-net/image_6/mnist-net_6_0_023.mps,/home/annelot/WARMSTART_PROJECT/baseline_symphony_21-01-2026+15_00/tmp/mnist-net/image_6/mnist-net_6_0_035.mps,UNSAT,0.018975,UNSAT-UNSAT,None
/home/annelot/WARMSTART_PROJECT/baseline_symphony_21-01-2026+15_00/tmp/mnist-net/image_6/mnist-net_6_0_023.mps,/home/annelot/WARMSTART_PROJECT/baseline_symphony_21-01-2026+15_00/tmp/mnist-net/image_6/mnist-net_6_0_033.mps,UNSAT,0.020655,UNSAT-UNSAT,None
/home/annelot/WARMSTART_PROJECT/baseline_symphony_21-01-2026+15_00/tmp/mnist-net/image_9/mnist-net_9_0_013.mps,/home/annelot/WARMSTART_PROJECT/baseline_symphony_21-01-2026+15_00/tmp/mnist-net/image_9/mnist-net_9_0_023.mps,UNSAT,0.01354,UNSAT-UNSAT,None
/home/annelot/WARMSTART_PROJECT/baseline_symphony_21-01-2026+15_00/tmp/mnist-net/image_6/mnist-net_6_0_023.mps,/home/annelot/WARMSTART_PROJECT/baseline_symphony_21-01-2026+15_00/tmp/mnist-net/image_6/mnist-net_6_0_025.mps,UNSAT,0.014537,UNSAT-UNSAT,None
/home/annelot/WARMSTART_PROJECT/baseline_symphony_21-01-2026+15_00/tmp/mnist-net_256x2/image_4/mnist-net_256x2_4_0_001.mps,/home/annelot/WARMSTART_PROJECT/baseline_symphony_21-01-2026+15_00/tmp/mnist-net_256x2/image_4/mnist-net_256x2_4_0_003.mps,ERR,,UNSAT-UNSAT,None
/home/annelot/WARMSTART_PROJECT/baseline_symphony_21-01-2026+15_00/tmp/mnist-net/image_9/mnist-net_9_0_013.mps,/home/annelot/WARMSTART_PROJECT/baseline_symphony_21-01-2026+15_00/tmp/mnist-net/image_9/mnist-net_9_0_055.mps,UNSAT,0.011006,UNSAT-UNSAT,None
/home/annelot/WARMSTART_PROJECT/baseline_symphony_21-01-2026+15_00/tmp/mnist-net/image_9/mnist-net_9_0_015.mps,/home/annelot/WARMSTART_PROJECT/baseline_symphony_21-01-2026+15_00/tmp/mnist-net/image_9/mnist-net_9_0_017.mps,UNSAT,0.011781,UNSAT-UNSAT,None
/home/annelot/WARMSTART_PROJECT/baseline_symphony_21-01-2026+15_00/tmp/mnist-net/image_9/mnist-net_9_0_013.mps,/home/annelot/WARMSTART_PROJECT/baseline_symphony_21-01-2026+15_00/tmp/mnist-net/image_9/mnist-net_9_0_057.mps,UNSAT,0.012234,UNSAT-UNSAT,None
/home/annelot/WARMSTART_PROJECT/baseline_symphony_21-01-2026+15_00/tmp/mnist-net/image_9/mnist-net_9_0_013.mps,/home/annelot/WARMSTART_PROJECT/baseline_symphony_21-01-2026+15_00/tmp/mnist-net/image_9/mnist-net_9_0_051.mps,UNSAT,0.01173,UNSAT-UNSAT,None
/home/annelot/WARMSTART_PROJECT/baseline_symphony_21-01-2026+15_00/tmp/mnist-net/image_9/mnist-net_9_0_013.mps,/home/annelot/WARMSTART_PROJECT/baseline_symphony_21-01-2026+15_00/tmp/mnist-net/image_9/mnist-net_9_0_053.mps,UNSAT,0.011809,UNSAT-UNSAT,None
/home/annelot/WARMSTART_PROJECT/baseline_symphony_21-01-2026+15_00/tmp/mnist-net/image_9/mnist-net_9_0_013.mps,/home/annelot/WARMSTART_PROJECT/baseline_symphony_21-01-2026+15_00/tmp/mnist-net/image_9/mnist-net_9_0_049.mps,UNSAT,0.011795,UNSAT-UNSAT,None
/home/annelot/WARMSTART_PROJECT/baseline_symphony_21-01-2026+15_00/tmp/mnist-net/image_9/mnist-net_9_0_015.mps,/home/annelot/WARMSTART_PROJECT/baseline_symphony_21-01-2026+15_00/tmp/mnist-net/image_9/mnist-net_9_0_019.mps,UNSAT,0.011662,UNSAT-UNSAT,None
/home/annelot/WARMSTART_PROJECT/baseline_symphony_21-01-2026+15_00/tmp/mnist-net/image_9/mnist-net_9_0_013.mps,/home/annelot/WARMSTART_PROJECT/baseline_symphony_21-01-2026+15_00/tmp/mnist-net/image_9/mnist-net_9_0_059.mps,UNSAT,0.012867,UNSAT-UNSAT,None
/home/annelot/WARMSTART_PROJECT/baseline_symphony_21-01-2026+15_00/tmp/mnist-net/image_9/mnist-net_9_0_015.mps,/home/annelot/WARMSTART_PROJECT/baseline_symphony_21-01-2026+15_00/tmp/mnist-net/image_9/mnist-net_9_0_023.mps,UNSAT,0.013251,UNSAT-UNSAT,None
/home/annelot/WARMSTART_PROJECT/baseline_symphony_21-01-2026+15_00/tmp/mnist-net/image_9/mnist-net_9_0_015.mps,/home/annelot/WARMSTART_PROJECT/baseline_symphony_21-01-2026+15_00/tmp/mnist-net/image_9/mnist-net_9_0_025.mps,UNSAT,0.013375,UNSAT-UNSAT,None
/home/annelot/WARMSTART_PROJECT/baseline_symphony_21-01-2026+15_00/tmp/mnist-net/image_9/mnist-net_9_0_015.mps,/home/annelot/WARMSTART_PROJECT/baseline_symphony_21-01-2026+15_00/tmp/mnist-net/image_9/mnist-net_9_0_021.mps,UNSAT,0.013137,UNSAT-UNSAT,None
/home/annelot/WARMSTART_PROJECT/baseline_symphony_21-01-2026+15_00/tmp/mnist-net/image_9/mnist-net_9_0_015.mps,/home/annelot/WARMSTART_PROJECT/baseline_symphony_21-01-2026+15_00/tmp/mnist-net/image_9/mnist-net_9_0_027.mps,UNSAT,0.013288,UNSAT-UNSAT,None
/home/annelot/WARMSTART_PROJECT/baseline_symphony_21-01-2026+15_00/tmp/mnist-net_256x2/image_4/mnist-net_256x2_4_0_001.mps,/home/annelot/WARMSTART_PROJECT/baseline_symphony_21-01-2026+15_00/tmp/mnist-net_256x2/image_4/mnist-net_256x2_4_0_017.mps,ERR,,UNSAT-UNSAT,None
/home/annelot/WARMSTART_PROJECT/baseline_symphony_21-01-2026+15_00/tmp/mnist-net/image_9/mnist-net_9_0_017.mps,/home/annelot/WARMSTART_PROJECT/baseline_symphony_21-01-2026+15_00/tmp/mnist-net/image_9/mnist-net_9_0_033.mps,UNSAT,0.012019,UNSAT-UNSAT,None
/home/annelot/WARMSTART_PROJECT/baseline_symphony_21-01-2026+15_00/tmp/mnist-net/image_9/mnist-net_9_0_015.mps,/home/annelot/WARMSTART_PROJECT/baseline_symphony_21-01-2026+15_00/tmp/mnist-net/image_9/mnist-net_9_0_039.mps,UNSAT,0.01308,UNSAT-UNSAT,None
/home/annelot/WARMSTART_PROJECT/baseline_symphony_21-01-2026+15_00/tmp/mnist-net/image_9/mnist-net_9_0_017.mps,/home/annelot/WARMSTART_PROJECT/baseline_symphony_21-01-2026+15_00/tmp/mnist-net/image_9/mnist-net_9_0_043.mps,UNSAT,0.013457,UNSAT-UNSAT,None
/home/annelot/WARMSTART_PROJECT/baseline_symphony_21-01-2026+15_00/tmp/mnist-net/image_9/mnist-net_9_0_015.mps,/home/annelot/WARMSTART_PROJECT/baseline_symphony_21-01-2026+15_00/tmp/mnist-net/image_9/mnist-net_9_0_045.mps,UNSAT,0.013179,UNSAT-UNSAT,None
/home/annelot/WARMSTART_PROJECT/baseline_symphony_21-01-2026+15_00/tmp/mnist-net/image_9/mnist-net_9_0_015.mps,/home/annelot/WARMSTART_PROJECT/baseline_symphony_21-01-2026+15_00/tmp/mnist-net/image_9/mnist-net_9_0_049.mps,UNSAT,0.013194,UNSAT-UNSAT,None
/home/annelot/WARMSTART_PROJECT/baseline_symphony_21-01-2026+15_00/tmp/mnist-net/image_9/mnist-net_9_0_015.mps,/home/annelot/WARMSTART_PROJECT/baseline_symphony_21-01-2026+15_00/tmp/mnist-net/image_9/mnist-net_9_0_037.mps,UNSAT,0.01314,UNSAT-UNSAT,None
/home/annelot/WARMSTART_PROJECT/baseline_symphony_21-01-2026+15_00/tmp/mnist-net/image_9/mnist-net_9_0_017.mps,/home/annelot/WARMSTART_PROJECT/baseline_symphony_21-01-2026+15_00/tmp/mnist-net/image_9/mnist-net_9_0_037.mps,UNSAT,0.013369,UNSAT-UNSAT,None
/home/annelot/WARMSTART_PROJECT/baseline_symphony_21-01-2026+15_00/tmp/mnist-net/image_9/mnist-net_9_0_017.mps,/home/annelot/WARMSTART_PROJECT/baseline_symphony_21-01-2026+15_00/tmp/mnist-net/image_9/mnist-net_9_0_031.mps,UNSAT,0.013904,UNSAT-UNSAT,None
/home/annelot/WARMSTART_PROJECT/baseline_symphony_21-01-2026+15_00/tmp/mnist-net/image_9/mnist-net_9_0_017.mps,/home/annelot/WARMSTART_PROJECT/baseline_symphony_21-01-2026+15_00/tmp/mnist-net/image_9/mnist-net_9_0_047.mps,UNSAT,0.01406,UNSAT-UNSAT,None
/home/annelot/WARMSTART_PROJECT/baseline_symphony_21-01-2026+15_00/tmp/mnist-net/image_9/mnist-net_9_0_017.mps,/home/annelot/WARMSTART_PROJECT/baseline_symphony_21-01-2026+15_00/tmp/mnist-net/image_9/mnist-net_9_0_041.mps,UNSAT,0.014118,UNSAT-UNSAT,None
/home/annelot/WARMSTART_PROJECT/baseline_symphony_21-01-2026+15_00/tmp/mnist-net/image_9/mnist-net_9_0_017.mps,/home/annelot/WARMSTART_PROJECT/baseline_symphony_21-01-2026+15_00/tmp/mnist-net/image_9/mnist-net_9_0_049.mps,UNSAT,0.019483,UNSAT-UNSAT,None
/home/annelot/WARMSTART_PROJECT/baseline_symphony_21-01-2026+15_00/tmp/mnist-net/image_9/mnist-net_9_0_015.mps,/home/annelot/WARMSTART_PROJECT/baseline_symphony_21-01-2026+15_00/tmp/mnist-net/image_9/mnist-net_9_0_057.mps,UNSAT,0.013188,UNSAT-UNSAT,None
/home/annelot/WARMSTART_PROJECT/baseline_symphony_21-01-2026+15_00/tmp/mnist-net/image_9/mnist-net_9_0_015.mps,/home/annelot/WARMSTART_PROJECT/baseline_symphony_21-01-2026+15_00/tmp/mnist-net/image_9/mnist-net_9_0_059.mps,UNSAT,0.014245,UNSAT-UNSAT,None
/home/annelot/WARMSTART_PROJECT/baseline_symphony_21-01-2026+15_00/tmp/mnist-net/image_9/mnist-net_9_0_015.mps,/home/annelot/WARMSTART_PROJECT/baseline_symphony_21-01-2026+15_00/tmp/mnist-net/image_9/mnist-net_9_0_029.mps,UNSAT,0.014261,UNSAT-UNSAT,None
/home/annelot/WARMSTART_PROJECT/baseline_symphony_21-01-2026+15_00/tmp/mnist-net/image_9/mnist-net_9_0_015.mps,/home/annelot/WARMSTART_PROJECT/baseline_symphony_21-01-2026+15_00/tmp/mnist-net/image_9/mnist-net_9_0_043.mps,UNSAT,0.014183,UNSAT-UNSAT,None
/home/annelot/WARMSTART_PROJECT/baseline_symphony_21-01-2026+15_00/tmp/mnist-net/image_9/mnist-net_9_0_015.mps,/home/annelot/WARMSTART_PROJECT/baseline_symphony_21-01-2026+15_00/tmp/mnist-net/image_9/mnist-net_9_0_053.mps,UNSAT,0.014225,UNSAT-UNSAT,None
/home/annelot/WARMSTART_PROJECT/baseline_symphony_21-01-2026+15_00/tmp/mnist-net/image_9/mnist-net_9_0_015.mps,/home/annelot/WARMSTART_PROJECT/baseline_symphony_21-01-2026+15_00/tmp/mnist-net/image_9/mnist-net_9_0_031.mps,UNSAT,0.01427,UNSAT-UNSAT,None
/home/annelot/WARMSTART_PROJECT/baseline_symphony_21-01-2026+15_00/tmp/mnist-net/image_9/mnist-net_9_0_017.mps,/home/annelot/WARMSTART_PROJECT/baseline_symphony_21-01-2026+15_00/tmp/mnist-net/image_9/mnist-net_9_0_025.mps,UNSAT,0.014167,UNSAT-UNSAT,None
/home/annelot/WARMSTART_PROJECT/baseline_symphony_21-01-2026+15_00/tmp/mnist-net/image_9/mnist-net_9_0_017.mps,/home/annelot/WARMSTART_PROJECT/baseline_symphony_21-01-2026+15_00/tmp/mnist-net/image_9/mnist-net_9_0_029.mps,UNSAT,0.014616,UNSAT-UNSAT,None
/home/annelot/WARMSTART_PROJECT/baseline_symphony_21-01-2026+15_00/tmp/mnist-net/image_9/mnist-net_9_0_017.mps,/home/annelot/WARMSTART_PROJECT/baseline_symphony_21-01-2026+15_00/tmp/mnist-net/image_9/mnist-net_9_0_023.mps,UNSAT,0.013869,UNSAT-UNSAT,None
/home/annelot/WARMSTART_PROJECT/baseline_symphony_21-01-2026+15_00/tmp/mnist-net/image_9/mnist-net_9_0_017.mps,/home/annelot/WARMSTART_PROJECT/baseline_symphony_21-01-2026+15_00/tmp/mnist-net/image_9/mnist-net_9_0_021.mps,UNSAT,0.01392,UNSAT-UNSAT,None
/home/annelot/WARMSTART_PROJECT/baseline_symphony_21-01-2026+15_00/tmp/mnist-net/image_9/mnist-net_9_0_017.mps,/home/annelot/WARMSTART_PROJECT/baseline_symphony_21-01-2026+15_00/tmp/mnist-net/image_9/mnist-net_9_0_027.mps,UNSAT,0.014011,UNSAT-UNSAT,None
/home/annelot/WARMSTART_PROJECT/baseline_symphony_21-01-2026+15_00/tmp/mnist-net/image_9/mnist-net_9_0_017.mps,/home/annelot/WARMSTART_PROJECT/baseline_symphony_21-01-2026+15_00/tmp/mnist-net/image_9/mnist-net_9_0_035.mps,UNSAT,0.013813,UNSAT-UNSAT,None
/home/annelot/WARMSTART_PROJECT/baseline_symphony_21-01-2026+15_00/tmp/mnist-net/image_9/mnist-net_9_0_015.mps,/home/annelot/WARMSTART_PROJECT/baseline_symphony_21-01-2026+15_00/tmp/mnist-net/image_9/mnist-net_9_0_033.mps,UNSAT,0.014022,UNSAT-UNSAT,None
/home/annelot/WARMSTART_PROJECT/baseline_symphony_21-01-2026+15_00/tmp/mnist-net/image_9/mnist-net_9_0_015.mps,/home/annelot/WARMSTART_PROJECT/baseline_symphony_21-01-2026+15_00/tmp/mnist-net/image_9/mnist-net_9_0_035.mps,UNSAT,0.013887,UNSAT-UNSAT,None
/home/annelot/WARMSTART_PROJECT/baseline_symphony_21-01-2026+15_00/tmp/mnist-net/image_9/mnist-net_9_0_015.mps,/home/annelot/WARMSTART_PROJECT/baseline_symphony_21-01-2026+15_00/tmp/mnist-net/image_9/mnist-net_9_0_041.mps,UNSAT,0.013171,UNSAT-UNSAT,None
/home/annelot/WARMSTART_PROJECT/baseline_symphony_21-01-2026+15_00/tmp/mnist-net/image_9/mnist-net_9_0_017.mps,/home/annelot/WARMSTART_PROJECT/baseline_symphony_21-01-2026+15_00/tmp/mnist-net/image_9/mnist-net_9_0_019.mps,UNSAT,0.01361,UNSAT-UNSAT,None
/home/annelot/WARMSTART_PROJECT/baseline_symphony_21-01-2026+15_00/tmp/mnist-net/image_9/mnist-net_9_0_015.mps,/home/annelot/WARMSTART_PROJECT/baseline_symphony_21-01-2026+15_00/tmp/mnist-net/image_9/mnist-net_9_0_051.mps,UNSAT,0.0182,UNSAT-UNSAT,None
/home/annelot/WARMSTART_PROJECT/baseline_symphony_21-01-2026+15_00/tmp/mnist-net/image_9/mnist-net_9_0_015.mps,/home/annelot/WARMSTART_PROJECT/baseline_symphony_21-01-2026+15_00/tmp/mnist-net/image_9/mnist-net_9_0_047.mps,UNSAT,0.01938,UNSAT-UNSAT,None
/home/annelot/WARMSTART_PROJECT/baseline_symphony_21-01-2026+15_00/tmp/mnist-net/image_9/mnist-net_9_0_015.mps,/home/annelot/WARMSTART_PROJECT/baseline_symphony_21-01-2026+15_00/tmp/mnist-net/image_9/mnist-net_9_0_055.mps,UNSAT,0.018476,UNSAT-UNSAT,None
/home/annelot/WARMSTART_PROJECT/baseline_symphony_21-01-2026+15_00/tmp/mnist-net/image_9/mnist-net_9_0_017.mps,/home/annelot/WARMSTART_PROJECT/baseline_symphony_21-01-2026+15_00/tmp/mnist-net/image_9/mnist-net_9_0_039.mps,UNSAT,0.019156,UNSAT-UNSAT,None
/home/annelot/WARMSTART_PROJECT/baseline_symphony_21-01-2026+15_00/tmp/mnist-net/image_9/mnist-net_9_0_021.mps,/home/annelot/WARMSTART_PROJECT/baseline_symphony_21-01-2026+15_00/tmp/mnist-net/image_9/mnist-net_9_0_027.mps,UNSAT,0.012126,UNSAT-UNSAT,None
/home/annelot/WARMSTART_PROJECT/baseline_symphony_21-01-2026+15_00/tmp/mnist-net/image_9/mnist-net_9_0_021.mps,/home/annelot/WARMSTART_PROJECT/baseline_symphony_21-01-2026+15_00/tmp/mnist-net/image_9/mnist-net_9_0_029.mps,UNSAT,0.013128,UNSAT-UNSAT,None
/home/annelot/WARMSTART_PROJECT/baseline_symphony_21-01-2026+15_00/tmp/mnist-net/image_9/mnist-net_9_0_021.mps,/home/annelot/WARMSTART_PROJECT/baseline_symphony_21-01-2026+15_00/tmp/mnist-net/image_9/mnist-net_9_0_031.mps,UNSAT,0.013538,UNSAT-UNSAT,None
/home/annelot/WARMSTART_PROJECT/baseline_symphony_21-01-2026+15_00/tmp/mnist-net/image_9/mnist-net_9_0_021.mps,/home/annelot/WARMSTART_PROJECT/baseline_symphony_21-01-2026+15_00/tmp/mnist-net/image_9/mnist-net_9_0_025.mps,UNSAT,0.013572,UNSAT-UNSAT,None
/home/annelot/WARMSTART_PROJECT/baseline_symphony_21-01-2026+15_00/tmp/mnist-net/image_9/mnist-net_9_0_019.mps,/home/annelot/WARMSTART_PROJECT/baseline_symphony_21-01-2026+15_00/tmp/mnist-net/image_9/mnist-net_9_0_053.mps,UNSAT,0.01366,UNSAT-UNSAT,None
/home/annelot/WARMSTART_PROJECT/baseline_symphony_21-01-2026+15_00/tmp/mnist-net/image_9/mnist-net_9_0_019.mps,/home/annelot/WARMSTART_PROJECT/baseline_symphony_21-01-2026+15_00/tmp/mnist-net/image_9/mnist-net_9_0_055.mps,UNSAT,0.013648,UNSAT-UNSAT,None
/home/annelot/WARMSTART_PROJECT/baseline_symphony_21-01-2026+15_00/tmp/mnist-net/image_9/mnist-net_9_0_021.mps,/home/annelot/WARMSTART_PROJECT/baseline_symphony_21-01-2026+15_00/tmp/mnist-net/image_9/mnist-net_9_0_023.mps,UNSAT,0.013633,UNSAT-UNSAT,None
/home/annelot/WARMSTART_PROJECT/baseline_symphony_21-01-2026+15_00/tmp/mnist-net/image_9/mnist-net_9_0_019.mps,/home/annelot/WARMSTART_PROJECT/baseline_symphony_21-01-2026+15_00/tmp/mnist-net/image_9/mnist-net_9_0_059.mps,UNSAT,0.013721,UNSAT-UNSAT,None
/home/annelot/WARMSTART_PROJECT/baseline_symphony_21-01-2026+15_00/tmp/mnist-net/image_9/mnist-net_9_0_019.mps,/home/annelot/WARMSTART_PROJECT/baseline_symphony_21-01-2026+15_00/tmp/mnist-net/image_9/mnist-net_9_0_023.mps,UNSAT,0.014221,UNSAT-UNSAT,None
/home/annelot/WARMSTART_PROJECT/baseline_symphony_21-01-2026+15_00/tmp/mnist-net/image_9/mnist-net_9_0_019.mps,/home/annelot/WARMSTART_PROJECT/baseline_symphony_21-01-2026+15_00/tmp/mnist-net/image_9/mnist-net_9_0_041.mps,UNSAT,0.01425,UNSAT-UNSAT,None
/home/annelot/WARMSTART_PROJECT/baseline_symphony_21-01-2026+15_00/tmp/mnist-net/image_9/mnist-net_9_0_019.mps,/home/annelot/WARMSTART_PROJECT/baseline_symphony_21-01-2026+15_00/tmp/mnist-net/image_9/mnist-net_9_0_021.mps,UNSAT,0.014342,UNSAT-UNSAT,None
/home/annelot/WARMSTART_PROJECT/baseline_symphony_21-01-2026+15_00/tmp/mnist-net/image_9/mnist-net_9_0_019.mps,/home/annelot/WARMSTART_PROJECT/baseline_symphony_21-01-2026+15_00/tmp/mnist-net/image_9/mnist-net_9_0_037.mps,UNSAT,0.014242,UNSAT-UNSAT,None
/home/annelot/WARMSTART_PROJECT/baseline_symphony_21-01-2026+15_00/tmp/mnist-net/image_9/mnist-net_9_0_019.mps,/home/annelot/WARMSTART_PROJECT/baseline_symphony_21-01-2026+15_00/tmp/mnist-net/image_9/mnist-net_9_0_043.mps,UNSAT,0.014466,UNSAT-UNSAT,None
/home/annelot/WARMSTART_PROJECT/baseline_symphony_21-01-2026+15_00/tmp/mnist-net/image_9/mnist-net_9_0_017.mps,/home/annelot/WARMSTART_PROJECT/baseline_symphony_21-01-2026+15_00/tmp/mnist-net/image_9/mnist-net_9_0_045.mps,UNSAT,0.014895,UNSAT-UNSAT,None
/home/annelot/WARMSTART_PROJECT/baseline_symphony_21-01-2026+15_00/tmp/mnist-net/image_9/mnist-net_9_0_019.mps,/home/annelot/WARMSTART_PROJECT/baseline_symphony_21-01-2026+15_00/tmp/mnist-net/image_9/mnist-net_9_0_051.mps,UNSAT,0.015582,UNSAT-UNSAT,None
/home/annelot/WARMSTART_PROJECT/baseline_symphony_21-01-2026+15_00/tmp/mnist-net/image_9/mnist-net_9_0_019.mps,/home/annelot/WARMSTART_PROJECT/baseline_symphony_21-01-2026+15_00/tmp/mnist-net/image_9/mnist-net_9_0_045.mps,UNSAT,0.014931,UNSAT-UNSAT,None
/home/annelot/WARMSTART_PROJECT/baseline_symphony_21-01-2026+15_00/tmp/mnist-net/image_9/mnist-net_9_0_019.mps,/home/annelot/WARMSTART_PROJECT/baseline_symphony_21-01-2026+15_00/tmp/mnist-net/image_9/mnist-net_9_0_049.mps,UNSAT,0.015114,UNSAT-UNSAT,None
/home/annelot/WARMSTART_PROJECT/baseline_symphony_21-01-2026+15_00/tmp/mnist-net/image_9/mnist-net_9_0_019.mps,/home/annelot/WARMSTART_PROJECT/baseline_symphony_21-01-2026+15_00/tmp/mnist-net/image_9/mnist-net_9_0_057.mps,UNSAT,0.01509,UNSAT-UNSAT,None
/home/annelot/WARMSTART_PROJECT/baseline_symphony_21-01-2026+15_00/tmp/mnist-net/image_9/mnist-net_9_0_019.mps,/home/annelot/WARMSTART_PROJECT/baseline_symphony_21-01-2026+15_00/tmp/mnist-net/image_9/mnist-net_9_0_033.mps,UNSAT,0.015268,UNSAT-UNSAT,None
/home/annelot/WARMSTART_PROJECT/baseline_symphony_21-01-2026+15_00/tmp/mnist-net/image_9/mnist-net_9_0_019.mps,/home/annelot/WARMSTART_PROJECT/baseline_symphony_21-01-2026+15_00/tmp/mnist-net/image_9/mnist-net_9_0_029.mps,UNSAT,0.015518,UNSAT-UNSAT,None
/home/annelot/WARMSTART_PROJECT/baseline_symphony_21-01-2026+15_00/tmp/mnist-net/image_9/mnist-net_9_0_019.mps,/home/annelot/WARMSTART_PROJECT/baseline_symphony_21-01-2026+15_00/tmp/mnist-net/image_9/mnist-net_9_0_035.mps,UNSAT,0.015631,UNSAT-UNSAT,None
/home/annelot/WARMSTART_PROJECT/baseline_symphony_21-01-2026+15_00/tmp/mnist-net/image_9/mnist-net_9_0_017.mps,/home/annelot/WARMSTART_PROJECT/baseline_symphony_21-01-2026+15_00/tmp/mnist-net/image_9/mnist-net_9_0_057.mps,UNSAT,0.014706,UNSAT-UNSAT,None
/home/annelot/WARMSTART_PROJECT/baseline_symphony_21-01-2026+15_00/tmp/mnist-net/image_9/mnist-net_9_0_017.mps,/home/annelot/WARMSTART_PROJECT/baseline_symphony_21-01-2026+15_00/tmp/mnist-net/image_9/mnist-net_9_0_051.mps,UNSAT,0.014624,UNSAT-UNSAT,None
/home/annelot/WARMSTART_PROJECT/baseline_symphony_21-01-2026+15_00/tmp/mnist-net/image_9/mnist-net_9_0_017.mps,/home/annelot/WARMSTART_PROJECT/baseline_symphony_21-01-2026+15_00/tmp/mnist-net/image_9/mnist-net_9_0_055.mps,UNSAT,0.015315,UNSAT-UNSAT,None
/home/annelot/WARMSTART_PROJECT/baseline_symphony_21-01-2026+15_00/tmp/mnist-net/image_9/mnist-net_9_0_019.mps,/home/annelot/WARMSTART_PROJECT/baseline_symphony_21-01-2026+15_00/tmp/mnist-net/image_9/mnist-net_9_0_047.mps,UNSAT,0.015321,UNSAT-UNSAT,None
/home/annelot/WARMSTART_PROJECT/baseline_symphony_21-01-2026+15_00/tmp/mnist-net/image_9/mnist-net_9_0_019.mps,/home/annelot/WARMSTART_PROJECT/baseline_symphony_21-01-2026+15_00/tmp/mnist-net/image_9/mnist-net_9_0_031.mps,UNSAT,0.012809,UNSAT-UNSAT,None
/home/annelot/WARMSTART_PROJECT/baseline_symphony_21-01-2026+15_00/tmp/mnist-net/image_9/mnist-net_9_0_019.mps,/home/annelot/WARMSTART_PROJECT/baseline_symphony_21-01-2026+15_00/tmp/mnist-net/image_9/mnist-net_9_0_025.mps,UNSAT,0.012692,UNSAT-UNSAT,None
/home/annelot/WARMSTART_PROJECT/baseline_symphony_21-01-2026+15_00/tmp/mnist-net/image_9/mnist-net_9_0_019.mps,/home/annelot/WARMSTART_PROJECT/baseline_symphony_21-01-2026+15_00/tmp/mnist-net/image_9/mnist-net_9_0_039.mps,UNSAT,0.01851,UNSAT-UNSAT,None
/home/annelot/WARMSTART_PROJECT/baseline_symphony_21-01-2026+15_00/tmp/mnist-net/image_9/mnist-net_9_0_017.mps,/home/annelot/WARMSTART_PROJECT/baseline_symphony_21-01-2026+15_00/tmp/mnist-net/image_9/mnist-net_9_0_053.mps,UNSAT,0.016129,UNSAT-UNSAT,None
/home/annelot/WARMSTART_PROJECT/baseline_symphony_21-01-2026+15_00/tmp/mnist-net/image_9/mnist-net_9_0_017.mps,/home/annelot/WARMSTART_PROJECT/baseline_symphony_21-01-2026+15_00/tmp/mnist-net/image_9/mnist-net_9_0_059.mps,UNSAT,0.016092,UNSAT-UNSAT,None
/home/annelot/WARMSTART_PROJECT/baseline_symphony_21-01-2026+15_00/tmp/mnist-net/image_9/mnist-net_9_0_019.mps,/home/annelot/WARMSTART_PROJECT/baseline_symphony_21-01-2026+15_00/tmp/mnist-net/image_9/mnist-net_9_0_027.mps,UNSAT,0.01703,UNSAT-UNSAT,None
/home/annelot/WARMSTART_PROJECT/baseline_symphony_21-01-2026+15_00/tmp/mnist-net/image_9/mnist-net_9_0_023.mps,/home/annelot/WARMSTART_PROJECT/baseline_symphony_21-01-2026+15_00/tmp/mnist-net/image_9/mnist-net_9_0_055.mps,UNSAT,0.012134,UNSAT-UNSAT,None
/home/annelot/WARMSTART_PROJECT/baseline_symphony_21-01-2026+15_00/tmp/mnist-net/image_9/mnist-net_9_0_023.mps,/home/annelot/WARMSTART_PROJECT/baseline_symphony_21-01-2026+15_00/tmp/mnist-net/image_9/mnist-net_9_0_053.mps,UNSAT,0.013283,UNSAT-UNSAT,None
/home/annelot/WARMSTART_PROJECT/baseline_symphony_21-01-2026+15_00/tmp/mnist-net/image_9/mnist-net_9_0_023.mps,/home/annelot/WARMSTART_PROJECT/baseline_symphony_21-01-2026+15_00/tmp/mnist-net/image_9/mnist-net_9_0_049.mps,UNSAT,0.01332,UNSAT-UNSAT,None
/home/annelot/WARMSTART_PROJECT/baseline_symphony_21-01-2026+15_00/tmp/mnist-net/image_9/mnist-net_9_0_023.mps,/home/annelot/WARMSTART_PROJECT/baseline_symphony_21-01-2026+15_00/tmp/mnist-net/image_9/mnist-net_9_0_047.mps,UNSAT,0.013331,UNSAT-UNSAT,None
/home/annelot/WARMSTART_PROJECT/baseline_symphony_21-01-2026+15_00/tmp/mnist-net/image_9/mnist-net_9_0_023.mps,/home/annelot/WARMSTART_PROJECT/baseline_symphony_21-01-2026+15_00/tmp/mnist-net/image_9/mnist-net_9_0_051.mps,UNSAT,0.013261,UNSAT-UNSAT,None
/home/annelot/WARMSTART_PROJECT/baseline_symphony_21-01-2026+15_00/tmp/mnist-net/image_9/mnist-net_9_0_023.mps,/home/annelot/WARMSTART_PROJECT/baseline_symphony_21-01-2026+15_00/tmp/mnist-net/image_9/mnist-net_9_0_041.mps,UNSAT,0.013367,UNSAT-UNSAT,None
/home/annelot/WARMSTART_PROJECT/baseline_symphony_21-01-2026+15_00/tmp/mnist-net/image_9/mnist-net_9_0_025.mps,/home/annelot/WARMSTART_PROJECT/baseline_symphony_21-01-2026+15_00/tmp/mnist-net/image_9/mnist-net_9_0_031.mps,UNSAT,0.012022,UNSAT-UNSAT,None
/home/annelot/WARMSTART_PROJECT/baseline_symphony_21-01-2026+15_00/tmp/mnist-net/image_9/mnist-net_9_0_023.mps,/home/annelot/WARMSTART_PROJECT/baseline_symphony_21-01-2026+15_00/tmp/mnist-net/image_9/mnist-net_9_0_031.mps,UNSAT,0.013581,UNSAT-UNSAT,None
/home/annelot/WARMSTART_PROJECT/baseline_symphony_21-01-2026+15_00/tmp/mnist-net/image_9/mnist-net_9_0_021.mps,/home/annelot/WARMSTART_PROJECT/baseline_symphony_21-01-2026+15_00/tmp/mnist-net/image_9/mnist-net_9_0_035.mps,UNSAT,0.013864,UNSAT-UNSAT,None
/home/annelot/WARMSTART_PROJECT/baseline_symphony_21-01-2026+15_00/tmp/mnist-net/image_9/mnist-net_9_0_021.mps,/home/annelot/WARMSTART_PROJECT/baseline_symphony_21-01-2026+15_00/tmp/mnist-net/image_9/mnist-net_9_0_045.mps,UNSAT,0.015364,UNSAT-UNSAT,None
/home/annelot/WARMSTART_PROJECT/baseline_symphony_21-01-2026+15_00/tmp/mnist-net/image_9/mnist-net_9_0_021.mps,/home/annelot/WARMSTART_PROJECT/baseline_symphony_21-01-2026+15_00/tmp/mnist-net/image_9/mnist-net_9_0_037.mps,UNSAT,0.015233,UNSAT-UNSAT,None
/home/annelot/WARMSTART_PROJECT/baseline_symphony_21-01-2026+15_00/tmp/mnist-net/image_9/mnist-net_9_0_021.mps,/home/annelot/WARMSTART_PROJECT/baseline_symphony_21-01-2026+15_00/tmp/mnist-net/image_9/mnist-net_9_0_041.mps,UNSAT,0.015246,UNSAT-UNSAT,None
/home/annelot/WARMSTART_PROJECT/baseline_symphony_21-01-2026+15_00/tmp/mnist-net/image_9/mnist-net_9_0_021.mps,/home/annelot/WARMSTART_PROJECT/baseline_symphony_21-01-2026+15_00/tmp/mnist-net/image_9/mnist-net_9_0_047.mps,UNSAT,0.015133,UNSAT-UNSAT,None
/home/annelot/WARMSTART_PROJECT/baseline_symphony_21-01-2026+15_00/tmp/mnist-net/image_9/mnist-net_9_0_021.mps,/home/annelot/WARMSTART_PROJECT/baseline_symphony_21-01-2026+15_00/tmp/mnist-net/image_9/mnist-net_9_0_057.mps,UNSAT,0.015053,UNSAT-UNSAT,None
/home/annelot/WARMSTART_PROJECT/baseline_symphony_21-01-2026+15_00/tmp/mnist-net/image_9/mnist-net_9_0_021.mps,/home/annelot/WARMSTART_PROJECT/baseline_symphony_21-01-2026+15_00/tmp/mnist-net/image_9/mnist-net_9_0_049.mps,UNSAT,0.015272,UNSAT-UNSAT,None
/home/annelot/WARMSTART_PROJECT/baseline_symphony_21-01-2026+15_00/tmp/mnist-net/image_9/mnist-net_9_0_021.mps,/home/annelot/WARMSTART_PROJECT/baseline_symphony_21-01-2026+15_00/tmp/mnist-net/image_9/mnist-net_9_0_059.mps,UNSAT,0.014618,UNSAT-UNSAT,None
/home/annelot/WARMSTART_PROJECT/baseline_symphony_21-01-2026+15_00/tmp/mnist-net/image_9/mnist-net_9_0_021.mps,/home/annelot/WARMSTART_PROJECT/baseline_symphony_21-01-2026+15_00/tmp/mnist-net/image_9/mnist-net_9_0_043.mps,UNSAT,0.014778,UNSAT-UNSAT,None
/home/annelot/WARMSTART_PROJECT/baseline_symphony_21-01-2026+15_00/tmp/mnist-net/image_9/mnist-net_9_0_023.mps,/home/annelot/WARMSTART_PROJECT/baseline_symphony_21-01-2026+15_00/tmp/mnist-net/image_9/mnist-net_9_0_035.mps,UNSAT,0.014754,UNSAT-UNSAT,None
/home/annelot/WARMSTART_PROJECT/baseline_symphony_21-01-2026+15_00/tmp/mnist-net/image_9/mnist-net_9_0_023.mps,/home/annelot/WARMSTART_PROJECT/baseline_symphony_21-01-2026+15_00/tmp/mnist-net/image_9/mnist-net_9_0_037.mps,UNSAT,0.014966,UNSAT-UNSAT,None
/home/annelot/WARMSTART_PROJECT/baseline_symphony_21-01-2026+15_00/tmp/mnist-net/image_9/mnist-net_9_0_023.mps,/home/annelot/WARMSTART_PROJECT/baseline_symphony_21-01-2026+15_00/tmp/mnist-net/image_9/mnist-net_9_0_027.mps,UNSAT,0.014905,UNSAT-UNSAT,None
/home/annelot/WARMSTART_PROJECT/baseline_symphony_21-01-2026+15_00/tmp/mnist-net/image_9/mnist-net_9_0_023.mps,/home/annelot/WARMSTART_PROJECT/baseline_symphony_21-01-2026+15_00/tmp/mnist-net/image_9/mnist-net_9_0_025.mps,UNSAT,0.014715,UNSAT-UNSAT,None
/home/annelot/WARMSTART_PROJECT/baseline_symphony_21-01-2026+15_00/tmp/mnist-net/image_9/mnist-net_9_0_021.mps,/home/annelot/WARMSTART_PROJECT/baseline_symphony_21-01-2026+15_00/tmp/mnist-net/image_9/mnist-net_9_0_033.mps,UNSAT,0.01433,UNSAT-UNSAT,None
/home/annelot/WARMSTART_PROJECT/baseline_symphony_21-01-2026+15_00/tmp/mnist-net/image_9/mnist-net_9_0_023.mps,/home/annelot/WARMSTART_PROJECT/baseline_symphony_21-01-2026+15_00/tmp/mnist-net/image_9/mnist-net_9_0_043.mps,UNSAT,0.014505,UNSAT-UNSAT,None
/home/annelot/WARMSTART_PROJECT/baseline_symphony_21-01-2026+15_00/tmp/mnist-net/image_9/mnist-net_9_0_023.mps,/home/annelot/WARMSTART_PROJECT/baseline_symphony_21-01-2026+15_00/tmp/mnist-net/image_9/mnist-net_9_0_045.mps,UNSAT,0.014688,UNSAT-UNSAT,None
/home/annelot/WARMSTART_PROJECT/baseline_symphony_21-01-2026+15_00/tmp/mnist-net/image_9/mnist-net_9_0_021.mps,/home/annelot/WARMSTART_PROJECT/baseline_symphony_21-01-2026+15_00/tmp/mnist-net/image_9/mnist-net_9_0_055.mps,UNSAT,0.01392,UNSAT-UNSAT,None
/home/annelot/WARMSTART_PROJECT/baseline_symphony_21-01-2026+15_00/tmp/mnist-net/image_9/mnist-net_9_0_023.mps,/home/annelot/WARMSTART_PROJECT/baseline_symphony_21-01-2026+15_00/tmp/mnist-net/image_9/mnist-net_9_0_029.mps,UNSAT,0.014547,UNSAT-UNSAT,None
/home/annelot/WARMSTART_PROJECT/baseline_symphony_21-01-2026+15_00/tmp/mnist-net/image_9/mnist-net_9_0_021.mps,/home/annelot/WARMSTART_PROJECT/baseline_symphony_21-01-2026+15_00/tmp/mnist-net/image_9/mnist-net_9_0_039.mps,UNSAT,0.013717,UNSAT-UNSAT,None
/home/annelot/WARMSTART_PROJECT/baseline_symphony_21-01-2026+15_00/tmp/mnist-net/image_9/mnist-net_9_0_023.mps,/home/annelot/WARMSTART_PROJECT/baseline_symphony_21-01-2026+15_00/tmp/mnist-net/image_9/mnist-net_9_0_039.mps,UNSAT,0.019368,UNSAT-UNSAT,None
/home/annelot/WARMSTART_PROJECT/baseline_symphony_21-01-2026+15_00/tmp/mnist-net/image_9/mnist-net_9_0_023.mps,/home/annelot/WARMSTART_PROJECT/baseline_symphony_21-01-2026+15_00/tmp/mnist-net/image_9/mnist-net_9_0_033.mps,UNSAT,0.018976,UNSAT-UNSAT,None
/home/annelot/WARMSTART_PROJECT/baseline_symphony_21-01-2026+15_00/tmp/mnist-net/image_9/mnist-net_9_0_021.mps,/home/annelot/WARMSTART_PROJECT/baseline_symphony_21-01-2026+15_00/tmp/mnist-net/image_9/mnist-net_9_0_051.mps,UNSAT,0.019264,UNSAT-UNSAT,None
/home/annelot/WARMSTART_PROJECT/baseline_symphony_21-01-2026+15_00/tmp/mnist-net/image_9/mnist-net_9_0_021.mps,/home/annelot/WARMSTART_PROJECT/baseline_symphony_21-01-2026+15_00/tmp/mnist-net/image_9/mnist-net_9_0_053.mps,UNSAT,0.019389,UNSAT-UNSAT,None
/home/annelot/WARMSTART_PROJECT/baseline_symphony_21-01-2026+15_00/tmp/mnist-net/image_9/mnist-net_9_0_027.mps,/home/annelot/WARMSTART_PROJECT/baseline_symphony_21-01-2026+15_00/tmp/mnist-net/image_9/mnist-net_9_0_047.mps,UNSAT,0.0122,UNSAT-UNSAT,None
/home/annelot/WARMSTART_PROJECT/baseline_symphony_21-01-2026+15_00/tmp/mnist-net/image_9/mnist-net_9_0_027.mps,/home/annelot/WARMSTART_PROJECT/baseline_symphony_21-01-2026+15_00/tmp/mnist-net/image_9/mnist-net_9_0_035.mps,UNSAT,0.013375,UNSAT-UNSAT,None
/home/annelot/WARMSTART_PROJECT/baseline_symphony_21-01-2026+15_00/tmp/mnist-net/image_9/mnist-net_9_0_023.mps,/home/annelot/WARMSTART_PROJECT/baseline_symphony_21-01-2026+15_00/tmp/mnist-net/image_9/mnist-net_9_0_057.mps,UNSAT,0.02063,UNSAT-UNSAT,None
/home/annelot/WARMSTART_PROJECT/baseline_symphony_21-01-2026+15_00/tmp/mnist-net/image_9/mnist-net_9_0_027.mps,/home/annelot/WARMSTART_PROJECT/baseline_symphony_21-01-2026+15_00/tmp/mnist-net/image_9/mnist-net_9_0_041.mps,UNSAT,0.012933,UNSAT-UNSAT,None
/home/annelot/WARMSTART_PROJECT/baseline_symphony_21-01-2026+15_00/tmp/mnist-net/image_9/mnist-net_9_0_025.mps,/home/annelot/WARMSTART_PROJECT/baseline_symphony_21-01-2026+15_00/tmp/mnist-net/image_9/mnist-net_9_0_041.mps,UNSAT,0.01336,UNSAT-UNSAT,None
/home/annelot/WARMSTART_PROJECT/baseline_symphony_21-01-2026+15_00/tmp/mnist-net/image_9/mnist-net_9_0_027.mps,/home/annelot/WARMSTART_PROJECT/baseline_symphony_21-01-2026+15_00/tmp/mnist-net/image_9/mnist-net_9_0_059.mps,UNSAT,0.013716,UNSAT-UNSAT,None
/home/annelot/WARMSTART_PROJECT/baseline_symphony_21-01-2026+15_00/tmp/mnist-net/image_9/mnist-net_9_0_027.mps,/home/annelot/WARMSTART_PROJECT/baseline_symphony_21-01-2026+15_00/tmp/mnist-net/image_9/mnist-net_9_0_049.mps,UNSAT,0.013782,UNSAT-UNSAT,None
/home/annelot/WARMSTART_PROJECT/baseline_symphony_21-01-2026+15_00/tmp/mnist-net/image_9/mnist-net_9_0_027.mps,/home/annelot/WARMSTART_PROJECT/baseline_symphony_21-01-2026+15_00/tmp/mnist-net/image_9/mnist-net_9_0_057.mps,UNSAT,0.013601,UNSAT-UNSAT,None
/home/annelot/WARMSTART_PROJECT/baseline_symphony_21-01-2026+15_00/tmp/mnist-net/image_9/mnist-net_9_0_027.mps,/home/annelot/WARMSTART_PROJECT/baseline_symphony_21-01-2026+15_00/tmp/mnist-net/image_9/mnist-net_9_0_045.mps,UNSAT,0.014614,UNSAT-UNSAT,None
/home/annelot/WARMSTART_PROJECT/baseline_symphony_21-01-2026+15_00/tmp/mnist-net/image_9/mnist-net_9_0_027.mps,/home/annelot/WARMSTART_PROJECT/baseline_symphony_21-01-2026+15_00/tmp/mnist-net/image_9/mnist-net_9_0_043.mps,UNSAT,0.013579,UNSAT-UNSAT,None
/home/annelot/WARMSTART_PROJECT/baseline_symphony_21-01-2026+15_00/tmp/mnist-net/image_9/mnist-net_9_0_025.mps,/home/annelot/WARMSTART_PROJECT/baseline_symphony_21-01-2026+15_00/tmp/mnist-net/image_9/mnist-net_9_0_043.mps,UNSAT,0.012586,UNSAT-UNSAT,None
/home/annelot/WARMSTART_PROJECT/baseline_symphony_21-01-2026+15_00/tmp/mnist-net/image_9/mnist-net_9_0_025.mps,/home/annelot/WARMSTART_PROJECT/baseline_symphony_21-01-2026+15_00/tmp/mnist-net/image_9/mnist-net_9_0_037.mps,UNSAT,0.013547,UNSAT-UNSAT,None
/home/annelot/WARMSTART_PROJECT/baseline_symphony_21-01-2026+15_00/tmp/mnist-net/image_9/mnist-net_9_0_027.mps,/home/annelot/WARMSTART_PROJECT/baseline_symphony_21-01-2026+15_00/tmp/mnist-net/image_9/mnist-net_9_0_029.mps,UNSAT,0.013844,UNSAT-UNSAT,None
/home/annelot/WARMSTART_PROJECT/baseline_symphony_21-01-2026+15_00/tmp/mnist-net/image_9/mnist-net_9_0_025.mps,/home/annelot/WARMSTART_PROJECT/baseline_symphony_21-01-2026+15_00/tmp/mnist-net/image_9/mnist-net_9_0_051.mps,UNSAT,0.01334,UNSAT-UNSAT,None
/home/annelot/WARMSTART_PROJECT/baseline_symphony_21-01-2026+15_00/tmp/mnist-net/image_9/mnist-net_9_0_023.mps,/home/annelot/WARMSTART_PROJECT/baseline_symphony_21-01-2026+15_00/tmp/mnist-net/image_9/mnist-net_9_0_059.mps,UNSAT,0.01464,UNSAT-UNSAT,None
/home/annelot/WARMSTART_PROJECT/baseline_symphony_21-01-2026+15_00/tmp/mnist-net/image_9/mnist-net_9_0_027.mps,/home/annelot/WARMSTART_PROJECT/baseline_symphony_21-01-2026+15_00/tmp/mnist-net/image_9/mnist-net_9_0_037.mps,UNSAT,0.015086,UNSAT-UNSAT,None
/home/annelot/WARMSTART_PROJECT/baseline_symphony_21-01-2026+15_00/tmp/mnist-net/image_9/mnist-net_9_0_025.mps,/home/annelot/WARMSTART_PROJECT/baseline_symphony_21-01-2026+15_00/tmp/mnist-net/image_9/mnist-net_9_0_057.mps,UNSAT,0.01453,UNSAT-UNSAT,None
/home/annelot/WARMSTART_PROJECT/baseline_symphony_21-01-2026+15_00/tmp/mnist-net/image_9/mnist-net_9_0_025.mps,/home/annelot/WARMSTART_PROJECT/baseline_symphony_21-01-2026+15_00/tmp/mnist-net/image_9/mnist-net_9_0_059.mps,UNSAT,0.014743,UNSAT-UNSAT,None
/home/annelot/WARMSTART_PROJECT/baseline_symphony_21-01-2026+15_00/tmp/mnist-net/image_9/mnist-net_9_0_027.mps,/home/annelot/WARMSTART_PROJECT/baseline_symphony_21-01-2026+15_00/tmp/mnist-net/image_9/mnist-net_9_0_031.mps,UNSAT,0.014449,UNSAT-UNSAT,None
/home/annelot/WARMSTART_PROJECT/baseline_symphony_21-01-2026+15_00/tmp/mnist-net/image_9/mnist-net_9_0_025.mps,/home/annelot/WARMSTART_PROJECT/baseline_symphony_21-01-2026+15_00/tmp/mnist-net/image_9/mnist-net_9_0_047.mps,UNSAT,0.015021,UNSAT-UNSAT,None
/home/annelot/WARMSTART_PROJECT/baseline_symphony_21-01-2026+15_00/tmp/mnist-net/image_9/mnist-net_9_0_025.mps,/home/annelot/WARMSTART_PROJECT/baseline_symphony_21-01-2026+15_00/tmp/mnist-net/image_9/mnist-net_9_0_033.mps,UNSAT,0.014641,UNSAT-UNSAT,None
/home/annelot/WARMSTART_PROJECT/baseline_symphony_21-01-2026+15_00/tmp/mnist-net/image_9/mnist-net_9_0_027.mps,/home/annelot/WARMSTART_PROJECT/baseline_symphony_21-01-2026+15_00/tmp/mnist-net/image_9/mnist-net_9_0_039.mps,UNSAT,0.014823,UNSAT-UNSAT,None
/home/annelot/WARMSTART_PROJECT/baseline_symphony_21-01-2026+15_00/tmp/mnist-net/image_9/mnist-net_9_0_025.mps,/home/annelot/WARMSTART_PROJECT/baseline_symphony_21-01-2026+15_00/tmp/mnist-net/image_9/mnist-net_9_0_053.mps,UNSAT,0.015133,UNSAT-UNSAT,None
/home/annelot/WARMSTART_PROJECT/baseline_symphony_21-01-2026+15_00/tmp/mnist-net/image_9/mnist-net_9_0_027.mps,/home/annelot/WARMSTART_PROJECT/baseline_symphony_21-01-2026+15_00/tmp/mnist-net/image_9/mnist-net_9_0_033.mps,UNSAT,0.014565,UNSAT-UNSAT,None
/home/annelot/WARMSTART_PROJECT/baseline_symphony_21-01-2026+15_00/tmp/mnist-net/image_9/mnist-net_9_0_025.mps,/home/annelot/WARMSTART_PROJECT/baseline_symphony_21-01-2026+15_00/tmp/mnist-net/image_9/mnist-net_9_0_055.mps,UNSAT,0.014371,UNSAT-UNSAT,None
/home/annelot/WARMSTART_PROJECT/baseline_symphony_21-01-2026+15_00/tmp/mnist-net/image_9/mnist-net_9_0_025.mps,/home/annelot/WARMSTART_PROJECT/baseline_symphony_21-01-2026+15_00/tmp/mnist-net/image_9/mnist-net_9_0_049.mps,UNSAT,0.013623,UNSAT-UNSAT,None
/home/annelot/WARMSTART_PROJECT/baseline_symphony_21-01-2026+15_00/tmp/mnist-net/image_9/mnist-net_9_0_025.mps,/home/annelot/WARMSTART_PROJECT/baseline_symphony_21-01-2026+15_00/tmp/mnist-net/image_9/mnist-net_9_0_039.mps,UNSAT,0.013696,UNSAT-UNSAT,None
/home/annelot/WARMSTART_PROJECT/baseline_symphony_21-01-2026+15_00/tmp/mnist-net/image_9/mnist-net_9_0_025.mps,/home/annelot/WARMSTART_PROJECT/baseline_symphony_21-01-2026+15_00/tmp/mnist-net/image_9/mnist-net_9_0_029.mps,UNSAT,0.013719,UNSAT-UNSAT,None
/home/annelot/WARMSTART_PROJECT/baseline_symphony_21-01-2026+15_00/tmp/mnist-net/image_9/mnist-net_9_0_025.mps,/home/annelot/WARMSTART_PROJECT/baseline_symphony_21-01-2026+15_00/tmp/mnist-net/image_9/mnist-net_9_0_027.mps,UNSAT,0.019354,UNSAT-UNSAT,None
/home/annelot/WARMSTART_PROJECT/baseline_symphony_21-01-2026+15_00/tmp/mnist-net/image_9/mnist-net_9_0_025.mps,/home/annelot/WARMSTART_PROJECT/baseline_symphony_21-01-2026+15_00/tmp/mnist-net/image_9/mnist-net_9_0_035.mps,UNSAT,0.016661,UNSAT-UNSAT,None
/home/annelot/WARMSTART_PROJECT/baseline_symphony_21-01-2026+15_00/tmp/mnist-net/image_9/mnist-net_9_0_025.mps,/home/annelot/WARMSTART_PROJECT/baseline_symphony_21-01-2026+15_00/tmp/mnist-net/image_9/mnist-net_9_0_045.mps,UNSAT,0.012351,UNSAT-UNSAT,None
/home/annelot/WARMSTART_PROJECT/baseline_symphony_21-01-2026+15_00/tmp/mnist-net/image_9/mnist-net_9_0_031.mps,/home/annelot/WARMSTART_PROJECT/baseline_symphony_21-01-2026+15_00/tmp/mnist-net/image_9/mnist-net_9_0_045.mps,UNSAT,0.01109,UNSAT-UNSAT,None
/home/annelot/WARMSTART_PROJECT/baseline_symphony_21-01-2026+15_00/tmp/mnist-net/image_9/mnist-net_9_0_031.mps,/home/annelot/WARMSTART_PROJECT/baseline_symphony_21-01-2026+15_00/tmp/mnist-net/image_9/mnist-net_9_0_043.mps,UNSAT,0.011811,UNSAT-UNSAT,None
/home/annelot/WARMSTART_PROJECT/baseline_symphony_21-01-2026+15_00/tmp/mnist-net/image_9/mnist-net_9_0_031.mps,/home/annelot/WARMSTART_PROJECT/baseline_symphony_21-01-2026+15_00/tmp/mnist-net/image_9/mnist-net_9_0_047.mps,UNSAT,0.011813,UNSAT-UNSAT,None
/home/annelot/WARMSTART_PROJECT/baseline_symphony_21-01-2026+15_00/tmp/mnist-net/image_9/mnist-net_9_0_031.mps,/home/annelot/WARMSTART_PROJECT/baseline_symphony_21-01-2026+15_00/tmp/mnist-net/image_9/mnist-net_9_0_049.mps,UNSAT,0.011816,UNSAT-UNSAT,None
/home/annelot/WARMSTART_PROJECT/baseline_symphony_21-01-2026+15_00/tmp/mnist-net/image_9/mnist-net_9_0_033.mps,/home/annelot/WARMSTART_PROJECT/baseline_symphony_21-01-2026+15_00/tmp/mnist-net/image_9/mnist-net_9_0_035.mps,UNSAT,0.012568,UNSAT-UNSAT,None
/home/annelot/WARMSTART_PROJECT/baseline_symphony_21-01-2026+15_00/tmp/mnist-net/image_9/mnist-net_9_0_031.mps,/home/annelot/WARMSTART_PROJECT/baseline_symphony_21-01-2026+15_00/tmp/mnist-net/image_9/mnist-net_9_0_055.mps,UNSAT,0.012401,UNSAT-UNSAT,None
/home/annelot/WARMSTART_PROJECT/baseline_symphony_21-01-2026+15_00/tmp/mnist-net/image_9/mnist-net_9_0_031.mps,/home/annelot/WARMSTART_PROJECT/baseline_symphony_21-01-2026+15_00/tmp/mnist-net/image_9/mnist-net_9_0_053.mps,UNSAT,0.012438,UNSAT-UNSAT,None
/home/annelot/WARMSTART_PROJECT/baseline_symphony_21-01-2026+15_00/tmp/mnist-net/image_9/mnist-net_9_0_031.mps,/home/annelot/WARMSTART_PROJECT/baseline_symphony_21-01-2026+15_00/tmp/mnist-net/image_9/mnist-net_9_0_037.mps,UNSAT,0.012818,UNSAT-UNSAT,None
/home/annelot/WARMSTART_PROJECT/baseline_symphony_21-01-2026+15_00/tmp/mnist-net/image_9/mnist-net_9_0_027.mps,/home/annelot/WARMSTART_PROJECT/baseline_symphony_21-01-2026+15_00/tmp/mnist-net/image_9/mnist-net_9_0_055.mps,UNSAT,0.014028,UNSAT-UNSAT,None
/home/annelot/WARMSTART_PROJECT/baseline_symphony_21-01-2026+15_00/tmp/mnist-net/image_9/mnist-net_9_0_029.mps,/home/annelot/WARMSTART_PROJECT/baseline_symphony_21-01-2026+15_00/tmp/mnist-net/image_9/mnist-net_9_0_033.mps,UNSAT,0.01259,UNSAT-UNSAT,None
/home/annelot/WARMSTART_PROJECT/baseline_symphony_21-01-2026+15_00/tmp/mnist-net/image_9/mnist-net_9_0_029.mps,/home/annelot/WARMSTART_PROJECT/baseline_symphony_21-01-2026+15_00/tmp/mnist-net/image_9/mnist-net_9_0_039.mps,UNSAT,0.013765,UNSAT-UNSAT,None
/home/annelot/WARMSTART_PROJECT/baseline_symphony_21-01-2026+15_00/tmp/mnist-net/image_9/mnist-net_9_0_029.mps,/home/annelot/WARMSTART_PROJECT/baseline_symphony_21-01-2026+15_00/tmp/mnist-net/image_9/mnist-net_9_0_043.mps,UNSAT,0.015987,UNSAT-UNSAT,None
/home/annelot/WARMSTART_PROJECT/baseline_symphony_21-01-2026+15_00/tmp/mnist-net/image_9/mnist-net_9_0_031.mps,/home/annelot/WARMSTART_PROJECT/baseline_symphony_21-01-2026+15_00/tmp/mnist-net/image_9/mnist-net_9_0_051.mps,UNSAT,0.013709,UNSAT-UNSAT,None
/home/annelot/WARMSTART_PROJECT/baseline_symphony_21-01-2026+15_00/tmp/mnist-net/image_9/mnist-net_9_0_031.mps,/home/annelot/WARMSTART_PROJECT/baseline_symphony_21-01-2026+15_00/tmp/mnist-net/image_9/mnist-net_9_0_041.mps,UNSAT,0.013912,UNSAT-UNSAT,None
/home/annelot/WARMSTART_PROJECT/baseline_symphony_21-01-2026+15_00/tmp/mnist-net/image_9/mnist-net_9_0_031.mps,/home/annelot/WARMSTART_PROJECT/baseline_symphony_21-01-2026+15_00/tmp/mnist-net/image_9/mnist-net_9_0_035.mps,UNSAT,0.01362,UNSAT-UNSAT,None
/home/annelot/WARMSTART_PROJECT/baseline_symphony_21-01-2026+15_00/tmp/mnist-net/image_9/mnist-net_9_0_031.mps,/home/annelot/WARMSTART_PROJECT/baseline_symphony_21-01-2026+15_00/tmp/mnist-net/image_9/mnist-net_9_0_039.mps,UNSAT,0.013656,UNSAT-UNSAT,None
/home/annelot/WARMSTART_PROJECT/baseline_symphony_21-01-2026+15_00/tmp/mnist-net/image_9/mnist-net_9_0_031.mps,/home/annelot/WARMSTART_PROJECT/baseline_symphony_21-01-2026+15_00/tmp/mnist-net/image_9/mnist-net_9_0_033.mps,UNSAT,0.013641,UNSAT-UNSAT,None
/home/annelot/WARMSTART_PROJECT/baseline_symphony_21-01-2026+15_00/tmp/mnist-net/image_9/mnist-net_9_0_029.mps,/home/annelot/WARMSTART_PROJECT/baseline_symphony_21-01-2026+15_00/tmp/mnist-net/image_9/mnist-net_9_0_053.mps,UNSAT,0.013837,UNSAT-UNSAT,None
/home/annelot/WARMSTART_PROJECT/baseline_symphony_21-01-2026+15_00/tmp/mnist-net/image_9/mnist-net_9_0_029.mps,/home/annelot/WARMSTART_PROJECT/baseline_symphony_21-01-2026+15_00/tmp/mnist-net/image_9/mnist-net_9_0_047.mps,UNSAT,0.01399,UNSAT-UNSAT,None
/home/annelot/WARMSTART_PROJECT/baseline_symphony_21-01-2026+15_00/tmp/mnist-net/image_9/mnist-net_9_0_029.mps,/home/annelot/WARMSTART_PROJECT/baseline_symphony_21-01-2026+15_00/tmp/mnist-net/image_9/mnist-net_9_0_057.mps,UNSAT,0.013937,UNSAT-UNSAT,None
/home/annelot/WARMSTART_PROJECT/baseline_symphony_21-01-2026+15_00/tmp/mnist-net/image_9/mnist-net_9_0_029.mps,/home/annelot/WARMSTART_PROJECT/baseline_symphony_21-01-2026+15_00/tmp/mnist-net/image_9/mnist-net_9_0_049.mps,UNSAT,0.014016,UNSAT-UNSAT,None
/home/annelot/WARMSTART_PROJECT/baseline_symphony_21-01-2026+15_00/tmp/mnist-net/image_9/mnist-net_9_0_029.mps,/home/annelot/WARMSTART_PROJECT/baseline_symphony_21-01-2026+15_00/tmp/mnist-net/image_9/mnist-net_9_0_059.mps,UNSAT,0.014232,UNSAT-UNSAT,None
/home/annelot/WARMSTART_PROJECT/baseline_symphony_21-01-2026+15_00/tmp/mnist-net/image_9/mnist-net_9_0_029.mps,/home/annelot/WARMSTART_PROJECT/baseline_symphony_21-01-2026+15_00/tmp/mnist-net/image_9/mnist-net_9_0_041.mps,UNSAT,0.013439,UNSAT-UNSAT,None
/home/annelot/WARMSTART_PROJECT/baseline_symphony_21-01-2026+15_00/tmp/mnist-net/image_9/mnist-net_9_0_029.mps,/home/annelot/WARMSTART_PROJECT/baseline_symphony_21-01-2026+15_00/tmp/mnist-net/image_9/mnist-net_9_0_045.mps,UNSAT,0.014022,UNSAT-UNSAT,None
/home/annelot/WARMSTART_PROJECT/baseline_symphony_21-01-2026+15_00/tmp/mnist-net/image_9/mnist-net_9_0_029.mps,/home/annelot/WARMSTART_PROJECT/baseline_symphony_21-01-2026+15_00/tmp/mnist-net/image_9/mnist-net_9_0_055.mps,UNSAT,0.013943,UNSAT-UNSAT,None
/home/annelot/WARMSTART_PROJECT/baseline_symphony_21-01-2026+15_00/tmp/mnist-net/image_9/mnist-net_9_0_029.mps,/home/annelot/WARMSTART_PROJECT/baseline_symphony_21-01-2026+15_00/tmp/mnist-net/image_9/mnist-net_9_0_035.mps,UNSAT,0.014535,UNSAT-UNSAT,None
/home/annelot/WARMSTART_PROJECT/baseline_symphony_21-01-2026+15_00/tmp/mnist-net/image_9/mnist-net_9_0_029.mps,/home/annelot/WARMSTART_PROJECT/baseline_symphony_21-01-2026+15_00/tmp/mnist-net/image_9/mnist-net_9_0_051.mps,UNSAT,0.012925,UNSAT-UNSAT,None
/home/annelot/WARMSTART_PROJECT/baseline_symphony_21-01-2026+15_00/tmp/mnist-net/image_9/mnist-net_9_0_027.mps,/home/annelot/WARMSTART_PROJECT/baseline_symphony_21-01-2026+15_00/tmp/mnist-net/image_9/mnist-net_9_0_051.mps,UNSAT,0.01888,UNSAT-UNSAT,None
/home/annelot/WARMSTART_PROJECT/baseline_symphony_21-01-2026+15_00/tmp/mnist-net/image_9/mnist-net_9_0_029.mps,/home/annelot/WARMSTART_PROJECT/baseline_symphony_21-01-2026+15_00/tmp/mnist-net/image_9/mnist-net_9_0_031.mps,UNSAT,0.019582,UNSAT-UNSAT,None
/home/annelot/WARMSTART_PROJECT/baseline_symphony_21-01-2026+15_00/tmp/mnist-net/image_9/mnist-net_9_0_027.mps,/home/annelot/WARMSTART_PROJECT/baseline_symphony_21-01-2026+15_00/tmp/mnist-net/image_9/mnist-net_9_0_053.mps,UNSAT,0.013319,UNSAT-UNSAT,None
/home/annelot/WARMSTART_PROJECT/baseline_symphony_21-01-2026+15_00/tmp/mnist-net/image_9/mnist-net_9_0_029.mps,/home/annelot/WARMSTART_PROJECT/baseline_symphony_21-01-2026+15_00/tmp/mnist-net/image_9/mnist-net_9_0_037.mps,UNSAT,0.017212,UNSAT-UNSAT,None
/home/annelot/WARMSTART_PROJECT/baseline_symphony_21-01-2026+15_00/tmp/mnist-net/image_4/mnist-net_4_0_001.mps,/home/annelot/WARMSTART_PROJECT/baseline_symphony_21-01-2026+15_00/tmp/mnist-net/image_4/mnist-net_4_0_029.mps,ERR,,UNSAT-UNSAT,None
/home/annelot/WARMSTART_PROJECT/baseline_symphony_21-01-2026+15_00/tmp/mnist-net/image_4/mnist-net_4_0_001.mps,/home/annelot/WARMSTART_PROJECT/baseline_symphony_21-01-2026+15_00/tmp/mnist-net/image_4/mnist-net_4_0_033.mps,ERR,,UNSAT-UNSAT,None
/home/annelot/WARMSTART_PROJECT/baseline_symphony_21-01-2026+15_00/tmp/mnist-net/image_4/mnist-net_4_0_001.mps,/home/annelot/WARMSTART_PROJECT/baseline_symphony_21-01-2026+15_00/tmp/mnist-net/image_4/mnist-net_4_0_017.mps,ERR,,UNSAT-UNSAT,None
/home/annelot/WARMSTART_PROJECT/baseline_symphony_21-01-2026+15_00/tmp/mnist-net/image_4/mnist-net_4_0_001.mps,/home/annelot/WARMSTART_PROJECT/baseline_symphony_21-01-2026+15_00/tmp/mnist-net/image_4/mnist-net_4_0_007.mps,ERR,,UNSAT-UNSAT,None
/home/annelot/WARMSTART_PROJECT/baseline_symphony_21-01-2026+15_00/tmp/mnist-net/image_4/mnist-net_4_0_001.mps,/home/annelot/WARMSTART_PROJECT/baseline_symphony_21-01-2026+15_00/tmp/mnist-net/image_4/mnist-net_4_0_025.mps,ERR,,UNSAT-UNSAT,None
/home/annelot/WARMSTART_PROJECT/baseline_symphony_21-01-2026+15_00/tmp/mnist-net/image_4/mnist-net_4_0_007.mps,/home/annelot/WARMSTART_PROJECT/baseline_symphony_21-01-2026+15_00/tmp/mnist-net/image_4/mnist-net_4_0_015.mps,UNSAT,0.012143,UNSAT-UNSAT,None
/home/annelot/WARMSTART_PROJECT/baseline_symphony_21-01-2026+15_00/tmp/mnist-net/image_4/mnist-net_4_0_007.mps,/home/annelot/WARMSTART_PROJECT/baseline_symphony_21-01-2026+15_00/tmp/mnist-net/image_4/mnist-net_4_0_021.mps,UNSAT,0.013063,UNSAT-UNSAT,None
/home/annelot/WARMSTART_PROJECT/baseline_symphony_21-01-2026+15_00/tmp/mnist-net/image_4/mnist-net_4_0_007.mps,/home/annelot/WARMSTART_PROJECT/baseline_symphony_21-01-2026+15_00/tmp/mnist-net/image_4/mnist-net_4_0_013.mps,UNSAT,0.013624,UNSAT-UNSAT,None
/home/annelot/WARMSTART_PROJECT/baseline_symphony_21-01-2026+15_00/tmp/mnist-net/image_4/mnist-net_4_0_007.mps,/home/annelot/WARMSTART_PROJECT/baseline_symphony_21-01-2026+15_00/tmp/mnist-net/image_4/mnist-net_4_0_011.mps,UNSAT,0.013429,UNSAT-UNSAT,None
/home/annelot/WARMSTART_PROJECT/baseline_symphony_21-01-2026+15_00/tmp/mnist-net/image_4/mnist-net_4_0_007.mps,/home/annelot/WARMSTART_PROJECT/baseline_symphony_21-01-2026+15_00/tmp/mnist-net/image_4/mnist-net_4_0_017.mps,UNSAT,0.013486,UNSAT-UNSAT,None
/home/annelot/WARMSTART_PROJECT/baseline_symphony_21-01-2026+15_00/tmp/mnist-net/image_4/mnist-net_4_0_007.mps,/home/annelot/WARMSTART_PROJECT/baseline_symphony_21-01-2026+15_00/tmp/mnist-net/image_4/mnist-net_4_0_019.mps,UNSAT,0.013568,UNSAT-UNSAT,None
/home/annelot/WARMSTART_PROJECT/baseline_symphony_21-01-2026+15_00/tmp/mnist-net/image_5/mnist-net_5_0_021.mps,/home/annelot/WARMSTART_PROJECT/baseline_symphony_21-01-2026+15_00/tmp/mnist-net/image_5/mnist-net_5_0_033.mps,UNSAT,0.013002,UNSAT-UNSAT,None
/home/annelot/WARMSTART_PROJECT/baseline_symphony_21-01-2026+15_00/tmp/mnist-net/image_5/mnist-net_5_0_021.mps,/home/annelot/WARMSTART_PROJECT/baseline_symphony_21-01-2026+15_00/tmp/mnist-net/image_5/mnist-net_5_0_031.mps,UNSAT,0.012996,UNSAT-UNSAT,None
/home/annelot/WARMSTART_PROJECT/baseline_symphony_21-01-2026+15_00/tmp/mnist-net/image_4/mnist-net_4_0_007.mps,/home/annelot/WARMSTART_PROJECT/baseline_symphony_21-01-2026+15_00/tmp/mnist-net/image_4/mnist-net_4_0_009.mps,UNSAT,0.01248,UNSAT-UNSAT,None
/home/annelot/WARMSTART_PROJECT/baseline_symphony_21-01-2026+15_00/tmp/mnist-net/image_5/mnist-net_5_0_021.mps,/home/annelot/WARMSTART_PROJECT/baseline_symphony_21-01-2026+15_00/tmp/mnist-net/image_5/mnist-net_5_0_035.mps,UNSAT,0.012777,UNSAT-UNSAT,None
/home/annelot/WARMSTART_PROJECT/baseline_symphony_21-01-2026+15_00/tmp/mnist-net/image_5/mnist-net_5_0_021.mps,/home/annelot/WARMSTART_PROJECT/baseline_symphony_21-01-2026+15_00/tmp/mnist-net/image_5/mnist-net_5_0_023.mps,UNSAT,0.012754,UNSAT-UNSAT,None
/home/annelot/WARMSTART_PROJECT/baseline_symphony_21-01-2026+15_00/tmp/mnist-net/image_5/mnist-net_5_0_021.mps,/home/annelot/WARMSTART_PROJECT/baseline_symphony_21-01-2026+15_00/tmp/mnist-net/image_5/mnist-net_5_0_029.mps,UNSAT,0.012776,UNSAT-UNSAT,None
/home/annelot/WARMSTART_PROJECT/baseline_symphony_21-01-2026+15_00/tmp/mnist-net/image_5/mnist-net_5_0_021.mps,/home/annelot/WARMSTART_PROJECT/baseline_symphony_21-01-2026+15_00/tmp/mnist-net/image_5/mnist-net_5_0_027.mps,UNSAT,0.012851,UNSAT-UNSAT,None
/home/annelot/WARMSTART_PROJECT/baseline_symphony_21-01-2026+15_00/tmp/mnist-net/image_9/mnist-net_9_0_031.mps,/home/annelot/WARMSTART_PROJECT/baseline_symphony_21-01-2026+15_00/tmp/mnist-net/image_9/mnist-net_9_0_059.mps,UNSAT,0.011798,UNSAT-UNSAT,None
/home/annelot/WARMSTART_PROJECT/baseline_symphony_21-01-2026+15_00/tmp/mnist-net/image_9/mnist-net_9_0_031.mps,/home/annelot/WARMSTART_PROJECT/baseline_symphony_21-01-2026+15_00/tmp/mnist-net/image_9/mnist-net_9_0_057.mps,UNSAT,0.012883,UNSAT-UNSAT,None
/home/annelot/WARMSTART_PROJECT/baseline_symphony_21-01-2026+15_00/tmp/mnist-net/image_5/mnist-net_5_0_021.mps,/home/annelot/WARMSTART_PROJECT/baseline_symphony_21-01-2026+15_00/tmp/mnist-net/image_5/mnist-net_5_0_025.mps,UNSAT,0.014628,UNSAT-UNSAT,None
/home/annelot/WARMSTART_PROJECT/baseline_symphony_21-01-2026+15_00/tmp/mnist-net/image_4/mnist-net_4_0_001.mps,/home/annelot/WARMSTART_PROJECT/baseline_symphony_21-01-2026+15_00/tmp/mnist-net/image_4/mnist-net_4_0_031.mps,ERR,,UNSAT-UNSAT,None
/home/annelot/WARMSTART_PROJECT/baseline_symphony_21-01-2026+15_00/tmp/mnist-net/image_4/mnist-net_4_0_001.mps,/home/annelot/WARMSTART_PROJECT/baseline_symphony_21-01-2026+15_00/tmp/mnist-net/image_4/mnist-net_4_0_035.mps,ERR,,UNSAT-UNSAT,None
/home/annelot/WARMSTART_PROJECT/baseline_symphony_21-01-2026+15_00/tmp/mnist-net/image_4/mnist-net_4_0_009.mps,/home/annelot/WARMSTART_PROJECT/baseline_symphony_21-01-2026+15_00/tmp/mnist-net/image_4/mnist-net_4_0_033.mps,UNSAT,0.012086,UNSAT-UNSAT,None
/home/annelot/WARMSTART_PROJECT/baseline_symphony_21-01-2026+15_00/tmp/mnist-net/image_4/mnist-net_4_0_009.mps,/home/annelot/WARMSTART_PROJECT/baseline_symphony_21-01-2026+15_00/tmp/mnist-net/image_4/mnist-net_4_0_025.mps,UNSAT,0.012056,UNSAT-UNSAT,None
/home/annelot/WARMSTART_PROJECT/baseline_symphony_21-01-2026+15_00/tmp/mnist-net/image_4/mnist-net_4_0_011.mps,/home/annelot/WARMSTART_PROJECT/baseline_symphony_21-01-2026+15_00/tmp/mnist-net/image_4/mnist-net_4_0_019.mps,UNSAT,0.012442,UNSAT-UNSAT,None
/home/annelot/WARMSTART_PROJECT/baseline_symphony_21-01-2026+15_00/tmp/mnist-net/image_4/mnist-net_4_0_011.mps,/home/annelot/WARMSTART_PROJECT/baseline_symphony_21-01-2026+15_00/tmp/mnist-net/image_4/mnist-net_4_0_013.mps,UNSAT,0.013121,UNSAT-UNSAT,None
/home/annelot/WARMSTART_PROJECT/baseline_symphony_21-01-2026+15_00/tmp/mnist-net/image_4/mnist-net_4_0_011.mps,/home/annelot/WARMSTART_PROJECT/baseline_symphony_21-01-2026+15_00/tmp/mnist-net/image_4/mnist-net_4_0_015.mps,UNSAT,0.013119,UNSAT-UNSAT,None
/home/annelot/WARMSTART_PROJECT/baseline_symphony_21-01-2026+15_00/tmp/mnist-net/image_4/mnist-net_4_0_011.mps,/home/annelot/WARMSTART_PROJECT/baseline_symphony_21-01-2026+15_00/tmp/mnist-net/image_4/mnist-net_4_0_017.mps,UNSAT,0.013101,UNSAT-UNSAT,None
/home/annelot/WARMSTART_PROJECT/baseline_symphony_21-01-2026+15_00/tmp/mnist-net/image_4/mnist-net_4_0_009.mps,/home/annelot/WARMSTART_PROJECT/baseline_symphony_21-01-2026+15_00/tmp/mnist-net/image_4/mnist-net_4_0_027.mps,UNSAT,0.013204,UNSAT-UNSAT,None
/home/annelot/WARMSTART_PROJECT/baseline_symphony_21-01-2026+15_00/tmp/mnist-net/image_4/mnist-net_4_0_007.mps,/home/annelot/WARMSTART_PROJECT/baseline_symphony_21-01-2026+15_00/tmp/mnist-net/image_4/mnist-net_4_0_029.mps,UNSAT,0.017792,UNSAT-UNSAT,None
/home/annelot/WARMSTART_PROJECT/baseline_symphony_21-01-2026+15_00/tmp/mnist-net/image_4/mnist-net_4_0_007.mps,/home/annelot/WARMSTART_PROJECT/baseline_symphony_21-01-2026+15_00/tmp/mnist-net/image_4/mnist-net_4_0_035.mps,UNSAT,0.016371,UNSAT-UNSAT,None
/home/annelot/WARMSTART_PROJECT/baseline_symphony_21-01-2026+15_00/tmp/mnist-net/image_4/mnist-net_4_0_001.mps,/home/annelot/WARMSTART_PROJECT/baseline_symphony_21-01-2026+15_00/tmp/mnist-net/image_4/mnist-net_4_0_015.mps,ERR,,UNSAT-UNSAT,None
/home/annelot/WARMSTART_PROJECT/baseline_symphony_21-01-2026+15_00/tmp/mnist-net/image_4/mnist-net_4_0_007.mps,/home/annelot/WARMSTART_PROJECT/baseline_symphony_21-01-2026+15_00/tmp/mnist-net/image_4/mnist-net_4_0_033.mps,UNSAT,0.015575,UNSAT-UNSAT,None
/home/annelot/WARMSTART_PROJECT/baseline_symphony_21-01-2026+15_00/tmp/mnist-net/image_4/mnist-net_4_0_007.mps,/home/annelot/WARMSTART_PROJECT/baseline_symphony_21-01-2026+15_00/tmp/mnist-net/image_4/mnist-net_4_0_031.mps,UNSAT,0.014578,UNSAT-UNSAT,None
/home/annelot/WARMSTART_PROJECT/baseline_symphony_21-01-2026+15_00/tmp/mnist-net/image_4/mnist-net_4_0_009.mps,/home/annelot/WARMSTART_PROJECT/baseline_symphony_21-01-2026+15_00/tmp/mnist-net/image_4/mnist-net_4_0_015.mps,UNSAT,0.014225,UNSAT-UNSAT,None
/home/annelot/WARMSTART_PROJECT/baseline_symphony_21-01-2026+15_00/tmp/mnist-net/image_4/mnist-net_4_0_009.mps,/home/annelot/WARMSTART_PROJECT/baseline_symphony_21-01-2026+15_00/tmp/mnist-net/image_4/mnist-net_4_0_019.mps,UNSAT,0.014198,UNSAT-UNSAT,None
/home/annelot/WARMSTART_PROJECT/baseline_symphony_21-01-2026+15_00/tmp/mnist-net/image_4/mnist-net_4_0_009.mps,/home/annelot/WARMSTART_PROJECT/baseline_symphony_21-01-2026+15_00/tmp/mnist-net/image_4/mnist-net_4_0_023.mps,UNSAT,0.014253,UNSAT-UNSAT,None
/home/annelot/WARMSTART_PROJECT/baseline_symphony_21-01-2026+15_00/tmp/mnist-net/image_4/mnist-net_4_0_009.mps,/home/annelot/WARMSTART_PROJECT/baseline_symphony_21-01-2026+15_00/tmp/mnist-net/image_4/mnist-net_4_0_021.mps,UNSAT,0.014227,UNSAT-UNSAT,None
/home/annelot/WARMSTART_PROJECT/baseline_symphony_21-01-2026+15_00/tmp/mnist-net/image_4/mnist-net_4_0_009.mps,/home/annelot/WARMSTART_PROJECT/baseline_symphony_21-01-2026+15_00/tmp/mnist-net/image_4/mnist-net_4_0_029.mps,UNSAT,0.014211,UNSAT-UNSAT,None
/home/annelot/WARMSTART_PROJECT/baseline_symphony_21-01-2026+15_00/tmp/mnist-net/image_4/mnist-net_4_0_009.mps,/home/annelot/WARMSTART_PROJECT/baseline_symphony_21-01-2026+15_00/tmp/mnist-net/image_4/mnist-net_4_0_011.mps,UNSAT,0.014238,UNSAT-UNSAT,None
/home/annelot/WARMSTART_PROJECT/baseline_symphony_21-01-2026+15_00/tmp/mnist-net/image_4/mnist-net_4_0_009.mps,/home/annelot/WARMSTART_PROJECT/baseline_symphony_21-01-2026+15_00/tmp/mnist-net/image_4/mnist-net_4_0_031.mps,UNSAT,0.014231,UNSAT-UNSAT,None
/home/annelot/WARMSTART_PROJECT/baseline_symphony_21-01-2026+15_00/tmp/mnist-net/image_4/mnist-net_4_0_009.mps,/home/annelot/WARMSTART_PROJECT/baseline_symphony_21-01-2026+15_00/tmp/mnist-net/image_4/mnist-net_4_0_017.mps,UNSAT,0.014288,UNSAT-UNSAT,None
/home/annelot/WARMSTART_PROJECT/baseline_symphony_21-01-2026+15_00/tmp/mnist-net/image_4/mnist-net_4_0_009.mps,/home/annelot/WARMSTART_PROJECT/baseline_symphony_21-01-2026+15_00/tmp/mnist-net/image_4/mnist-net_4_0_013.mps,UNSAT,0.014505,UNSAT-UNSAT,None
/home/annelot/WARMSTART_PROJECT/baseline_symphony_21-01-2026+15_00/tmp/mnist-net/image_4/mnist-net_4_0_007.mps,/home/annelot/WARMSTART_PROJECT/baseline_symphony_21-01-2026+15_00/tmp/mnist-net/image_4/mnist-net_4_0_025.mps,UNSAT,0.01411,UNSAT-UNSAT,None
/home/annelot/WARMSTART_PROJECT/baseline_symphony_21-01-2026+15_00/tmp/mnist-net/image_4/mnist-net_4_0_007.mps,/home/annelot/WARMSTART_PROJECT/baseline_symphony_21-01-2026+15_00/tmp/mnist-net/image_4/mnist-net_4_0_023.mps,UNSAT,0.020639,UNSAT-UNSAT,None
/home/annelot/WARMSTART_PROJECT/baseline_symphony_21-01-2026+15_00/tmp/mnist-net/image_4/mnist-net_4_0_007.mps,/home/annelot/WARMSTART_PROJECT/baseline_symphony_21-01-2026+15_00/tmp/mnist-net/image_4/mnist-net_4_0_027.mps,UNSAT,0.013971,UNSAT-UNSAT,None
/home/annelot/WARMSTART_PROJECT/baseline_symphony_21-01-2026+15_00/tmp/mnist-net/image_4/mnist-net_4_0_001.mps,/home/annelot/WARMSTART_PROJECT/baseline_symphony_21-01-2026+15_00/tmp/mnist-net/image_4/mnist-net_4_0_011.mps,ERR,,UNSAT-UNSAT,None
/home/annelot/WARMSTART_PROJECT/baseline_symphony_21-01-2026+15_00/tmp/mnist-net/image_4/mnist-net_4_0_001.mps,/home/annelot/WARMSTART_PROJECT/baseline_symphony_21-01-2026+15_00/tmp/mnist-net/image_4/mnist-net_4_0_013.mps,ERR,,UNSAT-UNSAT,None
/home/annelot/WARMSTART_PROJECT/baseline_symphony_21-01-2026+15_00/tmp/mnist-net/image_4/mnist-net_4_0_011.mps,/home/annelot/WARMSTART_PROJECT/baseline_symphony_21-01-2026+15_00/tmp/mnist-net/image_4/mnist-net_4_0_029.mps,UNSAT,0.014259,UNSAT-UNSAT,None
/home/annelot/WARMSTART_PROJECT/baseline_symphony_21-01-2026+15_00/tmp/mnist-net/image_4/mnist-net_4_0_011.mps,/home/annelot/WARMSTART_PROJECT/baseline_symphony_21-01-2026+15_00/tmp/mnist-net/image_4/mnist-net_4_0_025.mps,UNSAT,0.013498,UNSAT-UNSAT,None
/home/annelot/WARMSTART_PROJECT/baseline_symphony_21-01-2026+15_00/tmp/mnist-net/image_4/mnist-net_4_0_015.mps,/home/annelot/WARMSTART_PROJECT/baseline_symphony_21-01-2026+15_00/tmp/mnist-net/image_4/mnist-net_4_0_017.mps,UNSAT,0.010991,UNSAT-UNSAT,None
/home/annelot/WARMSTART_PROJECT/baseline_symphony_21-01-2026+15_00/tmp/mnist-net/image_4/mnist-net_4_0_009.mps,/home/annelot/WARMSTART_PROJECT/baseline_symphony_21-01-2026+15_00/tmp/mnist-net/image_4/mnist-net_4_0_035.mps,UNSAT,0.013378,UNSAT-UNSAT,None
/home/annelot/WARMSTART_PROJECT/baseline_symphony_21-01-2026+15_00/tmp/mnist-net/image_4/mnist-net_4_0_013.mps,/home/annelot/WARMSTART_PROJECT/baseline_symphony_21-01-2026+15_00/tmp/mnist-net/image_4/mnist-net_4_0_035.mps,UNSAT,0.012838,UNSAT-UNSAT,None
/home/annelot/WARMSTART_PROJECT/baseline_symphony_21-01-2026+15_00/tmp/mnist-net/image_4/mnist-net_4_0_013.mps,/home/annelot/WARMSTART_PROJECT/baseline_symphony_21-01-2026+15_00/tmp/mnist-net/image_4/mnist-net_4_0_019.mps,UNSAT,0.013975,UNSAT-UNSAT,None
/home/annelot/WARMSTART_PROJECT/baseline_symphony_21-01-2026+15_00/tmp/mnist-net/image_4/mnist-net_4_0_013.mps,/home/annelot/WARMSTART_PROJECT/baseline_symphony_21-01-2026+15_00/tmp/mnist-net/image_4/mnist-net_4_0_015.mps,UNSAT,0.013806,UNSAT-UNSAT,None
/home/annelot/WARMSTART_PROJECT/baseline_symphony_21-01-2026+15_00/tmp/mnist-net/image_4/mnist-net_4_0_011.mps,/home/annelot/WARMSTART_PROJECT/baseline_symphony_21-01-2026+15_00/tmp/mnist-net/image_4/mnist-net_4_0_031.mps,UNSAT,0.013874,UNSAT-UNSAT,None
/home/annelot/WARMSTART_PROJECT/baseline_symphony_21-01-2026+15_00/tmp/mnist-net/image_4/mnist-net_4_0_015.mps,/home/annelot/WARMSTART_PROJECT/baseline_symphony_21-01-2026+15_00/tmp/mnist-net/image_4/mnist-net_4_0_019.mps,UNSAT,0.01222,UNSAT-UNSAT,None
/home/annelot/WARMSTART_PROJECT/baseline_symphony_21-01-2026+15_00/tmp/mnist-net/image_4/mnist-net_4_0_013.mps,/home/annelot/WARMSTART_PROJECT/baseline_symphony_21-01-2026+15_00/tmp/mnist-net/image_4/mnist-net_4_0_017.mps,UNSAT,0.013529,UNSAT-UNSAT,None
/home/annelot/WARMSTART_PROJECT/baseline_symphony_21-01-2026+15_00/tmp/mnist-net/image_4/mnist-net_4_0_013.mps,/home/annelot/WARMSTART_PROJECT/baseline_symphony_21-01-2026+15_00/tmp/mnist-net/image_4/mnist-net_4_0_033.mps,UNSAT,0.013612,UNSAT-UNSAT,None
/home/annelot/WARMSTART_PROJECT/baseline_symphony_21-01-2026+15_00/tmp/mnist-net/image_4/mnist-net_4_0_015.mps,/home/annelot/WARMSTART_PROJECT/baseline_symphony_21-01-2026+15_00/tmp/mnist-net/image_4/mnist-net_4_0_027.mps,UNSAT,0.012959,UNSAT-UNSAT,None
/home/annelot/WARMSTART_PROJECT/baseline_symphony_21-01-2026+15_00/tmp/mnist-net/image_4/mnist-net_4_0_011.mps,/home/annelot/WARMSTART_PROJECT/baseline_symphony_21-01-2026+15_00/tmp/mnist-net/image_4/mnist-net_4_0_023.mps,UNSAT,0.013647,UNSAT-UNSAT,None
/home/annelot/WARMSTART_PROJECT/baseline_symphony_21-01-2026+15_00/tmp/mnist-net/image_4/mnist-net_4_0_015.mps,/home/annelot/WARMSTART_PROJECT/baseline_symphony_21-01-2026+15_00/tmp/mnist-net/image_4/mnist-net_4_0_021.mps,UNSAT,0.012864,UNSAT-UNSAT,None
/home/annelot/WARMSTART_PROJECT/baseline_symphony_21-01-2026+15_00/tmp/mnist-net/image_4/mnist-net_4_0_015.mps,/home/annelot/WARMSTART_PROJECT/baseline_symphony_21-01-2026+15_00/tmp/mnist-net/image_4/mnist-net_4_0_023.mps,UNSAT,0.012803,UNSAT-UNSAT,None
/home/annelot/WARMSTART_PROJECT/baseline_symphony_21-01-2026+15_00/tmp/mnist-net/image_4/mnist-net_4_0_011.mps,/home/annelot/WARMSTART_PROJECT/baseline_symphony_21-01-2026+15_00/tmp/mnist-net/image_4/mnist-net_4_0_027.mps,UNSAT,0.014014,UNSAT-UNSAT,None
/home/annelot/WARMSTART_PROJECT/baseline_symphony_21-01-2026+15_00/tmp/mnist-net/image_4/mnist-net_4_0_011.mps,/home/annelot/WARMSTART_PROJECT/baseline_symphony_21-01-2026+15_00/tmp/mnist-net/image_4/mnist-net_4_0_035.mps,UNSAT,0.014074,UNSAT-UNSAT,None
/home/annelot/WARMSTART_PROJECT/baseline_symphony_21-01-2026+15_00/tmp/mnist-net/image_4/mnist-net_4_0_013.mps,/home/annelot/WARMSTART_PROJECT/baseline_symphony_21-01-2026+15_00/tmp/mnist-net/image_4/mnist-net_4_0_029.mps,UNSAT,0.013918,UNSAT-UNSAT,None
/home/annelot/WARMSTART_PROJECT/baseline_symphony_21-01-2026+15_00/tmp/mnist-net/image_4/mnist-net_4_0_013.mps,/home/annelot/WARMSTART_PROJECT/baseline_symphony_21-01-2026+15_00/tmp/mnist-net/image_4/mnist-net_4_0_023.mps,UNSAT,0.013832,UNSAT-UNSAT,None
/home/annelot/WARMSTART_PROJECT/baseline_symphony_21-01-2026+15_00/tmp/mnist-net/image_4/mnist-net_4_0_013.mps,/home/annelot/WARMSTART_PROJECT/baseline_symphony_21-01-2026+15_00/tmp/mnist-net/image_4/mnist-net_4_0_021.mps,UNSAT,0.013799,UNSAT-UNSAT,None
/home/annelot/WARMSTART_PROJECT/baseline_symphony_21-01-2026+15_00/tmp/mnist-net/image_4/mnist-net_4_0_013.mps,/home/annelot/WARMSTART_PROJECT/baseline_symphony_21-01-2026+15_00/tmp/mnist-net/image_4/mnist-net_4_0_027.mps,UNSAT,0.013895,UNSAT-UNSAT,None
/home/annelot/WARMSTART_PROJECT/baseline_symphony_21-01-2026+15_00/tmp/mnist-net/image_4/mnist-net_4_0_013.mps,/home/annelot/WARMSTART_PROJECT/baseline_symphony_21-01-2026+15_00/tmp/mnist-net/image_4/mnist-net_4_0_031.mps,UNSAT,0.013563,UNSAT-UNSAT,None
/home/annelot/WARMSTART_PROJECT/baseline_symphony_21-01-2026+15_00/tmp/mnist-net/image_4/mnist-net_4_0_011.mps,/home/annelot/WARMSTART_PROJECT/baseline_symphony_21-01-2026+15_00/tmp/mnist-net/image_4/mnist-net_4_0_021.mps,UNSAT,0.013823,UNSAT-UNSAT,None
/home/annelot/WARMSTART_PROJECT/baseline_symphony_21-01-2026+15_00/tmp/mnist-net/image_4/mnist-net_4_0_015.mps,/home/annelot/WARMSTART_PROJECT/baseline_symphony_21-01-2026+15_00/tmp/mnist-net/image_4/mnist-net_4_0_025.mps,UNSAT,0.012964,UNSAT-UNSAT,None
/home/annelot/WARMSTART_PROJECT/baseline_symphony_21-01-2026+15_00/tmp/mnist-net/image_4/mnist-net_4_0_011.mps,/home/annelot/WARMSTART_PROJECT/baseline_symphony_21-01-2026+15_00/tmp/mnist-net/image_4/mnist-net_4_0_033.mps,UNSAT,0.013736,UNSAT-UNSAT,None
/home/annelot/WARMSTART_PROJECT/baseline_symphony_21-01-2026+15_00/tmp/mnist-net/image_4/mnist-net_4_0_001.mps,/home/annelot/WARMSTART_PROJECT/baseline_symphony_21-01-2026+15_00/tmp/mnist-net/image_4/mnist-net_4_0_021.mps,ERR,,UNSAT-UNSAT,None
/home/annelot/WARMSTART_PROJECT/baseline_symphony_21-01-2026+15_00/tmp/mnist-net/image_4/mnist-net_4_0_013.mps,/home/annelot/WARMSTART_PROJECT/baseline_symphony_21-01-2026+15_00/tmp/mnist-net/image_4/mnist-net_4_0_025.mps,UNSAT,0.018472,UNSAT-UNSAT,None
/home/annelot/WARMSTART_PROJECT/baseline_symphony_21-01-2026+15_00/tmp/mnist-net/image_4/mnist-net_4_0_001.mps,/home/annelot/WARMSTART_PROJECT/baseline_symphony_21-01-2026+15_00/tmp/mnist-net/image_4/mnist-net_4_0_023.mps,ERR,,UNSAT-UNSAT,None
/home/annelot/WARMSTART_PROJECT/baseline_symphony_21-01-2026+15_00/tmp/mnist-net/image_4/mnist-net_4_0_001.mps,/home/annelot/WARMSTART_PROJECT/baseline_symphony_21-01-2026+15_00/tmp/mnist-net/image_4/mnist-net_4_0_009.mps,ERR,,UNSAT-UNSAT,None
/home/annelot/WARMSTART_PROJECT/baseline_symphony_21-01-2026+15_00/tmp/mnist-net/image_4/mnist-net_4_0_001.mps,/home/annelot/WARMSTART_PROJECT/baseline_symphony_21-01-2026+15_00/tmp/mnist-net/image_4/mnist-net_4_0_019.mps,ERR,,UNSAT-UNSAT,None
/home/annelot/WARMSTART_PROJECT/baseline_symphony_21-01-2026+15_00/tmp/mnist-net/image_4/mnist-net_4_0_021.mps,/home/annelot/WARMSTART_PROJECT/baseline_symphony_21-01-2026+15_00/tmp/mnist-net/image_4/mnist-net_4_0_027.mps,UNSAT,0.011841,UNSAT-UNSAT,None
/home/annelot/WARMSTART_PROJECT/baseline_symphony_21-01-2026+15_00/tmp/mnist-net/image_4/mnist-net_4_0_021.mps,/home/annelot/WARMSTART_PROJECT/baseline_symphony_21-01-2026+15_00/tmp/mnist-net/image_4/mnist-net_4_0_031.mps,UNSAT,0.012886,UNSAT-UNSAT,None
/home/annelot/WARMSTART_PROJECT/baseline_symphony_21-01-2026+15_00/tmp/mnist-net/image_4/mnist-net_4_0_017.mps,/home/annelot/WARMSTART_PROJECT/baseline_symphony_21-01-2026+15_00/tmp/mnist-net/image_4/mnist-net_4_0_031.mps,UNSAT,0.012872,UNSAT-UNSAT,None
/home/annelot/WARMSTART_PROJECT/baseline_symphony_21-01-2026+15_00/tmp/mnist-net/image_4/mnist-net_4_0_017.mps,/home/annelot/WARMSTART_PROJECT/baseline_symphony_21-01-2026+15_00/tmp/mnist-net/image_4/mnist-net_4_0_019.mps,UNSAT,0.012927,UNSAT-UNSAT,None
/home/annelot/WARMSTART_PROJECT/baseline_symphony_21-01-2026+15_00/tmp/mnist-net/image_4/mnist-net_4_0_021.mps,/home/annelot/WARMSTART_PROJECT/baseline_symphony_21-01-2026+15_00/tmp/mnist-net/image_4/mnist-net_4_0_035.mps,UNSAT,0.013058,UNSAT-UNSAT,None
/home/annelot/WARMSTART_PROJECT/baseline_symphony_21-01-2026+15_00/tmp/mnist-net/image_4/mnist-net_4_0_025.mps,/home/annelot/WARMSTART_PROJECT/baseline_symphony_21-01-2026+15_00/tmp/mnist-net/image_4/mnist-net_4_0_031.mps,UNSAT,0.013569,UNSAT-UNSAT,None
/home/annelot/WARMSTART_PROJECT/baseline_symphony_21-01-2026+15_00/tmp/mnist-net/image_4/mnist-net_4_0_015.mps,/home/annelot/WARMSTART_PROJECT/baseline_symphony_21-01-2026+15_00/tmp/mnist-net/image_4/mnist-net_4_0_035.mps,UNSAT,0.012131,UNSAT-UNSAT,None
/home/annelot/WARMSTART_PROJECT/baseline_symphony_21-01-2026+15_00/tmp/mnist-net/image_4/mnist-net_4_0_021.mps,/home/annelot/WARMSTART_PROJECT/baseline_symphony_21-01-2026+15_00/tmp/mnist-net/image_4/mnist-net_4_0_033.mps,UNSAT,0.013248,UNSAT-UNSAT,None
/home/annelot/WARMSTART_PROJECT/baseline_symphony_21-01-2026+15_00/tmp/mnist-net/image_4/mnist-net_4_0_021.mps,/home/annelot/WARMSTART_PROJECT/baseline_symphony_21-01-2026+15_00/tmp/mnist-net/image_4/mnist-net_4_0_029.mps,UNSAT,0.01329,UNSAT-UNSAT,None
/home/annelot/WARMSTART_PROJECT/baseline_symphony_21-01-2026+15_00/tmp/mnist-net/image_4/mnist-net_4_0_021.mps,/home/annelot/WARMSTART_PROJECT/baseline_symphony_21-01-2026+15_00/tmp/mnist-net/image_4/mnist-net_4_0_025.mps,UNSAT,0.013348,UNSAT-UNSAT,None
/home/annelot/WARMSTART_PROJECT/baseline_symphony_21-01-2026+15_00/tmp/mnist-net/image_4/mnist-net_4_0_017.mps,/home/annelot/WARMSTART_PROJECT/baseline_symphony_21-01-2026+15_00/tmp/mnist-net/image_4/mnist-net_4_0_033.mps,UNSAT,0.013622,UNSAT-UNSAT,None
/home/annelot/WARMSTART_PROJECT/baseline_symphony_21-01-2026+15_00/tmp/mnist-net/image_4/mnist-net_4_0_019.mps,/home/annelot/WARMSTART_PROJECT/baseline_symphony_21-01-2026+15_00/tmp/mnist-net/image_4/mnist-net_4_0_023.mps,UNSAT,0.013927,UNSAT-UNSAT,None
/home/annelot/WARMSTART_PROJECT/baseline_symphony_21-01-2026+15_00/tmp/mnist-net/image_4/mnist-net_4_0_017.mps,/home/annelot/WARMSTART_PROJECT/baseline_symphony_21-01-2026+15_00/tmp/mnist-net/image_4/mnist-net_4_0_023.mps,UNSAT,0.01356,UNSAT-UNSAT,None
/home/annelot/WARMSTART_PROJECT/baseline_symphony_21-01-2026+15_00/tmp/mnist-net/image_4/mnist-net_4_0_019.mps,/home/annelot/WARMSTART_PROJECT/baseline_symphony_21-01-2026+15_00/tmp/mnist-net/image_4/mnist-net_4_0_029.mps,UNSAT,0.015206,UNSAT-UNSAT,None
/home/annelot/WARMSTART_PROJECT/baseline_symphony_21-01-2026+15_00/tmp/mnist-net/image_4/mnist-net_4_0_017.mps,/home/annelot/WARMSTART_PROJECT/baseline_symphony_21-01-2026+15_00/tmp/mnist-net/image_4/mnist-net_4_0_035.mps,UNSAT,0.014665,UNSAT-UNSAT,None
/home/annelot/WARMSTART_PROJECT/baseline_symphony_21-01-2026+15_00/tmp/mnist-net/image_4/mnist-net_4_0_017.mps,/home/annelot/WARMSTART_PROJECT/baseline_symphony_21-01-2026+15_00/tmp/mnist-net/image_4/mnist-net_4_0_029.mps,UNSAT,0.014794,UNSAT-UNSAT,None
/home/annelot/WARMSTART_PROJECT/baseline_symphony_21-01-2026+15_00/tmp/mnist-net/image_4/mnist-net_4_0_017.mps,/home/annelot/WARMSTART_PROJECT/baseline_symphony_21-01-2026+15_00/tmp/mnist-net/image_4/mnist-net_4_0_027.mps,UNSAT,0.0148,UNSAT-UNSAT,None
/home/annelot/WARMSTART_PROJECT/baseline_symphony_21-01-2026+15_00/tmp/mnist-net/image_4/mnist-net_4_0_019.mps,/home/annelot/WARMSTART_PROJECT/baseline_symphony_21-01-2026+15_00/tmp/mnist-net/image_4/mnist-net_4_0_033.mps,UNSAT,0.015333,UNSAT-UNSAT,None
/home/annelot/WARMSTART_PROJECT/baseline_symphony_21-01-2026+15_00/tmp/mnist-net/image_4/mnist-net_4_0_019.mps,/home/annelot/WARMSTART_PROJECT/baseline_symphony_21-01-2026+15_00/tmp/mnist-net/image_4/mnist-net_4_0_025.mps,UNSAT,0.015294,UNSAT-UNSAT,None
/home/annelot/WARMSTART_PROJECT/baseline_symphony_21-01-2026+15_00/tmp/mnist-net/image_4/mnist-net_4_0_017.mps,/home/annelot/WARMSTART_PROJECT/baseline_symphony_21-01-2026+15_00/tmp/mnist-net/image_4/mnist-net_4_0_021.mps,UNSAT,0.014934,UNSAT-UNSAT,None
/home/annelot/WARMSTART_PROJECT/baseline_symphony_21-01-2026+15_00/tmp/mnist-net/image_4/mnist-net_4_0_019.mps,/home/annelot/WARMSTART_PROJECT/baseline_symphony_21-01-2026+15_00/tmp/mnist-net/image_4/mnist-net_4_0_027.mps,UNSAT,0.015118,UNSAT-UNSAT,None
/home/annelot/WARMSTART_PROJECT/baseline_symphony_21-01-2026+15_00/tmp/mnist-net/image_4/mnist-net_4_0_015.mps,/home/annelot/WARMSTART_PROJECT/baseline_symphony_21-01-2026+15_00/tmp/mnist-net/image_4/mnist-net_4_0_033.mps,UNSAT,0.01407,UNSAT-UNSAT,None
/home/annelot/WARMSTART_PROJECT/baseline_symphony_21-01-2026+15_00/tmp/mnist-net/image_4/mnist-net_4_0_019.mps,/home/annelot/WARMSTART_PROJECT/baseline_symphony_21-01-2026+15_00/tmp/mnist-net/image_4/mnist-net_4_0_035.mps,UNSAT,0.014715,UNSAT-UNSAT,None
/home/annelot/WARMSTART_PROJECT/baseline_symphony_21-01-2026+15_00/tmp/mnist-net/image_4/mnist-net_4_0_019.mps,/home/annelot/WARMSTART_PROJECT/baseline_symphony_21-01-2026+15_00/tmp/mnist-net/image_4/mnist-net_4_0_021.mps,UNSAT,0.01475,UNSAT-UNSAT,None
/home/annelot/WARMSTART_PROJECT/baseline_symphony_21-01-2026+15_00/tmp/mnist-net/image_4/mnist-net_4_0_021.mps,/home/annelot/WARMSTART_PROJECT/baseline_symphony_21-01-2026+15_00/tmp/mnist-net/image_4/mnist-net_4_0_023.mps,UNSAT,0.014497,UNSAT-UNSAT,None
/home/annelot/WARMSTART_PROJECT/baseline_symphony_21-01-2026+15_00/tmp/mnist-net/image_4/mnist-net_4_0_015.mps,/home/annelot/WARMSTART_PROJECT/baseline_symphony_21-01-2026+15_00/tmp/mnist-net/image_4/mnist-net_4_0_029.mps,UNSAT,0.013399,UNSAT-UNSAT,None
/home/annelot/WARMSTART_PROJECT/baseline_symphony_21-01-2026+15_00/tmp/mnist-net/image_4/mnist-net_4_0_017.mps,/home/annelot/WARMSTART_PROJECT/baseline_symphony_21-01-2026+15_00/tmp/mnist-net/image_4/mnist-net_4_0_025.mps,UNSAT,0.013689,UNSAT-UNSAT,None
/home/annelot/WARMSTART_PROJECT/baseline_symphony_21-01-2026+15_00/tmp/mnist-net/image_4/mnist-net_4_0_015.mps,/home/annelot/WARMSTART_PROJECT/baseline_symphony_21-01-2026+15_00/tmp/mnist-net/image_4/mnist-net_4_0_031.mps,UNSAT,0.018345,UNSAT-UNSAT,None
/home/annelot/WARMSTART_PROJECT/baseline_symphony_21-01-2026+15_00/tmp/mnist-net/image_4/mnist-net_4_0_019.mps,/home/annelot/WARMSTART_PROJECT/baseline_symphony_21-01-2026+15_00/tmp/mnist-net/image_4/mnist-net_4_0_031.mps,UNSAT,0.018145,UNSAT-UNSAT,None
/home/annelot/WARMSTART_PROJECT/baseline_symphony_21-01-2026+15_00/tmp/mnist-net/image_4/mnist-net_4_0_001.mps,/home/annelot/WARMSTART_PROJECT/baseline_symphony_21-01-2026+15_00/tmp/mnist-net/image_4/mnist-net_4_0_027.mps,ERR,,UNSAT-UNSAT,None
/home/annelot/WARMSTART_PROJECT/baseline_symphony_21-01-2026+15_00/tmp/mnist-net_256x4/image_7/mnist-net_256x4_7_0_003.mps,/home/annelot/WARMSTART_PROJECT/baseline_symphony_21-01-2026+15_00/tmp/mnist-net_256x4/image_7/mnist-net_256x4_7_0_017.mps,UNSAT,0.007107,UNSAT-UNSAT,None
/home/annelot/WARMSTART_PROJECT/baseline_symphony_21-01-2026+15_00/tmp/mnist-net_256x4/image_7/mnist-net_256x4_7_0_007.mps,/home/annelot/WARMSTART_PROJECT/baseline_symphony_21-01-2026+15_00/tmp/mnist-net_256x4/image_7/mnist-net_256x4_7_0_013.mps,UNSAT,0.007355,UNSAT-UNSAT,None
/home/annelot/WARMSTART_PROJECT/baseline_symphony_21-01-2026+15_00/tmp/mnist-net_256x4/image_7/mnist-net_256x4_7_0_007.mps,/home/annelot/WARMSTART_PROJECT/baseline_symphony_21-01-2026+15_00/tmp/mnist-net_256x4/image_7/mnist-net_256x4_7_0_011.mps,UNSAT,0.007368,UNSAT-UNSAT,None
/home/annelot/WARMSTART_PROJECT/baseline_symphony_21-01-2026+15_00/tmp/mnist-net_256x4/image_7/mnist-net_256x4_7_0_003.mps,/home/annelot/WARMSTART_PROJECT/baseline_symphony_21-01-2026+15_00/tmp/mnist-net_256x4/image_7/mnist-net_256x4_7_0_009.mps,UNSAT,0.007329,UNSAT-UNSAT,None
/home/annelot/WARMSTART_PROJECT/baseline_symphony_21-01-2026+15_00/tmp/mnist-net_256x4/image_7/mnist-net_256x4_7_0_003.mps,/home/annelot/WARMSTART_PROJECT/baseline_symphony_21-01-2026+15_00/tmp/mnist-net_256x4/image_7/mnist-net_256x4_7_0_005.mps,UNSAT,0.007279,UNSAT-UNSAT,None
/home/annelot/WARMSTART_PROJECT/baseline_symphony_21-01-2026+15_00/tmp/mnist-net_256x4/image_7/mnist-net_256x4_7_0_005.mps,/home/annelot/WARMSTART_PROJECT/baseline_symphony_21-01-2026+15_00/tmp/mnist-net_256x4/image_7/mnist-net_256x4_7_0_017.mps,UNSAT,0.006992,UNSAT-UNSAT,None
/home/annelot/WARMSTART_PROJECT/baseline_symphony_21-01-2026+15_00/tmp/mnist-net_256x4/image_7/mnist-net_256x4_7_0_005.mps,/home/annelot/WARMSTART_PROJECT/baseline_symphony_21-01-2026+15_00/tmp/mnist-net_256x4/image_7/mnist-net_256x4_7_0_013.mps,UNSAT,0.007578,UNSAT-UNSAT,None
/home/annelot/WARMSTART_PROJECT/baseline_symphony_21-01-2026+15_00/tmp/mnist-net_256x4/image_7/mnist-net_256x4_7_0_005.mps,/home/annelot/WARMSTART_PROJECT/baseline_symphony_21-01-2026+15_00/tmp/mnist-net_256x4/image_7/mnist-net_256x4_7_0_007.mps,UNSAT,0.007822,UNSAT-UNSAT,None
/home/annelot/WARMSTART_PROJECT/baseline_symphony_21-01-2026+15_00/tmp/mnist-net_256x4/image_7/mnist-net_256x4_7_0_003.mps,/home/annelot/WARMSTART_PROJECT/baseline_symphony_21-01-2026+15_00/tmp/mnist-net_256x4/image_7/mnist-net_256x4_7_0_015.mps,UNSAT,0.00745,UNSAT-UNSAT,None
/home/annelot/WARMSTART_PROJECT/baseline_symphony_21-01-2026+15_00/tmp/mnist-net_256x4/image_7/mnist-net_256x4_7_0_003.mps,/home/annelot/WARMSTART_PROJECT/baseline_symphony_21-01-2026+15_00/tmp/mnist-net_256x4/image_7/mnist-net_256x4_7_0_011.mps,UNSAT,0.007533,UNSAT-UNSAT,None
/home/annelot/WARMSTART_PROJECT/baseline_symphony_21-01-2026+15_00/tmp/mnist-net_256x4/image_7/mnist-net_256x4_7_0_003.mps,/home/annelot/WARMSTART_PROJECT/baseline_symphony_21-01-2026+15_00/tmp/mnist-net_256x4/image_7/mnist-net_256x4_7_0_007.mps,UNSAT,0.007613,UNSAT-UNSAT,None
/home/annelot/WARMSTART_PROJECT/baseline_symphony_21-01-2026+15_00/tmp/mnist-net_256x4/image_7/mnist-net_256x4_7_0_003.mps,/home/annelot/WARMSTART_PROJECT/baseline_symphony_21-01-2026+15_00/tmp/mnist-net_256x4/image_7/mnist-net_256x4_7_0_013.mps,UNSAT,0.007447,UNSAT-UNSAT,None
/home/annelot/WARMSTART_PROJECT/baseline_symphony_21-01-2026+15_00/tmp/mnist-net_256x4/image_7/mnist-net_256x4_7_0_005.mps,/home/annelot/WARMSTART_PROJECT/baseline_symphony_21-01-2026+15_00/tmp/mnist-net_256x4/image_7/mnist-net_256x4_7_0_011.mps,UNSAT,0.007666,UNSAT-UNSAT,None
/home/annelot/WARMSTART_PROJECT/baseline_symphony_21-01-2026+15_00/tmp/mnist-net_256x4/image_7/mnist-net_256x4_7_0_005.mps,/home/annelot/WARMSTART_PROJECT/baseline_symphony_21-01-2026+15_00/tmp/mnist-net_256x4/image_7/mnist-net_256x4_7_0_009.mps,UNSAT,0.007655,UNSAT-UNSAT,None
/home/annelot/WARMSTART_PROJECT/baseline_symphony_21-01-2026+15_00/tmp/mnist-net_256x4/image_7/mnist-net_256x4_7_0_007.mps,/home/annelot/WARMSTART_PROJECT/baseline_symphony_21-01-2026+15_00/tmp/mnist-net_256x4/image_7/mnist-net_256x4_7_0_015.mps,UNSAT,0.008037,UNSAT-UNSAT,None
/home/annelot/WARMSTART_PROJECT/baseline_symphony_21-01-2026+15_00/tmp/mnist-net_256x4/image_7/mnist-net_256x4_7_0_007.mps,/home/annelot/WARMSTART_PROJECT/baseline_symphony_21-01-2026+15_00/tmp/mnist-net_256x4/image_7/mnist-net_256x4_7_0_009.mps,UNSAT,0.007959,UNSAT-UNSAT,None
/home/annelot/WARMSTART_PROJECT/baseline_symphony_21-01-2026+15_00/tmp/mnist-net_256x4/image_7/mnist-net_256x4_7_0_007.mps,/home/annelot/WARMSTART_PROJECT/baseline_symphony_21-01-2026+15_00/tmp/mnist-net_256x4/image_7/mnist-net_256x4_7_0_017.mps,UNSAT,0.007898,UNSAT-UNSAT,None
/home/annelot/WARMSTART_PROJECT/baseline_symphony_21-01-2026+15_00/tmp/mnist-net_256x4/image_7/mnist-net_256x4_7_0_005.mps,/home/annelot/WARMSTART_PROJECT/baseline_symphony_21-01-2026+15_00/tmp/mnist-net_256x4/image_7/mnist-net_256x4_7_0_015.mps,UNSAT,0.007572,UNSAT-UNSAT,None
/home/annelot/WARMSTART_PROJECT/baseline_symphony_21-01-2026+15_00/tmp/mnist-net_256x4/image_7/mnist-net_256x4_7_0_009.mps,/home/annelot/WARMSTART_PROJECT/baseline_symphony_21-01-2026+15_00/tmp/mnist-net_256x4/image_7/mnist-net_256x4_7_0_011.mps,UNSAT,0.009633,UNSAT-UNSAT,None
/home/annelot/WARMSTART_PROJECT/baseline_symphony_21-01-2026+15_00/tmp/mnist-net/image_4/mnist-net_4_0_025.mps,/home/annelot/WARMSTART_PROJECT/baseline_symphony_21-01-2026+15_00/tmp/mnist-net/image_4/mnist-net_4_0_035.mps,UNSAT,0.0129,UNSAT-UNSAT,None
/home/annelot/WARMSTART_PROJECT/baseline_symphony_21-01-2026+15_00/tmp/mnist-net/image_4/mnist-net_4_0_025.mps,/home/annelot/WARMSTART_PROJECT/baseline_symphony_21-01-2026+15_00/tmp/mnist-net/image_4/mnist-net_4_0_029.mps,UNSAT,0.01282,UNSAT-UNSAT,None
/home/annelot/WARMSTART_PROJECT/baseline_symphony_21-01-2026+15_00/tmp/mnist-net/image_4/mnist-net_4_0_025.mps,/home/annelot/WARMSTART_PROJECT/baseline_symphony_21-01-2026+15_00/tmp/mnist-net/image_4/mnist-net_4_0_033.mps,UNSAT,0.012708,UNSAT-UNSAT,None
/home/annelot/WARMSTART_PROJECT/baseline_symphony_21-01-2026+15_00/tmp/mnist-net/image_4/mnist-net_4_0_025.mps,/home/annelot/WARMSTART_PROJECT/baseline_symphony_21-01-2026+15_00/tmp/mnist-net/image_4/mnist-net_4_0_027.mps,UNSAT,0.014046,UNSAT-UNSAT,None
/home/annelot/WARMSTART_PROJECT/baseline_symphony_21-01-2026+15_00/tmp/mnist-net_256x4/image_7/mnist-net_256x4_7_0_001.mps,/home/annelot/WARMSTART_PROJECT/baseline_symphony_21-01-2026+15_00/tmp/mnist-net_256x4/image_7/mnist-net_256x4_7_0_015.mps,ERR,,UNSAT-UNSAT,None
/home/annelot/WARMSTART_PROJECT/baseline_symphony_21-01-2026+15_00/tmp/mnist-net_256x4/image_7/mnist-net_256x4_7_0_001.mps,/home/annelot/WARMSTART_PROJECT/baseline_symphony_21-01-2026+15_00/tmp/mnist-net_256x4/image_7/mnist-net_256x4_7_0_005.mps,ERR,,UNSAT-UNSAT,None
/home/annelot/WARMSTART_PROJECT/baseline_symphony_21-01-2026+15_00/tmp/mnist-net_256x4/image_7/mnist-net_256x4_7_0_009.mps,/home/annelot/WARMSTART_PROJECT/baseline_symphony_21-01-2026+15_00/tmp/mnist-net_256x4/image_7/mnist-net_256x4_7_0_015.mps,UNSAT,0.009122,UNSAT-UNSAT,None
/home/annelot/WARMSTART_PROJECT/baseline_symphony_21-01-2026+15_00/tmp/mnist-net_256x4/image_6/mnist-net_256x4_6_0_023.mps,/home/annelot/WARMSTART_PROJECT/baseline_symphony_21-01-2026+15_00/tmp/mnist-net_256x4/image_6/mnist-net_256x4_6_0_027.mps,UNSAT,0.009904,UNSAT-UNSAT,None
/home/annelot/WARMSTART_PROJECT/baseline_symphony_21-01-2026+15_00/tmp/mnist-net_256x4/image_6/mnist-net_256x4_6_0_025.mps,/home/annelot/WARMSTART_PROJECT/baseline_symphony_21-01-2026+15_00/tmp/mnist-net_256x4/image_6/mnist-net_256x4_6_0_029.mps,UNSAT,0.009849,UNSAT-UNSAT,None
/home/annelot/WARMSTART_PROJECT/baseline_symphony_21-01-2026+15_00/tmp/mnist-net_256x4/image_6/mnist-net_256x4_6_0_025.mps,/home/annelot/WARMSTART_PROJECT/baseline_symphony_21-01-2026+15_00/tmp/mnist-net_256x4/image_6/mnist-net_256x4_6_0_033.mps,UNSAT,0.009938,UNSAT-UNSAT,None
/home/annelot/WARMSTART_PROJECT/baseline_symphony_21-01-2026+15_00/tmp/mnist-net_256x4/image_6/mnist-net_256x4_6_0_025.mps,/home/annelot/WARMSTART_PROJECT/baseline_symphony_21-01-2026+15_00/tmp/mnist-net_256x4/image_6/mnist-net_256x4_6_0_027.mps,UNSAT,0.010184,UNSAT-UNSAT,None
/home/annelot/WARMSTART_PROJECT/baseline_symphony_21-01-2026+15_00/tmp/mnist-net_256x4/image_6/mnist-net_256x4_6_0_025.mps,/home/annelot/WARMSTART_PROJECT/baseline_symphony_21-01-2026+15_00/tmp/mnist-net_256x4/image_6/mnist-net_256x4_6_0_031.mps,UNSAT,0.009871,UNSAT-UNSAT,None
/home/annelot/WARMSTART_PROJECT/baseline_symphony_21-01-2026+15_00/tmp/mnist-net_256x4/image_6/mnist-net_256x4_6_0_023.mps,/home/annelot/WARMSTART_PROJECT/baseline_symphony_21-01-2026+15_00/tmp/mnist-net_256x4/image_6/mnist-net_256x4_6_0_033.mps,UNSAT,0.009819,UNSAT-UNSAT,None
/home/annelot/WARMSTART_PROJECT/baseline_symphony_21-01-2026+15_00/tmp/mnist-net_256x4/image_6/mnist-net_256x4_6_0_021.mps,/home/annelot/WARMSTART_PROJECT/baseline_symphony_21-01-2026+15_00/tmp/mnist-net_256x4/image_6/mnist-net_256x4_6_0_031.mps,UNSAT,0.009629,UNSAT-UNSAT,None
/home/annelot/WARMSTART_PROJECT/baseline_symphony_21-01-2026+15_00/tmp/mnist-net_256x4/image_6/mnist-net_256x4_6_0_023.mps,/home/annelot/WARMSTART_PROJECT/baseline_symphony_21-01-2026+15_00/tmp/mnist-net_256x4/image_6/mnist-net_256x4_6_0_029.mps,UNSAT,0.009592,UNSAT-UNSAT,None
/home/annelot/WARMSTART_PROJECT/baseline_symphony_21-01-2026+15_00/tmp/mnist-net_256x4/image_7/mnist-net_256x4_7_0_011.mps,/home/annelot/WARMSTART_PROJECT/baseline_symphony_21-01-2026+15_00/tmp/mnist-net_256x4/image_7/mnist-net_256x4_7_0_015.mps,UNSAT,0.009528,UNSAT-UNSAT,None
/home/annelot/WARMSTART_PROJECT/baseline_symphony_21-01-2026+15_00/tmp/mnist-net_256x4/image_7/mnist-net_256x4_7_0_009.mps,/home/annelot/WARMSTART_PROJECT/baseline_symphony_21-01-2026+15_00/tmp/mnist-net_256x4/image_7/mnist-net_256x4_7_0_017.mps,UNSAT,0.009675,UNSAT-UNSAT,None
/home/annelot/WARMSTART_PROJECT/baseline_symphony_21-01-2026+15_00/tmp/mnist-net_256x4/image_6/mnist-net_256x4_6_0_021.mps,/home/annelot/WARMSTART_PROJECT/baseline_symphony_21-01-2026+15_00/tmp/mnist-net_256x4/image_6/mnist-net_256x4_6_0_025.mps,UNSAT,0.009951,UNSAT-UNSAT,None
/home/annelot/WARMSTART_PROJECT/baseline_symphony_21-01-2026+15_00/tmp/mnist-net_256x4/image_6/mnist-net_256x4_6_0_023.mps,/home/annelot/WARMSTART_PROJECT/baseline_symphony_21-01-2026+15_00/tmp/mnist-net_256x4/image_6/mnist-net_256x4_6_0_025.mps,UNSAT,0.010522,UNSAT-UNSAT,None
/home/annelot/WARMSTART_PROJECT/baseline_symphony_21-01-2026+15_00/tmp/mnist-net_256x4/image_7/mnist-net_256x4_7_0_009.mps,/home/annelot/WARMSTART_PROJECT/baseline_symphony_21-01-2026+15_00/tmp/mnist-net_256x4/image_7/mnist-net_256x4_7_0_013.mps,UNSAT,0.010186,UNSAT-UNSAT,None
/home/annelot/WARMSTART_PROJECT/baseline_symphony_21-01-2026+15_00/tmp/mnist-net_256x4/image_7/mnist-net_256x4_7_0_011.mps,/home/annelot/WARMSTART_PROJECT/baseline_symphony_21-01-2026+15_00/tmp/mnist-net_256x4/image_7/mnist-net_256x4_7_0_013.mps,UNSAT,0.010881,UNSAT-UNSAT,None
/home/annelot/WARMSTART_PROJECT/baseline_symphony_21-01-2026+15_00/tmp/mnist-net_256x4/image_7/mnist-net_256x4_7_0_015.mps,/home/annelot/WARMSTART_PROJECT/baseline_symphony_21-01-2026+15_00/tmp/mnist-net_256x4/image_7/mnist-net_256x4_7_0_017.mps,UNSAT,0.010967,UNSAT-UNSAT,None
/home/annelot/WARMSTART_PROJECT/baseline_symphony_21-01-2026+15_00/tmp/mnist-net_256x4/image_7/mnist-net_256x4_7_0_011.mps,/home/annelot/WARMSTART_PROJECT/baseline_symphony_21-01-2026+15_00/tmp/mnist-net_256x4/image_7/mnist-net_256x4_7_0_017.mps,UNSAT,0.010276,UNSAT-UNSAT,None
/home/annelot/WARMSTART_PROJECT/baseline_symphony_21-01-2026+15_00/tmp/mnist-net_256x4/image_6/mnist-net_256x4_6_0_021.mps,/home/annelot/WARMSTART_PROJECT/baseline_symphony_21-01-2026+15_00/tmp/mnist-net_256x4/image_6/mnist-net_256x4_6_0_023.mps,UNSAT,0.010325,UNSAT-UNSAT,None
/home/annelot/WARMSTART_PROJECT/baseline_symphony_21-01-2026+15_00/tmp/mnist-net_256x4/image_6/mnist-net_256x4_6_0_021.mps,/home/annelot/WARMSTART_PROJECT/baseline_symphony_21-01-2026+15_00/tmp/mnist-net_256x4/image_6/mnist-net_256x4_6_0_027.mps,UNSAT,0.010371,UNSAT-UNSAT,None
/home/annelot/WARMSTART_PROJECT/baseline_symphony_21-01-2026+15_00/tmp/mnist-net_256x4/image_6/mnist-net_256x4_6_0_021.mps,/home/annelot/WARMSTART_PROJECT/baseline_symphony_21-01-2026+15_00/tmp/mnist-net_256x4/image_6/mnist-net_256x4_6_0_033.mps,UNSAT,0.010281,UNSAT-UNSAT,None
/home/annelot/WARMSTART_PROJECT/baseline_symphony_21-01-2026+15_00/tmp/mnist-net_256x4/image_6/mnist-net_256x4_6_0_021.mps,/home/annelot/WARMSTART_PROJECT/baseline_symphony_21-01-2026+15_00/tmp/mnist-net_256x4/image_6/mnist-net_256x4_6_0_029.mps,UNSAT,0.010241,UNSAT-UNSAT,None
/home/annelot/WARMSTART_PROJECT/baseline_symphony_21-01-2026+15_00/tmp/mnist-net_256x4/image_6/mnist-net_256x4_6_0_023.mps,/home/annelot/WARMSTART_PROJECT/baseline_symphony_21-01-2026+15_00/tmp/mnist-net_256x4/image_6/mnist-net_256x4_6_0_031.mps,UNSAT,0.010543,UNSAT-UNSAT,None
/home/annelot/WARMSTART_PROJECT/baseline_symphony_21-01-2026+15_00/tmp/mnist-net_256x4/image_7/mnist-net_256x4_7_0_013.mps,/home/annelot/WARMSTART_PROJECT/baseline_symphony_21-01-2026+15_00/tmp/mnist-net_256x4/image_7/mnist-net_256x4_7_0_015.mps,UNSAT,0.010115,UNSAT-UNSAT,None
/home/annelot/WARMSTART_PROJECT/baseline_symphony_21-01-2026+15_00/tmp/mnist-net_256x4/image_7/mnist-net_256x4_7_0_013.mps,/home/annelot/WARMSTART_PROJECT/baseline_symphony_21-01-2026+15_00/tmp/mnist-net_256x4/image_7/mnist-net_256x4_7_0_017.mps,UNSAT,0.010184,UNSAT-UNSAT,None
/home/annelot/WARMSTART_PROJECT/baseline_symphony_21-01-2026+15_00/tmp/mnist-net_256x4/image_7/mnist-net_256x4_7_0_001.mps,/home/annelot/WARMSTART_PROJECT/baseline_symphony_21-01-2026+15_00/tmp/mnist-net_256x4/image_7/mnist-net_256x4_7_0_003.mps,ERR,,UNSAT-UNSAT,None
/home/annelot/WARMSTART_PROJECT/baseline_symphony_21-01-2026+15_00/tmp/mnist-net_256x4/image_7/mnist-net_256x4_7_0_001.mps,/home/annelot/WARMSTART_PROJECT/baseline_symphony_21-01-2026+15_00/tmp/mnist-net_256x4/image_7/mnist-net_256x4_7_0_007.mps,ERR,,UNSAT-UNSAT,None
/home/annelot/WARMSTART_PROJECT/baseline_symphony_21-01-2026+15_00/tmp/mnist-net_256x4/image_9/mnist-net_256x4_9_0_025.mps,/home/annelot/WARMSTART_PROJECT/baseline_symphony_21-01-2026+15_00/tmp/mnist-net_256x4/image_9/mnist-net_256x4_9_0_029.mps,UNSAT,0.008535,UNSAT-UNSAT,None
/home/annelot/WARMSTART_PROJECT/baseline_symphony_21-01-2026+15_00/tmp/mnist-net_256x4/image_9/mnist-net_256x4_9_0_023.mps,/home/annelot/WARMSTART_PROJECT/baseline_symphony_21-01-2026+15_00/tmp/mnist-net_256x4/image_9/mnist-net_256x4_9_0_033.mps,UNSAT,0.008566,UNSAT-UNSAT,None
/home/annelot/WARMSTART_PROJECT/baseline_symphony_21-01-2026+15_00/tmp/mnist-net_256x4/image_9/mnist-net_256x4_9_0_023.mps,/home/annelot/WARMSTART_PROJECT/baseline_symphony_21-01-2026+15_00/tmp/mnist-net_256x4/image_9/mnist-net_256x4_9_0_031.mps,UNSAT,0.009199,UNSAT-UNSAT,None
/home/annelot/WARMSTART_PROJECT/baseline_symphony_21-01-2026+15_00/tmp/mnist-net_256x4/image_9/mnist-net_256x4_9_0_023.mps,/home/annelot/WARMSTART_PROJECT/baseline_symphony_21-01-2026+15_00/tmp/mnist-net_256x4/image_9/mnist-net_256x4_9_0_037.mps,UNSAT,0.009349,UNSAT-UNSAT,None
/home/annelot/WARMSTART_PROJECT/baseline_symphony_21-01-2026+15_00/tmp/mnist-net_256x4/image_9/mnist-net_256x4_9_0_023.mps,/home/annelot/WARMSTART_PROJECT/baseline_symphony_21-01-2026+15_00/tmp/mnist-net_256x4/image_9/mnist-net_256x4_9_0_035.mps,UNSAT,0.009713,UNSAT-UNSAT,None
/home/annelot/WARMSTART_PROJECT/baseline_symphony_21-01-2026+15_00/tmp/mnist-net_256x4/image_9/mnist-net_256x4_9_0_023.mps,/home/annelot/WARMSTART_PROJECT/baseline_symphony_21-01-2026+15_00/tmp/mnist-net_256x4/image_9/mnist-net_256x4_9_0_029.mps,UNSAT,0.009437,UNSAT-UNSAT,None
/home/annelot/WARMSTART_PROJECT/baseline_symphony_21-01-2026+15_00/tmp/mnist-net_256x4/image_9/mnist-net_256x4_9_0_025.mps,/home/annelot/WARMSTART_PROJECT/baseline_symphony_21-01-2026+15_00/tmp/mnist-net_256x4/image_9/mnist-net_256x4_9_0_027.mps,UNSAT,0.009457,UNSAT-UNSAT,None
/home/annelot/WARMSTART_PROJECT/baseline_symphony_21-01-2026+15_00/tmp/mnist-net_256x4/image_9/mnist-net_256x4_9_0_021.mps,/home/annelot/WARMSTART_PROJECT/baseline_symphony_21-01-2026+15_00/tmp/mnist-net_256x4/image_9/mnist-net_256x4_9_0_023.mps,UNSAT,0.009211,UNSAT-UNSAT,None
/home/annelot/WARMSTART_PROJECT/baseline_symphony_21-01-2026+15_00/tmp/mnist-net_256x4/image_9/mnist-net_256x4_9_0_021.mps,/home/annelot/WARMSTART_PROJECT/baseline_symphony_21-01-2026+15_00/tmp/mnist-net_256x4/image_9/mnist-net_256x4_9_0_039.mps,UNSAT,0.009286,UNSAT-UNSAT,None
/home/annelot/WARMSTART_PROJECT/baseline_symphony_21-01-2026+15_00/tmp/mnist-net_256x4/image_9/mnist-net_256x4_9_0_021.mps,/home/annelot/WARMSTART_PROJECT/baseline_symphony_21-01-2026+15_00/tmp/mnist-net_256x4/image_9/mnist-net_256x4_9_0_029.mps,UNSAT,0.009616,UNSAT-UNSAT,None
/home/annelot/WARMSTART_PROJECT/baseline_symphony_21-01-2026+15_00/tmp/mnist-net_256x4/image_9/mnist-net_256x4_9_0_021.mps,/home/annelot/WARMSTART_PROJECT/baseline_symphony_21-01-2026+15_00/tmp/mnist-net_256x4/image_9/mnist-net_256x4_9_0_027.mps,UNSAT,0.009523,UNSAT-UNSAT,None
/home/annelot/WARMSTART_PROJECT/baseline_symphony_21-01-2026+15_00/tmp/mnist-net_256x4/image_9/mnist-net_256x4_9_0_021.mps,/home/annelot/WARMSTART_PROJECT/baseline_symphony_21-01-2026+15_00/tmp/mnist-net_256x4/image_9/mnist-net_256x4_9_0_033.mps,UNSAT,0.009774,UNSAT-UNSAT,None
/home/annelot/WARMSTART_PROJECT/baseline_symphony_21-01-2026+15_00/tmp/mnist-net_256x4/image_9/mnist-net_256x4_9_0_021.mps,/home/annelot/WARMSTART_PROJECT/baseline_symphony_21-01-2026+15_00/tmp/mnist-net_256x4/image_9/mnist-net_256x4_9_0_035.mps,UNSAT,0.00981,UNSAT-UNSAT,None
/home/annelot/WARMSTART_PROJECT/baseline_symphony_21-01-2026+15_00/tmp/mnist-net_256x4/image_9/mnist-net_256x4_9_0_021.mps,/home/annelot/WARMSTART_PROJECT/baseline_symphony_21-01-2026+15_00/tmp/mnist-net_256x4/image_9/mnist-net_256x4_9_0_031.mps,UNSAT,0.009753,UNSAT-UNSAT,None
/home/annelot/WARMSTART_PROJECT/baseline_symphony_21-01-2026+15_00/tmp/mnist-net_256x4/image_9/mnist-net_256x4_9_0_021.mps,/home/annelot/WARMSTART_PROJECT/baseline_symphony_21-01-2026+15_00/tmp/mnist-net_256x4/image_9/mnist-net_256x4_9_0_025.mps,UNSAT,0.009993,UNSAT-UNSAT,None
/home/annelot/WARMSTART_PROJECT/baseline_symphony_21-01-2026+15_00/tmp/mnist-net_256x4/image_9/mnist-net_256x4_9_0_023.mps,/home/annelot/WARMSTART_PROJECT/baseline_symphony_21-01-2026+15_00/tmp/mnist-net_256x4/image_9/mnist-net_256x4_9_0_025.mps,UNSAT,0.011289,UNSAT-UNSAT,None
/home/annelot/WARMSTART_PROJECT/baseline_symphony_21-01-2026+15_00/tmp/mnist-net_256x4/image_8/mnist-net_256x4_8_0_023.mps,/home/annelot/WARMSTART_PROJECT/baseline_symphony_21-01-2026+15_00/tmp/mnist-net_256x4/image_8/mnist-net_256x4_8_0_025.mps,UNSAT,0.011649,UNSAT-UNSAT,None
/home/annelot/WARMSTART_PROJECT/baseline_symphony_21-01-2026+15_00/tmp/mnist-net_256x4/image_9/mnist-net_256x4_9_0_023.mps,/home/annelot/WARMSTART_PROJECT/baseline_symphony_21-01-2026+15_00/tmp/mnist-net_256x4/image_9/mnist-net_256x4_9_0_027.mps,UNSAT,0.011255,UNSAT-UNSAT,None
/home/annelot/WARMSTART_PROJECT/baseline_symphony_21-01-2026+15_00/tmp/mnist-net_256x4/image_8/mnist-net_256x4_8_0_021.mps,/home/annelot/WARMSTART_PROJECT/baseline_symphony_21-01-2026+15_00/tmp/mnist-net_256x4/image_8/mnist-net_256x4_8_0_029.mps,UNSAT,0.011223,UNSAT-UNSAT,None
/home/annelot/WARMSTART_PROJECT/baseline_symphony_21-01-2026+15_00/tmp/mnist-net_256x4/image_9/mnist-net_256x4_9_0_021.mps,/home/annelot/WARMSTART_PROJECT/baseline_symphony_21-01-2026+15_00/tmp/mnist-net_256x4/image_9/mnist-net_256x4_9_0_037.mps,UNSAT,0.010479,UNSAT-UNSAT,None
/home/annelot/WARMSTART_PROJECT/baseline_symphony_21-01-2026+15_00/tmp/mnist-net_256x4/image_8/mnist-net_256x4_8_0_021.mps,/home/annelot/WARMSTART_PROJECT/baseline_symphony_21-01-2026+15_00/tmp/mnist-net_256x4/image_8/mnist-net_256x4_8_0_023.mps,UNSAT,0.010728,UNSAT-UNSAT,None
/home/annelot/WARMSTART_PROJECT/baseline_symphony_21-01-2026+15_00/tmp/mnist-net_256x4/image_8/mnist-net_256x4_8_0_023.mps,/home/annelot/WARMSTART_PROJECT/baseline_symphony_21-01-2026+15_00/tmp/mnist-net_256x4/image_8/mnist-net_256x4_8_0_027.mps,UNSAT,0.011179,UNSAT-UNSAT,None
/home/annelot/WARMSTART_PROJECT/baseline_symphony_21-01-2026+15_00/tmp/mnist-net_256x4/image_8/mnist-net_256x4_8_0_023.mps,/home/annelot/WARMSTART_PROJECT/baseline_symphony_21-01-2026+15_00/tmp/mnist-net_256x4/image_8/mnist-net_256x4_8_0_029.mps,UNSAT,0.011167,UNSAT-UNSAT,None
/home/annelot/WARMSTART_PROJECT/baseline_symphony_21-01-2026+15_00/tmp/mnist-net_256x4/image_7/mnist-net_256x4_7_0_001.mps,/home/annelot/WARMSTART_PROJECT/baseline_symphony_21-01-2026+15_00/tmp/mnist-net_256x4/image_7/mnist-net_256x4_7_0_011.mps,ERR,,UNSAT-UNSAT,None
/home/annelot/WARMSTART_PROJECT/baseline_symphony_21-01-2026+15_00/tmp/mnist-net_256x4/image_8/mnist-net_256x4_8_0_023.mps,/home/annelot/WARMSTART_PROJECT/baseline_symphony_21-01-2026+15_00/tmp/mnist-net_256x4/image_8/mnist-net_256x4_8_0_031.mps,UNSAT,0.011365,UNSAT-UNSAT,None
/home/annelot/WARMSTART_PROJECT/baseline_symphony_21-01-2026+15_00/tmp/mnist-net_256x4/image_8/mnist-net_256x4_8_0_021.mps,/home/annelot/WARMSTART_PROJECT/baseline_symphony_21-01-2026+15_00/tmp/mnist-net_256x4/image_8/mnist-net_256x4_8_0_027.mps,UNSAT,0.010306,UNSAT-UNSAT,None
/home/annelot/WARMSTART_PROJECT/baseline_symphony_21-01-2026+15_00/tmp/mnist-net_256x4/image_8/mnist-net_256x4_8_0_021.mps,/home/annelot/WARMSTART_PROJECT/baseline_symphony_21-01-2026+15_00/tmp/mnist-net_256x4/image_8/mnist-net_256x4_8_0_031.mps,UNSAT,0.010169,UNSAT-UNSAT,None
/home/annelot/WARMSTART_PROJECT/baseline_symphony_21-01-2026+15_00/tmp/mnist-net_256x4/image_8/mnist-net_256x4_8_0_021.mps,/home/annelot/WARMSTART_PROJECT/baseline_symphony_21-01-2026+15_00/tmp/mnist-net_256x4/image_8/mnist-net_256x4_8_0_025.mps,UNSAT,0.01029,UNSAT-UNSAT,None
/home/annelot/WARMSTART_PROJECT/baseline_symphony_21-01-2026+15_00/tmp/mnist-net_256x4/image_7/mnist-net_256x4_7_0_001.mps,/home/annelot/WARMSTART_PROJECT/baseline_symphony_21-01-2026+15_00/tmp/mnist-net_256x4/image_7/mnist-net_256x4_7_0_009.mps,ERR,,UNSAT-UNSAT,None
/home/annelot/WARMSTART_PROJECT/baseline_symphony_21-01-2026+15_00/tmp/mnist-net_256x4/image_7/mnist-net_256x4_7_0_001.mps,/home/annelot/WARMSTART_PROJECT/baseline_symphony_21-01-2026+15_00/tmp/mnist-net_256x4/image_7/mnist-net_256x4_7_0_017.mps,ERR,,UNSAT-UNSAT,None
/home/annelot/WARMSTART_PROJECT/baseline_symphony_21-01-2026+15_00/tmp/mnist-net_256x4/image_9/mnist-net_256x4_9_0_025.mps,/home/annelot/WARMSTART_PROJECT/baseline_symphony_21-01-2026+15_00/tmp/mnist-net_256x4/image_9/mnist-net_256x4_9_0_033.mps,UNSAT,0.00945,UNSAT-UNSAT,None
/home/annelot/WARMSTART_PROJECT/baseline_symphony_21-01-2026+15_00/tmp/mnist-net_256x4/image_9/mnist-net_256x4_9_0_023.mps,/home/annelot/WARMSTART_PROJECT/baseline_symphony_21-01-2026+15_00/tmp/mnist-net_256x4/image_9/mnist-net_256x4_9_0_039.mps,UNSAT,0.00941,UNSAT-UNSAT,None
/home/annelot/WARMSTART_PROJECT/baseline_symphony_21-01-2026+15_00/tmp/mnist-net_256x4/image_9/mnist-net_256x4_9_0_025.mps,/home/annelot/WARMSTART_PROJECT/baseline_symphony_21-01-2026+15_00/tmp/mnist-net_256x4/image_9/mnist-net_256x4_9_0_035.mps,UNSAT,0.009579,UNSAT-UNSAT,None
/home/annelot/WARMSTART_PROJECT/baseline_symphony_21-01-2026+15_00/tmp/mnist-net_256x4/image_9/mnist-net_256x4_9_0_025.mps,/home/annelot/WARMSTART_PROJECT/baseline_symphony_21-01-2026+15_00/tmp/mnist-net_256x4/image_9/mnist-net_256x4_9_0_039.mps,UNSAT,0.009585,UNSAT-UNSAT,None
/home/annelot/WARMSTART_PROJECT/baseline_symphony_21-01-2026+15_00/tmp/mnist-net_256x4/image_0/mnist-net_256x4_0_0_021.mps,/home/annelot/WARMSTART_PROJECT/baseline_symphony_21-01-2026+15_00/tmp/mnist-net_256x4/image_0/mnist-net_256x4_0_0_025.mps,UNSAT,0.009083,UNSAT-UNSAT,None
/home/annelot/WARMSTART_PROJECT/baseline_symphony_21-01-2026+15_00/tmp/mnist-net_256x4/image_0/mnist-net_256x4_0_0_021.mps,/home/annelot/WARMSTART_PROJECT/baseline_symphony_21-01-2026+15_00/tmp/mnist-net_256x4/image_0/mnist-net_256x4_0_0_029.mps,UNSAT,0.009784,UNSAT-UNSAT,None
/home/annelot/WARMSTART_PROJECT/baseline_symphony_21-01-2026+15_00/tmp/mnist-net_256x4/image_0/mnist-net_256x4_0_0_021.mps,/home/annelot/WARMSTART_PROJECT/baseline_symphony_21-01-2026+15_00/tmp/mnist-net_256x4/image_0/mnist-net_256x4_0_0_031.mps,UNSAT,0.010027,UNSAT-UNSAT,None
/home/annelot/WARMSTART_PROJECT/baseline_symphony_21-01-2026+15_00/tmp/mnist-net_256x4/image_9/mnist-net_256x4_9_0_025.mps,/home/annelot/WARMSTART_PROJECT/baseline_symphony_21-01-2026+15_00/tmp/mnist-net_256x4/image_9/mnist-net_256x4_9_0_037.mps,UNSAT,0.009621,UNSAT-UNSAT,None
/home/annelot/WARMSTART_PROJECT/baseline_symphony_21-01-2026+15_00/tmp/mnist-net_256x4/image_0/mnist-net_256x4_0_0_021.mps,/home/annelot/WARMSTART_PROJECT/baseline_symphony_21-01-2026+15_00/tmp/mnist-net_256x4/image_0/mnist-net_256x4_0_0_033.mps,UNSAT,0.009713,UNSAT-UNSAT,None
/home/annelot/WARMSTART_PROJECT/baseline_symphony_21-01-2026+15_00/tmp/mnist-net_256x4/image_0/mnist-net_256x4_0_0_021.mps,/home/annelot/WARMSTART_PROJECT/baseline_symphony_21-01-2026+15_00/tmp/mnist-net_256x4/image_0/mnist-net_256x4_0_0_027.mps,UNSAT,0.009678,UNSAT-UNSAT,None
/home/annelot/WARMSTART_PROJECT/baseline_symphony_21-01-2026+15_00/tmp/mnist-net_256x4/image_0/mnist-net_256x4_0_0_021.mps,/home/annelot/WARMSTART_PROJECT/baseline_symphony_21-01-2026+15_00/tmp/mnist-net_256x4/image_0/mnist-net_256x4_0_0_023.mps,UNSAT,0.009612,UNSAT-UNSAT,None
/home/annelot/WARMSTART_PROJECT/baseline_symphony_21-01-2026+15_00/tmp/mnist-net_256x4/image_9/mnist-net_256x4_9_0_029.mps,/home/annelot/WARMSTART_PROJECT/baseline_symphony_21-01-2026+15_00/tmp/mnist-net_256x4/image_9/mnist-net_256x4_9_0_035.mps,UNSAT,0.009684,UNSAT-UNSAT,None
/home/annelot/WARMSTART_PROJECT/baseline_symphony_21-01-2026+15_00/tmp/mnist-net_256x4/image_9/mnist-net_256x4_9_0_029.mps,/home/annelot/WARMSTART_PROJECT/baseline_symphony_21-01-2026+15_00/tmp/mnist-net_256x4/image_9/mnist-net_256x4_9_0_039.mps,UNSAT,0.009885,UNSAT-UNSAT,None
/home/annelot/WARMSTART_PROJECT/baseline_symphony_21-01-2026+15_00/tmp/mnist-net_256x4/image_9/mnist-net_256x4_9_0_027.mps,/home/annelot/WARMSTART_PROJECT/baseline_symphony_21-01-2026+15_00/tmp/mnist-net_256x4/image_9/mnist-net_256x4_9_0_037.mps,UNSAT,0.009761,UNSAT-UNSAT,None
/home/annelot/WARMSTART_PROJECT/baseline_symphony_21-01-2026+15_00/tmp/mnist-net_256x4/image_5/mnist-net_256x4_5_0_021.mps,/home/annelot/WARMSTART_PROJECT/baseline_symphony_21-01-2026+15_00/tmp/mnist-net_256x4/image_5/mnist-net_256x4_5_0_027.mps,UNSAT,0.010791,UNSAT-UNSAT,None
/home/annelot/WARMSTART_PROJECT/baseline_symphony_21-01-2026+15_00/tmp/mnist-net_256x4/image_9/mnist-net_256x4_9_0_027.mps,/home/annelot/WARMSTART_PROJECT/baseline_symphony_21-01-2026+15_00/tmp/mnist-net_256x4/image_9/mnist-net_256x4_9_0_031.mps,UNSAT,0.009707,UNSAT-UNSAT,None
/home/annelot/WARMSTART_PROJECT/baseline_symphony_21-01-2026+15_00/tmp/mnist-net_256x4/image_9/mnist-net_256x4_9_0_025.mps,/home/annelot/WARMSTART_PROJECT/baseline_symphony_21-01-2026+15_00/tmp/mnist-net_256x4/image_9/mnist-net_256x4_9_0_031.mps,UNSAT,0.010097,UNSAT-UNSAT,None
/home/annelot/WARMSTART_PROJECT/baseline_symphony_21-01-2026+15_00/tmp/mnist-net_256x4/image_9/mnist-net_256x4_9_0_031.mps,/home/annelot/WARMSTART_PROJECT/baseline_symphony_21-01-2026+15_00/tmp/mnist-net_256x4/image_9/mnist-net_256x4_9_0_035.mps,UNSAT,0.011166,UNSAT-UNSAT,None
/home/annelot/WARMSTART_PROJECT/baseline_symphony_21-01-2026+15_00/tmp/mnist-net_256x4/image_9/mnist-net_256x4_9_0_029.mps,/home/annelot/WARMSTART_PROJECT/baseline_symphony_21-01-2026+15_00/tmp/mnist-net_256x4/image_9/mnist-net_256x4_9_0_037.mps,UNSAT,0.011122,UNSAT-UNSAT,None
/home/annelot/WARMSTART_PROJECT/baseline_symphony_21-01-2026+15_00/tmp/mnist-net_256x4/image_9/mnist-net_256x4_9_0_031.mps,/home/annelot/WARMSTART_PROJECT/baseline_symphony_21-01-2026+15_00/tmp/mnist-net_256x4/image_9/mnist-net_256x4_9_0_033.mps,UNSAT,0.0108,UNSAT-UNSAT,None
/home/annelot/WARMSTART_PROJECT/baseline_symphony_21-01-2026+15_00/tmp/mnist-net_256x4/image_9/mnist-net_256x4_9_0_031.mps,/home/annelot/WARMSTART_PROJECT/baseline_symphony_21-01-2026+15_00/tmp/mnist-net_256x4/image_9/mnist-net_256x4_9_0_037.mps,UNSAT,0.01087,UNSAT-UNSAT,None
/home/annelot/WARMSTART_PROJECT/baseline_symphony_21-01-2026+15_00/tmp/mnist-net_256x4/image_9/mnist-net_256x4_9_0_027.mps,/home/annelot/WARMSTART_PROJECT/baseline_symphony_21-01-2026+15_00/tmp/mnist-net_256x4/image_9/mnist-net_256x4_9_0_035.mps,UNSAT,0.010284,UNSAT-UNSAT,None
/home/annelot/WARMSTART_PROJECT/baseline_symphony_21-01-2026+15_00/tmp/mnist-net_256x4/image_9/mnist-net_256x4_9_0_031.mps,/home/annelot/WARMSTART_PROJECT/baseline_symphony_21-01-2026+15_00/tmp/mnist-net_256x4/image_9/mnist-net_256x4_9_0_039.mps,UNSAT,0.010744,UNSAT-UNSAT,None
/home/annelot/WARMSTART_PROJECT/baseline_symphony_21-01-2026+15_00/tmp/mnist-net_256x4/image_9/mnist-net_256x4_9_0_027.mps,/home/annelot/WARMSTART_PROJECT/baseline_symphony_21-01-2026+15_00/tmp/mnist-net_256x4/image_9/mnist-net_256x4_9_0_029.mps,UNSAT,0.00966,UNSAT-UNSAT,None
/home/annelot/WARMSTART_PROJECT/baseline_symphony_21-01-2026+15_00/tmp/mnist-net_256x4/image_9/mnist-net_256x4_9_0_029.mps,/home/annelot/WARMSTART_PROJECT/baseline_symphony_21-01-2026+15_00/tmp/mnist-net_256x4/image_9/mnist-net_256x4_9_0_033.mps,UNSAT,0.010156,UNSAT-UNSAT,None
/home/annelot/WARMSTART_PROJECT/baseline_symphony_21-01-2026+15_00/tmp/mnist-net_256x4/image_9/mnist-net_256x4_9_0_027.mps,/home/annelot/WARMSTART_PROJECT/baseline_symphony_21-01-2026+15_00/tmp/mnist-net_256x4/image_9/mnist-net_256x4_9_0_033.mps,UNSAT,0.014315,UNSAT-UNSAT,None
/home/annelot/WARMSTART_PROJECT/baseline_symphony_21-01-2026+15_00/tmp/mnist-net_256x4/image_5/mnist-net_256x4_5_0_021.mps,/home/annelot/WARMSTART_PROJECT/baseline_symphony_21-01-2026+15_00/tmp/mnist-net_256x4/image_5/mnist-net_256x4_5_0_025.mps,UNSAT,0.010854,UNSAT-UNSAT,None
/home/annelot/WARMSTART_PROJECT/baseline_symphony_21-01-2026+15_00/tmp/mnist-net_256x4/image_9/mnist-net_256x4_9_0_027.mps,/home/annelot/WARMSTART_PROJECT/baseline_symphony_21-01-2026+15_00/tmp/mnist-net_256x4/image_9/mnist-net_256x4_9_0_039.mps,UNSAT,0.014388,UNSAT-UNSAT,None
/home/annelot/WARMSTART_PROJECT/baseline_symphony_21-01-2026+15_00/tmp/mnist-net_256x4/image_5/mnist-net_256x4_5_0_021.mps,/home/annelot/WARMSTART_PROJECT/baseline_symphony_21-01-2026+15_00/tmp/mnist-net_256x4/image_5/mnist-net_256x4_5_0_023.mps,UNSAT,0.01111,UNSAT-UNSAT,None
/home/annelot/WARMSTART_PROJECT/baseline_symphony_21-01-2026+15_00/tmp/mnist-net_256x4/image_9/mnist-net_256x4_9_0_029.mps,/home/annelot/WARMSTART_PROJECT/baseline_symphony_21-01-2026+15_00/tmp/mnist-net_256x4/image_9/mnist-net_256x4_9_0_031.mps,UNSAT,0.013489,UNSAT-UNSAT,None
/home/annelot/WARMSTART_PROJECT/baseline_symphony_21-01-2026+15_00/tmp/mnist-net_256x4/image_7/mnist-net_256x4_7_0_001.mps,/home/annelot/WARMSTART_PROJECT/baseline_symphony_21-01-2026+15_00/tmp/mnist-net_256x4/image_7/mnist-net_256x4_7_0_013.mps,ERR,,UNSAT-UNSAT,None
/home/annelot/WARMSTART_PROJECT/baseline_symphony_21-01-2026+15_00/tmp/mnist-net_256x4/image_0/mnist-net_256x4_0_0_023.mps,/home/annelot/WARMSTART_PROJECT/baseline_symphony_21-01-2026+15_00/tmp/mnist-net_256x4/image_0/mnist-net_256x4_0_0_025.mps,UNSAT,0.010495,UNSAT-UNSAT,None
/home/annelot/WARMSTART_PROJECT/baseline_symphony_21-01-2026+15_00/tmp/mnist-net_256x4/image_0/mnist-net_256x4_0_0_023.mps,/home/annelot/WARMSTART_PROJECT/baseline_symphony_21-01-2026+15_00/tmp/mnist-net_256x4/image_0/mnist-net_256x4_0_0_031.mps,UNSAT,0.012046,UNSAT-UNSAT,None
/home/annelot/WARMSTART_PROJECT/baseline_symphony_21-01-2026+15_00/tmp/mnist-net_256x4/image_0/mnist-net_256x4_0_0_023.mps,/home/annelot/WARMSTART_PROJECT/baseline_symphony_21-01-2026+15_00/tmp/mnist-net_256x4/image_0/mnist-net_256x4_0_0_035.mps,UNSAT,0.014977,UNSAT-UNSAT,None
/home/annelot/WARMSTART_PROJECT/baseline_symphony_21-01-2026+15_00/tmp/mnist-net_256x4/image_0/mnist-net_256x4_0_0_021.mps,/home/annelot/WARMSTART_PROJECT/baseline_symphony_21-01-2026+15_00/tmp/mnist-net_256x4/image_0/mnist-net_256x4_0_0_035.mps,UNSAT,0.014232,UNSAT-UNSAT,None
/home/annelot/WARMSTART_PROJECT/baseline_symphony_21-01-2026+15_00/tmp/mnist-net_256x4/image_4/mnist-net_256x4_4_0_023.mps,/home/annelot/WARMSTART_PROJECT/baseline_symphony_21-01-2026+15_00/tmp/mnist-net_256x4/image_4/mnist-net_256x4_4_0_027.mps,UNSAT,0.009637,UNSAT-UNSAT,None
/home/annelot/WARMSTART_PROJECT/baseline_symphony_21-01-2026+15_00/tmp/mnist-net_256x4/image_4/mnist-net_256x4_4_0_027.mps,/home/annelot/WARMSTART_PROJECT/baseline_symphony_21-01-2026+15_00/tmp/mnist-net_256x4/image_4/mnist-net_256x4_4_0_029.mps,UNSAT,0.010328,UNSAT-UNSAT,None
/home/annelot/WARMSTART_PROJECT/baseline_symphony_21-01-2026+15_00/tmp/mnist-net_256x4/image_4/mnist-net_256x4_4_0_025.mps,/home/annelot/WARMSTART_PROJECT/baseline_symphony_21-01-2026+15_00/tmp/mnist-net_256x4/image_4/mnist-net_256x4_4_0_029.mps,UNSAT,0.010151,UNSAT-UNSAT,None
/home/annelot/WARMSTART_PROJECT/baseline_symphony_21-01-2026+15_00/tmp/mnist-net_256x4/image_0/mnist-net_256x4_0_0_025.mps,/home/annelot/WARMSTART_PROJECT/baseline_symphony_21-01-2026+15_00/tmp/mnist-net_256x4/image_0/mnist-net_256x4_0_0_027.mps,UNSAT,0.013629,UNSAT-UNSAT,None
/home/annelot/WARMSTART_PROJECT/baseline_symphony_21-01-2026+15_00/tmp/mnist-net_256x4/image_4/mnist-net_256x4_4_0_023.mps,/home/annelot/WARMSTART_PROJECT/baseline_symphony_21-01-2026+15_00/tmp/mnist-net_256x4/image_4/mnist-net_256x4_4_0_029.mps,UNSAT,0.009846,UNSAT-UNSAT,None
/home/annelot/WARMSTART_PROJECT/baseline_symphony_21-01-2026+15_00/tmp/mnist-net_256x4/image_4/mnist-net_256x4_4_0_029.mps,/home/annelot/WARMSTART_PROJECT/baseline_symphony_21-01-2026+15_00/tmp/mnist-net_256x4/image_4/mnist-net_256x4_4_0_031.mps,UNSAT,0.010486,UNSAT-TIMEOUT,None
/home/annelot/WARMSTART_PROJECT/baseline_symphony_21-01-2026+15_00/tmp/mnist-net_256x4/image_0/mnist-net_256x4_0_0_023.mps,/home/annelot/WARMSTART_PROJECT/baseline_symphony_21-01-2026+15_00/tmp/mnist-net_256x4/image_0/mnist-net_256x4_0_0_033.mps,UNSAT,0.010277,UNSAT-UNSAT,None
/home/annelot/WARMSTART_PROJECT/baseline_symphony_21-01-2026+15_00/tmp/mnist-net_256x4/image_4/mnist-net_256x4_4_0_025.mps,/home/annelot/WARMSTART_PROJECT/baseline_symphony_21-01-2026+15_00/tmp/mnist-net_256x4/image_4/mnist-net_256x4_4_0_027.mps,UNSAT,0.010333,UNSAT-UNSAT,None
/home/annelot/WARMSTART_PROJECT/baseline_symphony_21-01-2026+15_00/tmp/mnist-net_256x4/image_4/mnist-net_256x4_4_0_029.mps,/home/annelot/WARMSTART_PROJECT/baseline_symphony_21-01-2026+15_00/tmp/mnist-net_256x4/image_4/mnist-net_256x4_4_0_041.mps,UNSAT,0.011292,UNSAT-TIMEOUT,None
/home/annelot/WARMSTART_PROJECT/baseline_symphony_21-01-2026+15_00/tmp/mnist-net_256x4/image_0/mnist-net_256x4_0_0_025.mps,/home/annelot/WARMSTART_PROJECT/baseline_symphony_21-01-2026+15_00/tmp/mnist-net_256x4/image_0/mnist-net_256x4_0_0_035.mps,UNSAT,0.010513,UNSAT-UNSAT,None
/home/annelot/WARMSTART_PROJECT/baseline_symphony_21-01-2026+15_00/tmp/mnist-net_256x4/image_0/mnist-net_256x4_0_0_027.mps,/home/annelot/WARMSTART_PROJECT/baseline_symphony_21-01-2026+15_00/tmp/mnist-net_256x4/image_0/mnist-net_256x4_0_0_033.mps,UNSAT,0.010557,UNSAT-UNSAT,None
/home/annelot/WARMSTART_PROJECT/baseline_symphony_21-01-2026+15_00/tmp/mnist-net_256x4/image_0/mnist-net_256x4_0_0_025.mps,/home/annelot/WARMSTART_PROJECT/baseline_symphony_21-01-2026+15_00/tmp/mnist-net_256x4/image_0/mnist-net_256x4_0_0_033.mps,UNSAT,0.011097,UNSAT-UNSAT,None
/home/annelot/WARMSTART_PROJECT/baseline_symphony_21-01-2026+15_00/tmp/mnist-net_256x4/image_4/mnist-net_256x4_4_0_021.mps,/home/annelot/WARMSTART_PROJECT/baseline_symphony_21-01-2026+15_00/tmp/mnist-net_256x4/image_4/mnist-net_256x4_4_0_025.mps,UNSAT,0.011027,UNSAT-UNSAT,None
/home/annelot/WARMSTART_PROJECT/baseline_symphony_21-01-2026+15_00/tmp/mnist-net_256x4/image_0/mnist-net_256x4_0_0_025.mps,/home/annelot/WARMSTART_PROJECT/baseline_symphony_21-01-2026+15_00/tmp/mnist-net_256x4/image_0/mnist-net_256x4_0_0_029.mps,UNSAT,0.01121,UNSAT-UNSAT,None
/home/annelot/WARMSTART_PROJECT/baseline_symphony_21-01-2026+15_00/tmp/mnist-net_256x4/image_4/mnist-net_256x4_4_0_021.mps,/home/annelot/WARMSTART_PROJECT/baseline_symphony_21-01-2026+15_00/tmp/mnist-net_256x4/image_4/mnist-net_256x4_4_0_027.mps,UNSAT,0.011026,UNSAT-UNSAT,None
/home/annelot/WARMSTART_PROJECT/baseline_symphony_21-01-2026+15_00/tmp/mnist-net_256x4/image_4/mnist-net_256x4_4_0_021.mps,/home/annelot/WARMSTART_PROJECT/baseline_symphony_21-01-2026+15_00/tmp/mnist-net_256x4/image_4/mnist-net_256x4_4_0_023.mps,UNSAT,0.011125,UNSAT-UNSAT,None
/home/annelot/WARMSTART_PROJECT/baseline_symphony_21-01-2026+15_00/tmp/mnist-net_256x4/image_4/mnist-net_256x4_4_0_023.mps,/home/annelot/WARMSTART_PROJECT/baseline_symphony_21-01-2026+15_00/tmp/mnist-net_256x4/image_4/mnist-net_256x4_4_0_025.mps,UNSAT,0.011257,UNSAT-UNSAT,None
/home/annelot/WARMSTART_PROJECT/baseline_symphony_21-01-2026+15_00/tmp/mnist-net_256x4/image_4/mnist-net_256x4_4_0_021.mps,/home/annelot/WARMSTART_PROJECT/baseline_symphony_21-01-2026+15_00/tmp/mnist-net_256x4/image_4/mnist-net_256x4_4_0_029.mps,UNSAT,0.011682,UNSAT-UNSAT,None
/home/annelot/WARMSTART_PROJECT/baseline_symphony_21-01-2026+15_00/tmp/mnist-net_256x4/image_0/mnist-net_256x4_0_0_029.mps,/home/annelot/WARMSTART_PROJECT/baseline_symphony_21-01-2026+15_00/tmp/mnist-net_256x4/image_0/mnist-net_256x4_0_0_031.mps,UNSAT,0.011572,UNSAT-UNSAT,None
/home/annelot/WARMSTART_PROJECT/baseline_symphony_21-01-2026+15_00/tmp/mnist-net_256x4/image_0/mnist-net_256x4_0_0_029.mps,/home/annelot/WARMSTART_PROJECT/baseline_symphony_21-01-2026+15_00/tmp/mnist-net_256x4/image_0/mnist-net_256x4_0_0_035.mps,UNSAT,0.011469,UNSAT-UNSAT,None
/home/annelot/WARMSTART_PROJECT/baseline_symphony_21-01-2026+15_00/tmp/mnist-net_256x4/image_0/mnist-net_256x4_0_0_029.mps,/home/annelot/WARMSTART_PROJECT/baseline_symphony_21-01-2026+15_00/tmp/mnist-net_256x4/image_0/mnist-net_256x4_0_0_033.mps,UNSAT,0.011305,UNSAT-UNSAT,None
/home/annelot/WARMSTART_PROJECT/baseline_symphony_21-01-2026+15_00/tmp/mnist-net_256x4/image_0/mnist-net_256x4_0_0_023.mps,/home/annelot/WARMSTART_PROJECT/baseline_symphony_21-01-2026+15_00/tmp/mnist-net_256x4/image_0/mnist-net_256x4_0_0_027.mps,UNSAT,0.011144,UNSAT-UNSAT,None
/home/annelot/WARMSTART_PROJECT/baseline_symphony_21-01-2026+15_00/tmp/mnist-net_256x4/image_0/mnist-net_256x4_0_0_027.mps,/home/annelot/WARMSTART_PROJECT/baseline_symphony_21-01-2026+15_00/tmp/mnist-net_256x4/image_0/mnist-net_256x4_0_0_029.mps,UNSAT,0.010722,UNSAT-UNSAT,None
/home/annelot/WARMSTART_PROJECT/baseline_symphony_21-01-2026+15_00/tmp/mnist-net_256x4/image_0/mnist-net_256x4_0_0_027.mps,/home/annelot/WARMSTART_PROJECT/baseline_symphony_21-01-2026+15_00/tmp/mnist-net_256x4/image_0/mnist-net_256x4_0_0_031.mps,UNSAT,0.01094,UNSAT-UNSAT,None
/home/annelot/WARMSTART_PROJECT/baseline_symphony_21-01-2026+15_00/tmp/mnist-net_256x4/image_0/mnist-net_256x4_0_0_027.mps,/home/annelot/WARMSTART_PROJECT/baseline_symphony_21-01-2026+15_00/tmp/mnist-net_256x4/image_0/mnist-net_256x4_0_0_035.mps,UNSAT,0.010584,UNSAT-UNSAT,None
/home/annelot/WARMSTART_PROJECT/baseline_symphony_21-01-2026+15_00/tmp/mnist-net_256x4/image_0/mnist-net_256x4_0_0_025.mps,/home/annelot/WARMSTART_PROJECT/baseline_symphony_21-01-2026+15_00/tmp/mnist-net_256x4/image_0/mnist-net_256x4_0_0_031.mps,UNSAT,0.010422,UNSAT-UNSAT,None
/home/annelot/WARMSTART_PROJECT/baseline_symphony_21-01-2026+15_00/tmp/mnist-net_256x4/image_0/mnist-net_256x4_0_0_023.mps,/home/annelot/WARMSTART_PROJECT/baseline_symphony_21-01-2026+15_00/tmp/mnist-net_256x4/image_0/mnist-net_256x4_0_0_029.mps,UNSAT,0.010067,UNSAT-UNSAT,None
/home/annelot/WARMSTART_PROJECT/baseline_symphony_21-01-2026+15_00/tmp/mnist-net_256x2/image_5/mnist-net_256x2_5_0_021.mps,/home/annelot/WARMSTART_PROJECT/baseline_symphony_21-01-2026+15_00/tmp/mnist-net_256x2/image_7/mnist-net_256x2_7_0_021.mps,UNSAT,0.004864,IMAGE,None
/home/annelot/WARMSTART_PROJECT/baseline_symphony_21-01-2026+15_00/tmp/mnist-net_256x2/image_1/mnist-net_256x2_1_0_027.mps,/home/annelot/WARMSTART_PROJECT/baseline_symphony_21-01-2026+15_00/tmp/mnist-net_256x2/image_7/mnist-net_256x2_7_0_027.mps,UNSAT,0.005928,IMAGE,None
/home/annelot/WARMSTART_PROJECT/baseline_symphony_21-01-2026+15_00/tmp/mnist-net_256x2/image_9/mnist-net_256x2_9_0_021.mps,/home/annelot/WARMSTART_PROJECT/baseline_symphony_21-01-2026+15_00/tmp/mnist-net_256x2/image_7/mnist-net_256x2_7_0_021.mps,UNSAT,0.005988,IMAGE,None
/home/annelot/WARMSTART_PROJECT/baseline_symphony_21-01-2026+15_00/tmp/mnist-net_256x2/image_9/mnist-net_256x2_9_0_029.mps,/home/annelot/WARMSTART_PROJECT/baseline_symphony_21-01-2026+15_00/tmp/mnist-net_256x2/image_7/mnist-net_256x2_7_0_029.mps,UNSAT,0.007034,IMAGE,None
/home/annelot/WARMSTART_PROJECT/baseline_symphony_21-01-2026+15_00/tmp/mnist-net_256x2/image_1/mnist-net_256x2_1_0_023.mps,/home/annelot/WARMSTART_PROJECT/baseline_symphony_21-01-2026+15_00/tmp/mnist-net_256x2/image_7/mnist-net_256x2_7_0_023.mps,UNSAT,0.00571,IMAGE,None
/home/annelot/WARMSTART_PROJECT/baseline_symphony_21-01-2026+15_00/tmp/mnist-net_256x2/image_9/mnist-net_256x2_9_0_031.mps,/home/annelot/WARMSTART_PROJECT/baseline_symphony_21-01-2026+15_00/tmp/mnist-net_256x2/image_7/mnist-net_256x2_7_0_031.mps,UNSAT,0.006709,IMAGE,None
/home/annelot/WARMSTART_PROJECT/baseline_symphony_21-01-2026+15_00/tmp/mnist-net_256x2/image_7/mnist-net_256x2_7_0_021.mps,/home/annelot/WARMSTART_PROJECT/baseline_symphony_21-01-2026+15_00/tmp/mnist-net_256x2/image_6/mnist-net_256x2_6_0_021.mps,UNSAT,0.00671,IMAGE,None
/home/annelot/WARMSTART_PROJECT/baseline_symphony_21-01-2026+15_00/tmp/mnist-net_256x2/image_1/mnist-net_256x2_1_0_021.mps,/home/annelot/WARMSTART_PROJECT/baseline_symphony_21-01-2026+15_00/tmp/mnist-net_256x2/image_7/mnist-net_256x2_7_0_021.mps,UNSAT,0.006954,IMAGE,None
/home/annelot/WARMSTART_PROJECT/baseline_symphony_21-01-2026+15_00/tmp/mnist-net_256x2/image_1/mnist-net_256x2_1_0_025.mps,/home/annelot/WARMSTART_PROJECT/baseline_symphony_21-01-2026+15_00/tmp/mnist-net_256x2/image_7/mnist-net_256x2_7_0_025.mps,UNSAT,0.00682,IMAGE,None
/home/annelot/WARMSTART_PROJECT/baseline_symphony_21-01-2026+15_00/tmp/mnist-net_256x2/image_5/mnist-net_256x2_5_0_023.mps,/home/annelot/WARMSTART_PROJECT/baseline_symphony_21-01-2026+15_00/tmp/mnist-net_256x2/image_7/mnist-net_256x2_7_0_023.mps,UNSAT,0.00674,IMAGE,None
/home/annelot/WARMSTART_PROJECT/baseline_symphony_21-01-2026+15_00/tmp/mnist-net_256x2/image_9/mnist-net_256x2_9_0_025.mps,/home/annelot/WARMSTART_PROJECT/baseline_symphony_21-01-2026+15_00/tmp/mnist-net_256x2/image_7/mnist-net_256x2_7_0_025.mps,UNSAT,0.00678,IMAGE,None
/home/annelot/WARMSTART_PROJECT/baseline_symphony_21-01-2026+15_00/tmp/mnist-net_256x2/image_6/mnist-net_256x2_6_0_021.mps,/home/annelot/WARMSTART_PROJECT/baseline_symphony_21-01-2026+15_00/tmp/mnist-net_256x2/image_7/mnist-net_256x2_7_0_021.mps,UNSAT,0.007033,IMAGE,None
/home/annelot/WARMSTART_PROJECT/baseline_symphony_21-01-2026+15_00/tmp/mnist-net_256x2/image_9/mnist-net_256x2_9_0_027.mps,/home/annelot/WARMSTART_PROJECT/baseline_symphony_21-01-2026+15_00/tmp/mnist-net_256x2/image_7/mnist-net_256x2_7_0_027.mps,UNSAT,0.006182,IMAGE,None
/home/annelot/WARMSTART_PROJECT/baseline_symphony_21-01-2026+15_00/tmp/mnist-net_256x2/image_9/mnist-net_256x2_9_0_023.mps,/home/annelot/WARMSTART_PROJECT/baseline_symphony_21-01-2026+15_00/tmp/mnist-net_256x2/image_7/mnist-net_256x2_7_0_023.mps,UNSAT,0.006439,IMAGE,None
/home/annelot/WARMSTART_PROJECT/baseline_symphony_21-01-2026+15_00/tmp/mnist-net_256x4/image_4/mnist-net_256x4_4_0_029.mps,/home/annelot/WARMSTART_PROJECT/baseline_symphony_21-01-2026+15_00/tmp/mnist-net_256x4/image_4/mnist-net_256x4_4_0_261.mps,UNSAT,0.010702,UNSAT-TIMEOUT,None
/home/annelot/WARMSTART_PROJECT/baseline_symphony_21-01-2026+15_00/tmp/mnist-net_256x4/image_4/mnist-net_256x4_4_0_029.mps,/home/annelot/WARMSTART_PROJECT/baseline_symphony_21-01-2026+15_00/tmp/mnist-net_256x4/image_4/mnist-net_256x4_4_0_081.mps,UNSAT,0.010967,UNSAT-TIMEOUT,None
/home/annelot/WARMSTART_PROJECT/baseline_symphony_21-01-2026+15_00/tmp/mnist-net_256x4/image_4/mnist-net_256x4_4_0_029.mps,/home/annelot/WARMSTART_PROJECT/baseline_symphony_21-01-2026+15_00/tmp/mnist-net_256x4/image_4/mnist-net_256x4_4_0_101.mps,UNSAT,0.011094,UNSAT-TIMEOUT,None
/home/annelot/WARMSTART_PROJECT/baseline_symphony_21-01-2026+15_00/tmp/mnist-net_256x4/image_4/mnist-net_256x4_4_0_029.mps,/home/annelot/WARMSTART_PROJECT/baseline_symphony_21-01-2026+15_00/tmp/mnist-net_256x4/image_4/mnist-net_256x4_4_0_161.mps,UNSAT,0.010767,UNSAT-TIMEOUT,None
/home/annelot/WARMSTART_PROJECT/baseline_symphony_21-01-2026+15_00/tmp/mnist-net_256x4/image_4/mnist-net_256x4_4_0_029.mps,/home/annelot/WARMSTART_PROJECT/baseline_symphony_21-01-2026+15_00/tmp/mnist-net_256x4/image_4/mnist-net_256x4_4_0_141.mps,UNSAT,0.010752,UNSAT-TIMEOUT,None
/home/annelot/WARMSTART_PROJECT/baseline_symphony_21-01-2026+15_00/tmp/mnist-net_256x4/image_4/mnist-net_256x4_4_0_029.mps,/home/annelot/WARMSTART_PROJECT/baseline_symphony_21-01-2026+15_00/tmp/mnist-net_256x4/image_4/mnist-net_256x4_4_0_241.mps,UNSAT,0.011114,UNSAT-TIMEOUT,None
/home/annelot/WARMSTART_PROJECT/baseline_symphony_21-01-2026+15_00/tmp/mnist-net_256x4/image_4/mnist-net_256x4_4_0_029.mps,/home/annelot/WARMSTART_PROJECT/baseline_symphony_21-01-2026+15_00/tmp/mnist-net_256x4/image_4/mnist-net_256x4_4_0_301.mps,UNSAT,0.010928,UNSAT-TIMEOUT,None
/home/annelot/WARMSTART_PROJECT/baseline_symphony_21-01-2026+15_00/tmp/mnist-net_256x4/image_4/mnist-net_256x4_4_0_029.mps,/home/annelot/WARMSTART_PROJECT/baseline_symphony_21-01-2026+15_00/tmp/mnist-net_256x4/image_4/mnist-net_256x4_4_0_281.mps,UNSAT,0.010872,UNSAT-TIMEOUT,None
/home/annelot/WARMSTART_PROJECT/baseline_symphony_21-01-2026+15_00/tmp/mnist-net_256x4/image_4/mnist-net_256x4_4_0_029.mps,/home/annelot/WARMSTART_PROJECT/baseline_symphony_21-01-2026+15_00/tmp/mnist-net_256x4/image_4/mnist-net_256x4_4_0_341.mps,UNSAT,0.010792,UNSAT-TIMEOUT,None
/home/annelot/WARMSTART_PROJECT/baseline_symphony_21-01-2026+15_00/tmp/mnist-net_256x4/image_4/mnist-net_256x4_4_0_029.mps,/home/annelot/WARMSTART_PROJECT/baseline_symphony_21-01-2026+15_00/tmp/mnist-net_256x4/image_4/mnist-net_256x4_4_0_321.mps,UNSAT,0.010875,UNSAT-TIMEOUT,None
/home/annelot/WARMSTART_PROJECT/baseline_symphony_21-01-2026+15_00/tmp/mnist-net_256x4/image_4/mnist-net_256x4_4_0_029.mps,/home/annelot/WARMSTART_PROJECT/baseline_symphony_21-01-2026+15_00/tmp/mnist-net_256x4/image_4/mnist-net_256x4_4_0_361.mps,UNSAT,0.010769,UNSAT-TIMEOUT,None
/home/annelot/WARMSTART_PROJECT/baseline_symphony_21-01-2026+15_00/tmp/mnist-net_256x4/image_4/mnist-net_256x4_4_0_029.mps,/home/annelot/WARMSTART_PROJECT/baseline_symphony_21-01-2026+15_00/tmp/mnist-net_256x4/image_4/mnist-net_256x4_4_0_181.mps,UNSAT,0.011468,UNSAT-TIMEOUT,None
/home/annelot/WARMSTART_PROJECT/baseline_symphony_21-01-2026+15_00/tmp/mnist-net_256x4/image_4/mnist-net_256x4_4_0_029.mps,/home/annelot/WARMSTART_PROJECT/baseline_symphony_21-01-2026+15_00/tmp/mnist-net_256x4/image_4/mnist-net_256x4_4_0_201.mps,UNSAT,0.011372,UNSAT-TIMEOUT,None
/home/annelot/WARMSTART_PROJECT/baseline_symphony_21-01-2026+15_00/tmp/mnist-net_256x4/image_4/mnist-net_256x4_4_0_029.mps,/home/annelot/WARMSTART_PROJECT/baseline_symphony_21-01-2026+15_00/tmp/mnist-net_256x4/image_4/mnist-net_256x4_4_0_121.mps,UNSAT,0.01572,UNSAT-TIMEOUT,None
/home/annelot/WARMSTART_PROJECT/baseline_symphony_21-01-2026+15_00/tmp/mnist-net_256x4/image_4/mnist-net_256x4_4_0_029.mps,/home/annelot/WARMSTART_PROJECT/baseline_symphony_21-01-2026+15_00/tmp/mnist-net_256x4/image_4/mnist-net_256x4_4_0_061.mps,UNSAT,0.015282,UNSAT-TIMEOUT,None
/home/annelot/WARMSTART_PROJECT/baseline_symphony_21-01-2026+15_00/tmp/mnist-net_256x4/image_4/mnist-net_256x4_4_0_029.mps,/home/annelot/WARMSTART_PROJECT/baseline_symphony_21-01-2026+15_00/tmp/mnist-net_256x4/image_4/mnist-net_256x4_4_0_221.mps,UNSAT,0.015362,UNSAT-TIMEOUT,None
/home/annelot/WARMSTART_PROJECT/baseline_symphony_21-01-2026+15_00/tmp/mnist-net_256x4/image_4/mnist-net_256x4_4_0_029.mps,/home/annelot/WARMSTART_PROJECT/baseline_symphony_21-01-2026+15_00/tmp/mnist-net_256x4/image_4/mnist-net_256x4_4_0_381.mps,UNSAT,0.015087,UNSAT-TIMEOUT,None
/home/annelot/WARMSTART_PROJECT/baseline_symphony_21-01-2026+15_00/tmp/mnist-net_256x2/image_7/mnist-net_256x2_7_0_021.mps,/home/annelot/WARMSTART_PROJECT/baseline_symphony_21-01-2026+15_00/tmp/mnist-net/image_7/mnist-net_7_0_021.mps,UNSAT,0.006711,NETWORK,None
/home/annelot/WARMSTART_PROJECT/baseline_symphony_21-01-2026+15_00/tmp/mnist-net_256x2/image_6/mnist-net_256x2_6_0_021.mps,/home/annelot/WARMSTART_PROJECT/baseline_symphony_21-01-2026+15_00/tmp/mnist-net/image_6/mnist-net_6_0_021.mps,UNSAT,0.007716,NETWORK,None
/home/annelot/WARMSTART_PROJECT/baseline_symphony_21-01-2026+15_00/tmp/mnist-net_256x2/image_4/mnist-net_256x2_4_0_015.mps,/home/annelot/WARMSTART_PROJECT/baseline_symphony_21-01-2026+15_00/tmp/mnist-net/image_4/mnist-net_4_0_015.mps,UNSAT,0.009286,NETWORK,None
/home/annelot/WARMSTART_PROJECT/baseline_symphony_21-01-2026+15_00/tmp/mnist-net_256x2/image_9/mnist-net_256x2_9_0_021.mps,/home/annelot/WARMSTART_PROJECT/baseline_symphony_21-01-2026+15_00/tmp/mnist-net/image_9/mnist-net_9_0_021.mps,UNSAT,0.008906,NETWORK,None
/home/annelot/WARMSTART_PROJECT/baseline_symphony_21-01-2026+15_00/tmp/mnist-net_256x2/image_4/mnist-net_256x2_4_0_009.mps,/home/annelot/WARMSTART_PROJECT/baseline_symphony_21-01-2026+15_00/tmp/mnist-net/image_4/mnist-net_4_0_009.mps,UNSAT,0.006652,NETWORK,None
/home/annelot/WARMSTART_PROJECT/baseline_symphony_21-01-2026+15_00/tmp/mnist-net_256x2/image_5/mnist-net_256x2_5_0_021.mps,/home/annelot/WARMSTART_PROJECT/baseline_symphony_21-01-2026+15_00/tmp/mnist-net/image_5/mnist-net_5_0_021.mps,UNSAT,0.006411,NETWORK,None
/home/annelot/WARMSTART_PROJECT/baseline_symphony_21-01-2026+15_00/tmp/mnist-net_256x2/image_4/mnist-net_256x2_4_0_007.mps,/home/annelot/WARMSTART_PROJECT/baseline_symphony_21-01-2026+15_00/tmp/mnist-net/image_4/mnist-net_4_0_007.mps,UNSAT,0.006773,NETWORK,None
/home/annelot/WARMSTART_PROJECT/baseline_symphony_21-01-2026+15_00/tmp/mnist-net_256x2/image_9/mnist-net_256x2_9_0_025.mps,/home/annelot/WARMSTART_PROJECT/baseline_symphony_21-01-2026+15_00/tmp/mnist-net/image_9/mnist-net_9_0_025.mps,UNSAT,0.006614,NETWORK,None
/home/annelot/WARMSTART_PROJECT/baseline_symphony_21-01-2026+15_00/tmp/mnist-net_256x2/image_9/mnist-net_256x2_9_0_027.mps,/home/annelot/WARMSTART_PROJECT/baseline_symphony_21-01-2026+15_00/tmp/mnist-net/image_9/mnist-net_9_0_027.mps,UNSAT,0.00642,NETWORK,None
/home/annelot/WARMSTART_PROJECT/baseline_symphony_21-01-2026+15_00/tmp/mnist-net_256x2/image_9/mnist-net_256x2_9_0_031.mps,/home/annelot/WARMSTART_PROJECT/baseline_symphony_21-01-2026+15_00/tmp/mnist-net/image_9/mnist-net_9_0_031.mps,UNSAT,0.006952,NETWORK,None
/home/annelot/WARMSTART_PROJECT/baseline_symphony_21-01-2026+15_00/tmp/mnist-net_256x2/image_4/mnist-net_256x2_4_0_011.mps,/home/annelot/WARMSTART_PROJECT/baseline_symphony_21-01-2026+15_00/tmp/mnist-net/image_4/mnist-net_4_0_011.mps,UNSAT,0.006661,NETWORK,None
/home/annelot/WARMSTART_PROJECT/baseline_symphony_21-01-2026+15_00/tmp/mnist-net_256x2/image_9/mnist-net_256x2_9_0_029.mps,/home/annelot/WARMSTART_PROJECT/baseline_symphony_21-01-2026+15_00/tmp/mnist-net/image_9/mnist-net_9_0_029.mps,UNSAT,0.006859,NETWORK,None
/home/annelot/WARMSTART_PROJECT/baseline_symphony_21-01-2026+15_00/tmp/mnist-net_256x2/image_4/mnist-net_256x2_4_0_013.mps,/home/annelot/WARMSTART_PROJECT/baseline_symphony_21-01-2026+15_00/tmp/mnist-net/image_4/mnist-net_4_0_013.mps,UNSAT,0.006714,NETWORK,None
/home/annelot/WARMSTART_PROJECT/baseline_symphony_21-01-2026+15_00/tmp/mnist-net_256x2/image_5/mnist-net_256x2_5_0_023.mps,/home/annelot/WARMSTART_PROJECT/baseline_symphony_21-01-2026+15_00/tmp/mnist-net/image_5/mnist-net_5_0_023.mps,UNSAT,0.009838,NETWORK,None
/home/annelot/WARMSTART_PROJECT/baseline_symphony_21-01-2026+15_00/tmp/mnist-net_256x2/image_9/mnist-net_256x2_9_0_023.mps,/home/annelot/WARMSTART_PROJECT/baseline_symphony_21-01-2026+15_00/tmp/mnist-net/image_9/mnist-net_9_0_023.mps,UNSAT,0.008553,NETWORK,None
/home/annelot/WARMSTART_PROJECT/baseline_symphony_21-01-2026+15_00/tmp/mnist-net/image_9/mnist-net_9_0_023.mps,/home/annelot/WARMSTART_PROJECT/baseline_symphony_21-01-2026+15_00/tmp/mnist-net/image_7/mnist-net_7_0_023.mps,UNSAT,0.013719,IMAGE,None
/home/annelot/WARMSTART_PROJECT/baseline_symphony_21-01-2026+15_00/tmp/mnist-net/image_9/mnist-net_9_0_017.mps,/home/annelot/WARMSTART_PROJECT/baseline_symphony_21-01-2026+15_00/tmp/mnist-net/image_4/mnist-net_4_0_017.mps,UNSAT,0.013082,IMAGE,None
/home/annelot/WARMSTART_PROJECT/baseline_symphony_21-01-2026+15_00/tmp/mnist-net/image_9/mnist-net_9_0_027.mps,/home/annelot/WARMSTART_PROJECT/baseline_symphony_21-01-2026+15_00/tmp/mnist-net/image_7/mnist-net_7_0_027.mps,UNSAT,0.012841,IMAGE,None
/home/annelot/WARMSTART_PROJECT/baseline_symphony_21-01-2026+15_00/tmp/mnist-net/image_9/mnist-net_9_0_021.mps,/home/annelot/WARMSTART_PROJECT/baseline_symphony_21-01-2026+15_00/tmp/mnist-net/image_7/mnist-net_7_0_021.mps,UNSAT,0.012663,IMAGE,None
/home/annelot/WARMSTART_PROJECT/baseline_symphony_21-01-2026+15_00/tmp/mnist-net/image_9/mnist-net_9_0_019.mps,/home/annelot/WARMSTART_PROJECT/baseline_symphony_21-01-2026+15_00/tmp/mnist-net/image_4/mnist-net_4_0_019.mps,UNSAT,0.012753,IMAGE,None
/home/annelot/WARMSTART_PROJECT/baseline_symphony_21-01-2026+15_00/tmp/mnist-net/image_9/mnist-net_9_0_025.mps,/home/annelot/WARMSTART_PROJECT/baseline_symphony_21-01-2026+15_00/tmp/mnist-net/image_7/mnist-net_7_0_025.mps,UNSAT,0.012096,IMAGE,None
/home/annelot/WARMSTART_PROJECT/baseline_symphony_21-01-2026+15_00/tmp/mnist-net/image_9/mnist-net_9_0_031.mps,/home/annelot/WARMSTART_PROJECT/baseline_symphony_21-01-2026+15_00/tmp/mnist-net/image_7/mnist-net_7_0_031.mps,UNSAT,0.011867,IMAGE,None
/home/annelot/WARMSTART_PROJECT/baseline_symphony_21-01-2026+15_00/tmp/mnist-net/image_7/mnist-net_7_0_025.mps,/home/annelot/WARMSTART_PROJECT/baseline_symphony_21-01-2026+15_00/tmp/mnist-net/image_6/mnist-net_6_0_025.mps,UNSAT,0.01284,IMAGE,None
/home/annelot/WARMSTART_PROJECT/baseline_symphony_21-01-2026+15_00/tmp/mnist-net/image_6/mnist-net_6_0_021.mps,/home/annelot/WARMSTART_PROJECT/baseline_symphony_21-01-2026+15_00/tmp/mnist-net/image_7/mnist-net_7_0_021.mps,UNSAT,0.013348,IMAGE,None
/home/annelot/WARMSTART_PROJECT/baseline_symphony_21-01-2026+15_00/tmp/mnist-net/image_6/mnist-net_6_0_023.mps,/home/annelot/WARMSTART_PROJECT/baseline_symphony_21-01-2026+15_00/tmp/mnist-net/image_7/mnist-net_7_0_023.mps,UNSAT,0.013218,IMAGE,None
/home/annelot/WARMSTART_PROJECT/baseline_symphony_21-01-2026+15_00/tmp/mnist-net/image_9/mnist-net_9_0_015.mps,/home/annelot/WARMSTART_PROJECT/baseline_symphony_21-01-2026+15_00/tmp/mnist-net/image_4/mnist-net_4_0_015.mps,UNSAT,0.012346,IMAGE,None
/home/annelot/WARMSTART_PROJECT/baseline_symphony_21-01-2026+15_00/tmp/mnist-net/image_6/mnist-net_6_0_025.mps,/home/annelot/WARMSTART_PROJECT/baseline_symphony_21-01-2026+15_00/tmp/mnist-net/image_7/mnist-net_7_0_025.mps,UNSAT,0.012711,IMAGE,None
/home/annelot/WARMSTART_PROJECT/baseline_symphony_21-01-2026+15_00/tmp/mnist-net/image_9/mnist-net_9_0_013.mps,/home/annelot/WARMSTART_PROJECT/baseline_symphony_21-01-2026+15_00/tmp/mnist-net/image_4/mnist-net_4_0_013.mps,UNSAT,0.012282,IMAGE,None
/home/annelot/WARMSTART_PROJECT/baseline_symphony_21-01-2026+15_00/tmp/mnist-net/image_7/mnist-net_7_0_023.mps,/home/annelot/WARMSTART_PROJECT/baseline_symphony_21-01-2026+15_00/tmp/mnist-net/image_6/mnist-net_6_0_023.mps,UNSAT,0.013132,IMAGE,None
/home/annelot/WARMSTART_PROJECT/baseline_symphony_21-01-2026+15_00/tmp/mnist-net/image_7/mnist-net_7_0_021.mps,/home/annelot/WARMSTART_PROJECT/baseline_symphony_21-01-2026+15_00/tmp/mnist-net/image_6/mnist-net_6_0_021.mps,UNSAT,0.01236,IMAGE,None
/home/annelot/WARMSTART_PROJECT/baseline_symphony_21-01-2026+15_00/tmp/mnist-net_256x2/image_4/mnist-net_256x2_4_0_001.mps,/home/annelot/WARMSTART_PROJECT/baseline_symphony_21-01-2026+15_00/tmp/mnist-net/image_4/mnist-net_4_0_001.mps,ERR,,NETWORK,None
/home/annelot/WARMSTART_PROJECT/baseline_symphony_21-01-2026+15_00/tmp/mnist-net_256x4/image_0/mnist-net_256x4_0_0_027.mps,/home/annelot/WARMSTART_PROJECT/baseline_symphony_21-01-2026+15_00/tmp/mnist-net_256x4/image_6/mnist-net_256x4_6_0_027.mps,UNSAT,0.007724,IMAGE,None
/home/annelot/WARMSTART_PROJECT/baseline_symphony_21-01-2026+15_00/tmp/mnist-net_256x4/image_9/mnist-net_256x4_9_0_021.mps,/home/annelot/WARMSTART_PROJECT/baseline_symphony_21-01-2026+15_00/tmp/mnist-net_256x4/image_7/mnist-net_256x4_7_0_021.mps,UNSAT,0.009433,IMAGE,None
/home/annelot/WARMSTART_PROJECT/baseline_symphony_21-01-2026+15_00/tmp/mnist-net_256x4/image_4/mnist-net_256x4_4_0_025.mps,/home/annelot/WARMSTART_PROJECT/baseline_symphony_21-01-2026+15_00/tmp/mnist-net_256x4/image_6/mnist-net_256x4_6_0_025.mps,UNSAT,0.009321,IMAGE,None
/home/annelot/WARMSTART_PROJECT/baseline_symphony_21-01-2026+15_00/tmp/mnist-net_256x4/image_4/mnist-net_256x4_4_0_023.mps,/home/annelot/WARMSTART_PROJECT/baseline_symphony_21-01-2026+15_00/tmp/mnist-net_256x4/image_6/mnist-net_256x4_6_0_023.mps,UNSAT,0.010051,IMAGE,None
/home/annelot/WARMSTART_PROJECT/baseline_symphony_21-01-2026+15_00/tmp/mnist-net_256x4/image_0/mnist-net_256x4_0_0_025.mps,/home/annelot/WARMSTART_PROJECT/baseline_symphony_21-01-2026+15_00/tmp/mnist-net_256x4/image_6/mnist-net_256x4_6_0_025.mps,UNSAT,0.009863,IMAGE,None
/home/annelot/WARMSTART_PROJECT/baseline_symphony_21-01-2026+15_00/tmp/mnist-net_256x4/image_4/mnist-net_256x4_4_0_021.mps,/home/annelot/WARMSTART_PROJECT/baseline_symphony_21-01-2026+15_00/tmp/mnist-net_256x4/image_7/mnist-net_256x4_7_0_021.mps,UNSAT,0.009704,IMAGE,None
/home/annelot/WARMSTART_PROJECT/baseline_symphony_21-01-2026+15_00/tmp/mnist-net_256x4/image_0/mnist-net_256x4_0_0_029.mps,/home/annelot/WARMSTART_PROJECT/baseline_symphony_21-01-2026+15_00/tmp/mnist-net_256x4/image_6/mnist-net_256x4_6_0_029.mps,UNSAT,0.010442,IMAGE,None
/home/annelot/WARMSTART_PROJECT/baseline_symphony_21-01-2026+15_00/tmp/mnist-net_256x4/image_4/mnist-net_256x4_4_0_027.mps,/home/annelot/WARMSTART_PROJECT/baseline_symphony_21-01-2026+15_00/tmp/mnist-net_256x4/image_6/mnist-net_256x4_6_0_027.mps,UNSAT,0.010889,IMAGE,None
/home/annelot/WARMSTART_PROJECT/baseline_symphony_21-01-2026+15_00/tmp/mnist-net_256x4/image_5/mnist-net_256x4_5_0_021.mps,/home/annelot/WARMSTART_PROJECT/baseline_symphony_21-01-2026+15_00/tmp/mnist-net_256x4/image_7/mnist-net_256x4_7_0_021.mps,UNSAT,0.011006,IMAGE,None
/home/annelot/WARMSTART_PROJECT/baseline_symphony_21-01-2026+15_00/tmp/mnist-net_256x4/image_9/mnist-net_256x4_9_0_025.mps,/home/annelot/WARMSTART_PROJECT/baseline_symphony_21-01-2026+15_00/tmp/mnist-net_256x4/image_6/mnist-net_256x4_6_0_025.mps,UNSAT,0.010148,IMAGE,None
/home/annelot/WARMSTART_PROJECT/baseline_symphony_21-01-2026+15_00/tmp/mnist-net_256x4/image_9/mnist-net_256x4_9_0_029.mps,/home/annelot/WARMSTART_PROJECT/baseline_symphony_21-01-2026+15_00/tmp/mnist-net_256x4/image_6/mnist-net_256x4_6_0_029.mps,UNSAT,0.010556,IMAGE,None
/home/annelot/WARMSTART_PROJECT/baseline_symphony_21-01-2026+15_00/tmp/mnist-net_256x4/image_8/mnist-net_256x4_8_0_023.mps,/home/annelot/WARMSTART_PROJECT/baseline_symphony_21-01-2026+15_00/tmp/mnist-net_256x4/image_6/mnist-net_256x4_6_0_023.mps,UNSAT,0.010433,IMAGE,None
/home/annelot/WARMSTART_PROJECT/baseline_symphony_21-01-2026+15_00/tmp/mnist-net_256x4/image_6/mnist-net_256x4_6_0_021.mps,/home/annelot/WARMSTART_PROJECT/baseline_symphony_21-01-2026+15_00/tmp/mnist-net_256x4/image_7/mnist-net_256x4_7_0_021.mps,UNSAT,0.010516,IMAGE,None
/home/annelot/WARMSTART_PROJECT/baseline_symphony_21-01-2026+15_00/tmp/mnist-net_256x4/image_6/mnist-net_256x4_6_0_023.mps,/home/annelot/WARMSTART_PROJECT/baseline_symphony_21-01-2026+15_00/tmp/mnist-net_256x4/image_8/mnist-net_256x4_8_0_023.mps,UNSAT,0.010281,IMAGE,None
/home/annelot/WARMSTART_PROJECT/baseline_symphony_21-01-2026+15_00/tmp/mnist-net_256x4/image_8/mnist-net_256x4_8_0_021.mps,/home/annelot/WARMSTART_PROJECT/baseline_symphony_21-01-2026+15_00/tmp/mnist-net_256x4/image_7/mnist-net_256x4_7_0_021.mps,UNSAT,0.009778,IMAGE,None
/home/annelot/WARMSTART_PROJECT/baseline_symphony_21-01-2026+15_00/tmp/mnist-net_256x4/image_9/mnist-net_256x4_9_0_027.mps,/home/annelot/WARMSTART_PROJECT/baseline_symphony_21-01-2026+15_00/tmp/mnist-net_256x4/image_6/mnist-net_256x4_6_0_027.mps,UNSAT,0.009912,IMAGE,None
/home/annelot/WARMSTART_PROJECT/baseline_symphony_21-01-2026+15_00/tmp/mnist-net_256x4/image_9/mnist-net_256x4_9_0_023.mps,/home/annelot/WARMSTART_PROJECT/baseline_symphony_21-01-2026+15_00/tmp/mnist-net_256x4/image_6/mnist-net_256x4_6_0_023.mps,UNSAT,0.010256,IMAGE,None
/home/annelot/WARMSTART_PROJECT/baseline_symphony_21-01-2026+15_00/tmp/mnist-net_256x4/image_0/mnist-net_256x4_0_0_023.mps,/home/annelot/WARMSTART_PROJECT/baseline_symphony_21-01-2026+15_00/tmp/mnist-net_256x4/image_6/mnist-net_256x4_6_0_023.mps,UNSAT,0.011647,IMAGE,None
/home/annelot/WARMSTART_PROJECT/baseline_symphony_21-01-2026+15_00/tmp/mnist-net_256x4/image_0/mnist-net_256x4_0_0_021.mps,/home/annelot/WARMSTART_PROJECT/baseline_symphony_21-01-2026+15_00/tmp/mnist-net_256x4/image_7/mnist-net_256x4_7_0_021.mps,UNSAT,0.014861,IMAGE,None
/home/annelot/WARMSTART_PROJECT/baseline_symphony_21-01-2026+15_00/tmp/mnist-net/image_9/mnist-net_9_0_033.mps,/home/annelot/WARMSTART_PROJECT/baseline_symphony_21-01-2026+15_00/tmp/mnist-net/image_7/mnist-net_7_0_033.mps,UNSAT,0.013544,IMAGE,None
/home/annelot/WARMSTART_PROJECT/baseline_symphony_21-01-2026+15_00/tmp/mnist-net/image_9/mnist-net_9_0_035.mps,/home/annelot/WARMSTART_PROJECT/baseline_symphony_21-01-2026+15_00/tmp/mnist-net/image_7/mnist-net_7_0_035.mps,UNSAT,0.012699,IMAGE,None
/home/annelot/WARMSTART_PROJECT/baseline_symphony_21-01-2026+15_00/tmp/mnist-net/image_4/mnist-net_4_0_021.mps,/home/annelot/WARMSTART_PROJECT/baseline_symphony_21-01-2026+15_00/tmp/mnist-net/image_7/mnist-net_7_0_021.mps,UNSAT,0.013152,IMAGE,None
/home/annelot/WARMSTART_PROJECT/baseline_symphony_21-01-2026+15_00/tmp/mnist-net/image_4/mnist-net_4_0_019.mps,/home/annelot/WARMSTART_PROJECT/baseline_symphony_21-01-2026+15_00/tmp/mnist-net/image_9/mnist-net_9_0_019.mps,UNSAT,0.012985,IMAGE,None
/home/annelot/WARMSTART_PROJECT/baseline_symphony_21-01-2026+15_00/tmp/mnist-net/image_4/mnist-net_4_0_017.mps,/home/annelot/WARMSTART_PROJECT/baseline_symphony_21-01-2026+15_00/tmp/mnist-net/image_9/mnist-net_9_0_017.mps,UNSAT,0.013162,IMAGE,None
/home/annelot/WARMSTART_PROJECT/baseline_symphony_21-01-2026+15_00/tmp/mnist-net/image_4/mnist-net_4_0_025.mps,/home/annelot/WARMSTART_PROJECT/baseline_symphony_21-01-2026+15_00/tmp/mnist-net/image_7/mnist-net_7_0_025.mps,UNSAT,0.013926,IMAGE,None
/home/annelot/WARMSTART_PROJECT/baseline_symphony_21-01-2026+15_00/tmp/mnist-net/image_4/mnist-net_4_0_015.mps,/home/annelot/WARMSTART_PROJECT/baseline_symphony_21-01-2026+15_00/tmp/mnist-net/image_9/mnist-net_9_0_015.mps,UNSAT,0.012718,IMAGE,None
/home/annelot/WARMSTART_PROJECT/baseline_symphony_21-01-2026+15_00/tmp/mnist-net_256x4/image_9/mnist-net_256x4_9_0_031.mps,/home/annelot/WARMSTART_PROJECT/baseline_symphony_21-01-2026+15_00/tmp/mnist-net_256x4/image_6/mnist-net_256x4_6_0_031.mps,UNSAT,0.014375,IMAGE,None
/home/annelot/WARMSTART_PROJECT/baseline_symphony_21-01-2026+15_00/tmp/mnist-net/image_5/mnist-net_5_0_021.mps,/home/annelot/WARMSTART_PROJECT/baseline_symphony_21-01-2026+15_00/tmp/mnist-net/image_7/mnist-net_7_0_021.mps,UNSAT,0.013989,IMAGE,None
/home/annelot/WARMSTART_PROJECT/baseline_symphony_21-01-2026+15_00/tmp/mnist-net_256x4/image_6/mnist-net_256x4_6_0_025.mps,/home/annelot/WARMSTART_PROJECT/baseline_symphony_21-01-2026+15_00/tmp/mnist-net_256x4/image_8/mnist-net_256x4_8_0_025.mps,UNSAT,0.014797,IMAGE,None
/home/annelot/WARMSTART_PROJECT/baseline_symphony_21-01-2026+15_00/tmp/mnist-net/image_4/mnist-net_4_0_013.mps,/home/annelot/WARMSTART_PROJECT/baseline_symphony_21-01-2026+15_00/tmp/mnist-net/image_9/mnist-net_9_0_013.mps,UNSAT,0.02055,IMAGE,None
/home/annelot/WARMSTART_PROJECT/baseline_symphony_21-01-2026+15_00/tmp/mnist-net/image_9/mnist-net_9_0_029.mps,/home/annelot/WARMSTART_PROJECT/baseline_symphony_21-01-2026+15_00/tmp/mnist-net/image_7/mnist-net_7_0_029.mps,UNSAT,0.018868,IMAGE,None
/home/annelot/WARMSTART_PROJECT/baseline_symphony_21-01-2026+15_00/tmp/mnist-net_256x4/image_4/mnist-net_256x4_4_0_029.mps,/home/annelot/WARMSTART_PROJECT/baseline_symphony_21-01-2026+15_00/tmp/mnist-net_256x4/image_6/mnist-net_256x4_6_0_029.mps,UNSAT,0.008127,IMAGE,None
