first_mps,second_mps,result,time,warmstart_type,configuration
/home/annelot/WARMSTART_PROJECT/baseline_symphony_21-01-2026+15_00/tmp/mnist-net_256x2/image_6/mnist-net_256x2_6_0_021.mps,/home/annelot/WARMSTART_PROJECT/baseline_symphony_21-01-2026+15_00/tmp/mnist-net_256x2/image_6/mnist-net_256x2_6_0_033.mps,UNSAT,0.006671,UNSAT-UNSAT,None
/home/annelot/WARMSTART_PROJECT/baseline_symphony_21-01-2026+15_00/tmp/mnist-net_256x2/image_6/mnist-net_256x2_6_0_021.mps,/home/annelot/WARMSTART_PROJECT/baseline_symphony_21-01-2026+15_00/tmp/mnist-net_256x2/image_6/mnist-net_256x2_6_0_023.mps,UNSAT,0.00814,UNSAT-UNSAT,None
/home/annelot/WARMSTART_PROJECT/baseline_symphony_21-01-2026+15_00/tmp/mnist-net_256x2/image_6/mnist-net_256x2_6_0_021.mps,/home/annelot/WARMSTART_PROJECT/baseline_symphony_21-01-2026+15_00/tmp/mnist-net_256x2/image_6/mnist-net_256x2_6_0_035.mps,UNSAT,0.009838,UNSAT-UNSAT,None
/home/annelot/WARMSTART_PROJECT/baseline_symphony_21-01-2026+15_00/tmp/mnist-net_256x2/image_5/mnist-net_256x2_5_0_021.mps,/home/annelot/WARMSTART_PROJECT/baseline_symphony_21-01-2026+15_00/tmp/mnist-net_256x2/image_5/mnist-net_256x2_5_0_035.mps,UNSAT,0.006462,UNSAT-UNSAT,None
/home/annelot/WARMSTART_PROJECT/baseline_symphony_21-01-2026+15_00/tmp/mnist-net_256x2/image_6/mnist-net_256x2_6_0_021.mps,/home/annelot/WARMSTART_PROJECT/baseline_symphony_21-01-2026+15_00/tmp/mnist-net_256x2/image_6/mnist-net_256x2_6_0_027.mps,UNSAT,0.006495,UNSAT-UNSAT,None
/home/annelot/WARMSTART_PROJECT/baseline_symphony_21-01-2026+15_00/tmp/mnist-net_256x2/image_6/mnist-net_256x2_6_0_021.mps,/home/annelot/WARMSTART_PROJECT/baseline_symphony_21-01-2026+15_00/tmp/mnist-net_256x2/image_6/mnist-net_256x2_6_0_031.mps,UNSAT,0.006705,UNSAT-UNSAT,None
/home/annelot/WARMSTART_PROJECT/baseline_symphony_21-01-2026+15_00/tmp/mnist-net_256x2/image_6/mnist-net_256x2_6_0_021.mps,/home/annelot/WARMSTART_PROJECT/baseline_symphony_21-01-2026+15_00/tmp/mnist-net_256x2/image_6/mnist-net_256x2_6_0_025.mps,UNSAT,0.006932,UNSAT-UNSAT,None
/home/annelot/WARMSTART_PROJECT/baseline_symphony_21-01-2026+15_00/tmp/mnist-net_256x2/image_5/mnist-net_256x2_5_0_023.mps,/home/annelot/WARMSTART_PROJECT/baseline_symphony_21-01-2026+15_00/tmp/mnist-net_256x2/image_5/mnist-net_256x2_5_0_033.mps,UNSAT,0.009989,UNSAT-UNSAT,None
/home/annelot/WARMSTART_PROJECT/baseline_symphony_21-01-2026+15_00/tmp/mnist-net_256x2/image_5/mnist-net_256x2_5_0_023.mps,/home/annelot/WARMSTART_PROJECT/baseline_symphony_21-01-2026+15_00/tmp/mnist-net_256x2/image_5/mnist-net_256x2_5_0_029.mps,UNSAT,0.007115,UNSAT-UNSAT,None
/home/annelot/WARMSTART_PROJECT/baseline_symphony_21-01-2026+15_00/tmp/mnist-net_256x2/image_5/mnist-net_256x2_5_0_023.mps,/home/annelot/WARMSTART_PROJECT/baseline_symphony_21-01-2026+15_00/tmp/mnist-net_256x2/image_5/mnist-net_256x2_5_0_037.mps,UNSAT,0.007215,UNSAT-UNSAT,None
/home/annelot/WARMSTART_PROJECT/baseline_symphony_21-01-2026+15_00/tmp/mnist-net_256x2/image_5/mnist-net_256x2_5_0_023.mps,/home/annelot/WARMSTART_PROJECT/baseline_symphony_21-01-2026+15_00/tmp/mnist-net_256x2/image_5/mnist-net_256x2_5_0_027.mps,UNSAT,0.007189,UNSAT-UNSAT,None
/home/annelot/WARMSTART_PROJECT/baseline_symphony_21-01-2026+15_00/tmp/mnist-net_256x2/image_5/mnist-net_256x2_5_0_023.mps,/home/annelot/WARMSTART_PROJECT/baseline_symphony_21-01-2026+15_00/tmp/mnist-net_256x2/image_5/mnist-net_256x2_5_0_025.mps,UNSAT,0.0068,UNSAT-UNSAT,None
/home/annelot/WARMSTART_PROJECT/baseline_symphony_21-01-2026+15_00/tmp/mnist-net_256x2/image_5/mnist-net_256x2_5_0_023.mps,/home/annelot/WARMSTART_PROJECT/baseline_symphony_21-01-2026+15_00/tmp/mnist-net_256x2/image_5/mnist-net_256x2_5_0_031.mps,UNSAT,0.007029,UNSAT-UNSAT,None
/home/annelot/WARMSTART_PROJECT/baseline_symphony_21-01-2026+15_00/tmp/mnist-net_256x2/image_5/mnist-net_256x2_5_0_021.mps,/home/annelot/WARMSTART_PROJECT/baseline_symphony_21-01-2026+15_00/tmp/mnist-net_256x2/image_5/mnist-net_256x2_5_0_037.mps,UNSAT,0.006147,UNSAT-UNSAT,None
/home/annelot/WARMSTART_PROJECT/baseline_symphony_21-01-2026+15_00/tmp/mnist-net_256x2/image_5/mnist-net_256x2_5_0_021.mps,/home/annelot/WARMSTART_PROJECT/baseline_symphony_21-01-2026+15_00/tmp/mnist-net_256x2/image_5/mnist-net_256x2_5_0_033.mps,UNSAT,0.008581,UNSAT-UNSAT,None
/home/annelot/WARMSTART_PROJECT/baseline_symphony_21-01-2026+15_00/tmp/mnist-net_256x2/image_6/mnist-net_256x2_6_0_021.mps,/home/annelot/WARMSTART_PROJECT/baseline_symphony_21-01-2026+15_00/tmp/mnist-net_256x2/image_6/mnist-net_256x2_6_0_029.mps,UNSAT,0.009771,UNSAT-UNSAT,None
/home/annelot/WARMSTART_PROJECT/baseline_symphony_21-01-2026+15_00/tmp/mnist-net_256x2/image_5/mnist-net_256x2_5_0_023.mps,/home/annelot/WARMSTART_PROJECT/baseline_symphony_21-01-2026+15_00/tmp/mnist-net_256x2/image_5/mnist-net_256x2_5_0_035.mps,UNSAT,0.006511,UNSAT-UNSAT,None
/home/annelot/WARMSTART_PROJECT/baseline_symphony_21-01-2026+15_00/tmp/mnist-net/image_9/mnist-net_9_0_033.mps,/home/annelot/WARMSTART_PROJECT/baseline_symphony_21-01-2026+15_00/tmp/mnist-net/image_9/mnist-net_9_0_047.mps,UNSAT,0.013438,UNSAT-UNSAT,None
/home/annelot/WARMSTART_PROJECT/baseline_symphony_21-01-2026+15_00/tmp/mnist-net/image_9/mnist-net_9_0_033.mps,/home/annelot/WARMSTART_PROJECT/baseline_symphony_21-01-2026+15_00/tmp/mnist-net/image_9/mnist-net_9_0_059.mps,UNSAT,0.013123,UNSAT-UNSAT,None
/home/annelot/WARMSTART_PROJECT/baseline_symphony_21-01-2026+15_00/tmp/mnist-net/image_9/mnist-net_9_0_033.mps,/home/annelot/WARMSTART_PROJECT/baseline_symphony_21-01-2026+15_00/tmp/mnist-net/image_9/mnist-net_9_0_045.mps,UNSAT,0.014467,UNSAT-UNSAT,None
/home/annelot/WARMSTART_PROJECT/baseline_symphony_21-01-2026+15_00/tmp/mnist-net/image_9/mnist-net_9_0_033.mps,/home/annelot/WARMSTART_PROJECT/baseline_symphony_21-01-2026+15_00/tmp/mnist-net/image_9/mnist-net_9_0_051.mps,UNSAT,0.013589,UNSAT-UNSAT,None
/home/annelot/WARMSTART_PROJECT/baseline_symphony_21-01-2026+15_00/tmp/mnist-net/image_9/mnist-net_9_0_033.mps,/home/annelot/WARMSTART_PROJECT/baseline_symphony_21-01-2026+15_00/tmp/mnist-net/image_9/mnist-net_9_0_053.mps,UNSAT,0.013634,UNSAT-UNSAT,None
/home/annelot/WARMSTART_PROJECT/baseline_symphony_21-01-2026+15_00/tmp/mnist-net/image_9/mnist-net_9_0_033.mps,/home/annelot/WARMSTART_PROJECT/baseline_symphony_21-01-2026+15_00/tmp/mnist-net/image_9/mnist-net_9_0_055.mps,UNSAT,0.013659,UNSAT-UNSAT,None
/home/annelot/WARMSTART_PROJECT/baseline_symphony_21-01-2026+15_00/tmp/mnist-net/image_9/mnist-net_9_0_035.mps,/home/annelot/WARMSTART_PROJECT/baseline_symphony_21-01-2026+15_00/tmp/mnist-net/image_9/mnist-net_9_0_039.mps,UNSAT,0.013058,UNSAT-UNSAT,None
/home/annelot/WARMSTART_PROJECT/baseline_symphony_21-01-2026+15_00/tmp/mnist-net/image_9/mnist-net_9_0_035.mps,/home/annelot/WARMSTART_PROJECT/baseline_symphony_21-01-2026+15_00/tmp/mnist-net/image_9/mnist-net_9_0_037.mps,UNSAT,0.013066,UNSAT-UNSAT,None
/home/annelot/WARMSTART_PROJECT/baseline_symphony_21-01-2026+15_00/tmp/mnist-net/image_9/mnist-net_9_0_033.mps,/home/annelot/WARMSTART_PROJECT/baseline_symphony_21-01-2026+15_00/tmp/mnist-net/image_9/mnist-net_9_0_057.mps,UNSAT,0.013853,UNSAT-UNSAT,None
/home/annelot/WARMSTART_PROJECT/baseline_symphony_21-01-2026+15_00/tmp/mnist-net/image_9/mnist-net_9_0_033.mps,/home/annelot/WARMSTART_PROJECT/baseline_symphony_21-01-2026+15_00/tmp/mnist-net/image_9/mnist-net_9_0_037.mps,UNSAT,0.013514,UNSAT-UNSAT,None
/home/annelot/WARMSTART_PROJECT/baseline_symphony_21-01-2026+15_00/tmp/mnist-net/image_9/mnist-net_9_0_033.mps,/home/annelot/WARMSTART_PROJECT/baseline_symphony_21-01-2026+15_00/tmp/mnist-net/image_9/mnist-net_9_0_039.mps,UNSAT,0.0134,UNSAT-UNSAT,None
/home/annelot/WARMSTART_PROJECT/baseline_symphony_21-01-2026+15_00/tmp/mnist-net/image_9/mnist-net_9_0_033.mps,/home/annelot/WARMSTART_PROJECT/baseline_symphony_21-01-2026+15_00/tmp/mnist-net/image_9/mnist-net_9_0_049.mps,UNSAT,0.01375,UNSAT-UNSAT,None
/home/annelot/WARMSTART_PROJECT/baseline_symphony_21-01-2026+15_00/tmp/mnist-net/image_9/mnist-net_9_0_033.mps,/home/annelot/WARMSTART_PROJECT/baseline_symphony_21-01-2026+15_00/tmp/mnist-net/image_9/mnist-net_9_0_041.mps,UNSAT,0.013489,UNSAT-UNSAT,None
/home/annelot/WARMSTART_PROJECT/baseline_symphony_21-01-2026+15_00/tmp/mnist-net/image_9/mnist-net_9_0_033.mps,/home/annelot/WARMSTART_PROJECT/baseline_symphony_21-01-2026+15_00/tmp/mnist-net/image_9/mnist-net_9_0_043.mps,UNSAT,0.013529,UNSAT-UNSAT,None
/home/annelot/WARMSTART_PROJECT/baseline_symphony_21-01-2026+15_00/tmp/mnist-net_256x2/image_9/mnist-net_256x2_9_0_021.mps,/home/annelot/WARMSTART_PROJECT/baseline_symphony_21-01-2026+15_00/tmp/mnist-net_256x2/image_9/mnist-net_256x2_9_0_057.mps,UNSAT,0.00644,UNSAT-UNSAT,None
/home/annelot/WARMSTART_PROJECT/baseline_symphony_21-01-2026+15_00/tmp/mnist-net_256x2/image_9/mnist-net_256x2_9_0_021.mps,/home/annelot/WARMSTART_PROJECT/baseline_symphony_21-01-2026+15_00/tmp/mnist-net_256x2/image_9/mnist-net_256x2_9_0_041.mps,UNSAT,0.006487,UNSAT-UNSAT,None
/home/annelot/WARMSTART_PROJECT/baseline_symphony_21-01-2026+15_00/tmp/mnist-net_256x2/image_9/mnist-net_256x2_9_0_021.mps,/home/annelot/WARMSTART_PROJECT/baseline_symphony_21-01-2026+15_00/tmp/mnist-net_256x2/image_9/mnist-net_256x2_9_0_065.mps,UNSAT,0.006387,UNSAT-UNSAT,None
/home/annelot/WARMSTART_PROJECT/baseline_symphony_21-01-2026+15_00/tmp/mnist-net_256x2/image_9/mnist-net_256x2_9_0_021.mps,/home/annelot/WARMSTART_PROJECT/baseline_symphony_21-01-2026+15_00/tmp/mnist-net_256x2/image_9/mnist-net_256x2_9_0_025.mps,UNSAT,0.006524,UNSAT-UNSAT,None
/home/annelot/WARMSTART_PROJECT/baseline_symphony_21-01-2026+15_00/tmp/mnist-net_256x2/image_9/mnist-net_256x2_9_0_021.mps,/home/annelot/WARMSTART_PROJECT/baseline_symphony_21-01-2026+15_00/tmp/mnist-net_256x2/image_9/mnist-net_256x2_9_0_051.mps,UNSAT,0.006337,UNSAT-UNSAT,None
/home/annelot/WARMSTART_PROJECT/baseline_symphony_21-01-2026+15_00/tmp/mnist-net_256x2/image_9/mnist-net_256x2_9_0_021.mps,/home/annelot/WARMSTART_PROJECT/baseline_symphony_21-01-2026+15_00/tmp/mnist-net_256x2/image_9/mnist-net_256x2_9_0_023.mps,UNSAT,0.006488,UNSAT-UNSAT,None
/home/annelot/WARMSTART_PROJECT/baseline_symphony_21-01-2026+15_00/tmp/mnist-net_256x2/image_9/mnist-net_256x2_9_0_021.mps,/home/annelot/WARMSTART_PROJECT/baseline_symphony_21-01-2026+15_00/tmp/mnist-net_256x2/image_9/mnist-net_256x2_9_0_053.mps,UNSAT,0.006363,UNSAT-UNSAT,None
/home/annelot/WARMSTART_PROJECT/baseline_symphony_21-01-2026+15_00/tmp/mnist-net_256x2/image_9/mnist-net_256x2_9_0_021.mps,/home/annelot/WARMSTART_PROJECT/baseline_symphony_21-01-2026+15_00/tmp/mnist-net_256x2/image_9/mnist-net_256x2_9_0_047.mps,UNSAT,0.006505,UNSAT-UNSAT,None
/home/annelot/WARMSTART_PROJECT/baseline_symphony_21-01-2026+15_00/tmp/mnist-net_256x2/image_9/mnist-net_256x2_9_0_021.mps,/home/annelot/WARMSTART_PROJECT/baseline_symphony_21-01-2026+15_00/tmp/mnist-net_256x2/image_9/mnist-net_256x2_9_0_063.mps,UNSAT,0.006491,UNSAT-UNSAT,None
/home/annelot/WARMSTART_PROJECT/baseline_symphony_21-01-2026+15_00/tmp/mnist-net_256x2/image_9/mnist-net_256x2_9_0_021.mps,/home/annelot/WARMSTART_PROJECT/baseline_symphony_21-01-2026+15_00/tmp/mnist-net_256x2/image_9/mnist-net_256x2_9_0_059.mps,UNSAT,0.006498,UNSAT-UNSAT,None
/home/annelot/WARMSTART_PROJECT/baseline_symphony_21-01-2026+15_00/tmp/mnist-net_256x2/image_9/mnist-net_256x2_9_0_021.mps,/home/annelot/WARMSTART_PROJECT/baseline_symphony_21-01-2026+15_00/tmp/mnist-net_256x2/image_9/mnist-net_256x2_9_0_055.mps,UNSAT,0.006438,UNSAT-UNSAT,None
/home/annelot/WARMSTART_PROJECT/baseline_symphony_21-01-2026+15_00/tmp/mnist-net_256x2/image_9/mnist-net_256x2_9_0_021.mps,/home/annelot/WARMSTART_PROJECT/baseline_symphony_21-01-2026+15_00/tmp/mnist-net_256x2/image_9/mnist-net_256x2_9_0_049.mps,UNSAT,0.006694,UNSAT-UNSAT,None
/home/annelot/WARMSTART_PROJECT/baseline_symphony_21-01-2026+15_00/tmp/mnist-net_256x2/image_9/mnist-net_256x2_9_0_021.mps,/home/annelot/WARMSTART_PROJECT/baseline_symphony_21-01-2026+15_00/tmp/mnist-net_256x2/image_9/mnist-net_256x2_9_0_045.mps,UNSAT,0.006874,UNSAT-UNSAT,None
/home/annelot/WARMSTART_PROJECT/baseline_symphony_21-01-2026+15_00/tmp/mnist-net_256x2/image_9/mnist-net_256x2_9_0_021.mps,/home/annelot/WARMSTART_PROJECT/baseline_symphony_21-01-2026+15_00/tmp/mnist-net_256x2/image_9/mnist-net_256x2_9_0_031.mps,UNSAT,0.006966,UNSAT-UNSAT,None
/home/annelot/WARMSTART_PROJECT/baseline_symphony_21-01-2026+15_00/tmp/mnist-net_256x2/image_9/mnist-net_256x2_9_0_021.mps,/home/annelot/WARMSTART_PROJECT/baseline_symphony_21-01-2026+15_00/tmp/mnist-net_256x2/image_9/mnist-net_256x2_9_0_033.mps,UNSAT,0.00695,UNSAT-UNSAT,None
/home/annelot/WARMSTART_PROJECT/baseline_symphony_21-01-2026+15_00/tmp/mnist-net_256x2/image_9/mnist-net_256x2_9_0_021.mps,/home/annelot/WARMSTART_PROJECT/baseline_symphony_21-01-2026+15_00/tmp/mnist-net_256x2/image_9/mnist-net_256x2_9_0_043.mps,UNSAT,0.006686,UNSAT-UNSAT,None
/home/annelot/WARMSTART_PROJECT/baseline_symphony_21-01-2026+15_00/tmp/mnist-net_256x2/image_9/mnist-net_256x2_9_0_021.mps,/home/annelot/WARMSTART_PROJECT/baseline_symphony_21-01-2026+15_00/tmp/mnist-net_256x2/image_9/mnist-net_256x2_9_0_027.mps,UNSAT,0.006966,UNSAT-UNSAT,None
/home/annelot/WARMSTART_PROJECT/baseline_symphony_21-01-2026+15_00/tmp/mnist-net_256x2/image_9/mnist-net_256x2_9_0_021.mps,/home/annelot/WARMSTART_PROJECT/baseline_symphony_21-01-2026+15_00/tmp/mnist-net_256x2/image_9/mnist-net_256x2_9_0_039.mps,UNSAT,0.006838,UNSAT-UNSAT,None
/home/annelot/WARMSTART_PROJECT/baseline_symphony_21-01-2026+15_00/tmp/mnist-net_256x2/image_9/mnist-net_256x2_9_0_021.mps,/home/annelot/WARMSTART_PROJECT/baseline_symphony_21-01-2026+15_00/tmp/mnist-net_256x2/image_9/mnist-net_256x2_9_0_035.mps,UNSAT,0.006438,UNSAT-UNSAT,None
/home/annelot/WARMSTART_PROJECT/baseline_symphony_21-01-2026+15_00/tmp/mnist-net_256x2/image_9/mnist-net_256x2_9_0_021.mps,/home/annelot/WARMSTART_PROJECT/baseline_symphony_21-01-2026+15_00/tmp/mnist-net_256x2/image_9/mnist-net_256x2_9_0_037.mps,UNSAT,0.009063,UNSAT-UNSAT,None
/home/annelot/WARMSTART_PROJECT/baseline_symphony_21-01-2026+15_00/tmp/mnist-net_256x2/image_9/mnist-net_256x2_9_0_021.mps,/home/annelot/WARMSTART_PROJECT/baseline_symphony_21-01-2026+15_00/tmp/mnist-net_256x2/image_9/mnist-net_256x2_9_0_029.mps,UNSAT,0.006407,UNSAT-UNSAT,None
/home/annelot/WARMSTART_PROJECT/baseline_symphony_21-01-2026+15_00/tmp/mnist-net/image_9/mnist-net_9_0_035.mps,/home/annelot/WARMSTART_PROJECT/baseline_symphony_21-01-2026+15_00/tmp/mnist-net/image_9/mnist-net_9_0_059.mps,UNSAT,0.012485,UNSAT-UNSAT,None
/home/annelot/WARMSTART_PROJECT/baseline_symphony_21-01-2026+15_00/tmp/mnist-net/image_9/mnist-net_9_0_035.mps,/home/annelot/WARMSTART_PROJECT/baseline_symphony_21-01-2026+15_00/tmp/mnist-net/image_9/mnist-net_9_0_045.mps,UNSAT,0.012389,UNSAT-UNSAT,None
/home/annelot/WARMSTART_PROJECT/baseline_symphony_21-01-2026+15_00/tmp/mnist-net/image_9/mnist-net_9_0_035.mps,/home/annelot/WARMSTART_PROJECT/baseline_symphony_21-01-2026+15_00/tmp/mnist-net/image_9/mnist-net_9_0_041.mps,UNSAT,0.012828,UNSAT-UNSAT,None
/home/annelot/WARMSTART_PROJECT/baseline_symphony_21-01-2026+15_00/tmp/mnist-net/image_9/mnist-net_9_0_035.mps,/home/annelot/WARMSTART_PROJECT/baseline_symphony_21-01-2026+15_00/tmp/mnist-net/image_9/mnist-net_9_0_047.mps,UNSAT,0.01287,UNSAT-UNSAT,None
/home/annelot/WARMSTART_PROJECT/baseline_symphony_21-01-2026+15_00/tmp/mnist-net/image_9/mnist-net_9_0_035.mps,/home/annelot/WARMSTART_PROJECT/baseline_symphony_21-01-2026+15_00/tmp/mnist-net/image_9/mnist-net_9_0_057.mps,UNSAT,0.01302,UNSAT-UNSAT,None
/home/annelot/WARMSTART_PROJECT/baseline_symphony_21-01-2026+15_00/tmp/mnist-net/image_9/mnist-net_9_0_035.mps,/home/annelot/WARMSTART_PROJECT/baseline_symphony_21-01-2026+15_00/tmp/mnist-net/image_9/mnist-net_9_0_043.mps,UNSAT,0.012727,UNSAT-UNSAT,None
/home/annelot/WARMSTART_PROJECT/baseline_symphony_21-01-2026+15_00/tmp/mnist-net/image_9/mnist-net_9_0_035.mps,/home/annelot/WARMSTART_PROJECT/baseline_symphony_21-01-2026+15_00/tmp/mnist-net/image_9/mnist-net_9_0_051.mps,UNSAT,0.013721,UNSAT-UNSAT,None
/home/annelot/WARMSTART_PROJECT/baseline_symphony_21-01-2026+15_00/tmp/mnist-net/image_9/mnist-net_9_0_035.mps,/home/annelot/WARMSTART_PROJECT/baseline_symphony_21-01-2026+15_00/tmp/mnist-net/image_9/mnist-net_9_0_049.mps,UNSAT,0.012678,UNSAT-UNSAT,None
/home/annelot/WARMSTART_PROJECT/baseline_symphony_21-01-2026+15_00/tmp/mnist-net/image_9/mnist-net_9_0_035.mps,/home/annelot/WARMSTART_PROJECT/baseline_symphony_21-01-2026+15_00/tmp/mnist-net/image_9/mnist-net_9_0_055.mps,UNSAT,0.012219,UNSAT-UNSAT,None
/home/annelot/WARMSTART_PROJECT/baseline_symphony_21-01-2026+15_00/tmp/mnist-net/image_9/mnist-net_9_0_035.mps,/home/annelot/WARMSTART_PROJECT/baseline_symphony_21-01-2026+15_00/tmp/mnist-net/image_9/mnist-net_9_0_053.mps,UNSAT,0.012315,UNSAT-UNSAT,None
/home/annelot/WARMSTART_PROJECT/baseline_symphony_21-01-2026+15_00/tmp/mnist-net_256x2/image_9/mnist-net_256x2_9_0_023.mps,/home/annelot/WARMSTART_PROJECT/baseline_symphony_21-01-2026+15_00/tmp/mnist-net_256x2/image_9/mnist-net_256x2_9_0_031.mps,UNSAT,0.006182,UNSAT-UNSAT,None
/home/annelot/WARMSTART_PROJECT/baseline_symphony_21-01-2026+15_00/tmp/mnist-net_256x2/image_9/mnist-net_256x2_9_0_023.mps,/home/annelot/WARMSTART_PROJECT/baseline_symphony_21-01-2026+15_00/tmp/mnist-net_256x2/image_9/mnist-net_256x2_9_0_029.mps,UNSAT,0.006495,UNSAT-UNSAT,None
/home/annelot/WARMSTART_PROJECT/baseline_symphony_21-01-2026+15_00/tmp/mnist-net_256x2/image_9/mnist-net_256x2_9_0_023.mps,/home/annelot/WARMSTART_PROJECT/baseline_symphony_21-01-2026+15_00/tmp/mnist-net_256x2/image_9/mnist-net_256x2_9_0_051.mps,UNSAT,0.006881,UNSAT-UNSAT,None
/home/annelot/WARMSTART_PROJECT/baseline_symphony_21-01-2026+15_00/tmp/mnist-net_256x2/image_9/mnist-net_256x2_9_0_023.mps,/home/annelot/WARMSTART_PROJECT/baseline_symphony_21-01-2026+15_00/tmp/mnist-net_256x2/image_9/mnist-net_256x2_9_0_035.mps,UNSAT,0.00667,UNSAT-UNSAT,None
/home/annelot/WARMSTART_PROJECT/baseline_symphony_21-01-2026+15_00/tmp/mnist-net_256x2/image_9/mnist-net_256x2_9_0_023.mps,/home/annelot/WARMSTART_PROJECT/baseline_symphony_21-01-2026+15_00/tmp/mnist-net_256x2/image_9/mnist-net_256x2_9_0_025.mps,UNSAT,0.00662,UNSAT-UNSAT,None
/home/annelot/WARMSTART_PROJECT/baseline_symphony_21-01-2026+15_00/tmp/mnist-net_256x2/image_9/mnist-net_256x2_9_0_021.mps,/home/annelot/WARMSTART_PROJECT/baseline_symphony_21-01-2026+15_00/tmp/mnist-net_256x2/image_9/mnist-net_256x2_9_0_061.mps,UNSAT,0.007512,UNSAT-UNSAT,None
/home/annelot/WARMSTART_PROJECT/baseline_symphony_21-01-2026+15_00/tmp/mnist-net_256x2/image_9/mnist-net_256x2_9_0_025.mps,/home/annelot/WARMSTART_PROJECT/baseline_symphony_21-01-2026+15_00/tmp/mnist-net_256x2/image_9/mnist-net_256x2_9_0_043.mps,UNSAT,0.005542,UNSAT-UNSAT,None
/home/annelot/WARMSTART_PROJECT/baseline_symphony_21-01-2026+15_00/tmp/mnist-net_256x2/image_9/mnist-net_256x2_9_0_023.mps,/home/annelot/WARMSTART_PROJECT/baseline_symphony_21-01-2026+15_00/tmp/mnist-net_256x2/image_9/mnist-net_256x2_9_0_027.mps,UNSAT,0.006281,UNSAT-UNSAT,None
/home/annelot/WARMSTART_PROJECT/baseline_symphony_21-01-2026+15_00/tmp/mnist-net_256x2/image_9/mnist-net_256x2_9_0_023.mps,/home/annelot/WARMSTART_PROJECT/baseline_symphony_21-01-2026+15_00/tmp/mnist-net_256x2/image_9/mnist-net_256x2_9_0_037.mps,UNSAT,0.00585,UNSAT-UNSAT,None
/home/annelot/WARMSTART_PROJECT/baseline_symphony_21-01-2026+15_00/tmp/mnist-net_256x2/image_9/mnist-net_256x2_9_0_023.mps,/home/annelot/WARMSTART_PROJECT/baseline_symphony_21-01-2026+15_00/tmp/mnist-net_256x2/image_9/mnist-net_256x2_9_0_033.mps,UNSAT,0.00585,UNSAT-UNSAT,None
/home/annelot/WARMSTART_PROJECT/baseline_symphony_21-01-2026+15_00/tmp/mnist-net_256x2/image_9/mnist-net_256x2_9_0_025.mps,/home/annelot/WARMSTART_PROJECT/baseline_symphony_21-01-2026+15_00/tmp/mnist-net_256x2/image_9/mnist-net_256x2_9_0_035.mps,UNSAT,0.005717,UNSAT-UNSAT,None
/home/annelot/WARMSTART_PROJECT/baseline_symphony_21-01-2026+15_00/tmp/mnist-net_256x2/image_9/mnist-net_256x2_9_0_023.mps,/home/annelot/WARMSTART_PROJECT/baseline_symphony_21-01-2026+15_00/tmp/mnist-net_256x2/image_9/mnist-net_256x2_9_0_043.mps,UNSAT,0.006378,UNSAT-UNSAT,None
/home/annelot/WARMSTART_PROJECT/baseline_symphony_21-01-2026+15_00/tmp/mnist-net_256x2/image_9/mnist-net_256x2_9_0_025.mps,/home/annelot/WARMSTART_PROJECT/baseline_symphony_21-01-2026+15_00/tmp/mnist-net_256x2/image_9/mnist-net_256x2_9_0_039.mps,UNSAT,0.006416,UNSAT-UNSAT,None
/home/annelot/WARMSTART_PROJECT/baseline_symphony_21-01-2026+15_00/tmp/mnist-net_256x2/image_9/mnist-net_256x2_9_0_025.mps,/home/annelot/WARMSTART_PROJECT/baseline_symphony_21-01-2026+15_00/tmp/mnist-net_256x2/image_9/mnist-net_256x2_9_0_033.mps,UNSAT,0.006437,UNSAT-UNSAT,None
/home/annelot/WARMSTART_PROJECT/baseline_symphony_21-01-2026+15_00/tmp/mnist-net_256x2/image_9/mnist-net_256x2_9_0_025.mps,/home/annelot/WARMSTART_PROJECT/baseline_symphony_21-01-2026+15_00/tmp/mnist-net_256x2/image_9/mnist-net_256x2_9_0_037.mps,UNSAT,0.006361,UNSAT-UNSAT,None
/home/annelot/WARMSTART_PROJECT/baseline_symphony_21-01-2026+15_00/tmp/mnist-net_256x2/image_9/mnist-net_256x2_9_0_023.mps,/home/annelot/WARMSTART_PROJECT/baseline_symphony_21-01-2026+15_00/tmp/mnist-net_256x2/image_9/mnist-net_256x2_9_0_061.mps,UNSAT,0.006448,UNSAT-UNSAT,None
/home/annelot/WARMSTART_PROJECT/baseline_symphony_21-01-2026+15_00/tmp/mnist-net_256x2/image_9/mnist-net_256x2_9_0_023.mps,/home/annelot/WARMSTART_PROJECT/baseline_symphony_21-01-2026+15_00/tmp/mnist-net_256x2/image_9/mnist-net_256x2_9_0_065.mps,UNSAT,0.006315,UNSAT-UNSAT,None
/home/annelot/WARMSTART_PROJECT/baseline_symphony_21-01-2026+15_00/tmp/mnist-net_256x2/image_9/mnist-net_256x2_9_0_025.mps,/home/annelot/WARMSTART_PROJECT/baseline_symphony_21-01-2026+15_00/tmp/mnist-net_256x2/image_9/mnist-net_256x2_9_0_047.mps,UNSAT,0.006425,UNSAT-UNSAT,None
/home/annelot/WARMSTART_PROJECT/baseline_symphony_21-01-2026+15_00/tmp/mnist-net_256x2/image_9/mnist-net_256x2_9_0_023.mps,/home/annelot/WARMSTART_PROJECT/baseline_symphony_21-01-2026+15_00/tmp/mnist-net_256x2/image_9/mnist-net_256x2_9_0_053.mps,UNSAT,0.006585,UNSAT-UNSAT,None
/home/annelot/WARMSTART_PROJECT/baseline_symphony_21-01-2026+15_00/tmp/mnist-net_256x2/image_9/mnist-net_256x2_9_0_023.mps,/home/annelot/WARMSTART_PROJECT/baseline_symphony_21-01-2026+15_00/tmp/mnist-net_256x2/image_9/mnist-net_256x2_9_0_041.mps,UNSAT,0.00683,UNSAT-UNSAT,None
/home/annelot/WARMSTART_PROJECT/baseline_symphony_21-01-2026+15_00/tmp/mnist-net_256x2/image_9/mnist-net_256x2_9_0_023.mps,/home/annelot/WARMSTART_PROJECT/baseline_symphony_21-01-2026+15_00/tmp/mnist-net_256x2/image_9/mnist-net_256x2_9_0_045.mps,UNSAT,0.006883,UNSAT-UNSAT,None
/home/annelot/WARMSTART_PROJECT/baseline_symphony_21-01-2026+15_00/tmp/mnist-net_256x2/image_9/mnist-net_256x2_9_0_023.mps,/home/annelot/WARMSTART_PROJECT/baseline_symphony_21-01-2026+15_00/tmp/mnist-net_256x2/image_9/mnist-net_256x2_9_0_057.mps,UNSAT,0.006663,UNSAT-UNSAT,None
/home/annelot/WARMSTART_PROJECT/baseline_symphony_21-01-2026+15_00/tmp/mnist-net_256x2/image_9/mnist-net_256x2_9_0_025.mps,/home/annelot/WARMSTART_PROJECT/baseline_symphony_21-01-2026+15_00/tmp/mnist-net_256x2/image_9/mnist-net_256x2_9_0_031.mps,UNSAT,0.006589,UNSAT-UNSAT,None
/home/annelot/WARMSTART_PROJECT/baseline_symphony_21-01-2026+15_00/tmp/mnist-net_256x2/image_9/mnist-net_256x2_9_0_025.mps,/home/annelot/WARMSTART_PROJECT/baseline_symphony_21-01-2026+15_00/tmp/mnist-net_256x2/image_9/mnist-net_256x2_9_0_029.mps,UNSAT,0.006557,UNSAT-UNSAT,None
/home/annelot/WARMSTART_PROJECT/baseline_symphony_21-01-2026+15_00/tmp/mnist-net_256x2/image_9/mnist-net_256x2_9_0_025.mps,/home/annelot/WARMSTART_PROJECT/baseline_symphony_21-01-2026+15_00/tmp/mnist-net_256x2/image_9/mnist-net_256x2_9_0_027.mps,UNSAT,0.00659,UNSAT-UNSAT,None
/home/annelot/WARMSTART_PROJECT/baseline_symphony_21-01-2026+15_00/tmp/mnist-net_256x2/image_9/mnist-net_256x2_9_0_023.mps,/home/annelot/WARMSTART_PROJECT/baseline_symphony_21-01-2026+15_00/tmp/mnist-net_256x2/image_9/mnist-net_256x2_9_0_059.mps,UNSAT,0.007021,UNSAT-UNSAT,None
/home/annelot/WARMSTART_PROJECT/baseline_symphony_21-01-2026+15_00/tmp/mnist-net_256x2/image_9/mnist-net_256x2_9_0_023.mps,/home/annelot/WARMSTART_PROJECT/baseline_symphony_21-01-2026+15_00/tmp/mnist-net_256x2/image_9/mnist-net_256x2_9_0_047.mps,UNSAT,0.006567,UNSAT-UNSAT,None
/home/annelot/WARMSTART_PROJECT/baseline_symphony_21-01-2026+15_00/tmp/mnist-net_256x2/image_9/mnist-net_256x2_9_0_023.mps,/home/annelot/WARMSTART_PROJECT/baseline_symphony_21-01-2026+15_00/tmp/mnist-net_256x2/image_9/mnist-net_256x2_9_0_055.mps,UNSAT,0.00686,UNSAT-UNSAT,None
/home/annelot/WARMSTART_PROJECT/baseline_symphony_21-01-2026+15_00/tmp/mnist-net_256x2/image_9/mnist-net_256x2_9_0_023.mps,/home/annelot/WARMSTART_PROJECT/baseline_symphony_21-01-2026+15_00/tmp/mnist-net_256x2/image_9/mnist-net_256x2_9_0_063.mps,UNSAT,0.006536,UNSAT-UNSAT,None
/home/annelot/WARMSTART_PROJECT/baseline_symphony_21-01-2026+15_00/tmp/mnist-net_256x2/image_9/mnist-net_256x2_9_0_023.mps,/home/annelot/WARMSTART_PROJECT/baseline_symphony_21-01-2026+15_00/tmp/mnist-net_256x2/image_9/mnist-net_256x2_9_0_049.mps,UNSAT,0.008914,UNSAT-UNSAT,None
/home/annelot/WARMSTART_PROJECT/baseline_symphony_21-01-2026+15_00/tmp/mnist-net_256x2/image_9/mnist-net_256x2_9_0_023.mps,/home/annelot/WARMSTART_PROJECT/baseline_symphony_21-01-2026+15_00/tmp/mnist-net_256x2/image_9/mnist-net_256x2_9_0_039.mps,UNSAT,0.008824,UNSAT-UNSAT,None
/home/annelot/WARMSTART_PROJECT/baseline_symphony_21-01-2026+15_00/tmp/mnist-net_256x2/image_9/mnist-net_256x2_9_0_027.mps,/home/annelot/WARMSTART_PROJECT/baseline_symphony_21-01-2026+15_00/tmp/mnist-net_256x2/image_9/mnist-net_256x2_9_0_041.mps,UNSAT,0.006296,UNSAT-UNSAT,None
/home/annelot/WARMSTART_PROJECT/baseline_symphony_21-01-2026+15_00/tmp/mnist-net_256x2/image_9/mnist-net_256x2_9_0_025.mps,/home/annelot/WARMSTART_PROJECT/baseline_symphony_21-01-2026+15_00/tmp/mnist-net_256x2/image_9/mnist-net_256x2_9_0_041.mps,UNSAT,0.006556,UNSAT-UNSAT,None
/home/annelot/WARMSTART_PROJECT/baseline_symphony_21-01-2026+15_00/tmp/mnist-net_256x2/image_9/mnist-net_256x2_9_0_025.mps,/home/annelot/WARMSTART_PROJECT/baseline_symphony_21-01-2026+15_00/tmp/mnist-net_256x2/image_9/mnist-net_256x2_9_0_049.mps,UNSAT,0.006533,UNSAT-UNSAT,None
/home/annelot/WARMSTART_PROJECT/baseline_symphony_21-01-2026+15_00/tmp/mnist-net_256x2/image_9/mnist-net_256x2_9_0_025.mps,/home/annelot/WARMSTART_PROJECT/baseline_symphony_21-01-2026+15_00/tmp/mnist-net_256x2/image_9/mnist-net_256x2_9_0_051.mps,UNSAT,0.005686,UNSAT-UNSAT,None
/home/annelot/WARMSTART_PROJECT/baseline_symphony_21-01-2026+15_00/tmp/mnist-net_256x2/image_9/mnist-net_256x2_9_0_025.mps,/home/annelot/WARMSTART_PROJECT/baseline_symphony_21-01-2026+15_00/tmp/mnist-net_256x2/image_9/mnist-net_256x2_9_0_045.mps,UNSAT,0.009355,UNSAT-UNSAT,None
/home/annelot/WARMSTART_PROJECT/baseline_symphony_21-01-2026+15_00/tmp/mnist-net_256x2/image_9/mnist-net_256x2_9_0_025.mps,/home/annelot/WARMSTART_PROJECT/baseline_symphony_21-01-2026+15_00/tmp/mnist-net_256x2/image_9/mnist-net_256x2_9_0_055.mps,UNSAT,0.006721,UNSAT-UNSAT,None
/home/annelot/WARMSTART_PROJECT/baseline_symphony_21-01-2026+15_00/tmp/mnist-net_256x2/image_9/mnist-net_256x2_9_0_027.mps,/home/annelot/WARMSTART_PROJECT/baseline_symphony_21-01-2026+15_00/tmp/mnist-net_256x2/image_9/mnist-net_256x2_9_0_037.mps,UNSAT,0.005919,UNSAT-UNSAT,None
/home/annelot/WARMSTART_PROJECT/baseline_symphony_21-01-2026+15_00/tmp/mnist-net_256x2/image_9/mnist-net_256x2_9_0_027.mps,/home/annelot/WARMSTART_PROJECT/baseline_symphony_21-01-2026+15_00/tmp/mnist-net_256x2/image_9/mnist-net_256x2_9_0_059.mps,UNSAT,0.0061,UNSAT-UNSAT,None
/home/annelot/WARMSTART_PROJECT/baseline_symphony_21-01-2026+15_00/tmp/mnist-net_256x2/image_9/mnist-net_256x2_9_0_027.mps,/home/annelot/WARMSTART_PROJECT/baseline_symphony_21-01-2026+15_00/tmp/mnist-net_256x2/image_9/mnist-net_256x2_9_0_063.mps,UNSAT,0.006026,UNSAT-UNSAT,None
/home/annelot/WARMSTART_PROJECT/baseline_symphony_21-01-2026+15_00/tmp/mnist-net_256x2/image_9/mnist-net_256x2_9_0_027.mps,/home/annelot/WARMSTART_PROJECT/baseline_symphony_21-01-2026+15_00/tmp/mnist-net_256x2/image_9/mnist-net_256x2_9_0_051.mps,UNSAT,0.00606,UNSAT-UNSAT,None
/home/annelot/WARMSTART_PROJECT/baseline_symphony_21-01-2026+15_00/tmp/mnist-net_256x2/image_9/mnist-net_256x2_9_0_027.mps,/home/annelot/WARMSTART_PROJECT/baseline_symphony_21-01-2026+15_00/tmp/mnist-net_256x2/image_9/mnist-net_256x2_9_0_061.mps,UNSAT,0.006029,UNSAT-UNSAT,None
/home/annelot/WARMSTART_PROJECT/baseline_symphony_21-01-2026+15_00/tmp/mnist-net_256x2/image_9/mnist-net_256x2_9_0_027.mps,/home/annelot/WARMSTART_PROJECT/baseline_symphony_21-01-2026+15_00/tmp/mnist-net_256x2/image_9/mnist-net_256x2_9_0_055.mps,UNSAT,0.006153,UNSAT-UNSAT,None
/home/annelot/WARMSTART_PROJECT/baseline_symphony_21-01-2026+15_00/tmp/mnist-net_256x2/image_9/mnist-net_256x2_9_0_025.mps,/home/annelot/WARMSTART_PROJECT/baseline_symphony_21-01-2026+15_00/tmp/mnist-net_256x2/image_9/mnist-net_256x2_9_0_059.mps,UNSAT,0.006302,UNSAT-UNSAT,None
/home/annelot/WARMSTART_PROJECT/baseline_symphony_21-01-2026+15_00/tmp/mnist-net_256x2/image_9/mnist-net_256x2_9_0_025.mps,/home/annelot/WARMSTART_PROJECT/baseline_symphony_21-01-2026+15_00/tmp/mnist-net_256x2/image_9/mnist-net_256x2_9_0_063.mps,UNSAT,0.00623,UNSAT-UNSAT,None
/home/annelot/WARMSTART_PROJECT/baseline_symphony_21-01-2026+15_00/tmp/mnist-net_256x2/image_9/mnist-net_256x2_9_0_027.mps,/home/annelot/WARMSTART_PROJECT/baseline_symphony_21-01-2026+15_00/tmp/mnist-net_256x2/image_9/mnist-net_256x2_9_0_065.mps,UNSAT,0.005976,UNSAT-UNSAT,None
/home/annelot/WARMSTART_PROJECT/baseline_symphony_21-01-2026+15_00/tmp/mnist-net_256x2/image_9/mnist-net_256x2_9_0_029.mps,/home/annelot/WARMSTART_PROJECT/baseline_symphony_21-01-2026+15_00/tmp/mnist-net_256x2/image_9/mnist-net_256x2_9_0_037.mps,UNSAT,0.006602,UNSAT-UNSAT,None
/home/annelot/WARMSTART_PROJECT/baseline_symphony_21-01-2026+15_00/tmp/mnist-net_256x2/image_9/mnist-net_256x2_9_0_027.mps,/home/annelot/WARMSTART_PROJECT/baseline_symphony_21-01-2026+15_00/tmp/mnist-net_256x2/image_9/mnist-net_256x2_9_0_057.mps,UNSAT,0.006636,UNSAT-UNSAT,None
/home/annelot/WARMSTART_PROJECT/baseline_symphony_21-01-2026+15_00/tmp/mnist-net_256x2/image_9/mnist-net_256x2_9_0_027.mps,/home/annelot/WARMSTART_PROJECT/baseline_symphony_21-01-2026+15_00/tmp/mnist-net_256x2/image_9/mnist-net_256x2_9_0_033.mps,UNSAT,0.009401,UNSAT-UNSAT,None
/home/annelot/WARMSTART_PROJECT/baseline_symphony_21-01-2026+15_00/tmp/mnist-net_256x2/image_9/mnist-net_256x2_9_0_027.mps,/home/annelot/WARMSTART_PROJECT/baseline_symphony_21-01-2026+15_00/tmp/mnist-net_256x2/image_9/mnist-net_256x2_9_0_029.mps,UNSAT,0.006631,UNSAT-UNSAT,None
/home/annelot/WARMSTART_PROJECT/baseline_symphony_21-01-2026+15_00/tmp/mnist-net_256x2/image_9/mnist-net_256x2_9_0_027.mps,/home/annelot/WARMSTART_PROJECT/baseline_symphony_21-01-2026+15_00/tmp/mnist-net_256x2/image_9/mnist-net_256x2_9_0_045.mps,UNSAT,0.006978,UNSAT-UNSAT,None
/home/annelot/WARMSTART_PROJECT/baseline_symphony_21-01-2026+15_00/tmp/mnist-net_256x2/image_9/mnist-net_256x2_9_0_027.mps,/home/annelot/WARMSTART_PROJECT/baseline_symphony_21-01-2026+15_00/tmp/mnist-net_256x2/image_9/mnist-net_256x2_9_0_035.mps,UNSAT,0.007303,UNSAT-UNSAT,None
/home/annelot/WARMSTART_PROJECT/baseline_symphony_21-01-2026+15_00/tmp/mnist-net_256x2/image_9/mnist-net_256x2_9_0_027.mps,/home/annelot/WARMSTART_PROJECT/baseline_symphony_21-01-2026+15_00/tmp/mnist-net_256x2/image_9/mnist-net_256x2_9_0_043.mps,UNSAT,0.007028,UNSAT-UNSAT,None
/home/annelot/WARMSTART_PROJECT/baseline_symphony_21-01-2026+15_00/tmp/mnist-net_256x2/image_9/mnist-net_256x2_9_0_027.mps,/home/annelot/WARMSTART_PROJECT/baseline_symphony_21-01-2026+15_00/tmp/mnist-net_256x2/image_9/mnist-net_256x2_9_0_047.mps,UNSAT,0.007192,UNSAT-UNSAT,None
/home/annelot/WARMSTART_PROJECT/baseline_symphony_21-01-2026+15_00/tmp/mnist-net_256x2/image_9/mnist-net_256x2_9_0_027.mps,/home/annelot/WARMSTART_PROJECT/baseline_symphony_21-01-2026+15_00/tmp/mnist-net_256x2/image_9/mnist-net_256x2_9_0_049.mps,UNSAT,0.007227,UNSAT-UNSAT,None
/home/annelot/WARMSTART_PROJECT/baseline_symphony_21-01-2026+15_00/tmp/mnist-net_256x2/image_9/mnist-net_256x2_9_0_025.mps,/home/annelot/WARMSTART_PROJECT/baseline_symphony_21-01-2026+15_00/tmp/mnist-net_256x2/image_9/mnist-net_256x2_9_0_065.mps,UNSAT,0.006807,UNSAT-UNSAT,None
/home/annelot/WARMSTART_PROJECT/baseline_symphony_21-01-2026+15_00/tmp/mnist-net_256x2/image_9/mnist-net_256x2_9_0_025.mps,/home/annelot/WARMSTART_PROJECT/baseline_symphony_21-01-2026+15_00/tmp/mnist-net_256x2/image_9/mnist-net_256x2_9_0_061.mps,UNSAT,0.006571,UNSAT-UNSAT,None
/home/annelot/WARMSTART_PROJECT/baseline_symphony_21-01-2026+15_00/tmp/mnist-net_256x2/image_9/mnist-net_256x2_9_0_025.mps,/home/annelot/WARMSTART_PROJECT/baseline_symphony_21-01-2026+15_00/tmp/mnist-net_256x2/image_9/mnist-net_256x2_9_0_053.mps,UNSAT,0.007437,UNSAT-UNSAT,None
/home/annelot/WARMSTART_PROJECT/baseline_symphony_21-01-2026+15_00/tmp/mnist-net_256x2/image_9/mnist-net_256x2_9_0_025.mps,/home/annelot/WARMSTART_PROJECT/baseline_symphony_21-01-2026+15_00/tmp/mnist-net_256x2/image_9/mnist-net_256x2_9_0_057.mps,UNSAT,0.007552,UNSAT-UNSAT,None
/home/annelot/WARMSTART_PROJECT/baseline_symphony_21-01-2026+15_00/tmp/mnist-net_256x2/image_9/mnist-net_256x2_9_0_027.mps,/home/annelot/WARMSTART_PROJECT/baseline_symphony_21-01-2026+15_00/tmp/mnist-net_256x2/image_9/mnist-net_256x2_9_0_039.mps,UNSAT,0.005651,UNSAT-UNSAT,None
/home/annelot/WARMSTART_PROJECT/baseline_symphony_21-01-2026+15_00/tmp/mnist-net_256x2/image_9/mnist-net_256x2_9_0_027.mps,/home/annelot/WARMSTART_PROJECT/baseline_symphony_21-01-2026+15_00/tmp/mnist-net_256x2/image_9/mnist-net_256x2_9_0_053.mps,UNSAT,0.005751,UNSAT-UNSAT,None
/home/annelot/WARMSTART_PROJECT/baseline_symphony_21-01-2026+15_00/tmp/mnist-net_256x2/image_9/mnist-net_256x2_9_0_027.mps,/home/annelot/WARMSTART_PROJECT/baseline_symphony_21-01-2026+15_00/tmp/mnist-net_256x2/image_9/mnist-net_256x2_9_0_031.mps,UNSAT,0.00562,UNSAT-UNSAT,None
/home/annelot/WARMSTART_PROJECT/baseline_symphony_21-01-2026+15_00/tmp/mnist-net_256x2/image_9/mnist-net_256x2_9_0_029.mps,/home/annelot/WARMSTART_PROJECT/baseline_symphony_21-01-2026+15_00/tmp/mnist-net_256x2/image_9/mnist-net_256x2_9_0_047.mps,UNSAT,0.006871,UNSAT-UNSAT,None
/home/annelot/WARMSTART_PROJECT/baseline_symphony_21-01-2026+15_00/tmp/mnist-net_256x2/image_9/mnist-net_256x2_9_0_029.mps,/home/annelot/WARMSTART_PROJECT/baseline_symphony_21-01-2026+15_00/tmp/mnist-net_256x2/image_9/mnist-net_256x2_9_0_041.mps,UNSAT,0.006869,UNSAT-UNSAT,None
/home/annelot/WARMSTART_PROJECT/baseline_symphony_21-01-2026+15_00/tmp/mnist-net_256x2/image_9/mnist-net_256x2_9_0_031.mps,/home/annelot/WARMSTART_PROJECT/baseline_symphony_21-01-2026+15_00/tmp/mnist-net_256x2/image_9/mnist-net_256x2_9_0_057.mps,UNSAT,0.006885,UNSAT-UNSAT,None
/home/annelot/WARMSTART_PROJECT/baseline_symphony_21-01-2026+15_00/tmp/mnist-net_256x2/image_9/mnist-net_256x2_9_0_029.mps,/home/annelot/WARMSTART_PROJECT/baseline_symphony_21-01-2026+15_00/tmp/mnist-net_256x2/image_9/mnist-net_256x2_9_0_035.mps,UNSAT,0.010059,UNSAT-UNSAT,None
/home/annelot/WARMSTART_PROJECT/baseline_symphony_21-01-2026+15_00/tmp/mnist-net_256x2/image_9/mnist-net_256x2_9_0_031.mps,/home/annelot/WARMSTART_PROJECT/baseline_symphony_21-01-2026+15_00/tmp/mnist-net_256x2/image_9/mnist-net_256x2_9_0_049.mps,UNSAT,0.006241,UNSAT-UNSAT,None
/home/annelot/WARMSTART_PROJECT/baseline_symphony_21-01-2026+15_00/tmp/mnist-net_256x2/image_9/mnist-net_256x2_9_0_029.mps,/home/annelot/WARMSTART_PROJECT/baseline_symphony_21-01-2026+15_00/tmp/mnist-net_256x2/image_9/mnist-net_256x2_9_0_045.mps,UNSAT,0.008972,UNSAT-UNSAT,None
/home/annelot/WARMSTART_PROJECT/baseline_symphony_21-01-2026+15_00/tmp/mnist-net_256x2/image_9/mnist-net_256x2_9_0_031.mps,/home/annelot/WARMSTART_PROJECT/baseline_symphony_21-01-2026+15_00/tmp/mnist-net_256x2/image_9/mnist-net_256x2_9_0_055.mps,UNSAT,0.006166,UNSAT-UNSAT,None
/home/annelot/WARMSTART_PROJECT/baseline_symphony_21-01-2026+15_00/tmp/mnist-net_256x2/image_9/mnist-net_256x2_9_0_029.mps,/home/annelot/WARMSTART_PROJECT/baseline_symphony_21-01-2026+15_00/tmp/mnist-net_256x2/image_9/mnist-net_256x2_9_0_031.mps,UNSAT,0.010267,UNSAT-UNSAT,None
/home/annelot/WARMSTART_PROJECT/baseline_symphony_21-01-2026+15_00/tmp/mnist-net_256x2/image_9/mnist-net_256x2_9_0_031.mps,/home/annelot/WARMSTART_PROJECT/baseline_symphony_21-01-2026+15_00/tmp/mnist-net_256x2/image_9/mnist-net_256x2_9_0_033.mps,UNSAT,0.006696,UNSAT-UNSAT,None
/home/annelot/WARMSTART_PROJECT/baseline_symphony_21-01-2026+15_00/tmp/mnist-net_256x2/image_9/mnist-net_256x2_9_0_029.mps,/home/annelot/WARMSTART_PROJECT/baseline_symphony_21-01-2026+15_00/tmp/mnist-net_256x2/image_9/mnist-net_256x2_9_0_063.mps,UNSAT,0.006639,UNSAT-UNSAT,None
/home/annelot/WARMSTART_PROJECT/baseline_symphony_21-01-2026+15_00/tmp/mnist-net_256x2/image_9/mnist-net_256x2_9_0_031.mps,/home/annelot/WARMSTART_PROJECT/baseline_symphony_21-01-2026+15_00/tmp/mnist-net_256x2/image_9/mnist-net_256x2_9_0_047.mps,UNSAT,0.006506,UNSAT-UNSAT,None
/home/annelot/WARMSTART_PROJECT/baseline_symphony_21-01-2026+15_00/tmp/mnist-net_256x2/image_9/mnist-net_256x2_9_0_031.mps,/home/annelot/WARMSTART_PROJECT/baseline_symphony_21-01-2026+15_00/tmp/mnist-net_256x2/image_9/mnist-net_256x2_9_0_045.mps,UNSAT,0.006631,UNSAT-UNSAT,None
/home/annelot/WARMSTART_PROJECT/baseline_symphony_21-01-2026+15_00/tmp/mnist-net_256x2/image_9/mnist-net_256x2_9_0_031.mps,/home/annelot/WARMSTART_PROJECT/baseline_symphony_21-01-2026+15_00/tmp/mnist-net_256x2/image_9/mnist-net_256x2_9_0_053.mps,UNSAT,0.006617,UNSAT-UNSAT,None
/home/annelot/WARMSTART_PROJECT/baseline_symphony_21-01-2026+15_00/tmp/mnist-net_256x2/image_9/mnist-net_256x2_9_0_031.mps,/home/annelot/WARMSTART_PROJECT/baseline_symphony_21-01-2026+15_00/tmp/mnist-net_256x2/image_9/mnist-net_256x2_9_0_035.mps,UNSAT,0.006586,UNSAT-UNSAT,None
/home/annelot/WARMSTART_PROJECT/baseline_symphony_21-01-2026+15_00/tmp/mnist-net_256x2/image_9/mnist-net_256x2_9_0_029.mps,/home/annelot/WARMSTART_PROJECT/baseline_symphony_21-01-2026+15_00/tmp/mnist-net_256x2/image_9/mnist-net_256x2_9_0_057.mps,UNSAT,0.006601,UNSAT-UNSAT,None
/home/annelot/WARMSTART_PROJECT/baseline_symphony_21-01-2026+15_00/tmp/mnist-net_256x2/image_9/mnist-net_256x2_9_0_029.mps,/home/annelot/WARMSTART_PROJECT/baseline_symphony_21-01-2026+15_00/tmp/mnist-net_256x2/image_9/mnist-net_256x2_9_0_059.mps,UNSAT,0.0066,UNSAT-UNSAT,None
/home/annelot/WARMSTART_PROJECT/baseline_symphony_21-01-2026+15_00/tmp/mnist-net_256x2/image_9/mnist-net_256x2_9_0_029.mps,/home/annelot/WARMSTART_PROJECT/baseline_symphony_21-01-2026+15_00/tmp/mnist-net_256x2/image_9/mnist-net_256x2_9_0_055.mps,UNSAT,0.006776,UNSAT-UNSAT,None
/home/annelot/WARMSTART_PROJECT/baseline_symphony_21-01-2026+15_00/tmp/mnist-net_256x2/image_9/mnist-net_256x2_9_0_029.mps,/home/annelot/WARMSTART_PROJECT/baseline_symphony_21-01-2026+15_00/tmp/mnist-net_256x2/image_9/mnist-net_256x2_9_0_065.mps,UNSAT,0.006676,UNSAT-UNSAT,None
/home/annelot/WARMSTART_PROJECT/baseline_symphony_21-01-2026+15_00/tmp/mnist-net_256x2/image_9/mnist-net_256x2_9_0_029.mps,/home/annelot/WARMSTART_PROJECT/baseline_symphony_21-01-2026+15_00/tmp/mnist-net_256x2/image_9/mnist-net_256x2_9_0_043.mps,UNSAT,0.006758,UNSAT-UNSAT,None
/home/annelot/WARMSTART_PROJECT/baseline_symphony_21-01-2026+15_00/tmp/mnist-net_256x2/image_9/mnist-net_256x2_9_0_029.mps,/home/annelot/WARMSTART_PROJECT/baseline_symphony_21-01-2026+15_00/tmp/mnist-net_256x2/image_9/mnist-net_256x2_9_0_051.mps,UNSAT,0.00695,UNSAT-UNSAT,None
/home/annelot/WARMSTART_PROJECT/baseline_symphony_21-01-2026+15_00/tmp/mnist-net_256x2/image_9/mnist-net_256x2_9_0_029.mps,/home/annelot/WARMSTART_PROJECT/baseline_symphony_21-01-2026+15_00/tmp/mnist-net_256x2/image_9/mnist-net_256x2_9_0_053.mps,UNSAT,0.006999,UNSAT-UNSAT,None
/home/annelot/WARMSTART_PROJECT/baseline_symphony_21-01-2026+15_00/tmp/mnist-net_256x2/image_9/mnist-net_256x2_9_0_031.mps,/home/annelot/WARMSTART_PROJECT/baseline_symphony_21-01-2026+15_00/tmp/mnist-net_256x2/image_9/mnist-net_256x2_9_0_059.mps,UNSAT,0.00977,UNSAT-UNSAT,None
/home/annelot/WARMSTART_PROJECT/baseline_symphony_21-01-2026+15_00/tmp/mnist-net_256x2/image_9/mnist-net_256x2_9_0_031.mps,/home/annelot/WARMSTART_PROJECT/baseline_symphony_21-01-2026+15_00/tmp/mnist-net_256x2/image_9/mnist-net_256x2_9_0_037.mps,UNSAT,0.007144,UNSAT-UNSAT,None
/home/annelot/WARMSTART_PROJECT/baseline_symphony_21-01-2026+15_00/tmp/mnist-net_256x2/image_9/mnist-net_256x2_9_0_031.mps,/home/annelot/WARMSTART_PROJECT/baseline_symphony_21-01-2026+15_00/tmp/mnist-net_256x2/image_9/mnist-net_256x2_9_0_051.mps,UNSAT,0.00716,UNSAT-UNSAT,None
/home/annelot/WARMSTART_PROJECT/baseline_symphony_21-01-2026+15_00/tmp/mnist-net_256x2/image_9/mnist-net_256x2_9_0_031.mps,/home/annelot/WARMSTART_PROJECT/baseline_symphony_21-01-2026+15_00/tmp/mnist-net_256x2/image_9/mnist-net_256x2_9_0_043.mps,UNSAT,0.00724,UNSAT-UNSAT,None
/home/annelot/WARMSTART_PROJECT/baseline_symphony_21-01-2026+15_00/tmp/mnist-net_256x2/image_9/mnist-net_256x2_9_0_031.mps,/home/annelot/WARMSTART_PROJECT/baseline_symphony_21-01-2026+15_00/tmp/mnist-net_256x2/image_9/mnist-net_256x2_9_0_039.mps,UNSAT,0.007027,UNSAT-UNSAT,None
/home/annelot/WARMSTART_PROJECT/baseline_symphony_21-01-2026+15_00/tmp/mnist-net_256x2/image_9/mnist-net_256x2_9_0_029.mps,/home/annelot/WARMSTART_PROJECT/baseline_symphony_21-01-2026+15_00/tmp/mnist-net_256x2/image_9/mnist-net_256x2_9_0_039.mps,UNSAT,0.007995,UNSAT-UNSAT,None
/home/annelot/WARMSTART_PROJECT/baseline_symphony_21-01-2026+15_00/tmp/mnist-net_256x2/image_9/mnist-net_256x2_9_0_031.mps,/home/annelot/WARMSTART_PROJECT/baseline_symphony_21-01-2026+15_00/tmp/mnist-net_256x2/image_9/mnist-net_256x2_9_0_041.mps,UNSAT,0.006735,UNSAT-UNSAT,None
/home/annelot/WARMSTART_PROJECT/baseline_symphony_21-01-2026+15_00/tmp/mnist-net_256x2/image_9/mnist-net_256x2_9_0_029.mps,/home/annelot/WARMSTART_PROJECT/baseline_symphony_21-01-2026+15_00/tmp/mnist-net_256x2/image_9/mnist-net_256x2_9_0_061.mps,UNSAT,0.006809,UNSAT-UNSAT,None
/home/annelot/WARMSTART_PROJECT/baseline_symphony_21-01-2026+15_00/tmp/mnist-net_256x2/image_9/mnist-net_256x2_9_0_029.mps,/home/annelot/WARMSTART_PROJECT/baseline_symphony_21-01-2026+15_00/tmp/mnist-net_256x2/image_9/mnist-net_256x2_9_0_033.mps,UNSAT,0.007255,UNSAT-UNSAT,None
/home/annelot/WARMSTART_PROJECT/baseline_symphony_21-01-2026+15_00/tmp/mnist-net_256x2/image_9/mnist-net_256x2_9_0_029.mps,/home/annelot/WARMSTART_PROJECT/baseline_symphony_21-01-2026+15_00/tmp/mnist-net_256x2/image_9/mnist-net_256x2_9_0_049.mps,UNSAT,0.009387,UNSAT-UNSAT,None
/home/annelot/WARMSTART_PROJECT/baseline_symphony_21-01-2026+15_00/tmp/mnist-net_256x2/image_9/mnist-net_256x2_9_0_031.mps,/home/annelot/WARMSTART_PROJECT/baseline_symphony_21-01-2026+15_00/tmp/mnist-net_256x2/image_9/mnist-net_256x2_9_0_063.mps,UNSAT,0.007206,UNSAT-UNSAT,None
/home/annelot/WARMSTART_PROJECT/baseline_symphony_21-01-2026+15_00/tmp/mnist-net_256x2/image_1/mnist-net_256x2_1_0_021.mps,/home/annelot/WARMSTART_PROJECT/baseline_symphony_21-01-2026+15_00/tmp/mnist-net_256x2/image_1/mnist-net_256x2_1_0_043.mps,UNSAT,0.006674,UNSAT-UNSAT,None
/home/annelot/WARMSTART_PROJECT/baseline_symphony_21-01-2026+15_00/tmp/mnist-net_256x2/image_1/mnist-net_256x2_1_0_023.mps,/home/annelot/WARMSTART_PROJECT/baseline_symphony_21-01-2026+15_00/tmp/mnist-net_256x2/image_1/mnist-net_256x2_1_0_043.mps,UNSAT,0.005367,UNSAT-UNSAT,None
/home/annelot/WARMSTART_PROJECT/baseline_symphony_21-01-2026+15_00/tmp/mnist-net_256x2/image_1/mnist-net_256x2_1_0_023.mps,/home/annelot/WARMSTART_PROJECT/baseline_symphony_21-01-2026+15_00/tmp/mnist-net_256x2/image_1/mnist-net_256x2_1_0_045.mps,UNSAT,0.005342,UNSAT-UNSAT,None
/home/annelot/WARMSTART_PROJECT/baseline_symphony_21-01-2026+15_00/tmp/mnist-net_256x2/image_1/mnist-net_256x2_1_0_023.mps,/home/annelot/WARMSTART_PROJECT/baseline_symphony_21-01-2026+15_00/tmp/mnist-net_256x2/image_1/mnist-net_256x2_1_0_041.mps,UNSAT,0.005169,UNSAT-UNSAT,None
/home/annelot/WARMSTART_PROJECT/baseline_symphony_21-01-2026+15_00/tmp/mnist-net_256x2/image_9/mnist-net_256x2_9_0_031.mps,/home/annelot/WARMSTART_PROJECT/baseline_symphony_21-01-2026+15_00/tmp/mnist-net_256x2/image_9/mnist-net_256x2_9_0_065.mps,UNSAT,0.006768,UNSAT-UNSAT,None
/home/annelot/WARMSTART_PROJECT/baseline_symphony_21-01-2026+15_00/tmp/mnist-net_256x2/image_1/mnist-net_256x2_1_0_023.mps,/home/annelot/WARMSTART_PROJECT/baseline_symphony_21-01-2026+15_00/tmp/mnist-net_256x2/image_1/mnist-net_256x2_1_0_039.mps,UNSAT,0.006287,UNSAT-UNSAT,None
/home/annelot/WARMSTART_PROJECT/baseline_symphony_21-01-2026+15_00/tmp/mnist-net_256x2/image_1/mnist-net_256x2_1_0_023.mps,/home/annelot/WARMSTART_PROJECT/baseline_symphony_21-01-2026+15_00/tmp/mnist-net_256x2/image_1/mnist-net_256x2_1_0_047.mps,UNSAT,0.006333,UNSAT-UNSAT,None
/home/annelot/WARMSTART_PROJECT/baseline_symphony_21-01-2026+15_00/tmp/mnist-net_256x2/image_1/mnist-net_256x2_1_0_023.mps,/home/annelot/WARMSTART_PROJECT/baseline_symphony_21-01-2026+15_00/tmp/mnist-net_256x2/image_1/mnist-net_256x2_1_0_049.mps,UNSAT,0.00635,UNSAT-UNSAT,None
/home/annelot/WARMSTART_PROJECT/baseline_symphony_21-01-2026+15_00/tmp/mnist-net_256x2/image_1/mnist-net_256x2_1_0_023.mps,/home/annelot/WARMSTART_PROJECT/baseline_symphony_21-01-2026+15_00/tmp/mnist-net_256x2/image_1/mnist-net_256x2_1_0_037.mps,UNSAT,0.006229,UNSAT-UNSAT,None
/home/annelot/WARMSTART_PROJECT/baseline_symphony_21-01-2026+15_00/tmp/mnist-net_256x2/image_1/mnist-net_256x2_1_0_021.mps,/home/annelot/WARMSTART_PROJECT/baseline_symphony_21-01-2026+15_00/tmp/mnist-net_256x2/image_1/mnist-net_256x2_1_0_025.mps,UNSAT,0.007046,UNSAT-UNSAT,None
/home/annelot/WARMSTART_PROJECT/baseline_symphony_21-01-2026+15_00/tmp/mnist-net_256x2/image_1/mnist-net_256x2_1_0_021.mps,/home/annelot/WARMSTART_PROJECT/baseline_symphony_21-01-2026+15_00/tmp/mnist-net_256x2/image_1/mnist-net_256x2_1_0_033.mps,UNSAT,0.00664,UNSAT-UNSAT,None
/home/annelot/WARMSTART_PROJECT/baseline_symphony_21-01-2026+15_00/tmp/mnist-net_256x2/image_1/mnist-net_256x2_1_0_021.mps,/home/annelot/WARMSTART_PROJECT/baseline_symphony_21-01-2026+15_00/tmp/mnist-net_256x2/image_1/mnist-net_256x2_1_0_041.mps,UNSAT,0.007144,UNSAT-UNSAT,None
/home/annelot/WARMSTART_PROJECT/baseline_symphony_21-01-2026+15_00/tmp/mnist-net_256x2/image_1/mnist-net_256x2_1_0_021.mps,/home/annelot/WARMSTART_PROJECT/baseline_symphony_21-01-2026+15_00/tmp/mnist-net_256x2/image_1/mnist-net_256x2_1_0_037.mps,UNSAT,0.006998,UNSAT-UNSAT,None
/home/annelot/WARMSTART_PROJECT/baseline_symphony_21-01-2026+15_00/tmp/mnist-net_256x2/image_1/mnist-net_256x2_1_0_021.mps,/home/annelot/WARMSTART_PROJECT/baseline_symphony_21-01-2026+15_00/tmp/mnist-net_256x2/image_1/mnist-net_256x2_1_0_035.mps,UNSAT,0.007927,UNSAT-UNSAT,None
/home/annelot/WARMSTART_PROJECT/baseline_symphony_21-01-2026+15_00/tmp/mnist-net_256x2/image_1/mnist-net_256x2_1_0_021.mps,/home/annelot/WARMSTART_PROJECT/baseline_symphony_21-01-2026+15_00/tmp/mnist-net_256x2/image_1/mnist-net_256x2_1_0_039.mps,UNSAT,0.007323,UNSAT-UNSAT,None
/home/annelot/WARMSTART_PROJECT/baseline_symphony_21-01-2026+15_00/tmp/mnist-net_256x2/image_1/mnist-net_256x2_1_0_021.mps,/home/annelot/WARMSTART_PROJECT/baseline_symphony_21-01-2026+15_00/tmp/mnist-net_256x2/image_1/mnist-net_256x2_1_0_029.mps,UNSAT,0.007394,UNSAT-UNSAT,None
/home/annelot/WARMSTART_PROJECT/baseline_symphony_21-01-2026+15_00/tmp/mnist-net_256x2/image_1/mnist-net_256x2_1_0_021.mps,/home/annelot/WARMSTART_PROJECT/baseline_symphony_21-01-2026+15_00/tmp/mnist-net_256x2/image_1/mnist-net_256x2_1_0_027.mps,UNSAT,0.007343,UNSAT-UNSAT,None
/home/annelot/WARMSTART_PROJECT/baseline_symphony_21-01-2026+15_00/tmp/mnist-net_256x2/image_1/mnist-net_256x2_1_0_023.mps,/home/annelot/WARMSTART_PROJECT/baseline_symphony_21-01-2026+15_00/tmp/mnist-net_256x2/image_1/mnist-net_256x2_1_0_031.mps,UNSAT,0.006714,UNSAT-UNSAT,None
/home/annelot/WARMSTART_PROJECT/baseline_symphony_21-01-2026+15_00/tmp/mnist-net_256x2/image_1/mnist-net_256x2_1_0_023.mps,/home/annelot/WARMSTART_PROJECT/baseline_symphony_21-01-2026+15_00/tmp/mnist-net_256x2/image_1/mnist-net_256x2_1_0_035.mps,UNSAT,0.006797,UNSAT-UNSAT,None
/home/annelot/WARMSTART_PROJECT/baseline_symphony_21-01-2026+15_00/tmp/mnist-net_256x2/image_1/mnist-net_256x2_1_0_023.mps,/home/annelot/WARMSTART_PROJECT/baseline_symphony_21-01-2026+15_00/tmp/mnist-net_256x2/image_1/mnist-net_256x2_1_0_033.mps,UNSAT,0.006806,UNSAT-UNSAT,None
/home/annelot/WARMSTART_PROJECT/baseline_symphony_21-01-2026+15_00/tmp/mnist-net_256x2/image_1/mnist-net_256x2_1_0_021.mps,/home/annelot/WARMSTART_PROJECT/baseline_symphony_21-01-2026+15_00/tmp/mnist-net_256x2/image_1/mnist-net_256x2_1_0_051.mps,UNSAT,0.007049,UNSAT-UNSAT,None
/home/annelot/WARMSTART_PROJECT/baseline_symphony_21-01-2026+15_00/tmp/mnist-net_256x2/image_1/mnist-net_256x2_1_0_023.mps,/home/annelot/WARMSTART_PROJECT/baseline_symphony_21-01-2026+15_00/tmp/mnist-net_256x2/image_1/mnist-net_256x2_1_0_025.mps,UNSAT,0.006842,UNSAT-UNSAT,None
/home/annelot/WARMSTART_PROJECT/baseline_symphony_21-01-2026+15_00/tmp/mnist-net_256x2/image_1/mnist-net_256x2_1_0_023.mps,/home/annelot/WARMSTART_PROJECT/baseline_symphony_21-01-2026+15_00/tmp/mnist-net_256x2/image_1/mnist-net_256x2_1_0_029.mps,UNSAT,0.007031,UNSAT-UNSAT,None
/home/annelot/WARMSTART_PROJECT/baseline_symphony_21-01-2026+15_00/tmp/mnist-net_256x2/image_1/mnist-net_256x2_1_0_021.mps,/home/annelot/WARMSTART_PROJECT/baseline_symphony_21-01-2026+15_00/tmp/mnist-net_256x2/image_1/mnist-net_256x2_1_0_047.mps,UNSAT,0.007092,UNSAT-UNSAT,None
/home/annelot/WARMSTART_PROJECT/baseline_symphony_21-01-2026+15_00/tmp/mnist-net_256x2/image_9/mnist-net_256x2_9_0_031.mps,/home/annelot/WARMSTART_PROJECT/baseline_symphony_21-01-2026+15_00/tmp/mnist-net_256x2/image_9/mnist-net_256x2_9_0_061.mps,UNSAT,0.00682,UNSAT-UNSAT,None
/home/annelot/WARMSTART_PROJECT/baseline_symphony_21-01-2026+15_00/tmp/mnist-net_256x2/image_1/mnist-net_256x2_1_0_021.mps,/home/annelot/WARMSTART_PROJECT/baseline_symphony_21-01-2026+15_00/tmp/mnist-net_256x2/image_1/mnist-net_256x2_1_0_023.mps,UNSAT,0.006945,UNSAT-UNSAT,None
/home/annelot/WARMSTART_PROJECT/baseline_symphony_21-01-2026+15_00/tmp/mnist-net_256x2/image_1/mnist-net_256x2_1_0_021.mps,/home/annelot/WARMSTART_PROJECT/baseline_symphony_21-01-2026+15_00/tmp/mnist-net_256x2/image_1/mnist-net_256x2_1_0_045.mps,UNSAT,0.009308,UNSAT-UNSAT,None
/home/annelot/WARMSTART_PROJECT/baseline_symphony_21-01-2026+15_00/tmp/mnist-net_256x2/image_1/mnist-net_256x2_1_0_021.mps,/home/annelot/WARMSTART_PROJECT/baseline_symphony_21-01-2026+15_00/tmp/mnist-net_256x2/image_1/mnist-net_256x2_1_0_031.mps,UNSAT,0.006676,UNSAT-UNSAT,None
/home/annelot/WARMSTART_PROJECT/baseline_symphony_21-01-2026+15_00/tmp/mnist-net_256x2/image_1/mnist-net_256x2_1_0_021.mps,/home/annelot/WARMSTART_PROJECT/baseline_symphony_21-01-2026+15_00/tmp/mnist-net_256x2/image_1/mnist-net_256x2_1_0_049.mps,UNSAT,0.006655,UNSAT-UNSAT,None
/home/annelot/WARMSTART_PROJECT/baseline_symphony_21-01-2026+15_00/tmp/mnist-net_256x2/image_1/mnist-net_256x2_1_0_023.mps,/home/annelot/WARMSTART_PROJECT/baseline_symphony_21-01-2026+15_00/tmp/mnist-net_256x2/image_1/mnist-net_256x2_1_0_027.mps,UNSAT,0.008806,UNSAT-UNSAT,None
/home/annelot/WARMSTART_PROJECT/baseline_symphony_21-01-2026+15_00/tmp/mnist-net_256x2/image_5/mnist-net_256x2_5_0_021.mps,/home/annelot/WARMSTART_PROJECT/baseline_symphony_21-01-2026+15_00/tmp/mnist-net_256x2/image_5/mnist-net_256x2_5_0_023.mps,UNSAT,0.004998,UNSAT-UNSAT,None
/home/annelot/WARMSTART_PROJECT/baseline_symphony_21-01-2026+15_00/tmp/mnist-net_256x2/image_1/mnist-net_256x2_1_0_025.mps,/home/annelot/WARMSTART_PROJECT/baseline_symphony_21-01-2026+15_00/tmp/mnist-net_256x2/image_1/mnist-net_256x2_1_0_043.mps,UNSAT,0.007143,UNSAT-UNSAT,None
/home/annelot/WARMSTART_PROJECT/baseline_symphony_21-01-2026+15_00/tmp/mnist-net_256x2/image_1/mnist-net_256x2_1_0_025.mps,/home/annelot/WARMSTART_PROJECT/baseline_symphony_21-01-2026+15_00/tmp/mnist-net_256x2/image_1/mnist-net_256x2_1_0_027.mps,UNSAT,0.007468,UNSAT-UNSAT,None
/home/annelot/WARMSTART_PROJECT/baseline_symphony_21-01-2026+15_00/tmp/mnist-net_256x2/image_1/mnist-net_256x2_1_0_027.mps,/home/annelot/WARMSTART_PROJECT/baseline_symphony_21-01-2026+15_00/tmp/mnist-net_256x2/image_1/mnist-net_256x2_1_0_049.mps,UNSAT,0.006416,UNSAT-UNSAT,None
/home/annelot/WARMSTART_PROJECT/baseline_symphony_21-01-2026+15_00/tmp/mnist-net_256x2/image_1/mnist-net_256x2_1_0_025.mps,/home/annelot/WARMSTART_PROJECT/baseline_symphony_21-01-2026+15_00/tmp/mnist-net_256x2/image_1/mnist-net_256x2_1_0_041.mps,UNSAT,0.009676,UNSAT-UNSAT,None
/home/annelot/WARMSTART_PROJECT/baseline_symphony_21-01-2026+15_00/tmp/mnist-net_256x2/image_1/mnist-net_256x2_1_0_023.mps,/home/annelot/WARMSTART_PROJECT/baseline_symphony_21-01-2026+15_00/tmp/mnist-net_256x2/image_1/mnist-net_256x2_1_0_051.mps,UNSAT,0.009122,UNSAT-UNSAT,None
/home/annelot/WARMSTART_PROJECT/baseline_symphony_21-01-2026+15_00/tmp/mnist-net_256x2/image_5/mnist-net_256x2_5_0_021.mps,/home/annelot/WARMSTART_PROJECT/baseline_symphony_21-01-2026+15_00/tmp/mnist-net_256x2/image_5/mnist-net_256x2_5_0_025.mps,UNSAT,0.005847,UNSAT-UNSAT,None
/home/annelot/WARMSTART_PROJECT/baseline_symphony_21-01-2026+15_00/tmp/mnist-net_256x2/image_5/mnist-net_256x2_5_0_021.mps,/home/annelot/WARMSTART_PROJECT/baseline_symphony_21-01-2026+15_00/tmp/mnist-net_256x2/image_5/mnist-net_256x2_5_0_027.mps,UNSAT,0.005919,UNSAT-UNSAT,None
/home/annelot/WARMSTART_PROJECT/baseline_symphony_21-01-2026+15_00/tmp/mnist-net_256x2/image_1/mnist-net_256x2_1_0_027.mps,/home/annelot/WARMSTART_PROJECT/baseline_symphony_21-01-2026+15_00/tmp/mnist-net_256x2/image_1/mnist-net_256x2_1_0_051.mps,UNSAT,0.006453,UNSAT-UNSAT,None
/home/annelot/WARMSTART_PROJECT/baseline_symphony_21-01-2026+15_00/tmp/mnist-net_256x2/image_1/mnist-net_256x2_1_0_025.mps,/home/annelot/WARMSTART_PROJECT/baseline_symphony_21-01-2026+15_00/tmp/mnist-net_256x2/image_1/mnist-net_256x2_1_0_049.mps,UNSAT,0.00702,UNSAT-UNSAT,None
/home/annelot/WARMSTART_PROJECT/baseline_symphony_21-01-2026+15_00/tmp/mnist-net_256x2/image_5/mnist-net_256x2_5_0_021.mps,/home/annelot/WARMSTART_PROJECT/baseline_symphony_21-01-2026+15_00/tmp/mnist-net_256x2/image_5/mnist-net_256x2_5_0_029.mps,UNSAT,0.006098,UNSAT-UNSAT,None
/home/annelot/WARMSTART_PROJECT/baseline_symphony_21-01-2026+15_00/tmp/mnist-net_256x2/image_5/mnist-net_256x2_5_0_021.mps,/home/annelot/WARMSTART_PROJECT/baseline_symphony_21-01-2026+15_00/tmp/mnist-net_256x2/image_5/mnist-net_256x2_5_0_031.mps,UNSAT,0.006132,UNSAT-UNSAT,None
/home/annelot/WARMSTART_PROJECT/baseline_symphony_21-01-2026+15_00/tmp/mnist-net_256x2/image_1/mnist-net_256x2_1_0_027.mps,/home/annelot/WARMSTART_PROJECT/baseline_symphony_21-01-2026+15_00/tmp/mnist-net_256x2/image_1/mnist-net_256x2_1_0_029.mps,UNSAT,0.006556,UNSAT-UNSAT,None
/home/annelot/WARMSTART_PROJECT/baseline_symphony_21-01-2026+15_00/tmp/mnist-net_256x2/image_1/mnist-net_256x2_1_0_027.mps,/home/annelot/WARMSTART_PROJECT/baseline_symphony_21-01-2026+15_00/tmp/mnist-net_256x2/image_1/mnist-net_256x2_1_0_035.mps,UNSAT,0.006539,UNSAT-UNSAT,None
/home/annelot/WARMSTART_PROJECT/baseline_symphony_21-01-2026+15_00/tmp/mnist-net_256x2/image_1/mnist-net_256x2_1_0_027.mps,/home/annelot/WARMSTART_PROJECT/baseline_symphony_21-01-2026+15_00/tmp/mnist-net_256x2/image_1/mnist-net_256x2_1_0_043.mps,UNSAT,0.006823,UNSAT-UNSAT,None
/home/annelot/WARMSTART_PROJECT/baseline_symphony_21-01-2026+15_00/tmp/mnist-net_256x2/image_1/mnist-net_256x2_1_0_027.mps,/home/annelot/WARMSTART_PROJECT/baseline_symphony_21-01-2026+15_00/tmp/mnist-net_256x2/image_1/mnist-net_256x2_1_0_045.mps,UNSAT,0.006752,UNSAT-UNSAT,None
/home/annelot/WARMSTART_PROJECT/baseline_symphony_21-01-2026+15_00/tmp/mnist-net_256x2/image_1/mnist-net_256x2_1_0_025.mps,/home/annelot/WARMSTART_PROJECT/baseline_symphony_21-01-2026+15_00/tmp/mnist-net_256x2/image_1/mnist-net_256x2_1_0_051.mps,UNSAT,0.006904,UNSAT-UNSAT,None
/home/annelot/WARMSTART_PROJECT/baseline_symphony_21-01-2026+15_00/tmp/mnist-net_256x2/image_1/mnist-net_256x2_1_0_025.mps,/home/annelot/WARMSTART_PROJECT/baseline_symphony_21-01-2026+15_00/tmp/mnist-net_256x2/image_1/mnist-net_256x2_1_0_045.mps,UNSAT,0.007344,UNSAT-UNSAT,None
/home/annelot/WARMSTART_PROJECT/baseline_symphony_21-01-2026+15_00/tmp/mnist-net_256x2/image_1/mnist-net_256x2_1_0_025.mps,/home/annelot/WARMSTART_PROJECT/baseline_symphony_21-01-2026+15_00/tmp/mnist-net_256x2/image_1/mnist-net_256x2_1_0_035.mps,UNSAT,0.007173,UNSAT-UNSAT,None
/home/annelot/WARMSTART_PROJECT/baseline_symphony_21-01-2026+15_00/tmp/mnist-net_256x2/image_1/mnist-net_256x2_1_0_027.mps,/home/annelot/WARMSTART_PROJECT/baseline_symphony_21-01-2026+15_00/tmp/mnist-net_256x2/image_1/mnist-net_256x2_1_0_031.mps,UNSAT,0.007228,UNSAT-UNSAT,None
/home/annelot/WARMSTART_PROJECT/baseline_symphony_21-01-2026+15_00/tmp/mnist-net_256x2/image_1/mnist-net_256x2_1_0_027.mps,/home/annelot/WARMSTART_PROJECT/baseline_symphony_21-01-2026+15_00/tmp/mnist-net_256x2/image_1/mnist-net_256x2_1_0_047.mps,UNSAT,0.007085,UNSAT-UNSAT,None
/home/annelot/WARMSTART_PROJECT/baseline_symphony_21-01-2026+15_00/tmp/mnist-net_256x2/image_1/mnist-net_256x2_1_0_025.mps,/home/annelot/WARMSTART_PROJECT/baseline_symphony_21-01-2026+15_00/tmp/mnist-net_256x2/image_1/mnist-net_256x2_1_0_039.mps,UNSAT,0.007309,UNSAT-UNSAT,None
/home/annelot/WARMSTART_PROJECT/baseline_symphony_21-01-2026+15_00/tmp/mnist-net_256x2/image_1/mnist-net_256x2_1_0_027.mps,/home/annelot/WARMSTART_PROJECT/baseline_symphony_21-01-2026+15_00/tmp/mnist-net_256x2/image_1/mnist-net_256x2_1_0_037.mps,UNSAT,0.007252,UNSAT-UNSAT,None
/home/annelot/WARMSTART_PROJECT/baseline_symphony_21-01-2026+15_00/tmp/mnist-net_256x2/image_1/mnist-net_256x2_1_0_025.mps,/home/annelot/WARMSTART_PROJECT/baseline_symphony_21-01-2026+15_00/tmp/mnist-net_256x2/image_1/mnist-net_256x2_1_0_047.mps,UNSAT,0.007387,UNSAT-UNSAT,None
/home/annelot/WARMSTART_PROJECT/baseline_symphony_21-01-2026+15_00/tmp/mnist-net_256x2/image_1/mnist-net_256x2_1_0_025.mps,/home/annelot/WARMSTART_PROJECT/baseline_symphony_21-01-2026+15_00/tmp/mnist-net_256x2/image_1/mnist-net_256x2_1_0_033.mps,UNSAT,0.00717,UNSAT-UNSAT,None
/home/annelot/WARMSTART_PROJECT/baseline_symphony_21-01-2026+15_00/tmp/mnist-net_256x2/image_1/mnist-net_256x2_1_0_025.mps,/home/annelot/WARMSTART_PROJECT/baseline_symphony_21-01-2026+15_00/tmp/mnist-net_256x2/image_1/mnist-net_256x2_1_0_037.mps,UNSAT,0.007279,UNSAT-UNSAT,None
/home/annelot/WARMSTART_PROJECT/baseline_symphony_21-01-2026+15_00/tmp/mnist-net_256x2/image_1/mnist-net_256x2_1_0_027.mps,/home/annelot/WARMSTART_PROJECT/baseline_symphony_21-01-2026+15_00/tmp/mnist-net_256x2/image_1/mnist-net_256x2_1_0_033.mps,UNSAT,0.006818,UNSAT-UNSAT,None
/home/annelot/WARMSTART_PROJECT/baseline_symphony_21-01-2026+15_00/tmp/mnist-net_256x2/image_1/mnist-net_256x2_1_0_027.mps,/home/annelot/WARMSTART_PROJECT/baseline_symphony_21-01-2026+15_00/tmp/mnist-net_256x2/image_1/mnist-net_256x2_1_0_039.mps,UNSAT,0.006877,UNSAT-UNSAT,None
/home/annelot/WARMSTART_PROJECT/baseline_symphony_21-01-2026+15_00/tmp/mnist-net_256x2/image_1/mnist-net_256x2_1_0_025.mps,/home/annelot/WARMSTART_PROJECT/baseline_symphony_21-01-2026+15_00/tmp/mnist-net_256x2/image_1/mnist-net_256x2_1_0_029.mps,UNSAT,0.007188,UNSAT-UNSAT,None
/home/annelot/WARMSTART_PROJECT/baseline_symphony_21-01-2026+15_00/tmp/mnist-net_256x2/image_1/mnist-net_256x2_1_0_025.mps,/home/annelot/WARMSTART_PROJECT/baseline_symphony_21-01-2026+15_00/tmp/mnist-net_256x2/image_1/mnist-net_256x2_1_0_031.mps,UNSAT,0.01003,UNSAT-UNSAT,None
/home/annelot/WARMSTART_PROJECT/baseline_symphony_21-01-2026+15_00/tmp/mnist-net_256x2/image_1/mnist-net_256x2_1_0_027.mps,/home/annelot/WARMSTART_PROJECT/baseline_symphony_21-01-2026+15_00/tmp/mnist-net_256x2/image_1/mnist-net_256x2_1_0_041.mps,UNSAT,0.009668,UNSAT-UNSAT,None
/home/annelot/WARMSTART_PROJECT/baseline_symphony_21-01-2026+15_00/tmp/mnist-net_256x2/image_4/mnist-net_256x2_4_0_003.mps,/home/annelot/WARMSTART_PROJECT/baseline_symphony_21-01-2026+15_00/tmp/mnist-net_256x2/image_4/mnist-net_256x2_4_0_013.mps,ERR,,UNSAT-UNSAT,None
/home/annelot/WARMSTART_PROJECT/baseline_symphony_21-01-2026+15_00/tmp/mnist-net_256x2/image_4/mnist-net_256x2_4_0_003.mps,/home/annelot/WARMSTART_PROJECT/baseline_symphony_21-01-2026+15_00/tmp/mnist-net_256x2/image_4/mnist-net_256x2_4_0_023.mps,ERR,,UNSAT-UNSAT,None
/home/annelot/WARMSTART_PROJECT/baseline_symphony_21-01-2026+15_00/tmp/mnist-net_256x2/image_4/mnist-net_256x2_4_0_003.mps,/home/annelot/WARMSTART_PROJECT/baseline_symphony_21-01-2026+15_00/tmp/mnist-net_256x2/image_4/mnist-net_256x2_4_0_017.mps,ERR,,UNSAT-UNSAT,None
/home/annelot/WARMSTART_PROJECT/baseline_symphony_21-01-2026+15_00/tmp/mnist-net_256x2/image_4/mnist-net_256x2_4_0_001.mps,/home/annelot/WARMSTART_PROJECT/baseline_symphony_21-01-2026+15_00/tmp/mnist-net_256x2/image_4/mnist-net_256x2_4_0_011.mps,ERR,,UNSAT-UNSAT,None
/home/annelot/WARMSTART_PROJECT/baseline_symphony_21-01-2026+15_00/tmp/mnist-net_256x2/image_4/mnist-net_256x2_4_0_001.mps,/home/annelot/WARMSTART_PROJECT/baseline_symphony_21-01-2026+15_00/tmp/mnist-net_256x2/image_4/mnist-net_256x2_4_0_025.mps,ERR,,UNSAT-UNSAT,None
/home/annelot/WARMSTART_PROJECT/baseline_symphony_21-01-2026+15_00/tmp/mnist-net_256x2/image_4/mnist-net_256x2_4_0_003.mps,/home/annelot/WARMSTART_PROJECT/baseline_symphony_21-01-2026+15_00/tmp/mnist-net_256x2/image_4/mnist-net_256x2_4_0_011.mps,ERR,,UNSAT-UNSAT,None
/home/annelot/WARMSTART_PROJECT/baseline_symphony_21-01-2026+15_00/tmp/mnist-net_256x2/image_4/mnist-net_256x2_4_0_001.mps,/home/annelot/WARMSTART_PROJECT/baseline_symphony_21-01-2026+15_00/tmp/mnist-net_256x2/image_4/mnist-net_256x2_4_0_023.mps,ERR,,UNSAT-UNSAT,None
/home/annelot/WARMSTART_PROJECT/baseline_symphony_21-01-2026+15_00/tmp/mnist-net_256x2/image_4/mnist-net_256x2_4_0_003.mps,/home/annelot/WARMSTART_PROJECT/baseline_symphony_21-01-2026+15_00/tmp/mnist-net_256x2/image_4/mnist-net_256x2_4_0_021.mps,ERR,,UNSAT-UNSAT,None
/home/annelot/WARMSTART_PROJECT/baseline_symphony_21-01-2026+15_00/tmp/mnist-net_256x2/image_4/mnist-net_256x2_4_0_003.mps,/home/annelot/WARMSTART_PROJECT/baseline_symphony_21-01-2026+15_00/tmp/mnist-net_256x2/image_4/mnist-net_256x2_4_0_019.mps,ERR,,UNSAT-UNSAT,None
/home/annelot/WARMSTART_PROJECT/baseline_symphony_21-01-2026+15_00/tmp/mnist-net_256x2/image_4/mnist-net_256x2_4_0_003.mps,/home/annelot/WARMSTART_PROJECT/baseline_symphony_21-01-2026+15_00/tmp/mnist-net_256x2/image_4/mnist-net_256x2_4_0_025.mps,ERR,,UNSAT-UNSAT,None
/home/annelot/WARMSTART_PROJECT/baseline_symphony_21-01-2026+15_00/tmp/mnist-net_256x2/image_4/mnist-net_256x2_4_0_001.mps,/home/annelot/WARMSTART_PROJECT/baseline_symphony_21-01-2026+15_00/tmp/mnist-net_256x2/image_4/mnist-net_256x2_4_0_021.mps,ERR,,UNSAT-UNSAT,None
/home/annelot/WARMSTART_PROJECT/baseline_symphony_21-01-2026+15_00/tmp/mnist-net_256x2/image_4/mnist-net_256x2_4_0_001.mps,/home/annelot/WARMSTART_PROJECT/baseline_symphony_21-01-2026+15_00/tmp/mnist-net_256x2/image_4/mnist-net_256x2_4_0_009.mps,ERR,,UNSAT-UNSAT,None
/home/annelot/WARMSTART_PROJECT/baseline_symphony_21-01-2026+15_00/tmp/mnist-net_256x2/image_4/mnist-net_256x2_4_0_001.mps,/home/annelot/WARMSTART_PROJECT/baseline_symphony_21-01-2026+15_00/tmp/mnist-net_256x2/image_4/mnist-net_256x2_4_0_007.mps,ERR,,UNSAT-UNSAT,None
/home/annelot/WARMSTART_PROJECT/baseline_symphony_21-01-2026+15_00/tmp/mnist-net_256x2/image_4/mnist-net_256x2_4_0_005.mps,/home/annelot/WARMSTART_PROJECT/baseline_symphony_21-01-2026+15_00/tmp/mnist-net_256x2/image_4/mnist-net_256x2_4_0_019.mps,UNSAT,0.006379,UNSAT-UNSAT,None
/home/annelot/WARMSTART_PROJECT/baseline_symphony_21-01-2026+15_00/tmp/mnist-net_256x2/image_4/mnist-net_256x2_4_0_005.mps,/home/annelot/WARMSTART_PROJECT/baseline_symphony_21-01-2026+15_00/tmp/mnist-net_256x2/image_4/mnist-net_256x2_4_0_015.mps,UNSAT,0.006486,UNSAT-UNSAT,None
/home/annelot/WARMSTART_PROJECT/baseline_symphony_21-01-2026+15_00/tmp/mnist-net_256x2/image_4/mnist-net_256x2_4_0_005.mps,/home/annelot/WARMSTART_PROJECT/baseline_symphony_21-01-2026+15_00/tmp/mnist-net_256x2/image_4/mnist-net_256x2_4_0_017.mps,UNSAT,0.006616,UNSAT-UNSAT,None
/home/annelot/WARMSTART_PROJECT/baseline_symphony_21-01-2026+15_00/tmp/mnist-net_256x2/image_4/mnist-net_256x2_4_0_005.mps,/home/annelot/WARMSTART_PROJECT/baseline_symphony_21-01-2026+15_00/tmp/mnist-net_256x2/image_4/mnist-net_256x2_4_0_013.mps,UNSAT,0.006581,UNSAT-UNSAT,None
/home/annelot/WARMSTART_PROJECT/baseline_symphony_21-01-2026+15_00/tmp/mnist-net_256x2/image_4/mnist-net_256x2_4_0_005.mps,/home/annelot/WARMSTART_PROJECT/baseline_symphony_21-01-2026+15_00/tmp/mnist-net_256x2/image_4/mnist-net_256x2_4_0_009.mps,UNSAT,0.006591,UNSAT-UNSAT,None
/home/annelot/WARMSTART_PROJECT/baseline_symphony_21-01-2026+15_00/tmp/mnist-net_256x2/image_4/mnist-net_256x2_4_0_005.mps,/home/annelot/WARMSTART_PROJECT/baseline_symphony_21-01-2026+15_00/tmp/mnist-net_256x2/image_4/mnist-net_256x2_4_0_007.mps,UNSAT,0.004826,UNSAT-UNSAT,None
/home/annelot/WARMSTART_PROJECT/baseline_symphony_21-01-2026+15_00/tmp/mnist-net_256x2/image_4/mnist-net_256x2_4_0_005.mps,/home/annelot/WARMSTART_PROJECT/baseline_symphony_21-01-2026+15_00/tmp/mnist-net_256x2/image_4/mnist-net_256x2_4_0_023.mps,UNSAT,0.006617,UNSAT-UNSAT,None
/home/annelot/WARMSTART_PROJECT/baseline_symphony_21-01-2026+15_00/tmp/mnist-net_256x2/image_4/mnist-net_256x2_4_0_005.mps,/home/annelot/WARMSTART_PROJECT/baseline_symphony_21-01-2026+15_00/tmp/mnist-net_256x2/image_4/mnist-net_256x2_4_0_011.mps,UNSAT,0.006547,UNSAT-UNSAT,None
/home/annelot/WARMSTART_PROJECT/baseline_symphony_21-01-2026+15_00/tmp/mnist-net_256x2/image_4/mnist-net_256x2_4_0_001.mps,/home/annelot/WARMSTART_PROJECT/baseline_symphony_21-01-2026+15_00/tmp/mnist-net_256x2/image_4/mnist-net_256x2_4_0_005.mps,ERR,,UNSAT-UNSAT,None
/home/annelot/WARMSTART_PROJECT/baseline_symphony_21-01-2026+15_00/tmp/mnist-net_256x2/image_4/mnist-net_256x2_4_0_001.mps,/home/annelot/WARMSTART_PROJECT/baseline_symphony_21-01-2026+15_00/tmp/mnist-net_256x2/image_4/mnist-net_256x2_4_0_019.mps,ERR,,UNSAT-UNSAT,None
/home/annelot/WARMSTART_PROJECT/baseline_symphony_21-01-2026+15_00/tmp/mnist-net_256x2/image_4/mnist-net_256x2_4_0_009.mps,/home/annelot/WARMSTART_PROJECT/baseline_symphony_21-01-2026+15_00/tmp/mnist-net_256x2/image_4/mnist-net_256x2_4_0_017.mps,UNSAT,0.005956,UNSAT-UNSAT,None
/home/annelot/WARMSTART_PROJECT/baseline_symphony_21-01-2026+15_00/tmp/mnist-net_256x2/image_4/mnist-net_256x2_4_0_011.mps,/home/annelot/WARMSTART_PROJECT/baseline_symphony_21-01-2026+15_00/tmp/mnist-net_256x2/image_4/mnist-net_256x2_4_0_019.mps,UNSAT,0.006268,UNSAT-UNSAT,None
/home/annelot/WARMSTART_PROJECT/baseline_symphony_21-01-2026+15_00/tmp/mnist-net_256x2/image_4/mnist-net_256x2_4_0_011.mps,/home/annelot/WARMSTART_PROJECT/baseline_symphony_21-01-2026+15_00/tmp/mnist-net_256x2/image_4/mnist-net_256x2_4_0_015.mps,UNSAT,0.006355,UNSAT-UNSAT,None
/home/annelot/WARMSTART_PROJECT/baseline_symphony_21-01-2026+15_00/tmp/mnist-net_256x2/image_4/mnist-net_256x2_4_0_007.mps,/home/annelot/WARMSTART_PROJECT/baseline_symphony_21-01-2026+15_00/tmp/mnist-net_256x2/image_4/mnist-net_256x2_4_0_015.mps,UNSAT,0.006559,UNSAT-UNSAT,None
/home/annelot/WARMSTART_PROJECT/baseline_symphony_21-01-2026+15_00/tmp/mnist-net_256x2/image_4/mnist-net_256x2_4_0_011.mps,/home/annelot/WARMSTART_PROJECT/baseline_symphony_21-01-2026+15_00/tmp/mnist-net_256x2/image_4/mnist-net_256x2_4_0_013.mps,UNSAT,0.006577,UNSAT-UNSAT,None
/home/annelot/WARMSTART_PROJECT/baseline_symphony_21-01-2026+15_00/tmp/mnist-net_256x2/image_4/mnist-net_256x2_4_0_011.mps,/home/annelot/WARMSTART_PROJECT/baseline_symphony_21-01-2026+15_00/tmp/mnist-net_256x2/image_4/mnist-net_256x2_4_0_017.mps,UNSAT,0.006556,UNSAT-UNSAT,None
/home/annelot/WARMSTART_PROJECT/baseline_symphony_21-01-2026+15_00/tmp/mnist-net_256x2/image_4/mnist-net_256x2_4_0_009.mps,/home/annelot/WARMSTART_PROJECT/baseline_symphony_21-01-2026+15_00/tmp/mnist-net_256x2/image_4/mnist-net_256x2_4_0_025.mps,UNSAT,0.006677,UNSAT-UNSAT,None
/home/annelot/WARMSTART_PROJECT/baseline_symphony_21-01-2026+15_00/tmp/mnist-net_256x2/image_4/mnist-net_256x2_4_0_009.mps,/home/annelot/WARMSTART_PROJECT/baseline_symphony_21-01-2026+15_00/tmp/mnist-net_256x2/image_4/mnist-net_256x2_4_0_015.mps,UNSAT,0.006603,UNSAT-UNSAT,None
/home/annelot/WARMSTART_PROJECT/baseline_symphony_21-01-2026+15_00/tmp/mnist-net_256x2/image_4/mnist-net_256x2_4_0_007.mps,/home/annelot/WARMSTART_PROJECT/baseline_symphony_21-01-2026+15_00/tmp/mnist-net_256x2/image_4/mnist-net_256x2_4_0_013.mps,UNSAT,0.006569,UNSAT-UNSAT,None
/home/annelot/WARMSTART_PROJECT/baseline_symphony_21-01-2026+15_00/tmp/mnist-net_256x2/image_4/mnist-net_256x2_4_0_007.mps,/home/annelot/WARMSTART_PROJECT/baseline_symphony_21-01-2026+15_00/tmp/mnist-net_256x2/image_4/mnist-net_256x2_4_0_011.mps,UNSAT,0.006679,UNSAT-UNSAT,None
/home/annelot/WARMSTART_PROJECT/baseline_symphony_21-01-2026+15_00/tmp/mnist-net_256x2/image_4/mnist-net_256x2_4_0_007.mps,/home/annelot/WARMSTART_PROJECT/baseline_symphony_21-01-2026+15_00/tmp/mnist-net_256x2/image_4/mnist-net_256x2_4_0_017.mps,UNSAT,0.006891,UNSAT-UNSAT,None
/home/annelot/WARMSTART_PROJECT/baseline_symphony_21-01-2026+15_00/tmp/mnist-net_256x2/image_4/mnist-net_256x2_4_0_009.mps,/home/annelot/WARMSTART_PROJECT/baseline_symphony_21-01-2026+15_00/tmp/mnist-net_256x2/image_4/mnist-net_256x2_4_0_019.mps,UNSAT,0.007218,UNSAT-UNSAT,None
/home/annelot/WARMSTART_PROJECT/baseline_symphony_21-01-2026+15_00/tmp/mnist-net_256x2/image_4/mnist-net_256x2_4_0_009.mps,/home/annelot/WARMSTART_PROJECT/baseline_symphony_21-01-2026+15_00/tmp/mnist-net_256x2/image_4/mnist-net_256x2_4_0_023.mps,UNSAT,0.00716,UNSAT-UNSAT,None
/home/annelot/WARMSTART_PROJECT/baseline_symphony_21-01-2026+15_00/tmp/mnist-net_256x2/image_4/mnist-net_256x2_4_0_009.mps,/home/annelot/WARMSTART_PROJECT/baseline_symphony_21-01-2026+15_00/tmp/mnist-net_256x2/image_4/mnist-net_256x2_4_0_021.mps,UNSAT,0.007158,UNSAT-UNSAT,None
/home/annelot/WARMSTART_PROJECT/baseline_symphony_21-01-2026+15_00/tmp/mnist-net_256x2/image_4/mnist-net_256x2_4_0_009.mps,/home/annelot/WARMSTART_PROJECT/baseline_symphony_21-01-2026+15_00/tmp/mnist-net_256x2/image_4/mnist-net_256x2_4_0_013.mps,UNSAT,0.007298,UNSAT-UNSAT,None
/home/annelot/WARMSTART_PROJECT/baseline_symphony_21-01-2026+15_00/tmp/mnist-net_256x2/image_4/mnist-net_256x2_4_0_005.mps,/home/annelot/WARMSTART_PROJECT/baseline_symphony_21-01-2026+15_00/tmp/mnist-net_256x2/image_4/mnist-net_256x2_4_0_025.mps,UNSAT,0.007005,UNSAT-UNSAT,None
/home/annelot/WARMSTART_PROJECT/baseline_symphony_21-01-2026+15_00/tmp/mnist-net_256x2/image_4/mnist-net_256x2_4_0_007.mps,/home/annelot/WARMSTART_PROJECT/baseline_symphony_21-01-2026+15_00/tmp/mnist-net_256x2/image_4/mnist-net_256x2_4_0_023.mps,UNSAT,0.007188,UNSAT-UNSAT,None
/home/annelot/WARMSTART_PROJECT/baseline_symphony_21-01-2026+15_00/tmp/mnist-net_256x2/image_4/mnist-net_256x2_4_0_009.mps,/home/annelot/WARMSTART_PROJECT/baseline_symphony_21-01-2026+15_00/tmp/mnist-net_256x2/image_4/mnist-net_256x2_4_0_011.mps,UNSAT,0.007027,UNSAT-UNSAT,None
/home/annelot/WARMSTART_PROJECT/baseline_symphony_21-01-2026+15_00/tmp/mnist-net_256x2/image_4/mnist-net_256x2_4_0_007.mps,/home/annelot/WARMSTART_PROJECT/baseline_symphony_21-01-2026+15_00/tmp/mnist-net_256x2/image_4/mnist-net_256x2_4_0_009.mps,UNSAT,0.007328,UNSAT-UNSAT,None
/home/annelot/WARMSTART_PROJECT/baseline_symphony_21-01-2026+15_00/tmp/mnist-net_256x2/image_4/mnist-net_256x2_4_0_007.mps,/home/annelot/WARMSTART_PROJECT/baseline_symphony_21-01-2026+15_00/tmp/mnist-net_256x2/image_4/mnist-net_256x2_4_0_021.mps,UNSAT,0.007016,UNSAT-UNSAT,None
/home/annelot/WARMSTART_PROJECT/baseline_symphony_21-01-2026+15_00/tmp/mnist-net_256x2/image_4/mnist-net_256x2_4_0_007.mps,/home/annelot/WARMSTART_PROJECT/baseline_symphony_21-01-2026+15_00/tmp/mnist-net_256x2/image_4/mnist-net_256x2_4_0_025.mps,UNSAT,0.007144,UNSAT-UNSAT,None
/home/annelot/WARMSTART_PROJECT/baseline_symphony_21-01-2026+15_00/tmp/mnist-net_256x2/image_4/mnist-net_256x2_4_0_007.mps,/home/annelot/WARMSTART_PROJECT/baseline_symphony_21-01-2026+15_00/tmp/mnist-net_256x2/image_4/mnist-net_256x2_4_0_019.mps,UNSAT,0.007478,UNSAT-UNSAT,None
/home/annelot/WARMSTART_PROJECT/baseline_symphony_21-01-2026+15_00/tmp/mnist-net_256x2/image_4/mnist-net_256x2_4_0_005.mps,/home/annelot/WARMSTART_PROJECT/baseline_symphony_21-01-2026+15_00/tmp/mnist-net_256x2/image_4/mnist-net_256x2_4_0_021.mps,UNSAT,0.007024,UNSAT-UNSAT,None
/home/annelot/WARMSTART_PROJECT/baseline_symphony_21-01-2026+15_00/tmp/mnist-net_256x2/image_4/mnist-net_256x2_4_0_003.mps,/home/annelot/WARMSTART_PROJECT/baseline_symphony_21-01-2026+15_00/tmp/mnist-net_256x2/image_4/mnist-net_256x2_4_0_015.mps,ERR,,UNSAT-UNSAT,None
/home/annelot/WARMSTART_PROJECT/baseline_symphony_21-01-2026+15_00/tmp/mnist-net_256x2/image_4/mnist-net_256x2_4_0_001.mps,/home/annelot/WARMSTART_PROJECT/baseline_symphony_21-01-2026+15_00/tmp/mnist-net_256x2/image_4/mnist-net_256x2_4_0_013.mps,ERR,,UNSAT-UNSAT,None
/home/annelot/WARMSTART_PROJECT/baseline_symphony_21-01-2026+15_00/tmp/mnist-net_256x2/image_4/mnist-net_256x2_4_0_011.mps,/home/annelot/WARMSTART_PROJECT/baseline_symphony_21-01-2026+15_00/tmp/mnist-net_256x2/image_4/mnist-net_256x2_4_0_021.mps,UNSAT,0.006526,UNSAT-UNSAT,None
/home/annelot/WARMSTART_PROJECT/baseline_symphony_21-01-2026+15_00/tmp/mnist-net_256x2/image_4/mnist-net_256x2_4_0_011.mps,/home/annelot/WARMSTART_PROJECT/baseline_symphony_21-01-2026+15_00/tmp/mnist-net_256x2/image_4/mnist-net_256x2_4_0_023.mps,UNSAT,0.006538,UNSAT-UNSAT,None
/home/annelot/WARMSTART_PROJECT/baseline_symphony_21-01-2026+15_00/tmp/mnist-net_256x2/image_4/mnist-net_256x2_4_0_013.mps,/home/annelot/WARMSTART_PROJECT/baseline_symphony_21-01-2026+15_00/tmp/mnist-net_256x2/image_4/mnist-net_256x2_4_0_025.mps,UNSAT,0.006682,UNSAT-UNSAT,None
/home/annelot/WARMSTART_PROJECT/baseline_symphony_21-01-2026+15_00/tmp/mnist-net_256x2/image_4/mnist-net_256x2_4_0_013.mps,/home/annelot/WARMSTART_PROJECT/baseline_symphony_21-01-2026+15_00/tmp/mnist-net_256x2/image_4/mnist-net_256x2_4_0_015.mps,UNSAT,0.006744,UNSAT-UNSAT,None
/home/annelot/WARMSTART_PROJECT/baseline_symphony_21-01-2026+15_00/tmp/mnist-net_256x2/image_4/mnist-net_256x2_4_0_013.mps,/home/annelot/WARMSTART_PROJECT/baseline_symphony_21-01-2026+15_00/tmp/mnist-net_256x2/image_4/mnist-net_256x2_4_0_017.mps,UNSAT,0.006973,UNSAT-UNSAT,None
/home/annelot/WARMSTART_PROJECT/baseline_symphony_21-01-2026+15_00/tmp/mnist-net_256x2/image_4/mnist-net_256x2_4_0_013.mps,/home/annelot/WARMSTART_PROJECT/baseline_symphony_21-01-2026+15_00/tmp/mnist-net_256x2/image_4/mnist-net_256x2_4_0_021.mps,UNSAT,0.006887,UNSAT-UNSAT,None
/home/annelot/WARMSTART_PROJECT/baseline_symphony_21-01-2026+15_00/tmp/mnist-net_256x2/image_4/mnist-net_256x2_4_0_015.mps,/home/annelot/WARMSTART_PROJECT/baseline_symphony_21-01-2026+15_00/tmp/mnist-net_256x2/image_4/mnist-net_256x2_4_0_017.mps,UNSAT,0.00636,UNSAT-UNSAT,None
/home/annelot/WARMSTART_PROJECT/baseline_symphony_21-01-2026+15_00/tmp/mnist-net_256x2/image_4/mnist-net_256x2_4_0_015.mps,/home/annelot/WARMSTART_PROJECT/baseline_symphony_21-01-2026+15_00/tmp/mnist-net_256x2/image_4/mnist-net_256x2_4_0_025.mps,UNSAT,0.006338,UNSAT-UNSAT,None
/home/annelot/WARMSTART_PROJECT/baseline_symphony_21-01-2026+15_00/tmp/mnist-net_256x2/image_4/mnist-net_256x2_4_0_013.mps,/home/annelot/WARMSTART_PROJECT/baseline_symphony_21-01-2026+15_00/tmp/mnist-net_256x2/image_4/mnist-net_256x2_4_0_019.mps,UNSAT,0.006775,UNSAT-UNSAT,None
/home/annelot/WARMSTART_PROJECT/baseline_symphony_21-01-2026+15_00/tmp/mnist-net_256x2/image_4/mnist-net_256x2_4_0_015.mps,/home/annelot/WARMSTART_PROJECT/baseline_symphony_21-01-2026+15_00/tmp/mnist-net_256x2/image_4/mnist-net_256x2_4_0_023.mps,UNSAT,0.006483,UNSAT-UNSAT,None
/home/annelot/WARMSTART_PROJECT/baseline_symphony_21-01-2026+15_00/tmp/mnist-net_256x2/image_4/mnist-net_256x2_4_0_015.mps,/home/annelot/WARMSTART_PROJECT/baseline_symphony_21-01-2026+15_00/tmp/mnist-net_256x2/image_4/mnist-net_256x2_4_0_021.mps,UNSAT,0.006489,UNSAT-UNSAT,None
/home/annelot/WARMSTART_PROJECT/baseline_symphony_21-01-2026+15_00/tmp/mnist-net_256x2/image_4/mnist-net_256x2_4_0_015.mps,/home/annelot/WARMSTART_PROJECT/baseline_symphony_21-01-2026+15_00/tmp/mnist-net_256x2/image_4/mnist-net_256x2_4_0_019.mps,UNSAT,0.006522,UNSAT-UNSAT,None
/home/annelot/WARMSTART_PROJECT/baseline_symphony_21-01-2026+15_00/tmp/mnist-net_256x2/image_4/mnist-net_256x2_4_0_013.mps,/home/annelot/WARMSTART_PROJECT/baseline_symphony_21-01-2026+15_00/tmp/mnist-net_256x2/image_4/mnist-net_256x2_4_0_023.mps,UNSAT,0.006665,UNSAT-UNSAT,None
/home/annelot/WARMSTART_PROJECT/baseline_symphony_21-01-2026+15_00/tmp/mnist-net_256x2/image_4/mnist-net_256x2_4_0_011.mps,/home/annelot/WARMSTART_PROJECT/baseline_symphony_21-01-2026+15_00/tmp/mnist-net_256x2/image_4/mnist-net_256x2_4_0_025.mps,UNSAT,0.006973,UNSAT-UNSAT,None
/home/annelot/WARMSTART_PROJECT/baseline_symphony_21-01-2026+15_00/tmp/mnist-net/image_7/mnist-net_7_0_021.mps,/home/annelot/WARMSTART_PROJECT/baseline_symphony_21-01-2026+15_00/tmp/mnist-net/image_7/mnist-net_7_0_031.mps,UNSAT,0.012806,UNSAT-UNSAT,None
/home/annelot/WARMSTART_PROJECT/baseline_symphony_21-01-2026+15_00/tmp/mnist-net/image_7/mnist-net_7_0_023.mps,/home/annelot/WARMSTART_PROJECT/baseline_symphony_21-01-2026+15_00/tmp/mnist-net/image_7/mnist-net_7_0_029.mps,UNSAT,0.013924,UNSAT-UNSAT,None
/home/annelot/WARMSTART_PROJECT/baseline_symphony_21-01-2026+15_00/tmp/mnist-net/image_7/mnist-net_7_0_021.mps,/home/annelot/WARMSTART_PROJECT/baseline_symphony_21-01-2026+15_00/tmp/mnist-net/image_7/mnist-net_7_0_035.mps,UNSAT,0.013651,UNSAT-UNSAT,None
/home/annelot/WARMSTART_PROJECT/baseline_symphony_21-01-2026+15_00/tmp/mnist-net/image_7/mnist-net_7_0_021.mps,/home/annelot/WARMSTART_PROJECT/baseline_symphony_21-01-2026+15_00/tmp/mnist-net/image_7/mnist-net_7_0_033.mps,UNSAT,0.013755,UNSAT-UNSAT,None
/home/annelot/WARMSTART_PROJECT/baseline_symphony_21-01-2026+15_00/tmp/mnist-net/image_7/mnist-net_7_0_023.mps,/home/annelot/WARMSTART_PROJECT/baseline_symphony_21-01-2026+15_00/tmp/mnist-net/image_7/mnist-net_7_0_025.mps,UNSAT,0.014253,UNSAT-UNSAT,None
/home/annelot/WARMSTART_PROJECT/baseline_symphony_21-01-2026+15_00/tmp/mnist-net/image_7/mnist-net_7_0_021.mps,/home/annelot/WARMSTART_PROJECT/baseline_symphony_21-01-2026+15_00/tmp/mnist-net/image_7/mnist-net_7_0_029.mps,UNSAT,0.013396,UNSAT-UNSAT,None
/home/annelot/WARMSTART_PROJECT/baseline_symphony_21-01-2026+15_00/tmp/mnist-net/image_7/mnist-net_7_0_021.mps,/home/annelot/WARMSTART_PROJECT/baseline_symphony_21-01-2026+15_00/tmp/mnist-net/image_7/mnist-net_7_0_023.mps,UNSAT,0.013202,UNSAT-UNSAT,None
/home/annelot/WARMSTART_PROJECT/baseline_symphony_21-01-2026+15_00/tmp/mnist-net/image_7/mnist-net_7_0_021.mps,/home/annelot/WARMSTART_PROJECT/baseline_symphony_21-01-2026+15_00/tmp/mnist-net/image_7/mnist-net_7_0_025.mps,UNSAT,0.01308,UNSAT-UNSAT,None
/home/annelot/WARMSTART_PROJECT/baseline_symphony_21-01-2026+15_00/tmp/mnist-net/image_7/mnist-net_7_0_023.mps,/home/annelot/WARMSTART_PROJECT/baseline_symphony_21-01-2026+15_00/tmp/mnist-net/image_7/mnist-net_7_0_027.mps,UNSAT,0.014026,UNSAT-UNSAT,None
/home/annelot/WARMSTART_PROJECT/baseline_symphony_21-01-2026+15_00/tmp/mnist-net/image_7/mnist-net_7_0_021.mps,/home/annelot/WARMSTART_PROJECT/baseline_symphony_21-01-2026+15_00/tmp/mnist-net/image_7/mnist-net_7_0_027.mps,UNSAT,0.013047,UNSAT-UNSAT,None
/home/annelot/WARMSTART_PROJECT/baseline_symphony_21-01-2026+15_00/tmp/mnist-net/image_6/mnist-net_6_0_021.mps,/home/annelot/WARMSTART_PROJECT/baseline_symphony_21-01-2026+15_00/tmp/mnist-net/image_6/mnist-net_6_0_027.mps,UNSAT,0.014311,UNSAT-UNSAT,None
/home/annelot/WARMSTART_PROJECT/baseline_symphony_21-01-2026+15_00/tmp/mnist-net/image_7/mnist-net_7_0_025.mps,/home/annelot/WARMSTART_PROJECT/baseline_symphony_21-01-2026+15_00/tmp/mnist-net/image_7/mnist-net_7_0_027.mps,UNSAT,0.015704,UNSAT-UNSAT,None
/home/annelot/WARMSTART_PROJECT/baseline_symphony_21-01-2026+15_00/tmp/mnist-net/image_6/mnist-net_6_0_021.mps,/home/annelot/WARMSTART_PROJECT/baseline_symphony_21-01-2026+15_00/tmp/mnist-net/image_6/mnist-net_6_0_031.mps,UNSAT,0.015426,UNSAT-UNSAT,None
/home/annelot/WARMSTART_PROJECT/baseline_symphony_21-01-2026+15_00/tmp/mnist-net/image_6/mnist-net_6_0_021.mps,/home/annelot/WARMSTART_PROJECT/baseline_symphony_21-01-2026+15_00/tmp/mnist-net/image_6/mnist-net_6_0_025.mps,UNSAT,0.015453,UNSAT-UNSAT,None
/home/annelot/WARMSTART_PROJECT/baseline_symphony_21-01-2026+15_00/tmp/mnist-net/image_6/mnist-net_6_0_021.mps,/home/annelot/WARMSTART_PROJECT/baseline_symphony_21-01-2026+15_00/tmp/mnist-net/image_6/mnist-net_6_0_029.mps,UNSAT,0.015467,UNSAT-UNSAT,None
/home/annelot/WARMSTART_PROJECT/baseline_symphony_21-01-2026+15_00/tmp/mnist-net/image_6/mnist-net_6_0_021.mps,/home/annelot/WARMSTART_PROJECT/baseline_symphony_21-01-2026+15_00/tmp/mnist-net/image_6/mnist-net_6_0_033.mps,UNSAT,0.015513,UNSAT-UNSAT,None
/home/annelot/WARMSTART_PROJECT/baseline_symphony_21-01-2026+15_00/tmp/mnist-net/image_6/mnist-net_6_0_021.mps,/home/annelot/WARMSTART_PROJECT/baseline_symphony_21-01-2026+15_00/tmp/mnist-net/image_6/mnist-net_6_0_035.mps,UNSAT,0.015477,UNSAT-UNSAT,None
/home/annelot/WARMSTART_PROJECT/baseline_symphony_21-01-2026+15_00/tmp/mnist-net/image_6/mnist-net_6_0_021.mps,/home/annelot/WARMSTART_PROJECT/baseline_symphony_21-01-2026+15_00/tmp/mnist-net/image_6/mnist-net_6_0_023.mps,UNSAT,0.015476,UNSAT-UNSAT,None
/home/annelot/WARMSTART_PROJECT/baseline_symphony_21-01-2026+15_00/tmp/mnist-net/image_7/mnist-net_7_0_025.mps,/home/annelot/WARMSTART_PROJECT/baseline_symphony_21-01-2026+15_00/tmp/mnist-net/image_7/mnist-net_7_0_029.mps,UNSAT,0.013897,UNSAT-UNSAT,None
/home/annelot/WARMSTART_PROJECT/baseline_symphony_21-01-2026+15_00/tmp/mnist-net/image_7/mnist-net_7_0_023.mps,/home/annelot/WARMSTART_PROJECT/baseline_symphony_21-01-2026+15_00/tmp/mnist-net/image_7/mnist-net_7_0_033.mps,UNSAT,0.014244,UNSAT-UNSAT,None
/home/annelot/WARMSTART_PROJECT/baseline_symphony_21-01-2026+15_00/tmp/mnist-net/image_7/mnist-net_7_0_025.mps,/home/annelot/WARMSTART_PROJECT/baseline_symphony_21-01-2026+15_00/tmp/mnist-net/image_7/mnist-net_7_0_033.mps,UNSAT,0.013903,UNSAT-UNSAT,None
/home/annelot/WARMSTART_PROJECT/baseline_symphony_21-01-2026+15_00/tmp/mnist-net/image_7/mnist-net_7_0_025.mps,/home/annelot/WARMSTART_PROJECT/baseline_symphony_21-01-2026+15_00/tmp/mnist-net/image_7/mnist-net_7_0_031.mps,UNSAT,0.013859,UNSAT-UNSAT,None
/home/annelot/WARMSTART_PROJECT/baseline_symphony_21-01-2026+15_00/tmp/mnist-net/image_7/mnist-net_7_0_023.mps,/home/annelot/WARMSTART_PROJECT/baseline_symphony_21-01-2026+15_00/tmp/mnist-net/image_7/mnist-net_7_0_031.mps,UNSAT,0.014572,UNSAT-UNSAT,None
/home/annelot/WARMSTART_PROJECT/baseline_symphony_21-01-2026+15_00/tmp/mnist-net/image_7/mnist-net_7_0_025.mps,/home/annelot/WARMSTART_PROJECT/baseline_symphony_21-01-2026+15_00/tmp/mnist-net/image_7/mnist-net_7_0_035.mps,UNSAT,0.014035,UNSAT-UNSAT,None
/home/annelot/WARMSTART_PROJECT/baseline_symphony_21-01-2026+15_00/tmp/mnist-net/image_7/mnist-net_7_0_023.mps,/home/annelot/WARMSTART_PROJECT/baseline_symphony_21-01-2026+15_00/tmp/mnist-net/image_7/mnist-net_7_0_035.mps,UNSAT,0.0143,UNSAT-UNSAT,None
/home/annelot/WARMSTART_PROJECT/baseline_symphony_21-01-2026+15_00/tmp/mnist-net_256x2/image_4/mnist-net_256x2_4_0_003.mps,/home/annelot/WARMSTART_PROJECT/baseline_symphony_21-01-2026+15_00/tmp/mnist-net_256x2/image_4/mnist-net_256x2_4_0_009.mps,ERR,,UNSAT-UNSAT,None
/home/annelot/WARMSTART_PROJECT/baseline_symphony_21-01-2026+15_00/tmp/mnist-net_256x2/image_4/mnist-net_256x2_4_0_003.mps,/home/annelot/WARMSTART_PROJECT/baseline_symphony_21-01-2026+15_00/tmp/mnist-net_256x2/image_4/mnist-net_256x2_4_0_005.mps,ERR,,UNSAT-UNSAT,None
/home/annelot/WARMSTART_PROJECT/baseline_symphony_21-01-2026+15_00/tmp/mnist-net_256x2/image_4/mnist-net_256x2_4_0_003.mps,/home/annelot/WARMSTART_PROJECT/baseline_symphony_21-01-2026+15_00/tmp/mnist-net_256x2/image_4/mnist-net_256x2_4_0_007.mps,ERR,,UNSAT-UNSAT,None
/home/annelot/WARMSTART_PROJECT/baseline_symphony_21-01-2026+15_00/tmp/mnist-net_256x2/image_4/mnist-net_256x2_4_0_001.mps,/home/annelot/WARMSTART_PROJECT/baseline_symphony_21-01-2026+15_00/tmp/mnist-net_256x2/image_4/mnist-net_256x2_4_0_015.mps,ERR,,UNSAT-UNSAT,None
/home/annelot/WARMSTART_PROJECT/baseline_symphony_21-01-2026+15_00/tmp/mnist-net/image_9/mnist-net_9_0_013.mps,/home/annelot/WARMSTART_PROJECT/baseline_symphony_21-01-2026+15_00/tmp/mnist-net/image_9/mnist-net_9_0_039.mps,UNSAT,0.011194,UNSAT-UNSAT,None
/home/annelot/WARMSTART_PROJECT/baseline_symphony_21-01-2026+15_00/tmp/mnist-net/image_6/mnist-net_6_0_025.mps,/home/annelot/WARMSTART_PROJECT/baseline_symphony_21-01-2026+15_00/tmp/mnist-net/image_6/mnist-net_6_0_027.mps,UNSAT,0.014265,UNSAT-UNSAT,None
/home/annelot/WARMSTART_PROJECT/baseline_symphony_21-01-2026+15_00/tmp/mnist-net/image_9/mnist-net_9_0_013.mps,/home/annelot/WARMSTART_PROJECT/baseline_symphony_21-01-2026+15_00/tmp/mnist-net/image_9/mnist-net_9_0_021.mps,UNSAT,0.013133,UNSAT-UNSAT,None
/home/annelot/WARMSTART_PROJECT/baseline_symphony_21-01-2026+15_00/tmp/mnist-net/image_9/mnist-net_9_0_013.mps,/home/annelot/WARMSTART_PROJECT/baseline_symphony_21-01-2026+15_00/tmp/mnist-net/image_9/mnist-net_9_0_043.mps,UNSAT,0.012199,UNSAT-UNSAT,None
/home/annelot/WARMSTART_PROJECT/baseline_symphony_21-01-2026+15_00/tmp/mnist-net/image_9/mnist-net_9_0_013.mps,/home/annelot/WARMSTART_PROJECT/baseline_symphony_21-01-2026+15_00/tmp/mnist-net/image_9/mnist-net_9_0_035.mps,UNSAT,0.012903,UNSAT-UNSAT,None
/home/annelot/WARMSTART_PROJECT/baseline_symphony_21-01-2026+15_00/tmp/mnist-net/image_9/mnist-net_9_0_013.mps,/home/annelot/WARMSTART_PROJECT/baseline_symphony_21-01-2026+15_00/tmp/mnist-net/image_9/mnist-net_9_0_037.mps,UNSAT,0.013428,UNSAT-UNSAT,None
/home/annelot/WARMSTART_PROJECT/baseline_symphony_21-01-2026+15_00/tmp/mnist-net/image_6/mnist-net_6_0_025.mps,/home/annelot/WARMSTART_PROJECT/baseline_symphony_21-01-2026+15_00/tmp/mnist-net/image_6/mnist-net_6_0_033.mps,UNSAT,0.014012,UNSAT-UNSAT,None
/home/annelot/WARMSTART_PROJECT/baseline_symphony_21-01-2026+15_00/tmp/mnist-net/image_6/mnist-net_6_0_023.mps,/home/annelot/WARMSTART_PROJECT/baseline_symphony_21-01-2026+15_00/tmp/mnist-net/image_6/mnist-net_6_0_027.mps,UNSAT,0.013497,UNSAT-UNSAT,None
/home/annelot/WARMSTART_PROJECT/baseline_symphony_21-01-2026+15_00/tmp/mnist-net/image_9/mnist-net_9_0_013.mps,/home/annelot/WARMSTART_PROJECT/baseline_symphony_21-01-2026+15_00/tmp/mnist-net/image_9/mnist-net_9_0_045.mps,UNSAT,0.013266,UNSAT-UNSAT,None
/home/annelot/WARMSTART_PROJECT/baseline_symphony_21-01-2026+15_00/tmp/mnist-net/image_9/mnist-net_9_0_013.mps,/home/annelot/WARMSTART_PROJECT/baseline_symphony_21-01-2026+15_00/tmp/mnist-net/image_9/mnist-net_9_0_047.mps,UNSAT,0.013141,UNSAT-UNSAT,None
/home/annelot/WARMSTART_PROJECT/baseline_symphony_21-01-2026+15_00/tmp/mnist-net/image_9/mnist-net_9_0_013.mps,/home/annelot/WARMSTART_PROJECT/baseline_symphony_21-01-2026+15_00/tmp/mnist-net/image_9/mnist-net_9_0_041.mps,UNSAT,0.013105,UNSAT-UNSAT,None
/home/annelot/WARMSTART_PROJECT/baseline_symphony_21-01-2026+15_00/tmp/mnist-net/image_9/mnist-net_9_0_013.mps,/home/annelot/WARMSTART_PROJECT/baseline_symphony_21-01-2026+15_00/tmp/mnist-net/image_9/mnist-net_9_0_015.mps,UNSAT,0.013827,UNSAT-UNSAT,None
/home/annelot/WARMSTART_PROJECT/baseline_symphony_21-01-2026+15_00/tmp/mnist-net/image_6/mnist-net_6_0_023.mps,/home/annelot/WARMSTART_PROJECT/baseline_symphony_21-01-2026+15_00/tmp/mnist-net/image_6/mnist-net_6_0_031.mps,UNSAT,0.015125,UNSAT-UNSAT,None
/home/annelot/WARMSTART_PROJECT/baseline_symphony_21-01-2026+15_00/tmp/mnist-net/image_9/mnist-net_9_0_013.mps,/home/annelot/WARMSTART_PROJECT/baseline_symphony_21-01-2026+15_00/tmp/mnist-net/image_9/mnist-net_9_0_029.mps,UNSAT,0.014666,UNSAT-UNSAT,None
/home/annelot/WARMSTART_PROJECT/baseline_symphony_21-01-2026+15_00/tmp/mnist-net/image_9/mnist-net_9_0_013.mps,/home/annelot/WARMSTART_PROJECT/baseline_symphony_21-01-2026+15_00/tmp/mnist-net/image_9/mnist-net_9_0_019.mps,UNSAT,0.014621,UNSAT-UNSAT,None
/home/annelot/WARMSTART_PROJECT/baseline_symphony_21-01-2026+15_00/tmp/mnist-net/image_9/mnist-net_9_0_013.mps,/home/annelot/WARMSTART_PROJECT/baseline_symphony_21-01-2026+15_00/tmp/mnist-net/image_9/mnist-net_9_0_017.mps,UNSAT,0.014686,UNSAT-UNSAT,None
/home/annelot/WARMSTART_PROJECT/baseline_symphony_21-01-2026+15_00/tmp/mnist-net/image_9/mnist-net_9_0_013.mps,/home/annelot/WARMSTART_PROJECT/baseline_symphony_21-01-2026+15_00/tmp/mnist-net/image_9/mnist-net_9_0_025.mps,UNSAT,0.014726,UNSAT-UNSAT,None
/home/annelot/WARMSTART_PROJECT/baseline_symphony_21-01-2026+15_00/tmp/mnist-net/image_6/mnist-net_6_0_025.mps,/home/annelot/WARMSTART_PROJECT/baseline_symphony_21-01-2026+15_00/tmp/mnist-net/image_6/mnist-net_6_0_029.mps,UNSAT,0.014915,UNSAT-UNSAT,None
/home/annelot/WARMSTART_PROJECT/baseline_symphony_21-01-2026+15_00/tmp/mnist-net/image_6/mnist-net_6_0_025.mps,/home/annelot/WARMSTART_PROJECT/baseline_symphony_21-01-2026+15_00/tmp/mnist-net/image_6/mnist-net_6_0_031.mps,UNSAT,0.014654,UNSAT-UNSAT,None
/home/annelot/WARMSTART_PROJECT/baseline_symphony_21-01-2026+15_00/tmp/mnist-net/image_9/mnist-net_9_0_013.mps,/home/annelot/WARMSTART_PROJECT/baseline_symphony_21-01-2026+15_00/tmp/mnist-net/image_9/mnist-net_9_0_027.mps,UNSAT,0.014215,UNSAT-UNSAT,None
/home/annelot/WARMSTART_PROJECT/baseline_symphony_21-01-2026+15_00/tmp/mnist-net/image_9/mnist-net_9_0_013.mps,/home/annelot/WARMSTART_PROJECT/baseline_symphony_21-01-2026+15_00/tmp/mnist-net/image_9/mnist-net_9_0_031.mps,UNSAT,0.01414,UNSAT-UNSAT,None
/home/annelot/WARMSTART_PROJECT/baseline_symphony_21-01-2026+15_00/tmp/mnist-net/image_6/mnist-net_6_0_025.mps,/home/annelot/WARMSTART_PROJECT/baseline_symphony_21-01-2026+15_00/tmp/mnist-net/image_6/mnist-net_6_0_035.mps,UNSAT,0.014468,UNSAT-UNSAT,None
/home/annelot/WARMSTART_PROJECT/baseline_symphony_21-01-2026+15_00/tmp/mnist-net/image_9/mnist-net_9_0_013.mps,/home/annelot/WARMSTART_PROJECT/baseline_symphony_21-01-2026+15_00/tmp/mnist-net/image_9/mnist-net_9_0_033.mps,UNSAT,0.014085,UNSAT-UNSAT,None
/home/annelot/WARMSTART_PROJECT/baseline_symphony_21-01-2026+15_00/tmp/mnist-net/image_6/mnist-net_6_0_023.mps,/home/annelot/WARMSTART_PROJECT/baseline_symphony_21-01-2026+15_00/tmp/mnist-net/image_6/mnist-net_6_0_029.mps,UNSAT,0.014031,UNSAT-UNSAT,None
/home/annelot/WARMSTART_PROJECT/baseline_symphony_21-01-2026+15_00/tmp/mnist-net/image_6/mnist-net_6_0_023.mps,/home/annelot/WARMSTART_PROJECT/baseline_symphony_21-01-2026+15_00/tmp/mnist-net/image_6/mnist-net_6_0_035.mps,UNSAT,0.018975,UNSAT-UNSAT,None
/home/annelot/WARMSTART_PROJECT/baseline_symphony_21-01-2026+15_00/tmp/mnist-net/image_6/mnist-net_6_0_023.mps,/home/annelot/WARMSTART_PROJECT/baseline_symphony_21-01-2026+15_00/tmp/mnist-net/image_6/mnist-net_6_0_033.mps,UNSAT,0.020655,UNSAT-UNSAT,None
/home/annelot/WARMSTART_PROJECT/baseline_symphony_21-01-2026+15_00/tmp/mnist-net/image_9/mnist-net_9_0_013.mps,/home/annelot/WARMSTART_PROJECT/baseline_symphony_21-01-2026+15_00/tmp/mnist-net/image_9/mnist-net_9_0_023.mps,UNSAT,0.01354,UNSAT-UNSAT,None
/home/annelot/WARMSTART_PROJECT/baseline_symphony_21-01-2026+15_00/tmp/mnist-net/image_6/mnist-net_6_0_023.mps,/home/annelot/WARMSTART_PROJECT/baseline_symphony_21-01-2026+15_00/tmp/mnist-net/image_6/mnist-net_6_0_025.mps,UNSAT,0.014537,UNSAT-UNSAT,None
/home/annelot/WARMSTART_PROJECT/baseline_symphony_21-01-2026+15_00/tmp/mnist-net_256x2/image_4/mnist-net_256x2_4_0_001.mps,/home/annelot/WARMSTART_PROJECT/baseline_symphony_21-01-2026+15_00/tmp/mnist-net_256x2/image_4/mnist-net_256x2_4_0_003.mps,ERR,,UNSAT-UNSAT,None
/home/annelot/WARMSTART_PROJECT/baseline_symphony_21-01-2026+15_00/tmp/mnist-net/image_9/mnist-net_9_0_013.mps,/home/annelot/WARMSTART_PROJECT/baseline_symphony_21-01-2026+15_00/tmp/mnist-net/image_9/mnist-net_9_0_055.mps,UNSAT,0.011006,UNSAT-UNSAT,None
/home/annelot/WARMSTART_PROJECT/baseline_symphony_21-01-2026+15_00/tmp/mnist-net/image_9/mnist-net_9_0_015.mps,/home/annelot/WARMSTART_PROJECT/baseline_symphony_21-01-2026+15_00/tmp/mnist-net/image_9/mnist-net_9_0_017.mps,UNSAT,0.011781,UNSAT-UNSAT,None
/home/annelot/WARMSTART_PROJECT/baseline_symphony_21-01-2026+15_00/tmp/mnist-net/image_9/mnist-net_9_0_013.mps,/home/annelot/WARMSTART_PROJECT/baseline_symphony_21-01-2026+15_00/tmp/mnist-net/image_9/mnist-net_9_0_057.mps,UNSAT,0.012234,UNSAT-UNSAT,None
/home/annelot/WARMSTART_PROJECT/baseline_symphony_21-01-2026+15_00/tmp/mnist-net/image_9/mnist-net_9_0_013.mps,/home/annelot/WARMSTART_PROJECT/baseline_symphony_21-01-2026+15_00/tmp/mnist-net/image_9/mnist-net_9_0_051.mps,UNSAT,0.01173,UNSAT-UNSAT,None
/home/annelot/WARMSTART_PROJECT/baseline_symphony_21-01-2026+15_00/tmp/mnist-net/image_9/mnist-net_9_0_013.mps,/home/annelot/WARMSTART_PROJECT/baseline_symphony_21-01-2026+15_00/tmp/mnist-net/image_9/mnist-net_9_0_053.mps,UNSAT,0.011809,UNSAT-UNSAT,None
/home/annelot/WARMSTART_PROJECT/baseline_symphony_21-01-2026+15_00/tmp/mnist-net/image_9/mnist-net_9_0_013.mps,/home/annelot/WARMSTART_PROJECT/baseline_symphony_21-01-2026+15_00/tmp/mnist-net/image_9/mnist-net_9_0_049.mps,UNSAT,0.011795,UNSAT-UNSAT,None
/home/annelot/WARMSTART_PROJECT/baseline_symphony_21-01-2026+15_00/tmp/mnist-net/image_9/mnist-net_9_0_015.mps,/home/annelot/WARMSTART_PROJECT/baseline_symphony_21-01-2026+15_00/tmp/mnist-net/image_9/mnist-net_9_0_019.mps,UNSAT,0.011662,UNSAT-UNSAT,None
/home/annelot/WARMSTART_PROJECT/baseline_symphony_21-01-2026+15_00/tmp/mnist-net/image_9/mnist-net_9_0_013.mps,/home/annelot/WARMSTART_PROJECT/baseline_symphony_21-01-2026+15_00/tmp/mnist-net/image_9/mnist-net_9_0_059.mps,UNSAT,0.012867,UNSAT-UNSAT,None
/home/annelot/WARMSTART_PROJECT/baseline_symphony_21-01-2026+15_00/tmp/mnist-net/image_9/mnist-net_9_0_015.mps,/home/annelot/WARMSTART_PROJECT/baseline_symphony_21-01-2026+15_00/tmp/mnist-net/image_9/mnist-net_9_0_023.mps,UNSAT,0.013251,UNSAT-UNSAT,None
/home/annelot/WARMSTART_PROJECT/baseline_symphony_21-01-2026+15_00/tmp/mnist-net/image_9/mnist-net_9_0_015.mps,/home/annelot/WARMSTART_PROJECT/baseline_symphony_21-01-2026+15_00/tmp/mnist-net/image_9/mnist-net_9_0_025.mps,UNSAT,0.013375,UNSAT-UNSAT,None
/home/annelot/WARMSTART_PROJECT/baseline_symphony_21-01-2026+15_00/tmp/mnist-net/image_9/mnist-net_9_0_015.mps,/home/annelot/WARMSTART_PROJECT/baseline_symphony_21-01-2026+15_00/tmp/mnist-net/image_9/mnist-net_9_0_021.mps,UNSAT,0.013137,UNSAT-UNSAT,None
/home/annelot/WARMSTART_PROJECT/baseline_symphony_21-01-2026+15_00/tmp/mnist-net/image_9/mnist-net_9_0_015.mps,/home/annelot/WARMSTART_PROJECT/baseline_symphony_21-01-2026+15_00/tmp/mnist-net/image_9/mnist-net_9_0_027.mps,UNSAT,0.013288,UNSAT-UNSAT,None
/home/annelot/WARMSTART_PROJECT/baseline_symphony_21-01-2026+15_00/tmp/mnist-net_256x2/image_4/mnist-net_256x2_4_0_001.mps,/home/annelot/WARMSTART_PROJECT/baseline_symphony_21-01-2026+15_00/tmp/mnist-net_256x2/image_4/mnist-net_256x2_4_0_017.mps,ERR,,UNSAT-UNSAT,None
/home/annelot/WARMSTART_PROJECT/baseline_symphony_21-01-2026+15_00/tmp/mnist-net/image_9/mnist-net_9_0_017.mps,/home/annelot/WARMSTART_PROJECT/baseline_symphony_21-01-2026+15_00/tmp/mnist-net/image_9/mnist-net_9_0_033.mps,UNSAT,0.012019,UNSAT-UNSAT,None
/home/annelot/WARMSTART_PROJECT/baseline_symphony_21-01-2026+15_00/tmp/mnist-net/image_9/mnist-net_9_0_015.mps,/home/annelot/WARMSTART_PROJECT/baseline_symphony_21-01-2026+15_00/tmp/mnist-net/image_9/mnist-net_9_0_039.mps,UNSAT,0.01308,UNSAT-UNSAT,None
/home/annelot/WARMSTART_PROJECT/baseline_symphony_21-01-2026+15_00/tmp/mnist-net/image_9/mnist-net_9_0_017.mps,/home/annelot/WARMSTART_PROJECT/baseline_symphony_21-01-2026+15_00/tmp/mnist-net/image_9/mnist-net_9_0_043.mps,UNSAT,0.013457,UNSAT-UNSAT,None
/home/annelot/WARMSTART_PROJECT/baseline_symphony_21-01-2026+15_00/tmp/mnist-net/image_9/mnist-net_9_0_015.mps,/home/annelot/WARMSTART_PROJECT/baseline_symphony_21-01-2026+15_00/tmp/mnist-net/image_9/mnist-net_9_0_045.mps,UNSAT,0.013179,UNSAT-UNSAT,None
/home/annelot/WARMSTART_PROJECT/baseline_symphony_21-01-2026+15_00/tmp/mnist-net/image_9/mnist-net_9_0_015.mps,/home/annelot/WARMSTART_PROJECT/baseline_symphony_21-01-2026+15_00/tmp/mnist-net/image_9/mnist-net_9_0_049.mps,UNSAT,0.013194,UNSAT-UNSAT,None
/home/annelot/WARMSTART_PROJECT/baseline_symphony_21-01-2026+15_00/tmp/mnist-net/image_9/mnist-net_9_0_015.mps,/home/annelot/WARMSTART_PROJECT/baseline_symphony_21-01-2026+15_00/tmp/mnist-net/image_9/mnist-net_9_0_037.mps,UNSAT,0.01314,UNSAT-UNSAT,None
/home/annelot/WARMSTART_PROJECT/baseline_symphony_21-01-2026+15_00/tmp/mnist-net/image_9/mnist-net_9_0_017.mps,/home/annelot/WARMSTART_PROJECT/baseline_symphony_21-01-2026+15_00/tmp/mnist-net/image_9/mnist-net_9_0_037.mps,UNSAT,0.013369,UNSAT-UNSAT,None
/home/annelot/WARMSTART_PROJECT/baseline_symphony_21-01-2026+15_00/tmp/mnist-net/image_9/mnist-net_9_0_017.mps,/home/annelot/WARMSTART_PROJECT/baseline_symphony_21-01-2026+15_00/tmp/mnist-net/image_9/mnist-net_9_0_031.mps,UNSAT,0.013904,UNSAT-UNSAT,None
/home/annelot/WARMSTART_PROJECT/baseline_symphony_21-01-2026+15_00/tmp/mnist-net/image_9/mnist-net_9_0_017.mps,/home/annelot/WARMSTART_PROJECT/baseline_symphony_21-01-2026+15_00/tmp/mnist-net/image_9/mnist-net_9_0_047.mps,UNSAT,0.01406,UNSAT-UNSAT,None
/home/annelot/WARMSTART_PROJECT/baseline_symphony_21-01-2026+15_00/tmp/mnist-net/image_9/mnist-net_9_0_017.mps,/home/annelot/WARMSTART_PROJECT/baseline_symphony_21-01-2026+15_00/tmp/mnist-net/image_9/mnist-net_9_0_041.mps,UNSAT,0.014118,UNSAT-UNSAT,None
/home/annelot/WARMSTART_PROJECT/baseline_symphony_21-01-2026+15_00/tmp/mnist-net/image_9/mnist-net_9_0_017.mps,/home/annelot/WARMSTART_PROJECT/baseline_symphony_21-01-2026+15_00/tmp/mnist-net/image_9/mnist-net_9_0_049.mps,UNSAT,0.019483,UNSAT-UNSAT,None
/home/annelot/WARMSTART_PROJECT/baseline_symphony_21-01-2026+15_00/tmp/mnist-net/image_9/mnist-net_9_0_015.mps,/home/annelot/WARMSTART_PROJECT/baseline_symphony_21-01-2026+15_00/tmp/mnist-net/image_9/mnist-net_9_0_057.mps,UNSAT,0.013188,UNSAT-UNSAT,None
/home/annelot/WARMSTART_PROJECT/baseline_symphony_21-01-2026+15_00/tmp/mnist-net/image_9/mnist-net_9_0_015.mps,/home/annelot/WARMSTART_PROJECT/baseline_symphony_21-01-2026+15_00/tmp/mnist-net/image_9/mnist-net_9_0_059.mps,UNSAT,0.014245,UNSAT-UNSAT,None
/home/annelot/WARMSTART_PROJECT/baseline_symphony_21-01-2026+15_00/tmp/mnist-net/image_9/mnist-net_9_0_015.mps,/home/annelot/WARMSTART_PROJECT/baseline_symphony_21-01-2026+15_00/tmp/mnist-net/image_9/mnist-net_9_0_029.mps,UNSAT,0.014261,UNSAT-UNSAT,None
/home/annelot/WARMSTART_PROJECT/baseline_symphony_21-01-2026+15_00/tmp/mnist-net/image_9/mnist-net_9_0_015.mps,/home/annelot/WARMSTART_PROJECT/baseline_symphony_21-01-2026+15_00/tmp/mnist-net/image_9/mnist-net_9_0_043.mps,UNSAT,0.014183,UNSAT-UNSAT,None
/home/annelot/WARMSTART_PROJECT/baseline_symphony_21-01-2026+15_00/tmp/mnist-net/image_9/mnist-net_9_0_015.mps,/home/annelot/WARMSTART_PROJECT/baseline_symphony_21-01-2026+15_00/tmp/mnist-net/image_9/mnist-net_9_0_053.mps,UNSAT,0.014225,UNSAT-UNSAT,None
/home/annelot/WARMSTART_PROJECT/baseline_symphony_21-01-2026+15_00/tmp/mnist-net/image_9/mnist-net_9_0_015.mps,/home/annelot/WARMSTART_PROJECT/baseline_symphony_21-01-2026+15_00/tmp/mnist-net/image_9/mnist-net_9_0_031.mps,UNSAT,0.01427,UNSAT-UNSAT,None
/home/annelot/WARMSTART_PROJECT/baseline_symphony_21-01-2026+15_00/tmp/mnist-net/image_9/mnist-net_9_0_017.mps,/home/annelot/WARMSTART_PROJECT/baseline_symphony_21-01-2026+15_00/tmp/mnist-net/image_9/mnist-net_9_0_025.mps,UNSAT,0.014167,UNSAT-UNSAT,None
/home/annelot/WARMSTART_PROJECT/baseline_symphony_21-01-2026+15_00/tmp/mnist-net/image_9/mnist-net_9_0_017.mps,/home/annelot/WARMSTART_PROJECT/baseline_symphony_21-01-2026+15_00/tmp/mnist-net/image_9/mnist-net_9_0_029.mps,UNSAT,0.014616,UNSAT-UNSAT,None
/home/annelot/WARMSTART_PROJECT/baseline_symphony_21-01-2026+15_00/tmp/mnist-net/image_9/mnist-net_9_0_017.mps,/home/annelot/WARMSTART_PROJECT/baseline_symphony_21-01-2026+15_00/tmp/mnist-net/image_9/mnist-net_9_0_023.mps,UNSAT,0.013869,UNSAT-UNSAT,None
/home/annelot/WARMSTART_PROJECT/baseline_symphony_21-01-2026+15_00/tmp/mnist-net/image_9/mnist-net_9_0_017.mps,/home/annelot/WARMSTART_PROJECT/baseline_symphony_21-01-2026+15_00/tmp/mnist-net/image_9/mnist-net_9_0_021.mps,UNSAT,0.01392,UNSAT-UNSAT,None
/home/annelot/WARMSTART_PROJECT/baseline_symphony_21-01-2026+15_00/tmp/mnist-net/image_9/mnist-net_9_0_017.mps,/home/annelot/WARMSTART_PROJECT/baseline_symphony_21-01-2026+15_00/tmp/mnist-net/image_9/mnist-net_9_0_027.mps,UNSAT,0.014011,UNSAT-UNSAT,None
/home/annelot/WARMSTART_PROJECT/baseline_symphony_21-01-2026+15_00/tmp/mnist-net/image_9/mnist-net_9_0_017.mps,/home/annelot/WARMSTART_PROJECT/baseline_symphony_21-01-2026+15_00/tmp/mnist-net/image_9/mnist-net_9_0_035.mps,UNSAT,0.013813,UNSAT-UNSAT,None
/home/annelot/WARMSTART_PROJECT/baseline_symphony_21-01-2026+15_00/tmp/mnist-net/image_9/mnist-net_9_0_015.mps,/home/annelot/WARMSTART_PROJECT/baseline_symphony_21-01-2026+15_00/tmp/mnist-net/image_9/mnist-net_9_0_033.mps,UNSAT,0.014022,UNSAT-UNSAT,None
/home/annelot/WARMSTART_PROJECT/baseline_symphony_21-01-2026+15_00/tmp/mnist-net/image_9/mnist-net_9_0_015.mps,/home/annelot/WARMSTART_PROJECT/baseline_symphony_21-01-2026+15_00/tmp/mnist-net/image_9/mnist-net_9_0_035.mps,UNSAT,0.013887,UNSAT-UNSAT,None
/home/annelot/WARMSTART_PROJECT/baseline_symphony_21-01-2026+15_00/tmp/mnist-net/image_9/mnist-net_9_0_015.mps,/home/annelot/WARMSTART_PROJECT/baseline_symphony_21-01-2026+15_00/tmp/mnist-net/image_9/mnist-net_9_0_041.mps,UNSAT,0.013171,UNSAT-UNSAT,None
/home/annelot/WARMSTART_PROJECT/baseline_symphony_21-01-2026+15_00/tmp/mnist-net/image_9/mnist-net_9_0_017.mps,/home/annelot/WARMSTART_PROJECT/baseline_symphony_21-01-2026+15_00/tmp/mnist-net/image_9/mnist-net_9_0_019.mps,UNSAT,0.01361,UNSAT-UNSAT,None
/home/annelot/WARMSTART_PROJECT/baseline_symphony_21-01-2026+15_00/tmp/mnist-net/image_9/mnist-net_9_0_015.mps,/home/annelot/WARMSTART_PROJECT/baseline_symphony_21-01-2026+15_00/tmp/mnist-net/image_9/mnist-net_9_0_051.mps,UNSAT,0.0182,UNSAT-UNSAT,None
/home/annelot/WARMSTART_PROJECT/baseline_symphony_21-01-2026+15_00/tmp/mnist-net/image_9/mnist-net_9_0_015.mps,/home/annelot/WARMSTART_PROJECT/baseline_symphony_21-01-2026+15_00/tmp/mnist-net/image_9/mnist-net_9_0_047.mps,UNSAT,0.01938,UNSAT-UNSAT,None
/home/annelot/WARMSTART_PROJECT/baseline_symphony_21-01-2026+15_00/tmp/mnist-net/image_9/mnist-net_9_0_015.mps,/home/annelot/WARMSTART_PROJECT/baseline_symphony_21-01-2026+15_00/tmp/mnist-net/image_9/mnist-net_9_0_055.mps,UNSAT,0.018476,UNSAT-UNSAT,None
/home/annelot/WARMSTART_PROJECT/baseline_symphony_21-01-2026+15_00/tmp/mnist-net/image_9/mnist-net_9_0_017.mps,/home/annelot/WARMSTART_PROJECT/baseline_symphony_21-01-2026+15_00/tmp/mnist-net/image_9/mnist-net_9_0_039.mps,UNSAT,0.019156,UNSAT-UNSAT,None
/home/annelot/WARMSTART_PROJECT/baseline_symphony_21-01-2026+15_00/tmp/mnist-net/image_9/mnist-net_9_0_021.mps,/home/annelot/WARMSTART_PROJECT/baseline_symphony_21-01-2026+15_00/tmp/mnist-net/image_9/mnist-net_9_0_027.mps,UNSAT,0.012126,UNSAT-UNSAT,None
/home/annelot/WARMSTART_PROJECT/baseline_symphony_21-01-2026+15_00/tmp/mnist-net/image_9/mnist-net_9_0_021.mps,/home/annelot/WARMSTART_PROJECT/baseline_symphony_21-01-2026+15_00/tmp/mnist-net/image_9/mnist-net_9_0_029.mps,UNSAT,0.013128,UNSAT-UNSAT,None
/home/annelot/WARMSTART_PROJECT/baseline_symphony_21-01-2026+15_00/tmp/mnist-net/image_9/mnist-net_9_0_021.mps,/home/annelot/WARMSTART_PROJECT/baseline_symphony_21-01-2026+15_00/tmp/mnist-net/image_9/mnist-net_9_0_031.mps,UNSAT,0.013538,UNSAT-UNSAT,None
/home/annelot/WARMSTART_PROJECT/baseline_symphony_21-01-2026+15_00/tmp/mnist-net/image_9/mnist-net_9_0_021.mps,/home/annelot/WARMSTART_PROJECT/baseline_symphony_21-01-2026+15_00/tmp/mnist-net/image_9/mnist-net_9_0_025.mps,UNSAT,0.013572,UNSAT-UNSAT,None
/home/annelot/WARMSTART_PROJECT/baseline_symphony_21-01-2026+15_00/tmp/mnist-net/image_9/mnist-net_9_0_019.mps,/home/annelot/WARMSTART_PROJECT/baseline_symphony_21-01-2026+15_00/tmp/mnist-net/image_9/mnist-net_9_0_053.mps,UNSAT,0.01366,UNSAT-UNSAT,None
/home/annelot/WARMSTART_PROJECT/baseline_symphony_21-01-2026+15_00/tmp/mnist-net/image_9/mnist-net_9_0_019.mps,/home/annelot/WARMSTART_PROJECT/baseline_symphony_21-01-2026+15_00/tmp/mnist-net/image_9/mnist-net_9_0_055.mps,UNSAT,0.013648,UNSAT-UNSAT,None
/home/annelot/WARMSTART_PROJECT/baseline_symphony_21-01-2026+15_00/tmp/mnist-net/image_9/mnist-net_9_0_021.mps,/home/annelot/WARMSTART_PROJECT/baseline_symphony_21-01-2026+15_00/tmp/mnist-net/image_9/mnist-net_9_0_023.mps,UNSAT,0.013633,UNSAT-UNSAT,None
/home/annelot/WARMSTART_PROJECT/baseline_symphony_21-01-2026+15_00/tmp/mnist-net/image_9/mnist-net_9_0_019.mps,/home/annelot/WARMSTART_PROJECT/baseline_symphony_21-01-2026+15_00/tmp/mnist-net/image_9/mnist-net_9_0_059.mps,UNSAT,0.013721,UNSAT-UNSAT,None
/home/annelot/WARMSTART_PROJECT/baseline_symphony_21-01-2026+15_00/tmp/mnist-net/image_9/mnist-net_9_0_019.mps,/home/annelot/WARMSTART_PROJECT/baseline_symphony_21-01-2026+15_00/tmp/mnist-net/image_9/mnist-net_9_0_023.mps,UNSAT,0.014221,UNSAT-UNSAT,None
/home/annelot/WARMSTART_PROJECT/baseline_symphony_21-01-2026+15_00/tmp/mnist-net/image_9/mnist-net_9_0_019.mps,/home/annelot/WARMSTART_PROJECT/baseline_symphony_21-01-2026+15_00/tmp/mnist-net/image_9/mnist-net_9_0_041.mps,UNSAT,0.01425,UNSAT-UNSAT,None
/home/annelot/WARMSTART_PROJECT/baseline_symphony_21-01-2026+15_00/tmp/mnist-net/image_9/mnist-net_9_0_019.mps,/home/annelot/WARMSTART_PROJECT/baseline_symphony_21-01-2026+15_00/tmp/mnist-net/image_9/mnist-net_9_0_021.mps,UNSAT,0.014342,UNSAT-UNSAT,None
/home/annelot/WARMSTART_PROJECT/baseline_symphony_21-01-2026+15_00/tmp/mnist-net/image_9/mnist-net_9_0_019.mps,/home/annelot/WARMSTART_PROJECT/baseline_symphony_21-01-2026+15_00/tmp/mnist-net/image_9/mnist-net_9_0_037.mps,UNSAT,0.014242,UNSAT-UNSAT,None
/home/annelot/WARMSTART_PROJECT/baseline_symphony_21-01-2026+15_00/tmp/mnist-net/image_9/mnist-net_9_0_019.mps,/home/annelot/WARMSTART_PROJECT/baseline_symphony_21-01-2026+15_00/tmp/mnist-net/image_9/mnist-net_9_0_043.mps,UNSAT,0.014466,UNSAT-UNSAT,None
/home/annelot/WARMSTART_PROJECT/baseline_symphony_21-01-2026+15_00/tmp/mnist-net/image_9/mnist-net_9_0_017.mps,/home/annelot/WARMSTART_PROJECT/baseline_symphony_21-01-2026+15_00/tmp/mnist-net/image_9/mnist-net_9_0_045.mps,UNSAT,0.014895,UNSAT-UNSAT,None
/home/annelot/WARMSTART_PROJECT/baseline_symphony_21-01-2026+15_00/tmp/mnist-net/image_9/mnist-net_9_0_019.mps,/home/annelot/WARMSTART_PROJECT/baseline_symphony_21-01-2026+15_00/tmp/mnist-net/image_9/mnist-net_9_0_051.mps,UNSAT,0.015582,UNSAT-UNSAT,None
/home/annelot/WARMSTART_PROJECT/baseline_symphony_21-01-2026+15_00/tmp/mnist-net/image_9/mnist-net_9_0_019.mps,/home/annelot/WARMSTART_PROJECT/baseline_symphony_21-01-2026+15_00/tmp/mnist-net/image_9/mnist-net_9_0_045.mps,UNSAT,0.014931,UNSAT-UNSAT,None
/home/annelot/WARMSTART_PROJECT/baseline_symphony_21-01-2026+15_00/tmp/mnist-net/image_9/mnist-net_9_0_019.mps,/home/annelot/WARMSTART_PROJECT/baseline_symphony_21-01-2026+15_00/tmp/mnist-net/image_9/mnist-net_9_0_049.mps,UNSAT,0.015114,UNSAT-UNSAT,None
/home/annelot/WARMSTART_PROJECT/baseline_symphony_21-01-2026+15_00/tmp/mnist-net/image_9/mnist-net_9_0_019.mps,/home/annelot/WARMSTART_PROJECT/baseline_symphony_21-01-2026+15_00/tmp/mnist-net/image_9/mnist-net_9_0_057.mps,UNSAT,0.01509,UNSAT-UNSAT,None
/home/annelot/WARMSTART_PROJECT/baseline_symphony_21-01-2026+15_00/tmp/mnist-net/image_9/mnist-net_9_0_019.mps,/home/annelot/WARMSTART_PROJECT/baseline_symphony_21-01-2026+15_00/tmp/mnist-net/image_9/mnist-net_9_0_033.mps,UNSAT,0.015268,UNSAT-UNSAT,None
/home/annelot/WARMSTART_PROJECT/baseline_symphony_21-01-2026+15_00/tmp/mnist-net/image_9/mnist-net_9_0_019.mps,/home/annelot/WARMSTART_PROJECT/baseline_symphony_21-01-2026+15_00/tmp/mnist-net/image_9/mnist-net_9_0_029.mps,UNSAT,0.015518,UNSAT-UNSAT,None
/home/annelot/WARMSTART_PROJECT/baseline_symphony_21-01-2026+15_00/tmp/mnist-net/image_9/mnist-net_9_0_019.mps,/home/annelot/WARMSTART_PROJECT/baseline_symphony_21-01-2026+15_00/tmp/mnist-net/image_9/mnist-net_9_0_035.mps,UNSAT,0.015631,UNSAT-UNSAT,None
/home/annelot/WARMSTART_PROJECT/baseline_symphony_21-01-2026+15_00/tmp/mnist-net/image_9/mnist-net_9_0_017.mps,/home/annelot/WARMSTART_PROJECT/baseline_symphony_21-01-2026+15_00/tmp/mnist-net/image_9/mnist-net_9_0_057.mps,UNSAT,0.014706,UNSAT-UNSAT,None
/home/annelot/WARMSTART_PROJECT/baseline_symphony_21-01-2026+15_00/tmp/mnist-net/image_9/mnist-net_9_0_017.mps,/home/annelot/WARMSTART_PROJECT/baseline_symphony_21-01-2026+15_00/tmp/mnist-net/image_9/mnist-net_9_0_051.mps,UNSAT,0.014624,UNSAT-UNSAT,None
/home/annelot/WARMSTART_PROJECT/baseline_symphony_21-01-2026+15_00/tmp/mnist-net/image_9/mnist-net_9_0_017.mps,/home/annelot/WARMSTART_PROJECT/baseline_symphony_21-01-2026+15_00/tmp/mnist-net/image_9/mnist-net_9_0_055.mps,UNSAT,0.015315,UNSAT-UNSAT,None
/home/annelot/WARMSTART_PROJECT/baseline_symphony_21-01-2026+15_00/tmp/mnist-net/image_9/mnist-net_9_0_019.mps,/home/annelot/WARMSTART_PROJECT/baseline_symphony_21-01-2026+15_00/tmp/mnist-net/image_9/mnist-net_9_0_047.mps,UNSAT,0.015321,UNSAT-UNSAT,None
/home/annelot/WARMSTART_PROJECT/baseline_symphony_21-01-2026+15_00/tmp/mnist-net/image_9/mnist-net_9_0_019.mps,/home/annelot/WARMSTART_PROJECT/baseline_symphony_21-01-2026+15_00/tmp/mnist-net/image_9/mnist-net_9_0_031.mps,UNSAT,0.012809,UNSAT-UNSAT,None
/home/annelot/WARMSTART_PROJECT/baseline_symphony_21-01-2026+15_00/tmp/mnist-net/image_9/mnist-net_9_0_019.mps,/home/annelot/WARMSTART_PROJECT/baseline_symphony_21-01-2026+15_00/tmp/mnist-net/image_9/mnist-net_9_0_025.mps,UNSAT,0.012692,UNSAT-UNSAT,None
/home/annelot/WARMSTART_PROJECT/baseline_symphony_21-01-2026+15_00/tmp/mnist-net/image_9/mnist-net_9_0_019.mps,/home/annelot/WARMSTART_PROJECT/baseline_symphony_21-01-2026+15_00/tmp/mnist-net/image_9/mnist-net_9_0_039.mps,UNSAT,0.01851,UNSAT-UNSAT,None
/home/annelot/WARMSTART_PROJECT/baseline_symphony_21-01-2026+15_00/tmp/mnist-net/image_9/mnist-net_9_0_017.mps,/home/annelot/WARMSTART_PROJECT/baseline_symphony_21-01-2026+15_00/tmp/mnist-net/image_9/mnist-net_9_0_053.mps,UNSAT,0.016129,UNSAT-UNSAT,None
/home/annelot/WARMSTART_PROJECT/baseline_symphony_21-01-2026+15_00/tmp/mnist-net/image_9/mnist-net_9_0_017.mps,/home/annelot/WARMSTART_PROJECT/baseline_symphony_21-01-2026+15_00/tmp/mnist-net/image_9/mnist-net_9_0_059.mps,UNSAT,0.016092,UNSAT-UNSAT,None
/home/annelot/WARMSTART_PROJECT/baseline_symphony_21-01-2026+15_00/tmp/mnist-net/image_9/mnist-net_9_0_019.mps,/home/annelot/WARMSTART_PROJECT/baseline_symphony_21-01-2026+15_00/tmp/mnist-net/image_9/mnist-net_9_0_027.mps,UNSAT,0.01703,UNSAT-UNSAT,None
/home/annelot/WARMSTART_PROJECT/baseline_symphony_21-01-2026+15_00/tmp/mnist-net/image_9/mnist-net_9_0_023.mps,/home/annelot/WARMSTART_PROJECT/baseline_symphony_21-01-2026+15_00/tmp/mnist-net/image_9/mnist-net_9_0_055.mps,UNSAT,0.012134,UNSAT-UNSAT,None
/home/annelot/WARMSTART_PROJECT/baseline_symphony_21-01-2026+15_00/tmp/mnist-net/image_9/mnist-net_9_0_023.mps,/home/annelot/WARMSTART_PROJECT/baseline_symphony_21-01-2026+15_00/tmp/mnist-net/image_9/mnist-net_9_0_053.mps,UNSAT,0.013283,UNSAT-UNSAT,None
/home/annelot/WARMSTART_PROJECT/baseline_symphony_21-01-2026+15_00/tmp/mnist-net/image_9/mnist-net_9_0_023.mps,/home/annelot/WARMSTART_PROJECT/baseline_symphony_21-01-2026+15_00/tmp/mnist-net/image_9/mnist-net_9_0_049.mps,UNSAT,0.01332,UNSAT-UNSAT,None
/home/annelot/WARMSTART_PROJECT/baseline_symphony_21-01-2026+15_00/tmp/mnist-net/image_9/mnist-net_9_0_023.mps,/home/annelot/WARMSTART_PROJECT/baseline_symphony_21-01-2026+15_00/tmp/mnist-net/image_9/mnist-net_9_0_047.mps,UNSAT,0.013331,UNSAT-UNSAT,None
/home/annelot/WARMSTART_PROJECT/baseline_symphony_21-01-2026+15_00/tmp/mnist-net/image_9/mnist-net_9_0_023.mps,/home/annelot/WARMSTART_PROJECT/baseline_symphony_21-01-2026+15_00/tmp/mnist-net/image_9/mnist-net_9_0_051.mps,UNSAT,0.013261,UNSAT-UNSAT,None
/home/annelot/WARMSTART_PROJECT/baseline_symphony_21-01-2026+15_00/tmp/mnist-net/image_9/mnist-net_9_0_023.mps,/home/annelot/WARMSTART_PROJECT/baseline_symphony_21-01-2026+15_00/tmp/mnist-net/image_9/mnist-net_9_0_041.mps,UNSAT,0.013367,UNSAT-UNSAT,None
/home/annelot/WARMSTART_PROJECT/baseline_symphony_21-01-2026+15_00/tmp/mnist-net/image_9/mnist-net_9_0_025.mps,/home/annelot/WARMSTART_PROJECT/baseline_symphony_21-01-2026+15_00/tmp/mnist-net/image_9/mnist-net_9_0_031.mps,UNSAT,0.012022,UNSAT-UNSAT,None
/home/annelot/WARMSTART_PROJECT/baseline_symphony_21-01-2026+15_00/tmp/mnist-net/image_9/mnist-net_9_0_023.mps,/home/annelot/WARMSTART_PROJECT/baseline_symphony_21-01-2026+15_00/tmp/mnist-net/image_9/mnist-net_9_0_031.mps,UNSAT,0.013581,UNSAT-UNSAT,None
/home/annelot/WARMSTART_PROJECT/baseline_symphony_21-01-2026+15_00/tmp/mnist-net/image_9/mnist-net_9_0_021.mps,/home/annelot/WARMSTART_PROJECT/baseline_symphony_21-01-2026+15_00/tmp/mnist-net/image_9/mnist-net_9_0_035.mps,UNSAT,0.013864,UNSAT-UNSAT,None
/home/annelot/WARMSTART_PROJECT/baseline_symphony_21-01-2026+15_00/tmp/mnist-net/image_9/mnist-net_9_0_021.mps,/home/annelot/WARMSTART_PROJECT/baseline_symphony_21-01-2026+15_00/tmp/mnist-net/image_9/mnist-net_9_0_045.mps,UNSAT,0.015364,UNSAT-UNSAT,None
/home/annelot/WARMSTART_PROJECT/baseline_symphony_21-01-2026+15_00/tmp/mnist-net/image_9/mnist-net_9_0_021.mps,/home/annelot/WARMSTART_PROJECT/baseline_symphony_21-01-2026+15_00/tmp/mnist-net/image_9/mnist-net_9_0_037.mps,UNSAT,0.015233,UNSAT-UNSAT,None
/home/annelot/WARMSTART_PROJECT/baseline_symphony_21-01-2026+15_00/tmp/mnist-net/image_9/mnist-net_9_0_021.mps,/home/annelot/WARMSTART_PROJECT/baseline_symphony_21-01-2026+15_00/tmp/mnist-net/image_9/mnist-net_9_0_041.mps,UNSAT,0.015246,UNSAT-UNSAT,None
/home/annelot/WARMSTART_PROJECT/baseline_symphony_21-01-2026+15_00/tmp/mnist-net/image_9/mnist-net_9_0_021.mps,/home/annelot/WARMSTART_PROJECT/baseline_symphony_21-01-2026+15_00/tmp/mnist-net/image_9/mnist-net_9_0_047.mps,UNSAT,0.015133,UNSAT-UNSAT,None
/home/annelot/WARMSTART_PROJECT/baseline_symphony_21-01-2026+15_00/tmp/mnist-net/image_9/mnist-net_9_0_021.mps,/home/annelot/WARMSTART_PROJECT/baseline_symphony_21-01-2026+15_00/tmp/mnist-net/image_9/mnist-net_9_0_057.mps,UNSAT,0.015053,UNSAT-UNSAT,None
/home/annelot/WARMSTART_PROJECT/baseline_symphony_21-01-2026+15_00/tmp/mnist-net/image_9/mnist-net_9_0_021.mps,/home/annelot/WARMSTART_PROJECT/baseline_symphony_21-01-2026+15_00/tmp/mnist-net/image_9/mnist-net_9_0_049.mps,UNSAT,0.015272,UNSAT-UNSAT,None
/home/annelot/WARMSTART_PROJECT/baseline_symphony_21-01-2026+15_00/tmp/mnist-net/image_9/mnist-net_9_0_021.mps,/home/annelot/WARMSTART_PROJECT/baseline_symphony_21-01-2026+15_00/tmp/mnist-net/image_9/mnist-net_9_0_059.mps,UNSAT,0.014618,UNSAT-UNSAT,None
/home/annelot/WARMSTART_PROJECT/baseline_symphony_21-01-2026+15_00/tmp/mnist-net/image_9/mnist-net_9_0_021.mps,/home/annelot/WARMSTART_PROJECT/baseline_symphony_21-01-2026+15_00/tmp/mnist-net/image_9/mnist-net_9_0_043.mps,UNSAT,0.014778,UNSAT-UNSAT,None
/home/annelot/WARMSTART_PROJECT/baseline_symphony_21-01-2026+15_00/tmp/mnist-net/image_9/mnist-net_9_0_023.mps,/home/annelot/WARMSTART_PROJECT/baseline_symphony_21-01-2026+15_00/tmp/mnist-net/image_9/mnist-net_9_0_035.mps,UNSAT,0.014754,UNSAT-UNSAT,None
/home/annelot/WARMSTART_PROJECT/baseline_symphony_21-01-2026+15_00/tmp/mnist-net/image_9/mnist-net_9_0_023.mps,/home/annelot/WARMSTART_PROJECT/baseline_symphony_21-01-2026+15_00/tmp/mnist-net/image_9/mnist-net_9_0_037.mps,UNSAT,0.014966,UNSAT-UNSAT,None
/home/annelot/WARMSTART_PROJECT/baseline_symphony_21-01-2026+15_00/tmp/mnist-net/image_9/mnist-net_9_0_023.mps,/home/annelot/WARMSTART_PROJECT/baseline_symphony_21-01-2026+15_00/tmp/mnist-net/image_9/mnist-net_9_0_027.mps,UNSAT,0.014905,UNSAT-UNSAT,None
/home/annelot/WARMSTART_PROJECT/baseline_symphony_21-01-2026+15_00/tmp/mnist-net/image_9/mnist-net_9_0_023.mps,/home/annelot/WARMSTART_PROJECT/baseline_symphony_21-01-2026+15_00/tmp/mnist-net/image_9/mnist-net_9_0_025.mps,UNSAT,0.014715,UNSAT-UNSAT,None
/home/annelot/WARMSTART_PROJECT/baseline_symphony_21-01-2026+15_00/tmp/mnist-net/image_9/mnist-net_9_0_021.mps,/home/annelot/WARMSTART_PROJECT/baseline_symphony_21-01-2026+15_00/tmp/mnist-net/image_9/mnist-net_9_0_033.mps,UNSAT,0.01433,UNSAT-UNSAT,None
/home/annelot/WARMSTART_PROJECT/baseline_symphony_21-01-2026+15_00/tmp/mnist-net/image_9/mnist-net_9_0_023.mps,/home/annelot/WARMSTART_PROJECT/baseline_symphony_21-01-2026+15_00/tmp/mnist-net/image_9/mnist-net_9_0_043.mps,UNSAT,0.014505,UNSAT-UNSAT,None
/home/annelot/WARMSTART_PROJECT/baseline_symphony_21-01-2026+15_00/tmp/mnist-net/image_9/mnist-net_9_0_023.mps,/home/annelot/WARMSTART_PROJECT/baseline_symphony_21-01-2026+15_00/tmp/mnist-net/image_9/mnist-net_9_0_045.mps,UNSAT,0.014688,UNSAT-UNSAT,None
/home/annelot/WARMSTART_PROJECT/baseline_symphony_21-01-2026+15_00/tmp/mnist-net/image_9/mnist-net_9_0_021.mps,/home/annelot/WARMSTART_PROJECT/baseline_symphony_21-01-2026+15_00/tmp/mnist-net/image_9/mnist-net_9_0_055.mps,UNSAT,0.01392,UNSAT-UNSAT,None
/home/annelot/WARMSTART_PROJECT/baseline_symphony_21-01-2026+15_00/tmp/mnist-net/image_9/mnist-net_9_0_023.mps,/home/annelot/WARMSTART_PROJECT/baseline_symphony_21-01-2026+15_00/tmp/mnist-net/image_9/mnist-net_9_0_029.mps,UNSAT,0.014547,UNSAT-UNSAT,None
/home/annelot/WARMSTART_PROJECT/baseline_symphony_21-01-2026+15_00/tmp/mnist-net/image_9/mnist-net_9_0_021.mps,/home/annelot/WARMSTART_PROJECT/baseline_symphony_21-01-2026+15_00/tmp/mnist-net/image_9/mnist-net_9_0_039.mps,UNSAT,0.013717,UNSAT-UNSAT,None
/home/annelot/WARMSTART_PROJECT/baseline_symphony_21-01-2026+15_00/tmp/mnist-net/image_9/mnist-net_9_0_023.mps,/home/annelot/WARMSTART_PROJECT/baseline_symphony_21-01-2026+15_00/tmp/mnist-net/image_9/mnist-net_9_0_039.mps,UNSAT,0.019368,UNSAT-UNSAT,None
/home/annelot/WARMSTART_PROJECT/baseline_symphony_21-01-2026+15_00/tmp/mnist-net/image_9/mnist-net_9_0_023.mps,/home/annelot/WARMSTART_PROJECT/baseline_symphony_21-01-2026+15_00/tmp/mnist-net/image_9/mnist-net_9_0_033.mps,UNSAT,0.018976,UNSAT-UNSAT,None
/home/annelot/WARMSTART_PROJECT/baseline_symphony_21-01-2026+15_00/tmp/mnist-net/image_9/mnist-net_9_0_021.mps,/home/annelot/WARMSTART_PROJECT/baseline_symphony_21-01-2026+15_00/tmp/mnist-net/image_9/mnist-net_9_0_051.mps,UNSAT,0.019264,UNSAT-UNSAT,None
/home/annelot/WARMSTART_PROJECT/baseline_symphony_21-01-2026+15_00/tmp/mnist-net/image_9/mnist-net_9_0_021.mps,/home/annelot/WARMSTART_PROJECT/baseline_symphony_21-01-2026+15_00/tmp/mnist-net/image_9/mnist-net_9_0_053.mps,UNSAT,0.019389,UNSAT-UNSAT,None
/home/annelot/WARMSTART_PROJECT/baseline_symphony_21-01-2026+15_00/tmp/mnist-net/image_9/mnist-net_9_0_027.mps,/home/annelot/WARMSTART_PROJECT/baseline_symphony_21-01-2026+15_00/tmp/mnist-net/image_9/mnist-net_9_0_047.mps,UNSAT,0.0122,UNSAT-UNSAT,None
/home/annelot/WARMSTART_PROJECT/baseline_symphony_21-01-2026+15_00/tmp/mnist-net/image_9/mnist-net_9_0_027.mps,/home/annelot/WARMSTART_PROJECT/baseline_symphony_21-01-2026+15_00/tmp/mnist-net/image_9/mnist-net_9_0_035.mps,UNSAT,0.013375,UNSAT-UNSAT,None
/home/annelot/WARMSTART_PROJECT/baseline_symphony_21-01-2026+15_00/tmp/mnist-net/image_9/mnist-net_9_0_023.mps,/home/annelot/WARMSTART_PROJECT/baseline_symphony_21-01-2026+15_00/tmp/mnist-net/image_9/mnist-net_9_0_057.mps,UNSAT,0.02063,UNSAT-UNSAT,None
/home/annelot/WARMSTART_PROJECT/baseline_symphony_21-01-2026+15_00/tmp/mnist-net/image_9/mnist-net_9_0_027.mps,/home/annelot/WARMSTART_PROJECT/baseline_symphony_21-01-2026+15_00/tmp/mnist-net/image_9/mnist-net_9_0_041.mps,UNSAT,0.012933,UNSAT-UNSAT,None
/home/annelot/WARMSTART_PROJECT/baseline_symphony_21-01-2026+15_00/tmp/mnist-net/image_9/mnist-net_9_0_025.mps,/home/annelot/WARMSTART_PROJECT/baseline_symphony_21-01-2026+15_00/tmp/mnist-net/image_9/mnist-net_9_0_041.mps,UNSAT,0.01336,UNSAT-UNSAT,None
/home/annelot/WARMSTART_PROJECT/baseline_symphony_21-01-2026+15_00/tmp/mnist-net/image_9/mnist-net_9_0_027.mps,/home/annelot/WARMSTART_PROJECT/baseline_symphony_21-01-2026+15_00/tmp/mnist-net/image_9/mnist-net_9_0_059.mps,UNSAT,0.013716,UNSAT-UNSAT,None
/home/annelot/WARMSTART_PROJECT/baseline_symphony_21-01-2026+15_00/tmp/mnist-net/image_9/mnist-net_9_0_027.mps,/home/annelot/WARMSTART_PROJECT/baseline_symphony_21-01-2026+15_00/tmp/mnist-net/image_9/mnist-net_9_0_049.mps,UNSAT,0.013782,UNSAT-UNSAT,None
/home/annelot/WARMSTART_PROJECT/baseline_symphony_21-01-2026+15_00/tmp/mnist-net/image_9/mnist-net_9_0_027.mps,/home/annelot/WARMSTART_PROJECT/baseline_symphony_21-01-2026+15_00/tmp/mnist-net/image_9/mnist-net_9_0_057.mps,UNSAT,0.013601,UNSAT-UNSAT,None
/home/annelot/WARMSTART_PROJECT/baseline_symphony_21-01-2026+15_00/tmp/mnist-net/image_9/mnist-net_9_0_027.mps,/home/annelot/WARMSTART_PROJECT/baseline_symphony_21-01-2026+15_00/tmp/mnist-net/image_9/mnist-net_9_0_045.mps,UNSAT,0.014614,UNSAT-UNSAT,None
/home/annelot/WARMSTART_PROJECT/baseline_symphony_21-01-2026+15_00/tmp/mnist-net/image_9/mnist-net_9_0_027.mps,/home/annelot/WARMSTART_PROJECT/baseline_symphony_21-01-2026+15_00/tmp/mnist-net/image_9/mnist-net_9_0_043.mps,UNSAT,0.013579,UNSAT-UNSAT,None
/home/annelot/WARMSTART_PROJECT/baseline_symphony_21-01-2026+15_00/tmp/mnist-net/image_9/mnist-net_9_0_025.mps,/home/annelot/WARMSTART_PROJECT/baseline_symphony_21-01-2026+15_00/tmp/mnist-net/image_9/mnist-net_9_0_043.mps,UNSAT,0.012586,UNSAT-UNSAT,None
/home/annelot/WARMSTART_PROJECT/baseline_symphony_21-01-2026+15_00/tmp/mnist-net/image_9/mnist-net_9_0_025.mps,/home/annelot/WARMSTART_PROJECT/baseline_symphony_21-01-2026+15_00/tmp/mnist-net/image_9/mnist-net_9_0_037.mps,UNSAT,0.013547,UNSAT-UNSAT,None
/home/annelot/WARMSTART_PROJECT/baseline_symphony_21-01-2026+15_00/tmp/mnist-net/image_9/mnist-net_9_0_027.mps,/home/annelot/WARMSTART_PROJECT/baseline_symphony_21-01-2026+15_00/tmp/mnist-net/image_9/mnist-net_9_0_029.mps,UNSAT,0.013844,UNSAT-UNSAT,None
/home/annelot/WARMSTART_PROJECT/baseline_symphony_21-01-2026+15_00/tmp/mnist-net/image_9/mnist-net_9_0_025.mps,/home/annelot/WARMSTART_PROJECT/baseline_symphony_21-01-2026+15_00/tmp/mnist-net/image_9/mnist-net_9_0_051.mps,UNSAT,0.01334,UNSAT-UNSAT,None
/home/annelot/WARMSTART_PROJECT/baseline_symphony_21-01-2026+15_00/tmp/mnist-net/image_9/mnist-net_9_0_023.mps,/home/annelot/WARMSTART_PROJECT/baseline_symphony_21-01-2026+15_00/tmp/mnist-net/image_9/mnist-net_9_0_059.mps,UNSAT,0.01464,UNSAT-UNSAT,None
/home/annelot/WARMSTART_PROJECT/baseline_symphony_21-01-2026+15_00/tmp/mnist-net/image_9/mnist-net_9_0_027.mps,/home/annelot/WARMSTART_PROJECT/baseline_symphony_21-01-2026+15_00/tmp/mnist-net/image_9/mnist-net_9_0_037.mps,UNSAT,0.015086,UNSAT-UNSAT,None
/home/annelot/WARMSTART_PROJECT/baseline_symphony_21-01-2026+15_00/tmp/mnist-net/image_9/mnist-net_9_0_025.mps,/home/annelot/WARMSTART_PROJECT/baseline_symphony_21-01-2026+15_00/tmp/mnist-net/image_9/mnist-net_9_0_057.mps,UNSAT,0.01453,UNSAT-UNSAT,None
/home/annelot/WARMSTART_PROJECT/baseline_symphony_21-01-2026+15_00/tmp/mnist-net/image_9/mnist-net_9_0_025.mps,/home/annelot/WARMSTART_PROJECT/baseline_symphony_21-01-2026+15_00/tmp/mnist-net/image_9/mnist-net_9_0_059.mps,UNSAT,0.014743,UNSAT-UNSAT,None
/home/annelot/WARMSTART_PROJECT/baseline_symphony_21-01-2026+15_00/tmp/mnist-net/image_9/mnist-net_9_0_027.mps,/home/annelot/WARMSTART_PROJECT/baseline_symphony_21-01-2026+15_00/tmp/mnist-net/image_9/mnist-net_9_0_031.mps,UNSAT,0.014449,UNSAT-UNSAT,None
/home/annelot/WARMSTART_PROJECT/baseline_symphony_21-01-2026+15_00/tmp/mnist-net/image_9/mnist-net_9_0_025.mps,/home/annelot/WARMSTART_PROJECT/baseline_symphony_21-01-2026+15_00/tmp/mnist-net/image_9/mnist-net_9_0_047.mps,UNSAT,0.015021,UNSAT-UNSAT,None
/home/annelot/WARMSTART_PROJECT/baseline_symphony_21-01-2026+15_00/tmp/mnist-net/image_9/mnist-net_9_0_025.mps,/home/annelot/WARMSTART_PROJECT/baseline_symphony_21-01-2026+15_00/tmp/mnist-net/image_9/mnist-net_9_0_033.mps,UNSAT,0.014641,UNSAT-UNSAT,None
/home/annelot/WARMSTART_PROJECT/baseline_symphony_21-01-2026+15_00/tmp/mnist-net/image_9/mnist-net_9_0_027.mps,/home/annelot/WARMSTART_PROJECT/baseline_symphony_21-01-2026+15_00/tmp/mnist-net/image_9/mnist-net_9_0_039.mps,UNSAT,0.014823,UNSAT-UNSAT,None
/home/annelot/WARMSTART_PROJECT/baseline_symphony_21-01-2026+15_00/tmp/mnist-net/image_9/mnist-net_9_0_025.mps,/home/annelot/WARMSTART_PROJECT/baseline_symphony_21-01-2026+15_00/tmp/mnist-net/image_9/mnist-net_9_0_053.mps,UNSAT,0.015133,UNSAT-UNSAT,None
/home/annelot/WARMSTART_PROJECT/baseline_symphony_21-01-2026+15_00/tmp/mnist-net/image_9/mnist-net_9_0_027.mps,/home/annelot/WARMSTART_PROJECT/baseline_symphony_21-01-2026+15_00/tmp/mnist-net/image_9/mnist-net_9_0_033.mps,UNSAT,0.014565,UNSAT-UNSAT,None
/home/annelot/WARMSTART_PROJECT/baseline_symphony_21-01-2026+15_00/tmp/mnist-net/image_9/mnist-net_9_0_025.mps,/home/annelot/WARMSTART_PROJECT/baseline_symphony_21-01-2026+15_00/tmp/mnist-net/image_9/mnist-net_9_0_055.mps,UNSAT,0.014371,UNSAT-UNSAT,None
/home/annelot/WARMSTART_PROJECT/baseline_symphony_21-01-2026+15_00/tmp/mnist-net/image_9/mnist-net_9_0_025.mps,/home/annelot/WARMSTART_PROJECT/baseline_symphony_21-01-2026+15_00/tmp/mnist-net/image_9/mnist-net_9_0_049.mps,UNSAT,0.013623,UNSAT-UNSAT,None
/home/annelot/WARMSTART_PROJECT/baseline_symphony_21-01-2026+15_00/tmp/mnist-net/image_9/mnist-net_9_0_025.mps,/home/annelot/WARMSTART_PROJECT/baseline_symphony_21-01-2026+15_00/tmp/mnist-net/image_9/mnist-net_9_0_039.mps,UNSAT,0.013696,UNSAT-UNSAT,None
/home/annelot/WARMSTART_PROJECT/baseline_symphony_21-01-2026+15_00/tmp/mnist-net/image_9/mnist-net_9_0_025.mps,/home/annelot/WARMSTART_PROJECT/baseline_symphony_21-01-2026+15_00/tmp/mnist-net/image_9/mnist-net_9_0_029.mps,UNSAT,0.013719,UNSAT-UNSAT,None
/home/annelot/WARMSTART_PROJECT/baseline_symphony_21-01-2026+15_00/tmp/mnist-net/image_9/mnist-net_9_0_025.mps,/home/annelot/WARMSTART_PROJECT/baseline_symphony_21-01-2026+15_00/tmp/mnist-net/image_9/mnist-net_9_0_027.mps,UNSAT,0.019354,UNSAT-UNSAT,None
/home/annelot/WARMSTART_PROJECT/baseline_symphony_21-01-2026+15_00/tmp/mnist-net/image_9/mnist-net_9_0_025.mps,/home/annelot/WARMSTART_PROJECT/baseline_symphony_21-01-2026+15_00/tmp/mnist-net/image_9/mnist-net_9_0_035.mps,UNSAT,0.016661,UNSAT-UNSAT,None
/home/annelot/WARMSTART_PROJECT/baseline_symphony_21-01-2026+15_00/tmp/mnist-net/image_9/mnist-net_9_0_025.mps,/home/annelot/WARMSTART_PROJECT/baseline_symphony_21-01-2026+15_00/tmp/mnist-net/image_9/mnist-net_9_0_045.mps,UNSAT,0.012351,UNSAT-UNSAT,None
/home/annelot/WARMSTART_PROJECT/baseline_symphony_21-01-2026+15_00/tmp/mnist-net/image_9/mnist-net_9_0_031.mps,/home/annelot/WARMSTART_PROJECT/baseline_symphony_21-01-2026+15_00/tmp/mnist-net/image_9/mnist-net_9_0_045.mps,UNSAT,0.01109,UNSAT-UNSAT,None
/home/annelot/WARMSTART_PROJECT/baseline_symphony_21-01-2026+15_00/tmp/mnist-net/image_9/mnist-net_9_0_031.mps,/home/annelot/WARMSTART_PROJECT/baseline_symphony_21-01-2026+15_00/tmp/mnist-net/image_9/mnist-net_9_0_043.mps,UNSAT,0.011811,UNSAT-UNSAT,None
/home/annelot/WARMSTART_PROJECT/baseline_symphony_21-01-2026+15_00/tmp/mnist-net/image_9/mnist-net_9_0_031.mps,/home/annelot/WARMSTART_PROJECT/baseline_symphony_21-01-2026+15_00/tmp/mnist-net/image_9/mnist-net_9_0_047.mps,UNSAT,0.011813,UNSAT-UNSAT,None
/home/annelot/WARMSTART_PROJECT/baseline_symphony_21-01-2026+15_00/tmp/mnist-net/image_9/mnist-net_9_0_031.mps,/home/annelot/WARMSTART_PROJECT/baseline_symphony_21-01-2026+15_00/tmp/mnist-net/image_9/mnist-net_9_0_049.mps,UNSAT,0.011816,UNSAT-UNSAT,None
/home/annelot/WARMSTART_PROJECT/baseline_symphony_21-01-2026+15_00/tmp/mnist-net/image_9/mnist-net_9_0_033.mps,/home/annelot/WARMSTART_PROJECT/baseline_symphony_21-01-2026+15_00/tmp/mnist-net/image_9/mnist-net_9_0_035.mps,UNSAT,0.012568,UNSAT-UNSAT,None
/home/annelot/WARMSTART_PROJECT/baseline_symphony_21-01-2026+15_00/tmp/mnist-net/image_9/mnist-net_9_0_031.mps,/home/annelot/WARMSTART_PROJECT/baseline_symphony_21-01-2026+15_00/tmp/mnist-net/image_9/mnist-net_9_0_055.mps,UNSAT,0.012401,UNSAT-UNSAT,None
/home/annelot/WARMSTART_PROJECT/baseline_symphony_21-01-2026+15_00/tmp/mnist-net/image_9/mnist-net_9_0_031.mps,/home/annelot/WARMSTART_PROJECT/baseline_symphony_21-01-2026+15_00/tmp/mnist-net/image_9/mnist-net_9_0_053.mps,UNSAT,0.012438,UNSAT-UNSAT,None
/home/annelot/WARMSTART_PROJECT/baseline_symphony_21-01-2026+15_00/tmp/mnist-net/image_9/mnist-net_9_0_031.mps,/home/annelot/WARMSTART_PROJECT/baseline_symphony_21-01-2026+15_00/tmp/mnist-net/image_9/mnist-net_9_0_037.mps,UNSAT,0.012818,UNSAT-UNSAT,None
/home/annelot/WARMSTART_PROJECT/baseline_symphony_21-01-2026+15_00/tmp/mnist-net/image_9/mnist-net_9_0_027.mps,/home/annelot/WARMSTART_PROJECT/baseline_symphony_21-01-2026+15_00/tmp/mnist-net/image_9/mnist-net_9_0_055.mps,UNSAT,0.014028,UNSAT-UNSAT,None
/home/annelot/WARMSTART_PROJECT/baseline_symphony_21-01-2026+15_00/tmp/mnist-net/image_9/mnist-net_9_0_029.mps,/home/annelot/WARMSTART_PROJECT/baseline_symphony_21-01-2026+15_00/tmp/mnist-net/image_9/mnist-net_9_0_033.mps,UNSAT,0.01259,UNSAT-UNSAT,None
/home/annelot/WARMSTART_PROJECT/baseline_symphony_21-01-2026+15_00/tmp/mnist-net/image_9/mnist-net_9_0_029.mps,/home/annelot/WARMSTART_PROJECT/baseline_symphony_21-01-2026+15_00/tmp/mnist-net/image_9/mnist-net_9_0_039.mps,UNSAT,0.013765,UNSAT-UNSAT,None
/home/annelot/WARMSTART_PROJECT/baseline_symphony_21-01-2026+15_00/tmp/mnist-net/image_9/mnist-net_9_0_029.mps,/home/annelot/WARMSTART_PROJECT/baseline_symphony_21-01-2026+15_00/tmp/mnist-net/image_9/mnist-net_9_0_043.mps,UNSAT,0.015987,UNSAT-UNSAT,None
/home/annelot/WARMSTART_PROJECT/baseline_symphony_21-01-2026+15_00/tmp/mnist-net/image_9/mnist-net_9_0_031.mps,/home/annelot/WARMSTART_PROJECT/baseline_symphony_21-01-2026+15_00/tmp/mnist-net/image_9/mnist-net_9_0_051.mps,UNSAT,0.013709,UNSAT-UNSAT,None
/home/annelot/WARMSTART_PROJECT/baseline_symphony_21-01-2026+15_00/tmp/mnist-net/image_9/mnist-net_9_0_031.mps,/home/annelot/WARMSTART_PROJECT/baseline_symphony_21-01-2026+15_00/tmp/mnist-net/image_9/mnist-net_9_0_041.mps,UNSAT,0.013912,UNSAT-UNSAT,None
/home/annelot/WARMSTART_PROJECT/baseline_symphony_21-01-2026+15_00/tmp/mnist-net/image_9/mnist-net_9_0_031.mps,/home/annelot/WARMSTART_PROJECT/baseline_symphony_21-01-2026+15_00/tmp/mnist-net/image_9/mnist-net_9_0_035.mps,UNSAT,0.01362,UNSAT-UNSAT,None
/home/annelot/WARMSTART_PROJECT/baseline_symphony_21-01-2026+15_00/tmp/mnist-net/image_9/mnist-net_9_0_031.mps,/home/annelot/WARMSTART_PROJECT/baseline_symphony_21-01-2026+15_00/tmp/mnist-net/image_9/mnist-net_9_0_039.mps,UNSAT,0.013656,UNSAT-UNSAT,None
/home/annelot/WARMSTART_PROJECT/baseline_symphony_21-01-2026+15_00/tmp/mnist-net/image_9/mnist-net_9_0_031.mps,/home/annelot/WARMSTART_PROJECT/baseline_symphony_21-01-2026+15_00/tmp/mnist-net/image_9/mnist-net_9_0_033.mps,UNSAT,0.013641,UNSAT-UNSAT,None
/home/annelot/WARMSTART_PROJECT/baseline_symphony_21-01-2026+15_00/tmp/mnist-net/image_9/mnist-net_9_0_029.mps,/home/annelot/WARMSTART_PROJECT/baseline_symphony_21-01-2026+15_00/tmp/mnist-net/image_9/mnist-net_9_0_053.mps,UNSAT,0.013837,UNSAT-UNSAT,None
/home/annelot/WARMSTART_PROJECT/baseline_symphony_21-01-2026+15_00/tmp/mnist-net/image_9/mnist-net_9_0_029.mps,/home/annelot/WARMSTART_PROJECT/baseline_symphony_21-01-2026+15_00/tmp/mnist-net/image_9/mnist-net_9_0_047.mps,UNSAT,0.01399,UNSAT-UNSAT,None
/home/annelot/WARMSTART_PROJECT/baseline_symphony_21-01-2026+15_00/tmp/mnist-net/image_9/mnist-net_9_0_029.mps,/home/annelot/WARMSTART_PROJECT/baseline_symphony_21-01-2026+15_00/tmp/mnist-net/image_9/mnist-net_9_0_057.mps,UNSAT,0.013937,UNSAT-UNSAT,None
/home/annelot/WARMSTART_PROJECT/baseline_symphony_21-01-2026+15_00/tmp/mnist-net/image_9/mnist-net_9_0_029.mps,/home/annelot/WARMSTART_PROJECT/baseline_symphony_21-01-2026+15_00/tmp/mnist-net/image_9/mnist-net_9_0_049.mps,UNSAT,0.014016,UNSAT-UNSAT,None
/home/annelot/WARMSTART_PROJECT/baseline_symphony_21-01-2026+15_00/tmp/mnist-net/image_9/mnist-net_9_0_029.mps,/home/annelot/WARMSTART_PROJECT/baseline_symphony_21-01-2026+15_00/tmp/mnist-net/image_9/mnist-net_9_0_059.mps,UNSAT,0.014232,UNSAT-UNSAT,None
/home/annelot/WARMSTART_PROJECT/baseline_symphony_21-01-2026+15_00/tmp/mnist-net/image_9/mnist-net_9_0_029.mps,/home/annelot/WARMSTART_PROJECT/baseline_symphony_21-01-2026+15_00/tmp/mnist-net/image_9/mnist-net_9_0_041.mps,UNSAT,0.013439,UNSAT-UNSAT,None
/home/annelot/WARMSTART_PROJECT/baseline_symphony_21-01-2026+15_00/tmp/mnist-net/image_9/mnist-net_9_0_029.mps,/home/annelot/WARMSTART_PROJECT/baseline_symphony_21-01-2026+15_00/tmp/mnist-net/image_9/mnist-net_9_0_045.mps,UNSAT,0.014022,UNSAT-UNSAT,None
/home/annelot/WARMSTART_PROJECT/baseline_symphony_21-01-2026+15_00/tmp/mnist-net/image_9/mnist-net_9_0_029.mps,/home/annelot/WARMSTART_PROJECT/baseline_symphony_21-01-2026+15_00/tmp/mnist-net/image_9/mnist-net_9_0_055.mps,UNSAT,0.013943,UNSAT-UNSAT,None
/home/annelot/WARMSTART_PROJECT/baseline_symphony_21-01-2026+15_00/tmp/mnist-net/image_9/mnist-net_9_0_029.mps,/home/annelot/WARMSTART_PROJECT/baseline_symphony_21-01-2026+15_00/tmp/mnist-net/image_9/mnist-net_9_0_035.mps,UNSAT,0.014535,UNSAT-UNSAT,None
/home/annelot/WARMSTART_PROJECT/baseline_symphony_21-01-2026+15_00/tmp/mnist-net/image_9/mnist-net_9_0_029.mps,/home/annelot/WARMSTART_PROJECT/baseline_symphony_21-01-2026+15_00/tmp/mnist-net/image_9/mnist-net_9_0_051.mps,UNSAT,0.012925,UNSAT-UNSAT,None
/home/annelot/WARMSTART_PROJECT/baseline_symphony_21-01-2026+15_00/tmp/mnist-net/image_9/mnist-net_9_0_027.mps,/home/annelot/WARMSTART_PROJECT/baseline_symphony_21-01-2026+15_00/tmp/mnist-net/image_9/mnist-net_9_0_051.mps,UNSAT,0.01888,UNSAT-UNSAT,None
/home/annelot/WARMSTART_PROJECT/baseline_symphony_21-01-2026+15_00/tmp/mnist-net/image_9/mnist-net_9_0_029.mps,/home/annelot/WARMSTART_PROJECT/baseline_symphony_21-01-2026+15_00/tmp/mnist-net/image_9/mnist-net_9_0_031.mps,UNSAT,0.019582,UNSAT-UNSAT,None
/home/annelot/WARMSTART_PROJECT/baseline_symphony_21-01-2026+15_00/tmp/mnist-net/image_9/mnist-net_9_0_027.mps,/home/annelot/WARMSTART_PROJECT/baseline_symphony_21-01-2026+15_00/tmp/mnist-net/image_9/mnist-net_9_0_053.mps,UNSAT,0.013319,UNSAT-UNSAT,None
/home/annelot/WARMSTART_PROJECT/baseline_symphony_21-01-2026+15_00/tmp/mnist-net/image_9/mnist-net_9_0_029.mps,/home/annelot/WARMSTART_PROJECT/baseline_symphony_21-01-2026+15_00/tmp/mnist-net/image_9/mnist-net_9_0_037.mps,UNSAT,0.017212,UNSAT-UNSAT,None
/home/annelot/WARMSTART_PROJECT/baseline_symphony_21-01-2026+15_00/tmp/mnist-net/image_4/mnist-net_4_0_001.mps,/home/annelot/WARMSTART_PROJECT/baseline_symphony_21-01-2026+15_00/tmp/mnist-net/image_4/mnist-net_4_0_029.mps,ERR,,UNSAT-UNSAT,None
/home/annelot/WARMSTART_PROJECT/baseline_symphony_21-01-2026+15_00/tmp/mnist-net/image_4/mnist-net_4_0_001.mps,/home/annelot/WARMSTART_PROJECT/baseline_symphony_21-01-2026+15_00/tmp/mnist-net/image_4/mnist-net_4_0_033.mps,ERR,,UNSAT-UNSAT,None
/home/annelot/WARMSTART_PROJECT/baseline_symphony_21-01-2026+15_00/tmp/mnist-net/image_4/mnist-net_4_0_001.mps,/home/annelot/WARMSTART_PROJECT/baseline_symphony_21-01-2026+15_00/tmp/mnist-net/image_4/mnist-net_4_0_017.mps,ERR,,UNSAT-UNSAT,None
/home/annelot/WARMSTART_PROJECT/baseline_symphony_21-01-2026+15_00/tmp/mnist-net/image_4/mnist-net_4_0_001.mps,/home/annelot/WARMSTART_PROJECT/baseline_symphony_21-01-2026+15_00/tmp/mnist-net/image_4/mnist-net_4_0_007.mps,ERR,,UNSAT-UNSAT,None
/home/annelot/WARMSTART_PROJECT/baseline_symphony_21-01-2026+15_00/tmp/mnist-net/image_4/mnist-net_4_0_001.mps,/home/annelot/WARMSTART_PROJECT/baseline_symphony_21-01-2026+15_00/tmp/mnist-net/image_4/mnist-net_4_0_025.mps,ERR,,UNSAT-UNSAT,None
/home/annelot/WARMSTART_PROJECT/baseline_symphony_21-01-2026+15_00/tmp/mnist-net/image_4/mnist-net_4_0_007.mps,/home/annelot/WARMSTART_PROJECT/baseline_symphony_21-01-2026+15_00/tmp/mnist-net/image_4/mnist-net_4_0_015.mps,UNSAT,0.012143,UNSAT-UNSAT,None
/home/annelot/WARMSTART_PROJECT/baseline_symphony_21-01-2026+15_00/tmp/mnist-net/image_4/mnist-net_4_0_007.mps,/home/annelot/WARMSTART_PROJECT/baseline_symphony_21-01-2026+15_00/tmp/mnist-net/image_4/mnist-net_4_0_021.mps,UNSAT,0.013063,UNSAT-UNSAT,None
/home/annelot/WARMSTART_PROJECT/baseline_symphony_21-01-2026+15_00/tmp/mnist-net/image_4/mnist-net_4_0_007.mps,/home/annelot/WARMSTART_PROJECT/baseline_symphony_21-01-2026+15_00/tmp/mnist-net/image_4/mnist-net_4_0_013.mps,UNSAT,0.013624,UNSAT-UNSAT,None
/home/annelot/WARMSTART_PROJECT/baseline_symphony_21-01-2026+15_00/tmp/mnist-net/image_4/mnist-net_4_0_007.mps,/home/annelot/WARMSTART_PROJECT/baseline_symphony_21-01-2026+15_00/tmp/mnist-net/image_4/mnist-net_4_0_011.mps,UNSAT,0.013429,UNSAT-UNSAT,None
/home/annelot/WARMSTART_PROJECT/baseline_symphony_21-01-2026+15_00/tmp/mnist-net/image_4/mnist-net_4_0_007.mps,/home/annelot/WARMSTART_PROJECT/baseline_symphony_21-01-2026+15_00/tmp/mnist-net/image_4/mnist-net_4_0_017.mps,UNSAT,0.013486,UNSAT-UNSAT,None
/home/annelot/WARMSTART_PROJECT/baseline_symphony_21-01-2026+15_00/tmp/mnist-net/image_4/mnist-net_4_0_007.mps,/home/annelot/WARMSTART_PROJECT/baseline_symphony_21-01-2026+15_00/tmp/mnist-net/image_4/mnist-net_4_0_019.mps,UNSAT,0.013568,UNSAT-UNSAT,None
/home/annelot/WARMSTART_PROJECT/baseline_symphony_21-01-2026+15_00/tmp/mnist-net/image_5/mnist-net_5_0_021.mps,/home/annelot/WARMSTART_PROJECT/baseline_symphony_21-01-2026+15_00/tmp/mnist-net/image_5/mnist-net_5_0_033.mps,UNSAT,0.013002,UNSAT-UNSAT,None
/home/annelot/WARMSTART_PROJECT/baseline_symphony_21-01-2026+15_00/tmp/mnist-net/image_5/mnist-net_5_0_021.mps,/home/annelot/WARMSTART_PROJECT/baseline_symphony_21-01-2026+15_00/tmp/mnist-net/image_5/mnist-net_5_0_031.mps,UNSAT,0.012996,UNSAT-UNSAT,None
/home/annelot/WARMSTART_PROJECT/baseline_symphony_21-01-2026+15_00/tmp/mnist-net/image_4/mnist-net_4_0_007.mps,/home/annelot/WARMSTART_PROJECT/baseline_symphony_21-01-2026+15_00/tmp/mnist-net/image_4/mnist-net_4_0_009.mps,UNSAT,0.01248,UNSAT-UNSAT,None
/home/annelot/WARMSTART_PROJECT/baseline_symphony_21-01-2026+15_00/tmp/mnist-net/image_5/mnist-net_5_0_021.mps,/home/annelot/WARMSTART_PROJECT/baseline_symphony_21-01-2026+15_00/tmp/mnist-net/image_5/mnist-net_5_0_035.mps,UNSAT,0.012777,UNSAT-UNSAT,None
/home/annelot/WARMSTART_PROJECT/baseline_symphony_21-01-2026+15_00/tmp/mnist-net/image_5/mnist-net_5_0_021.mps,/home/annelot/WARMSTART_PROJECT/baseline_symphony_21-01-2026+15_00/tmp/mnist-net/image_5/mnist-net_5_0_023.mps,UNSAT,0.012754,UNSAT-UNSAT,None
/home/annelot/WARMSTART_PROJECT/baseline_symphony_21-01-2026+15_00/tmp/mnist-net/image_5/mnist-net_5_0_021.mps,/home/annelot/WARMSTART_PROJECT/baseline_symphony_21-01-2026+15_00/tmp/mnist-net/image_5/mnist-net_5_0_029.mps,UNSAT,0.012776,UNSAT-UNSAT,None
/home/annelot/WARMSTART_PROJECT/baseline_symphony_21-01-2026+15_00/tmp/mnist-net/image_5/mnist-net_5_0_021.mps,/home/annelot/WARMSTART_PROJECT/baseline_symphony_21-01-2026+15_00/tmp/mnist-net/image_5/mnist-net_5_0_027.mps,UNSAT,0.012851,UNSAT-UNSAT,None
/home/annelot/WARMSTART_PROJECT/baseline_symphony_21-01-2026+15_00/tmp/mnist-net/image_9/mnist-net_9_0_031.mps,/home/annelot/WARMSTART_PROJECT/baseline_symphony_21-01-2026+15_00/tmp/mnist-net/image_9/mnist-net_9_0_059.mps,UNSAT,0.011798,UNSAT-UNSAT,None
/home/annelot/WARMSTART_PROJECT/baseline_symphony_21-01-2026+15_00/tmp/mnist-net/image_9/mnist-net_9_0_031.mps,/home/annelot/WARMSTART_PROJECT/baseline_symphony_21-01-2026+15_00/tmp/mnist-net/image_9/mnist-net_9_0_057.mps,UNSAT,0.012883,UNSAT-UNSAT,None
/home/annelot/WARMSTART_PROJECT/baseline_symphony_21-01-2026+15_00/tmp/mnist-net/image_5/mnist-net_5_0_021.mps,/home/annelot/WARMSTART_PROJECT/baseline_symphony_21-01-2026+15_00/tmp/mnist-net/image_5/mnist-net_5_0_025.mps,UNSAT,0.014628,UNSAT-UNSAT,None
/home/annelot/WARMSTART_PROJECT/baseline_symphony_21-01-2026+15_00/tmp/mnist-net/image_4/mnist-net_4_0_001.mps,/home/annelot/WARMSTART_PROJECT/baseline_symphony_21-01-2026+15_00/tmp/mnist-net/image_4/mnist-net_4_0_031.mps,ERR,,UNSAT-UNSAT,None
/home/annelot/WARMSTART_PROJECT/baseline_symphony_21-01-2026+15_00/tmp/mnist-net/image_4/mnist-net_4_0_001.mps,/home/annelot/WARMSTART_PROJECT/baseline_symphony_21-01-2026+15_00/tmp/mnist-net/image_4/mnist-net_4_0_035.mps,ERR,,UNSAT-UNSAT,None
/home/annelot/WARMSTART_PROJECT/baseline_symphony_21-01-2026+15_00/tmp/mnist-net/image_4/mnist-net_4_0_009.mps,/home/annelot/WARMSTART_PROJECT/baseline_symphony_21-01-2026+15_00/tmp/mnist-net/image_4/mnist-net_4_0_033.mps,UNSAT,0.012086,UNSAT-UNSAT,None
/home/annelot/WARMSTART_PROJECT/baseline_symphony_21-01-2026+15_00/tmp/mnist-net/image_4/mnist-net_4_0_009.mps,/home/annelot/WARMSTART_PROJECT/baseline_symphony_21-01-2026+15_00/tmp/mnist-net/image_4/mnist-net_4_0_025.mps,UNSAT,0.012056,UNSAT-UNSAT,None
/home/annelot/WARMSTART_PROJECT/baseline_symphony_21-01-2026+15_00/tmp/mnist-net/image_4/mnist-net_4_0_011.mps,/home/annelot/WARMSTART_PROJECT/baseline_symphony_21-01-2026+15_00/tmp/mnist-net/image_4/mnist-net_4_0_019.mps,UNSAT,0.012442,UNSAT-UNSAT,None
/home/annelot/WARMSTART_PROJECT/baseline_symphony_21-01-2026+15_00/tmp/mnist-net/image_4/mnist-net_4_0_011.mps,/home/annelot/WARMSTART_PROJECT/baseline_symphony_21-01-2026+15_00/tmp/mnist-net/image_4/mnist-net_4_0_013.mps,UNSAT,0.013121,UNSAT-UNSAT,None
/home/annelot/WARMSTART_PROJECT/baseline_symphony_21-01-2026+15_00/tmp/mnist-net/image_4/mnist-net_4_0_011.mps,/home/annelot/WARMSTART_PROJECT/baseline_symphony_21-01-2026+15_00/tmp/mnist-net/image_4/mnist-net_4_0_015.mps,UNSAT,0.013119,UNSAT-UNSAT,None
/home/annelot/WARMSTART_PROJECT/baseline_symphony_21-01-2026+15_00/tmp/mnist-net/image_4/mnist-net_4_0_011.mps,/home/annelot/WARMSTART_PROJECT/baseline_symphony_21-01-2026+15_00/tmp/mnist-net/image_4/mnist-net_4_0_017.mps,UNSAT,0.013101,UNSAT-UNSAT,None
/home/annelot/WARMSTART_PROJECT/baseline_symphony_21-01-2026+15_00/tmp/mnist-net/image_4/mnist-net_4_0_009.mps,/home/annelot/WARMSTART_PROJECT/baseline_symphony_21-01-2026+15_00/tmp/mnist-net/image_4/mnist-net_4_0_027.mps,UNSAT,0.013204,UNSAT-UNSAT,None
/home/annelot/WARMSTART_PROJECT/baseline_symphony_21-01-2026+15_00/tmp/mnist-net/image_4/mnist-net_4_0_007.mps,/home/annelot/WARMSTART_PROJECT/baseline_symphony_21-01-2026+15_00/tmp/mnist-net/image_4/mnist-net_4_0_029.mps,UNSAT,0.017792,UNSAT-UNSAT,None
/home/annelot/WARMSTART_PROJECT/baseline_symphony_21-01-2026+15_00/tmp/mnist-net/image_4/mnist-net_4_0_007.mps,/home/annelot/WARMSTART_PROJECT/baseline_symphony_21-01-2026+15_00/tmp/mnist-net/image_4/mnist-net_4_0_035.mps,UNSAT,0.016371,UNSAT-UNSAT,None
/home/annelot/WARMSTART_PROJECT/baseline_symphony_21-01-2026+15_00/tmp/mnist-net/image_4/mnist-net_4_0_001.mps,/home/annelot/WARMSTART_PROJECT/baseline_symphony_21-01-2026+15_00/tmp/mnist-net/image_4/mnist-net_4_0_015.mps,ERR,,UNSAT-UNSAT,None
/home/annelot/WARMSTART_PROJECT/baseline_symphony_21-01-2026+15_00/tmp/mnist-net/image_4/mnist-net_4_0_007.mps,/home/annelot/WARMSTART_PROJECT/baseline_symphony_21-01-2026+15_00/tmp/mnist-net/image_4/mnist-net_4_0_033.mps,UNSAT,0.015575,UNSAT-UNSAT,None
/home/annelot/WARMSTART_PROJECT/baseline_symphony_21-01-2026+15_00/tmp/mnist-net/image_4/mnist-net_4_0_007.mps,/home/annelot/WARMSTART_PROJECT/baseline_symphony_21-01-2026+15_00/tmp/mnist-net/image_4/mnist-net_4_0_031.mps,UNSAT,0.014578,UNSAT-UNSAT,None
/home/annelot/WARMSTART_PROJECT/baseline_symphony_21-01-2026+15_00/tmp/mnist-net/image_4/mnist-net_4_0_009.mps,/home/annelot/WARMSTART_PROJECT/baseline_symphony_21-01-2026+15_00/tmp/mnist-net/image_4/mnist-net_4_0_015.mps,UNSAT,0.014225,UNSAT-UNSAT,None
/home/annelot/WARMSTART_PROJECT/baseline_symphony_21-01-2026+15_00/tmp/mnist-net/image_4/mnist-net_4_0_009.mps,/home/annelot/WARMSTART_PROJECT/baseline_symphony_21-01-2026+15_00/tmp/mnist-net/image_4/mnist-net_4_0_019.mps,UNSAT,0.014198,UNSAT-UNSAT,None
/home/annelot/WARMSTART_PROJECT/baseline_symphony_21-01-2026+15_00/tmp/mnist-net/image_4/mnist-net_4_0_009.mps,/home/annelot/WARMSTART_PROJECT/baseline_symphony_21-01-2026+15_00/tmp/mnist-net/image_4/mnist-net_4_0_023.mps,UNSAT,0.014253,UNSAT-UNSAT,None
/home/annelot/WARMSTART_PROJECT/baseline_symphony_21-01-2026+15_00/tmp/mnist-net/image_4/mnist-net_4_0_009.mps,/home/annelot/WARMSTART_PROJECT/baseline_symphony_21-01-2026+15_00/tmp/mnist-net/image_4/mnist-net_4_0_021.mps,UNSAT,0.014227,UNSAT-UNSAT,None
/home/annelot/WARMSTART_PROJECT/baseline_symphony_21-01-2026+15_00/tmp/mnist-net/image_4/mnist-net_4_0_009.mps,/home/annelot/WARMSTART_PROJECT/baseline_symphony_21-01-2026+15_00/tmp/mnist-net/image_4/mnist-net_4_0_029.mps,UNSAT,0.014211,UNSAT-UNSAT,None
/home/annelot/WARMSTART_PROJECT/baseline_symphony_21-01-2026+15_00/tmp/mnist-net/image_4/mnist-net_4_0_009.mps,/home/annelot/WARMSTART_PROJECT/baseline_symphony_21-01-2026+15_00/tmp/mnist-net/image_4/mnist-net_4_0_011.mps,UNSAT,0.014238,UNSAT-UNSAT,None
/home/annelot/WARMSTART_PROJECT/baseline_symphony_21-01-2026+15_00/tmp/mnist-net/image_4/mnist-net_4_0_009.mps,/home/annelot/WARMSTART_PROJECT/baseline_symphony_21-01-2026+15_00/tmp/mnist-net/image_4/mnist-net_4_0_031.mps,UNSAT,0.014231,UNSAT-UNSAT,None
/home/annelot/WARMSTART_PROJECT/baseline_symphony_21-01-2026+15_00/tmp/mnist-net/image_4/mnist-net_4_0_009.mps,/home/annelot/WARMSTART_PROJECT/baseline_symphony_21-01-2026+15_00/tmp/mnist-net/image_4/mnist-net_4_0_017.mps,UNSAT,0.014288,UNSAT-UNSAT,None
/home/annelot/WARMSTART_PROJECT/baseline_symphony_21-01-2026+15_00/tmp/mnist-net/image_4/mnist-net_4_0_009.mps,/home/annelot/WARMSTART_PROJECT/baseline_symphony_21-01-2026+15_00/tmp/mnist-net/image_4/mnist-net_4_0_013.mps,UNSAT,0.014505,UNSAT-UNSAT,None
/home/annelot/WARMSTART_PROJECT/baseline_symphony_21-01-2026+15_00/tmp/mnist-net/image_4/mnist-net_4_0_007.mps,/home/annelot/WARMSTART_PROJECT/baseline_symphony_21-01-2026+15_00/tmp/mnist-net/image_4/mnist-net_4_0_025.mps,UNSAT,0.01411,UNSAT-UNSAT,None
/home/annelot/WARMSTART_PROJECT/baseline_symphony_21-01-2026+15_00/tmp/mnist-net/image_4/mnist-net_4_0_007.mps,/home/annelot/WARMSTART_PROJECT/baseline_symphony_21-01-2026+15_00/tmp/mnist-net/image_4/mnist-net_4_0_023.mps,UNSAT,0.020639,UNSAT-UNSAT,None
/home/annelot/WARMSTART_PROJECT/baseline_symphony_21-01-2026+15_00/tmp/mnist-net/image_4/mnist-net_4_0_007.mps,/home/annelot/WARMSTART_PROJECT/baseline_symphony_21-01-2026+15_00/tmp/mnist-net/image_4/mnist-net_4_0_027.mps,UNSAT,0.013971,UNSAT-UNSAT,None
/home/annelot/WARMSTART_PROJECT/baseline_symphony_21-01-2026+15_00/tmp/mnist-net/image_4/mnist-net_4_0_001.mps,/home/annelot/WARMSTART_PROJECT/baseline_symphony_21-01-2026+15_00/tmp/mnist-net/image_4/mnist-net_4_0_011.mps,ERR,,UNSAT-UNSAT,None
/home/annelot/WARMSTART_PROJECT/baseline_symphony_21-01-2026+15_00/tmp/mnist-net/image_4/mnist-net_4_0_001.mps,/home/annelot/WARMSTART_PROJECT/baseline_symphony_21-01-2026+15_00/tmp/mnist-net/image_4/mnist-net_4_0_013.mps,ERR,,UNSAT-UNSAT,None
/home/annelot/WARMSTART_PROJECT/baseline_symphony_21-01-2026+15_00/tmp/mnist-net/image_4/mnist-net_4_0_011.mps,/home/annelot/WARMSTART_PROJECT/baseline_symphony_21-01-2026+15_00/tmp/mnist-net/image_4/mnist-net_4_0_029.mps,UNSAT,0.014259,UNSAT-UNSAT,None
/home/annelot/WARMSTART_PROJECT/baseline_symphony_21-01-2026+15_00/tmp/mnist-net/image_4/mnist-net_4_0_011.mps,/home/annelot/WARMSTART_PROJECT/baseline_symphony_21-01-2026+15_00/tmp/mnist-net/image_4/mnist-net_4_0_025.mps,UNSAT,0.013498,UNSAT-UNSAT,None
/home/annelot/WARMSTART_PROJECT/baseline_symphony_21-01-2026+15_00/tmp/mnist-net/image_4/mnist-net_4_0_015.mps,/home/annelot/WARMSTART_PROJECT/baseline_symphony_21-01-2026+15_00/tmp/mnist-net/image_4/mnist-net_4_0_017.mps,UNSAT,0.010991,UNSAT-UNSAT,None
/home/annelot/WARMSTART_PROJECT/baseline_symphony_21-01-2026+15_00/tmp/mnist-net/image_4/mnist-net_4_0_009.mps,/home/annelot/WARMSTART_PROJECT/baseline_symphony_21-01-2026+15_00/tmp/mnist-net/image_4/mnist-net_4_0_035.mps,UNSAT,0.013378,UNSAT-UNSAT,None
/home/annelot/WARMSTART_PROJECT/baseline_symphony_21-01-2026+15_00/tmp/mnist-net/image_4/mnist-net_4_0_013.mps,/home/annelot/WARMSTART_PROJECT/baseline_symphony_21-01-2026+15_00/tmp/mnist-net/image_4/mnist-net_4_0_035.mps,UNSAT,0.012838,UNSAT-UNSAT,None
/home/annelot/WARMSTART_PROJECT/baseline_symphony_21-01-2026+15_00/tmp/mnist-net/image_4/mnist-net_4_0_013.mps,/home/annelot/WARMSTART_PROJECT/baseline_symphony_21-01-2026+15_00/tmp/mnist-net/image_4/mnist-net_4_0_019.mps,UNSAT,0.013975,UNSAT-UNSAT,None
/home/annelot/WARMSTART_PROJECT/baseline_symphony_21-01-2026+15_00/tmp/mnist-net/image_4/mnist-net_4_0_013.mps,/home/annelot/WARMSTART_PROJECT/baseline_symphony_21-01-2026+15_00/tmp/mnist-net/image_4/mnist-net_4_0_015.mps,UNSAT,0.013806,UNSAT-UNSAT,None
/home/annelot/WARMSTART_PROJECT/baseline_symphony_21-01-2026+15_00/tmp/mnist-net/image_4/mnist-net_4_0_011.mps,/home/annelot/WARMSTART_PROJECT/baseline_symphony_21-01-2026+15_00/tmp/mnist-net/image_4/mnist-net_4_0_031.mps,UNSAT,0.013874,UNSAT-UNSAT,None
/home/annelot/WARMSTART_PROJECT/baseline_symphony_21-01-2026+15_00/tmp/mnist-net/image_4/mnist-net_4_0_015.mps,/home/annelot/WARMSTART_PROJECT/baseline_symphony_21-01-2026+15_00/tmp/mnist-net/image_4/mnist-net_4_0_019.mps,UNSAT,0.01222,UNSAT-UNSAT,None
/home/annelot/WARMSTART_PROJECT/baseline_symphony_21-01-2026+15_00/tmp/mnist-net/image_4/mnist-net_4_0_013.mps,/home/annelot/WARMSTART_PROJECT/baseline_symphony_21-01-2026+15_00/tmp/mnist-net/image_4/mnist-net_4_0_017.mps,UNSAT,0.013529,UNSAT-UNSAT,None
/home/annelot/WARMSTART_PROJECT/baseline_symphony_21-01-2026+15_00/tmp/mnist-net/image_4/mnist-net_4_0_013.mps,/home/annelot/WARMSTART_PROJECT/baseline_symphony_21-01-2026+15_00/tmp/mnist-net/image_4/mnist-net_4_0_033.mps,UNSAT,0.013612,UNSAT-UNSAT,None
/home/annelot/WARMSTART_PROJECT/baseline_symphony_21-01-2026+15_00/tmp/mnist-net/image_4/mnist-net_4_0_015.mps,/home/annelot/WARMSTART_PROJECT/baseline_symphony_21-01-2026+15_00/tmp/mnist-net/image_4/mnist-net_4_0_027.mps,UNSAT,0.012959,UNSAT-UNSAT,None
/home/annelot/WARMSTART_PROJECT/baseline_symphony_21-01-2026+15_00/tmp/mnist-net/image_4/mnist-net_4_0_011.mps,/home/annelot/WARMSTART_PROJECT/baseline_symphony_21-01-2026+15_00/tmp/mnist-net/image_4/mnist-net_4_0_023.mps,UNSAT,0.013647,UNSAT-UNSAT,None
/home/annelot/WARMSTART_PROJECT/baseline_symphony_21-01-2026+15_00/tmp/mnist-net/image_4/mnist-net_4_0_015.mps,/home/annelot/WARMSTART_PROJECT/baseline_symphony_21-01-2026+15_00/tmp/mnist-net/image_4/mnist-net_4_0_021.mps,UNSAT,0.012864,UNSAT-UNSAT,None
/home/annelot/WARMSTART_PROJECT/baseline_symphony_21-01-2026+15_00/tmp/mnist-net/image_4/mnist-net_4_0_015.mps,/home/annelot/WARMSTART_PROJECT/baseline_symphony_21-01-2026+15_00/tmp/mnist-net/image_4/mnist-net_4_0_023.mps,UNSAT,0.012803,UNSAT-UNSAT,None
/home/annelot/WARMSTART_PROJECT/baseline_symphony_21-01-2026+15_00/tmp/mnist-net/image_4/mnist-net_4_0_011.mps,/home/annelot/WARMSTART_PROJECT/baseline_symphony_21-01-2026+15_00/tmp/mnist-net/image_4/mnist-net_4_0_027.mps,UNSAT,0.014014,UNSAT-UNSAT,None
/home/annelot/WARMSTART_PROJECT/baseline_symphony_21-01-2026+15_00/tmp/mnist-net/image_4/mnist-net_4_0_011.mps,/home/annelot/WARMSTART_PROJECT/baseline_symphony_21-01-2026+15_00/tmp/mnist-net/image_4/mnist-net_4_0_035.mps,UNSAT,0.014074,UNSAT-UNSAT,None
/home/annelot/WARMSTART_PROJECT/baseline_symphony_21-01-2026+15_00/tmp/mnist-net/image_4/mnist-net_4_0_013.mps,/home/annelot/WARMSTART_PROJECT/baseline_symphony_21-01-2026+15_00/tmp/mnist-net/image_4/mnist-net_4_0_029.mps,UNSAT,0.013918,UNSAT-UNSAT,None
/home/annelot/WARMSTART_PROJECT/baseline_symphony_21-01-2026+15_00/tmp/mnist-net/image_4/mnist-net_4_0_013.mps,/home/annelot/WARMSTART_PROJECT/baseline_symphony_21-01-2026+15_00/tmp/mnist-net/image_4/mnist-net_4_0_023.mps,UNSAT,0.013832,UNSAT-UNSAT,None
/home/annelot/WARMSTART_PROJECT/baseline_symphony_21-01-2026+15_00/tmp/mnist-net/image_4/mnist-net_4_0_013.mps,/home/annelot/WARMSTART_PROJECT/baseline_symphony_21-01-2026+15_00/tmp/mnist-net/image_4/mnist-net_4_0_021.mps,UNSAT,0.013799,UNSAT-UNSAT,None
/home/annelot/WARMSTART_PROJECT/baseline_symphony_21-01-2026+15_00/tmp/mnist-net/image_4/mnist-net_4_0_013.mps,/home/annelot/WARMSTART_PROJECT/baseline_symphony_21-01-2026+15_00/tmp/mnist-net/image_4/mnist-net_4_0_027.mps,UNSAT,0.013895,UNSAT-UNSAT,None
/home/annelot/WARMSTART_PROJECT/baseline_symphony_21-01-2026+15_00/tmp/mnist-net/image_4/mnist-net_4_0_013.mps,/home/annelot/WARMSTART_PROJECT/baseline_symphony_21-01-2026+15_00/tmp/mnist-net/image_4/mnist-net_4_0_031.mps,UNSAT,0.013563,UNSAT-UNSAT,None
/home/annelot/WARMSTART_PROJECT/baseline_symphony_21-01-2026+15_00/tmp/mnist-net/image_4/mnist-net_4_0_011.mps,/home/annelot/WARMSTART_PROJECT/baseline_symphony_21-01-2026+15_00/tmp/mnist-net/image_4/mnist-net_4_0_021.mps,UNSAT,0.013823,UNSAT-UNSAT,None
/home/annelot/WARMSTART_PROJECT/baseline_symphony_21-01-2026+15_00/tmp/mnist-net/image_4/mnist-net_4_0_015.mps,/home/annelot/WARMSTART_PROJECT/baseline_symphony_21-01-2026+15_00/tmp/mnist-net/image_4/mnist-net_4_0_025.mps,UNSAT,0.012964,UNSAT-UNSAT,None
/home/annelot/WARMSTART_PROJECT/baseline_symphony_21-01-2026+15_00/tmp/mnist-net/image_4/mnist-net_4_0_011.mps,/home/annelot/WARMSTART_PROJECT/baseline_symphony_21-01-2026+15_00/tmp/mnist-net/image_4/mnist-net_4_0_033.mps,UNSAT,0.013736,UNSAT-UNSAT,None
/home/annelot/WARMSTART_PROJECT/baseline_symphony_21-01-2026+15_00/tmp/mnist-net/image_4/mnist-net_4_0_001.mps,/home/annelot/WARMSTART_PROJECT/baseline_symphony_21-01-2026+15_00/tmp/mnist-net/image_4/mnist-net_4_0_021.mps,ERR,,UNSAT-UNSAT,None
/home/annelot/WARMSTART_PROJECT/baseline_symphony_21-01-2026+15_00/tmp/mnist-net/image_4/mnist-net_4_0_013.mps,/home/annelot/WARMSTART_PROJECT/baseline_symphony_21-01-2026+15_00/tmp/mnist-net/image_4/mnist-net_4_0_025.mps,UNSAT,0.018472,UNSAT-UNSAT,None
/home/annelot/WARMSTART_PROJECT/baseline_symphony_21-01-2026+15_00/tmp/mnist-net/image_4/mnist-net_4_0_001.mps,/home/annelot/WARMSTART_PROJECT/baseline_symphony_21-01-2026+15_00/tmp/mnist-net/image_4/mnist-net_4_0_023.mps,ERR,,UNSAT-UNSAT,None
/home/annelot/WARMSTART_PROJECT/baseline_symphony_21-01-2026+15_00/tmp/mnist-net/image_4/mnist-net_4_0_001.mps,/home/annelot/WARMSTART_PROJECT/baseline_symphony_21-01-2026+15_00/tmp/mnist-net/image_4/mnist-net_4_0_009.mps,ERR,,UNSAT-UNSAT,None
/home/annelot/WARMSTART_PROJECT/baseline_symphony_21-01-2026+15_00/tmp/mnist-net/image_4/mnist-net_4_0_001.mps,/home/annelot/WARMSTART_PROJECT/baseline_symphony_21-01-2026+15_00/tmp/mnist-net/image_4/mnist-net_4_0_019.mps,ERR,,UNSAT-UNSAT,None
/home/annelot/WARMSTART_PROJECT/baseline_symphony_21-01-2026+15_00/tmp/mnist-net/image_4/mnist-net_4_0_021.mps,/home/annelot/WARMSTART_PROJECT/baseline_symphony_21-01-2026+15_00/tmp/mnist-net/image_4/mnist-net_4_0_027.mps,UNSAT,0.011841,UNSAT-UNSAT,None
/home/annelot/WARMSTART_PROJECT/baseline_symphony_21-01-2026+15_00/tmp/mnist-net/image_4/mnist-net_4_0_021.mps,/home/annelot/WARMSTART_PROJECT/baseline_symphony_21-01-2026+15_00/tmp/mnist-net/image_4/mnist-net_4_0_031.mps,UNSAT,0.012886,UNSAT-UNSAT,None
/home/annelot/WARMSTART_PROJECT/baseline_symphony_21-01-2026+15_00/tmp/mnist-net/image_4/mnist-net_4_0_017.mps,/home/annelot/WARMSTART_PROJECT/baseline_symphony_21-01-2026+15_00/tmp/mnist-net/image_4/mnist-net_4_0_031.mps,UNSAT,0.012872,UNSAT-UNSAT,None
/home/annelot/WARMSTART_PROJECT/baseline_symphony_21-01-2026+15_00/tmp/mnist-net/image_4/mnist-net_4_0_017.mps,/home/annelot/WARMSTART_PROJECT/baseline_symphony_21-01-2026+15_00/tmp/mnist-net/image_4/mnist-net_4_0_019.mps,UNSAT,0.012927,UNSAT-UNSAT,None
/home/annelot/WARMSTART_PROJECT/baseline_symphony_21-01-2026+15_00/tmp/mnist-net/image_4/mnist-net_4_0_021.mps,/home/annelot/WARMSTART_PROJECT/baseline_symphony_21-01-2026+15_00/tmp/mnist-net/image_4/mnist-net_4_0_035.mps,UNSAT,0.013058,UNSAT-UNSAT,None
/home/annelot/WARMSTART_PROJECT/baseline_symphony_21-01-2026+15_00/tmp/mnist-net/image_4/mnist-net_4_0_025.mps,/home/annelot/WARMSTART_PROJECT/baseline_symphony_21-01-2026+15_00/tmp/mnist-net/image_4/mnist-net_4_0_031.mps,UNSAT,0.013569,UNSAT-UNSAT,None
/home/annelot/WARMSTART_PROJECT/baseline_symphony_21-01-2026+15_00/tmp/mnist-net/image_4/mnist-net_4_0_015.mps,/home/annelot/WARMSTART_PROJECT/baseline_symphony_21-01-2026+15_00/tmp/mnist-net/image_4/mnist-net_4_0_035.mps,UNSAT,0.012131,UNSAT-UNSAT,None
/home/annelot/WARMSTART_PROJECT/baseline_symphony_21-01-2026+15_00/tmp/mnist-net/image_4/mnist-net_4_0_021.mps,/home/annelot/WARMSTART_PROJECT/baseline_symphony_21-01-2026+15_00/tmp/mnist-net/image_4/mnist-net_4_0_033.mps,UNSAT,0.013248,UNSAT-UNSAT,None
/home/annelot/WARMSTART_PROJECT/baseline_symphony_21-01-2026+15_00/tmp/mnist-net/image_4/mnist-net_4_0_021.mps,/home/annelot/WARMSTART_PROJECT/baseline_symphony_21-01-2026+15_00/tmp/mnist-net/image_4/mnist-net_4_0_029.mps,UNSAT,0.01329,UNSAT-UNSAT,None
/home/annelot/WARMSTART_PROJECT/baseline_symphony_21-01-2026+15_00/tmp/mnist-net/image_4/mnist-net_4_0_021.mps,/home/annelot/WARMSTART_PROJECT/baseline_symphony_21-01-2026+15_00/tmp/mnist-net/image_4/mnist-net_4_0_025.mps,UNSAT,0.013348,UNSAT-UNSAT,None
/home/annelot/WARMSTART_PROJECT/baseline_symphony_21-01-2026+15_00/tmp/mnist-net/image_4/mnist-net_4_0_017.mps,/home/annelot/WARMSTART_PROJECT/baseline_symphony_21-01-2026+15_00/tmp/mnist-net/image_4/mnist-net_4_0_033.mps,UNSAT,0.013622,UNSAT-UNSAT,None
/home/annelot/WARMSTART_PROJECT/baseline_symphony_21-01-2026+15_00/tmp/mnist-net/image_4/mnist-net_4_0_019.mps,/home/annelot/WARMSTART_PROJECT/baseline_symphony_21-01-2026+15_00/tmp/mnist-net/image_4/mnist-net_4_0_023.mps,UNSAT,0.013927,UNSAT-UNSAT,None
/home/annelot/WARMSTART_PROJECT/baseline_symphony_21-01-2026+15_00/tmp/mnist-net/image_4/mnist-net_4_0_017.mps,/home/annelot/WARMSTART_PROJECT/baseline_symphony_21-01-2026+15_00/tmp/mnist-net/image_4/mnist-net_4_0_023.mps,UNSAT,0.01356,UNSAT-UNSAT,None
/home/annelot/WARMSTART_PROJECT/baseline_symphony_21-01-2026+15_00/tmp/mnist-net/image_4/mnist-net_4_0_019.mps,/home/annelot/WARMSTART_PROJECT/baseline_symphony_21-01-2026+15_00/tmp/mnist-net/image_4/mnist-net_4_0_029.mps,UNSAT,0.015206,UNSAT-UNSAT,None
/home/annelot/WARMSTART_PROJECT/baseline_symphony_21-01-2026+15_00/tmp/mnist-net/image_4/mnist-net_4_0_017.mps,/home/annelot/WARMSTART_PROJECT/baseline_symphony_21-01-2026+15_00/tmp/mnist-net/image_4/mnist-net_4_0_035.mps,UNSAT,0.014665,UNSAT-UNSAT,None
/home/annelot/WARMSTART_PROJECT/baseline_symphony_21-01-2026+15_00/tmp/mnist-net/image_4/mnist-net_4_0_017.mps,/home/annelot/WARMSTART_PROJECT/baseline_symphony_21-01-2026+15_00/tmp/mnist-net/image_4/mnist-net_4_0_029.mps,UNSAT,0.014794,UNSAT-UNSAT,None
/home/annelot/WARMSTART_PROJECT/baseline_symphony_21-01-2026+15_00/tmp/mnist-net/image_4/mnist-net_4_0_017.mps,/home/annelot/WARMSTART_PROJECT/baseline_symphony_21-01-2026+15_00/tmp/mnist-net/image_4/mnist-net_4_0_027.mps,UNSAT,0.0148,UNSAT-UNSAT,None
/home/annelot/WARMSTART_PROJECT/baseline_symphony_21-01-2026+15_00/tmp/mnist-net/image_4/mnist-net_4_0_019.mps,/home/annelot/WARMSTART_PROJECT/baseline_symphony_21-01-2026+15_00/tmp/mnist-net/image_4/mnist-net_4_0_033.mps,UNSAT,0.015333,UNSAT-UNSAT,None
/home/annelot/WARMSTART_PROJECT/baseline_symphony_21-01-2026+15_00/tmp/mnist-net/image_4/mnist-net_4_0_019.mps,/home/annelot/WARMSTART_PROJECT/baseline_symphony_21-01-2026+15_00/tmp/mnist-net/image_4/mnist-net_4_0_025.mps,UNSAT,0.015294,UNSAT-UNSAT,None
/home/annelot/WARMSTART_PROJECT/baseline_symphony_21-01-2026+15_00/tmp/mnist-net/image_4/mnist-net_4_0_017.mps,/home/annelot/WARMSTART_PROJECT/baseline_symphony_21-01-2026+15_00/tmp/mnist-net/image_4/mnist-net_4_0_021.mps,UNSAT,0.014934,UNSAT-UNSAT,None
/home/annelot/WARMSTART_PROJECT/baseline_symphony_21-01-2026+15_00/tmp/mnist-net/image_4/mnist-net_4_0_019.mps,/home/annelot/WARMSTART_PROJECT/baseline_symphony_21-01-2026+15_00/tmp/mnist-net/image_4/mnist-net_4_0_027.mps,UNSAT,0.015118,UNSAT-UNSAT,None
/home/annelot/WARMSTART_PROJECT/baseline_symphony_21-01-2026+15_00/tmp/mnist-net/image_4/mnist-net_4_0_015.mps,/home/annelot/WARMSTART_PROJECT/baseline_symphony_21-01-2026+15_00/tmp/mnist-net/image_4/mnist-net_4_0_033.mps,UNSAT,0.01407,UNSAT-UNSAT,None
/home/annelot/WARMSTART_PROJECT/baseline_symphony_21-01-2026+15_00/tmp/mnist-net/image_4/mnist-net_4_0_019.mps,/home/annelot/WARMSTART_PROJECT/baseline_symphony_21-01-2026+15_00/tmp/mnist-net/image_4/mnist-net_4_0_035.mps,UNSAT,0.014715,UNSAT-UNSAT,None
/home/annelot/WARMSTART_PROJECT/baseline_symphony_21-01-2026+15_00/tmp/mnist-net/image_4/mnist-net_4_0_019.mps,/home/annelot/WARMSTART_PROJECT/baseline_symphony_21-01-2026+15_00/tmp/mnist-net/image_4/mnist-net_4_0_021.mps,UNSAT,0.01475,UNSAT-UNSAT,None
/home/annelot/WARMSTART_PROJECT/baseline_symphony_21-01-2026+15_00/tmp/mnist-net/image_4/mnist-net_4_0_021.mps,/home/annelot/WARMSTART_PROJECT/baseline_symphony_21-01-2026+15_00/tmp/mnist-net/image_4/mnist-net_4_0_023.mps,UNSAT,0.014497,UNSAT-UNSAT,None
/home/annelot/WARMSTART_PROJECT/baseline_symphony_21-01-2026+15_00/tmp/mnist-net/image_4/mnist-net_4_0_015.mps,/home/annelot/WARMSTART_PROJECT/baseline_symphony_21-01-2026+15_00/tmp/mnist-net/image_4/mnist-net_4_0_029.mps,UNSAT,0.013399,UNSAT-UNSAT,None
/home/annelot/WARMSTART_PROJECT/baseline_symphony_21-01-2026+15_00/tmp/mnist-net/image_4/mnist-net_4_0_017.mps,/home/annelot/WARMSTART_PROJECT/baseline_symphony_21-01-2026+15_00/tmp/mnist-net/image_4/mnist-net_4_0_025.mps,UNSAT,0.013689,UNSAT-UNSAT,None
/home/annelot/WARMSTART_PROJECT/baseline_symphony_21-01-2026+15_00/tmp/mnist-net/image_4/mnist-net_4_0_015.mps,/home/annelot/WARMSTART_PROJECT/baseline_symphony_21-01-2026+15_00/tmp/mnist-net/image_4/mnist-net_4_0_031.mps,UNSAT,0.018345,UNSAT-UNSAT,None
/home/annelot/WARMSTART_PROJECT/baseline_symphony_21-01-2026+15_00/tmp/mnist-net/image_4/mnist-net_4_0_019.mps,/home/annelot/WARMSTART_PROJECT/baseline_symphony_21-01-2026+15_00/tmp/mnist-net/image_4/mnist-net_4_0_031.mps,UNSAT,0.018145,UNSAT-UNSAT,None
/home/annelot/WARMSTART_PROJECT/baseline_symphony_21-01-2026+15_00/tmp/mnist-net/image_4/mnist-net_4_0_001.mps,/home/annelot/WARMSTART_PROJECT/baseline_symphony_21-01-2026+15_00/tmp/mnist-net/image_4/mnist-net_4_0_027.mps,ERR,,UNSAT-UNSAT,None
/home/annelot/WARMSTART_PROJECT/baseline_symphony_21-01-2026+15_00/tmp/mnist-net_256x4/image_7/mnist-net_256x4_7_0_003.mps,/home/annelot/WARMSTART_PROJECT/baseline_symphony_21-01-2026+15_00/tmp/mnist-net_256x4/image_7/mnist-net_256x4_7_0_017.mps,UNSAT,0.007107,UNSAT-UNSAT,None
/home/annelot/WARMSTART_PROJECT/baseline_symphony_21-01-2026+15_00/tmp/mnist-net_256x4/image_7/mnist-net_256x4_7_0_007.mps,/home/annelot/WARMSTART_PROJECT/baseline_symphony_21-01-2026+15_00/tmp/mnist-net_256x4/image_7/mnist-net_256x4_7_0_013.mps,UNSAT,0.007355,UNSAT-UNSAT,None
/home/annelot/WARMSTART_PROJECT/baseline_symphony_21-01-2026+15_00/tmp/mnist-net_256x4/image_7/mnist-net_256x4_7_0_007.mps,/home/annelot/WARMSTART_PROJECT/baseline_symphony_21-01-2026+15_00/tmp/mnist-net_256x4/image_7/mnist-net_256x4_7_0_011.mps,UNSAT,0.007368,UNSAT-UNSAT,None
/home/annelot/WARMSTART_PROJECT/baseline_symphony_21-01-2026+15_00/tmp/mnist-net_256x4/image_7/mnist-net_256x4_7_0_003.mps,/home/annelot/WARMSTART_PROJECT/baseline_symphony_21-01-2026+15_00/tmp/mnist-net_256x4/image_7/mnist-net_256x4_7_0_009.mps,UNSAT,0.007329,UNSAT-UNSAT,None
/home/annelot/WARMSTART_PROJECT/baseline_symphony_21-01-2026+15_00/tmp/mnist-net_256x4/image_7/mnist-net_256x4_7_0_003.mps,/home/annelot/WARMSTART_PROJECT/baseline_symphony_21-01-2026+15_00/tmp/mnist-net_256x4/image_7/mnist-net_256x4_7_0_005.mps,UNSAT,0.007279,UNSAT-UNSAT,None
/home/annelot/WARMSTART_PROJECT/baseline_symphony_21-01-2026+15_00/tmp/mnist-net_256x4/image_7/mnist-net_256x4_7_0_005.mps,/home/annelot/WARMSTART_PROJECT/baseline_symphony_21-01-2026+15_00/tmp/mnist-net_256x4/image_7/mnist-net_256x4_7_0_017.mps,UNSAT,0.006992,UNSAT-UNSAT,None
/home/annelot/WARMSTART_PROJECT/baseline_symphony_21-01-2026+15_00/tmp/mnist-net_256x4/image_7/mnist-net_256x4_7_0_005.mps,/home/annelot/WARMSTART_PROJECT/baseline_symphony_21-01-2026+15_00/tmp/mnist-net_256x4/image_7/mnist-net_256x4_7_0_013.mps,UNSAT,0.007578,UNSAT-UNSAT,None
/home/annelot/WARMSTART_PROJECT/baseline_symphony_21-01-2026+15_00/tmp/mnist-net_256x4/image_7/mnist-net_256x4_7_0_005.mps,/home/annelot/WARMSTART_PROJECT/baseline_symphony_21-01-2026+15_00/tmp/mnist-net_256x4/image_7/mnist-net_256x4_7_0_007.mps,UNSAT,0.007822,UNSAT-UNSAT,None
/home/annelot/WARMSTART_PROJECT/baseline_symphony_21-01-2026+15_00/tmp/mnist-net_256x4/image_7/mnist-net_256x4_7_0_003.mps,/home/annelot/WARMSTART_PROJECT/baseline_symphony_21-01-2026+15_00/tmp/mnist-net_256x4/image_7/mnist-net_256x4_7_0_015.mps,UNSAT,0.00745,UNSAT-UNSAT,None
/home/annelot/WARMSTART_PROJECT/baseline_symphony_21-01-2026+15_00/tmp/mnist-net_256x4/image_7/mnist-net_256x4_7_0_003.mps,/home/annelot/WARMSTART_PROJECT/baseline_symphony_21-01-2026+15_00/tmp/mnist-net_256x4/image_7/mnist-net_256x4_7_0_011.mps,UNSAT,0.007533,UNSAT-UNSAT,None
/home/annelot/WARMSTART_PROJECT/baseline_symphony_21-01-2026+15_00/tmp/mnist-net_256x4/image_7/mnist-net_256x4_7_0_003.mps,/home/annelot/WARMSTART_PROJECT/baseline_symphony_21-01-2026+15_00/tmp/mnist-net_256x4/image_7/mnist-net_256x4_7_0_007.mps,UNSAT,0.007613,UNSAT-UNSAT,None
/home/annelot/WARMSTART_PROJECT/baseline_symphony_21-01-2026+15_00/tmp/mnist-net_256x4/image_7/mnist-net_256x4_7_0_003.mps,/home/annelot/WARMSTART_PROJECT/baseline_symphony_21-01-2026+15_00/tmp/mnist-net_256x4/image_7/mnist-net_256x4_7_0_013.mps,UNSAT,0.007447,UNSAT-UNSAT,None
/home/annelot/WARMSTART_PROJECT/baseline_symphony_21-01-2026+15_00/tmp/mnist-net_256x4/image_7/mnist-net_256x4_7_0_005.mps,/home/annelot/WARMSTART_PROJECT/baseline_symphony_21-01-2026+15_00/tmp/mnist-net_256x4/image_7/mnist-net_256x4_7_0_011.mps,UNSAT,0.007666,UNSAT-UNSAT,None
/home/annelot/WARMSTART_PROJECT/baseline_symphony_21-01-2026+15_00/tmp/mnist-net_256x4/image_7/mnist-net_256x4_7_0_005.mps,/home/annelot/WARMSTART_PROJECT/baseline_symphony_21-01-2026+15_00/tmp/mnist-net_256x4/image_7/mnist-net_256x4_7_0_009.mps,UNSAT,0.007655,UNSAT-UNSAT,None
/home/annelot/WARMSTART_PROJECT/baseline_symphony_21-01-2026+15_00/tmp/mnist-net_256x4/image_7/mnist-net_256x4_7_0_007.mps,/home/annelot/WARMSTART_PROJECT/baseline_symphony_21-01-2026+15_00/tmp/mnist-net_256x4/image_7/mnist-net_256x4_7_0_015.mps,UNSAT,0.008037,UNSAT-UNSAT,None
/home/annelot/WARMSTART_PROJECT/baseline_symphony_21-01-2026+15_00/tmp/mnist-net_256x4/image_7/mnist-net_256x4_7_0_007.mps,/home/annelot/WARMSTART_PROJECT/baseline_symphony_21-01-2026+15_00/tmp/mnist-net_256x4/image_7/mnist-net_256x4_7_0_009.mps,UNSAT,0.007959,UNSAT-UNSAT,None
/home/annelot/WARMSTART_PROJECT/baseline_symphony_21-01-2026+15_00/tmp/mnist-net_256x4/image_7/mnist-net_256x4_7_0_007.mps,/home/annelot/WARMSTART_PROJECT/baseline_symphony_21-01-2026+15_00/tmp/mnist-net_256x4/image_7/mnist-net_256x4_7_0_017.mps,UNSAT,0.007898,UNSAT-UNSAT,None
/home/annelot/WARMSTART_PROJECT/baseline_symphony_21-01-2026+15_00/tmp/mnist-net_256x4/image_7/mnist-net_256x4_7_0_005.mps,/home/annelot/WARMSTART_PROJECT/baseline_symphony_21-01-2026+15_00/tmp/mnist-net_256x4/image_7/mnist-net_256x4_7_0_015.mps,UNSAT,0.007572,UNSAT-UNSAT,None
/home/annelot/WARMSTART_PROJECT/baseline_symphony_21-01-2026+15_00/tmp/mnist-net_256x4/image_7/mnist-net_256x4_7_0_009.mps,/home/annelot/WARMSTART_PROJECT/baseline_symphony_21-01-2026+15_00/tmp/mnist-net_256x4/image_7/mnist-net_256x4_7_0_011.mps,UNSAT,0.009633,UNSAT-UNSAT,None
/home/annelot/WARMSTART_PROJECT/baseline_symphony_21-01-2026+15_00/tmp/mnist-net/image_4/mnist-net_4_0_025.mps,/home/annelot/WARMSTART_PROJECT/baseline_symphony_21-01-2026+15_00/tmp/mnist-net/image_4/mnist-net_4_0_035.mps,UNSAT,0.0129,UNSAT-UNSAT,None
/home/annelot/WARMSTART_PROJECT/baseline_symphony_21-01-2026+15_00/tmp/mnist-net/image_4/mnist-net_4_0_025.mps,/home/annelot/WARMSTART_PROJECT/baseline_symphony_21-01-2026+15_00/tmp/mnist-net/image_4/mnist-net_4_0_029.mps,UNSAT,0.01282,UNSAT-UNSAT,None
/home/annelot/WARMSTART_PROJECT/baseline_symphony_21-01-2026+15_00/tmp/mnist-net/image_4/mnist-net_4_0_025.mps,/home/annelot/WARMSTART_PROJECT/baseline_symphony_21-01-2026+15_00/tmp/mnist-net/image_4/mnist-net_4_0_033.mps,UNSAT,0.012708,UNSAT-UNSAT,None
/home/annelot/WARMSTART_PROJECT/baseline_symphony_21-01-2026+15_00/tmp/mnist-net/image_4/mnist-net_4_0_025.mps,/home/annelot/WARMSTART_PROJECT/baseline_symphony_21-01-2026+15_00/tmp/mnist-net/image_4/mnist-net_4_0_027.mps,UNSAT,0.014046,UNSAT-UNSAT,None
/home/annelot/WARMSTART_PROJECT/baseline_symphony_21-01-2026+15_00/tmp/mnist-net_256x4/image_7/mnist-net_256x4_7_0_001.mps,/home/annelot/WARMSTART_PROJECT/baseline_symphony_21-01-2026+15_00/tmp/mnist-net_256x4/image_7/mnist-net_256x4_7_0_015.mps,ERR,,UNSAT-UNSAT,None
/home/annelot/WARMSTART_PROJECT/baseline_symphony_21-01-2026+15_00/tmp/mnist-net_256x4/image_7/mnist-net_256x4_7_0_001.mps,/home/annelot/WARMSTART_PROJECT/baseline_symphony_21-01-2026+15_00/tmp/mnist-net_256x4/image_7/mnist-net_256x4_7_0_005.mps,ERR,,UNSAT-UNSAT,None
/home/annelot/WARMSTART_PROJECT/baseline_symphony_21-01-2026+15_00/tmp/mnist-net_256x4/image_7/mnist-net_256x4_7_0_009.mps,/home/annelot/WARMSTART_PROJECT/baseline_symphony_21-01-2026+15_00/tmp/mnist-net_256x4/image_7/mnist-net_256x4_7_0_015.mps,UNSAT,0.009122,UNSAT-UNSAT,None
/home/annelot/WARMSTART_PROJECT/baseline_symphony_21-01-2026+15_00/tmp/mnist-net_256x4/image_6/mnist-net_256x4_6_0_023.mps,/home/annelot/WARMSTART_PROJECT/baseline_symphony_21-01-2026+15_00/tmp/mnist-net_256x4/image_6/mnist-net_256x4_6_0_027.mps,UNSAT,0.009904,UNSAT-UNSAT,None
/home/annelot/WARMSTART_PROJECT/baseline_symphony_21-01-2026+15_00/tmp/mnist-net_256x4/image_6/mnist-net_256x4_6_0_025.mps,/home/annelot/WARMSTART_PROJECT/baseline_symphony_21-01-2026+15_00/tmp/mnist-net_256x4/image_6/mnist-net_256x4_6_0_029.mps,UNSAT,0.009849,UNSAT-UNSAT,None
/home/annelot/WARMSTART_PROJECT/baseline_symphony_21-01-2026+15_00/tmp/mnist-net_256x4/image_6/mnist-net_256x4_6_0_025.mps,/home/annelot/WARMSTART_PROJECT/baseline_symphony_21-01-2026+15_00/tmp/mnist-net_256x4/image_6/mnist-net_256x4_6_0_033.mps,UNSAT,0.009938,UNSAT-UNSAT,None
/home/annelot/WARMSTART_PROJECT/baseline_symphony_21-01-2026+15_00/tmp/mnist-net_256x4/image_6/mnist-net_256x4_6_0_025.mps,/home/annelot/WARMSTART_PROJECT/baseline_symphony_21-01-2026+15_00/tmp/mnist-net_256x4/image_6/mnist-net_256x4_6_0_027.mps,UNSAT,0.010184,UNSAT-UNSAT,None
/home/annelot/WARMSTART_PROJECT/baseline_symphony_21-01-2026+15_00/tmp/mnist-net_256x4/image_6/mnist-net_256x4_6_0_025.mps,/home/annelot/WARMSTART_PROJECT/baseline_symphony_21-01-2026+15_00/tmp/mnist-net_256x4/image_6/mnist-net_256x4_6_0_031.mps,UNSAT,0.009871,UNSAT-UNSAT,None
/home/annelot/WARMSTART_PROJECT/baseline_symphony_21-01-2026+15_00/tmp/mnist-net_256x4/image_6/mnist-net_256x4_6_0_023.mps,/home/annelot/WARMSTART_PROJECT/baseline_symphony_21-01-2026+15_00/tmp/mnist-net_256x4/image_6/mnist-net_256x4_6_0_033.mps,UNSAT,0.009819,UNSAT-UNSAT,None
/home/annelot/WARMSTART_PROJECT/baseline_symphony_21-01-2026+15_00/tmp/mnist-net_256x4/image_6/mnist-net_256x4_6_0_021.mps,/home/annelot/WARMSTART_PROJECT/baseline_symphony_21-01-2026+15_00/tmp/mnist-net_256x4/image_6/mnist-net_256x4_6_0_031.mps,UNSAT,0.009629,UNSAT-UNSAT,None
/home/annelot/WARMSTART_PROJECT/baseline_symphony_21-01-2026+15_00/tmp/mnist-net_256x4/image_6/mnist-net_256x4_6_0_023.mps,/home/annelot/WARMSTART_PROJECT/baseline_symphony_21-01-2026+15_00/tmp/mnist-net_256x4/image_6/mnist-net_256x4_6_0_029.mps,UNSAT,0.009592,UNSAT-UNSAT,None
/home/annelot/WARMSTART_PROJECT/baseline_symphony_21-01-2026+15_00/tmp/mnist-net_256x4/image_7/mnist-net_256x4_7_0_011.mps,/home/annelot/WARMSTART_PROJECT/baseline_symphony_21-01-2026+15_00/tmp/mnist-net_256x4/image_7/mnist-net_256x4_7_0_015.mps,UNSAT,0.009528,UNSAT-UNSAT,None
/home/annelot/WARMSTART_PROJECT/baseline_symphony_21-01-2026+15_00/tmp/mnist-net_256x4/image_7/mnist-net_256x4_7_0_009.mps,/home/annelot/WARMSTART_PROJECT/baseline_symphony_21-01-2026+15_00/tmp/mnist-net_256x4/image_7/mnist-net_256x4_7_0_017.mps,UNSAT,0.009675,UNSAT-UNSAT,None
/home/annelot/WARMSTART_PROJECT/baseline_symphony_21-01-2026+15_00/tmp/mnist-net_256x4/image_6/mnist-net_256x4_6_0_021.mps,/home/annelot/WARMSTART_PROJECT/baseline_symphony_21-01-2026+15_00/tmp/mnist-net_256x4/image_6/mnist-net_256x4_6_0_025.mps,UNSAT,0.009951,UNSAT-UNSAT,None
/home/annelot/WARMSTART_PROJECT/baseline_symphony_21-01-2026+15_00/tmp/mnist-net_256x4/image_6/mnist-net_256x4_6_0_023.mps,/home/annelot/WARMSTART_PROJECT/baseline_symphony_21-01-2026+15_00/tmp/mnist-net_256x4/image_6/mnist-net_256x4_6_0_025.mps,UNSAT,0.010522,UNSAT-UNSAT,None
/home/annelot/WARMSTART_PROJECT/baseline_symphony_21-01-2026+15_00/tmp/mnist-net_256x4/image_7/mnist-net_256x4_7_0_009.mps,/home/annelot/WARMSTART_PROJECT/baseline_symphony_21-01-2026+15_00/tmp/mnist-net_256x4/image_7/mnist-net_256x4_7_0_013.mps,UNSAT,0.010186,UNSAT-UNSAT,None
/home/annelot/WARMSTART_PROJECT/baseline_symphony_21-01-2026+15_00/tmp/mnist-net_256x4/image_7/mnist-net_256x4_7_0_011.mps,/home/annelot/WARMSTART_PROJECT/baseline_symphony_21-01-2026+15_00/tmp/mnist-net_256x4/image_7/mnist-net_256x4_7_0_013.mps,UNSAT,0.010881,UNSAT-UNSAT,None
/home/annelot/WARMSTART_PROJECT/baseline_symphony_21-01-2026+15_00/tmp/mnist-net_256x4/image_7/mnist-net_256x4_7_0_015.mps,/home/annelot/WARMSTART_PROJECT/baseline_symphony_21-01-2026+15_00/tmp/mnist-net_256x4/image_7/mnist-net_256x4_7_0_017.mps,UNSAT,0.010967,UNSAT-UNSAT,None
/home/annelot/WARMSTART_PROJECT/baseline_symphony_21-01-2026+15_00/tmp/mnist-net_256x4/image_7/mnist-net_256x4_7_0_011.mps,/home/annelot/WARMSTART_PROJECT/baseline_symphony_21-01-2026+15_00/tmp/mnist-net_256x4/image_7/mnist-net_256x4_7_0_017.mps,UNSAT,0.010276,UNSAT-UNSAT,None
/home/annelot/WARMSTART_PROJECT/baseline_symphony_21-01-2026+15_00/tmp/mnist-net_256x4/image_6/mnist-net_256x4_6_0_021.mps,/home/annelot/WARMSTART_PROJECT/baseline_symphony_21-01-2026+15_00/tmp/mnist-net_256x4/image_6/mnist-net_256x4_6_0_023.mps,UNSAT,0.010325,UNSAT-UNSAT,None
/home/annelot/WARMSTART_PROJECT/baseline_symphony_21-01-2026+15_00/tmp/mnist-net_256x4/image_6/mnist-net_256x4_6_0_021.mps,/home/annelot/WARMSTART_PROJECT/baseline_symphony_21-01-2026+15_00/tmp/mnist-net_256x4/image_6/mnist-net_256x4_6_0_027.mps,UNSAT,0.010371,UNSAT-UNSAT,None
/home/annelot/WARMSTART_PROJECT/baseline_symphony_21-01-2026+15_00/tmp/mnist-net_256x4/image_6/mnist-net_256x4_6_0_021.mps,/home/annelot/WARMSTART_PROJECT/baseline_symphony_21-01-2026+15_00/tmp/mnist-net_256x4/image_6/mnist-net_256x4_6_0_033.mps,UNSAT,0.010281,UNSAT-UNSAT,None
/home/annelot/WARMSTART_PROJECT/baseline_symphony_21-01-2026+15_00/tmp/mnist-net_256x4/image_6/mnist-net_256x4_6_0_021.mps,/home/annelot/WARMSTART_PROJECT/baseline_symphony_21-01-2026+15_00/tmp/mnist-net_256x4/image_6/mnist-net_256x4_6_0_029.mps,UNSAT,0.010241,UNSAT-UNSAT,None
/home/annelot/WARMSTART_PROJECT/baseline_symphony_21-01-2026+15_00/tmp/mnist-net_256x4/image_6/mnist-net_256x4_6_0_023.mps,/home/annelot/WARMSTART_PROJECT/baseline_symphony_21-01-2026+15_00/tmp/mnist-net_256x4/image_6/mnist-net_256x4_6_0_031.mps,UNSAT,0.010543,UNSAT-UNSAT,None
/home/annelot/WARMSTART_PROJECT/baseline_symphony_21-01-2026+15_00/tmp/mnist-net_256x4/image_7/mnist-net_256x4_7_0_013.mps,/home/annelot/WARMSTART_PROJECT/baseline_symphony_21-01-2026+15_00/tmp/mnist-net_256x4/image_7/mnist-net_256x4_7_0_015.mps,UNSAT,0.010115,UNSAT-UNSAT,None
/home/annelot/WARMSTART_PROJECT/baseline_symphony_21-01-2026+15_00/tmp/mnist-net_256x4/image_7/mnist-net_256x4_7_0_013.mps,/home/annelot/WARMSTART_PROJECT/baseline_symphony_21-01-2026+15_00/tmp/mnist-net_256x4/image_7/mnist-net_256x4_7_0_017.mps,UNSAT,0.010184,UNSAT-UNSAT,None
/home/annelot/WARMSTART_PROJECT/baseline_symphony_21-01-2026+15_00/tmp/mnist-net_256x4/image_7/mnist-net_256x4_7_0_001.mps,/home/annelot/WARMSTART_PROJECT/baseline_symphony_21-01-2026+15_00/tmp/mnist-net_256x4/image_7/mnist-net_256x4_7_0_003.mps,ERR,,UNSAT-UNSAT,None
/home/annelot/WARMSTART_PROJECT/baseline_symphony_21-01-2026+15_00/tmp/mnist-net_256x4/image_7/mnist-net_256x4_7_0_001.mps,/home/annelot/WARMSTART_PROJECT/baseline_symphony_21-01-2026+15_00/tmp/mnist-net_256x4/image_7/mnist-net_256x4_7_0_007.mps,ERR,,UNSAT-UNSAT,None
/home/annelot/WARMSTART_PROJECT/baseline_symphony_21-01-2026+15_00/tmp/mnist-net_256x4/image_9/mnist-net_256x4_9_0_025.mps,/home/annelot/WARMSTART_PROJECT/baseline_symphony_21-01-2026+15_00/tmp/mnist-net_256x4/image_9/mnist-net_256x4_9_0_029.mps,UNSAT,0.008535,UNSAT-UNSAT,None
/home/annelot/WARMSTART_PROJECT/baseline_symphony_21-01-2026+15_00/tmp/mnist-net_256x4/image_9/mnist-net_256x4_9_0_023.mps,/home/annelot/WARMSTART_PROJECT/baseline_symphony_21-01-2026+15_00/tmp/mnist-net_256x4/image_9/mnist-net_256x4_9_0_033.mps,UNSAT,0.008566,UNSAT-UNSAT,None
/home/annelot/WARMSTART_PROJECT/baseline_symphony_21-01-2026+15_00/tmp/mnist-net_256x4/image_9/mnist-net_256x4_9_0_023.mps,/home/annelot/WARMSTART_PROJECT/baseline_symphony_21-01-2026+15_00/tmp/mnist-net_256x4/image_9/mnist-net_256x4_9_0_031.mps,UNSAT,0.009199,UNSAT-UNSAT,None
/home/annelot/WARMSTART_PROJECT/baseline_symphony_21-01-2026+15_00/tmp/mnist-net_256x4/image_9/mnist-net_256x4_9_0_023.mps,/home/annelot/WARMSTART_PROJECT/baseline_symphony_21-01-2026+15_00/tmp/mnist-net_256x4/image_9/mnist-net_256x4_9_0_037.mps,UNSAT,0.009349,UNSAT-UNSAT,None
/home/annelot/WARMSTART_PROJECT/baseline_symphony_21-01-2026+15_00/tmp/mnist-net_256x4/image_9/mnist-net_256x4_9_0_023.mps,/home/annelot/WARMSTART_PROJECT/baseline_symphony_21-01-2026+15_00/tmp/mnist-net_256x4/image_9/mnist-net_256x4_9_0_035.mps,UNSAT,0.009713,UNSAT-UNSAT,None
/home/annelot/WARMSTART_PROJECT/baseline_symphony_21-01-2026+15_00/tmp/mnist-net_256x4/image_9/mnist-net_256x4_9_0_023.mps,/home/annelot/WARMSTART_PROJECT/baseline_symphony_21-01-2026+15_00/tmp/mnist-net_256x4/image_9/mnist-net_256x4_9_0_029.mps,UNSAT,0.009437,UNSAT-UNSAT,None
/home/annelot/WARMSTART_PROJECT/baseline_symphony_21-01-2026+15_00/tmp/mnist-net_256x4/image_9/mnist-net_256x4_9_0_025.mps,/home/annelot/WARMSTART_PROJECT/baseline_symphony_21-01-2026+15_00/tmp/mnist-net_256x4/image_9/mnist-net_256x4_9_0_027.mps,UNSAT,0.009457,UNSAT-UNSAT,None
/home/annelot/WARMSTART_PROJECT/baseline_symphony_21-01-2026+15_00/tmp/mnist-net_256x4/image_9/mnist-net_256x4_9_0_021.mps,/home/annelot/WARMSTART_PROJECT/baseline_symphony_21-01-2026+15_00/tmp/mnist-net_256x4/image_9/mnist-net_256x4_9_0_023.mps,UNSAT,0.009211,UNSAT-UNSAT,None
/home/annelot/WARMSTART_PROJECT/baseline_symphony_21-01-2026+15_00/tmp/mnist-net_256x4/image_9/mnist-net_256x4_9_0_021.mps,/home/annelot/WARMSTART_PROJECT/baseline_symphony_21-01-2026+15_00/tmp/mnist-net_256x4/image_9/mnist-net_256x4_9_0_039.mps,UNSAT,0.009286,UNSAT-UNSAT,None
/home/annelot/WARMSTART_PROJECT/baseline_symphony_21-01-2026+15_00/tmp/mnist-net_256x4/image_9/mnist-net_256x4_9_0_021.mps,/home/annelot/WARMSTART_PROJECT/baseline_symphony_21-01-2026+15_00/tmp/mnist-net_256x4/image_9/mnist-net_256x4_9_0_029.mps,UNSAT,0.009616,UNSAT-UNSAT,None
/home/annelot/WARMSTART_PROJECT/baseline_symphony_21-01-2026+15_00/tmp/mnist-net_256x4/image_9/mnist-net_256x4_9_0_021.mps,/home/annelot/WARMSTART_PROJECT/baseline_symphony_21-01-2026+15_00/tmp/mnist-net_256x4/image_9/mnist-net_256x4_9_0_027.mps,UNSAT,0.009523,UNSAT-UNSAT,None
/home/annelot/WARMSTART_PROJECT/baseline_symphony_21-01-2026+15_00/tmp/mnist-net_256x4/image_9/mnist-net_256x4_9_0_021.mps,/home/annelot/WARMSTART_PROJECT/baseline_symphony_21-01-2026+15_00/tmp/mnist-net_256x4/image_9/mnist-net_256x4_9_0_033.mps,UNSAT,0.009774,UNSAT-UNSAT,None
/home/annelot/WARMSTART_PROJECT/baseline_symphony_21-01-2026+15_00/tmp/mnist-net_256x4/image_9/mnist-net_256x4_9_0_021.mps,/home/annelot/WARMSTART_PROJECT/baseline_symphony_21-01-2026+15_00/tmp/mnist-net_256x4/image_9/mnist-net_256x4_9_0_035.mps,UNSAT,0.00981,UNSAT-UNSAT,None
/home/annelot/WARMSTART_PROJECT/baseline_symphony_21-01-2026+15_00/tmp/mnist-net_256x4/image_9/mnist-net_256x4_9_0_021.mps,/home/annelot/WARMSTART_PROJECT/baseline_symphony_21-01-2026+15_00/tmp/mnist-net_256x4/image_9/mnist-net_256x4_9_0_031.mps,UNSAT,0.009753,UNSAT-UNSAT,None
/home/annelot/WARMSTART_PROJECT/baseline_symphony_21-01-2026+15_00/tmp/mnist-net_256x4/image_9/mnist-net_256x4_9_0_021.mps,/home/annelot/WARMSTART_PROJECT/baseline_symphony_21-01-2026+15_00/tmp/mnist-net_256x4/image_9/mnist-net_256x4_9_0_025.mps,UNSAT,0.009993,UNSAT-UNSAT,None
/home/annelot/WARMSTART_PROJECT/baseline_symphony_21-01-2026+15_00/tmp/mnist-net_256x4/image_9/mnist-net_256x4_9_0_023.mps,/home/annelot/WARMSTART_PROJECT/baseline_symphony_21-01-2026+15_00/tmp/mnist-net_256x4/image_9/mnist-net_256x4_9_0_025.mps,UNSAT,0.011289,UNSAT-UNSAT,None
/home/annelot/WARMSTART_PROJECT/baseline_symphony_21-01-2026+15_00/tmp/mnist-net_256x4/image_8/mnist-net_256x4_8_0_023.mps,/home/annelot/WARMSTART_PROJECT/baseline_symphony_21-01-2026+15_00/tmp/mnist-net_256x4/image_8/mnist-net_256x4_8_0_025.mps,UNSAT,0.011649,UNSAT-UNSAT,None
/home/annelot/WARMSTART_PROJECT/baseline_symphony_21-01-2026+15_00/tmp/mnist-net_256x4/image_9/mnist-net_256x4_9_0_023.mps,/home/annelot/WARMSTART_PROJECT/baseline_symphony_21-01-2026+15_00/tmp/mnist-net_256x4/image_9/mnist-net_256x4_9_0_027.mps,UNSAT,0.011255,UNSAT-UNSAT,None
/home/annelot/WARMSTART_PROJECT/baseline_symphony_21-01-2026+15_00/tmp/mnist-net_256x4/image_8/mnist-net_256x4_8_0_021.mps,/home/annelot/WARMSTART_PROJECT/baseline_symphony_21-01-2026+15_00/tmp/mnist-net_256x4/image_8/mnist-net_256x4_8_0_029.mps,UNSAT,0.011223,UNSAT-UNSAT,None
/home/annelot/WARMSTART_PROJECT/baseline_symphony_21-01-2026+15_00/tmp/mnist-net_256x4/image_9/mnist-net_256x4_9_0_021.mps,/home/annelot/WARMSTART_PROJECT/baseline_symphony_21-01-2026+15_00/tmp/mnist-net_256x4/image_9/mnist-net_256x4_9_0_037.mps,UNSAT,0.010479,UNSAT-UNSAT,None
/home/annelot/WARMSTART_PROJECT/baseline_symphony_21-01-2026+15_00/tmp/mnist-net_256x4/image_8/mnist-net_256x4_8_0_021.mps,/home/annelot/WARMSTART_PROJECT/baseline_symphony_21-01-2026+15_00/tmp/mnist-net_256x4/image_8/mnist-net_256x4_8_0_023.mps,UNSAT,0.010728,UNSAT-UNSAT,None
/home/annelot/WARMSTART_PROJECT/baseline_symphony_21-01-2026+15_00/tmp/mnist-net_256x4/image_8/mnist-net_256x4_8_0_023.mps,/home/annelot/WARMSTART_PROJECT/baseline_symphony_21-01-2026+15_00/tmp/mnist-net_256x4/image_8/mnist-net_256x4_8_0_027.mps,UNSAT,0.011179,UNSAT-UNSAT,None
/home/annelot/WARMSTART_PROJECT/baseline_symphony_21-01-2026+15_00/tmp/mnist-net_256x4/image_8/mnist-net_256x4_8_0_023.mps,/home/annelot/WARMSTART_PROJECT/baseline_symphony_21-01-2026+15_00/tmp/mnist-net_256x4/image_8/mnist-net_256x4_8_0_029.mps,UNSAT,0.011167,UNSAT-UNSAT,None
/home/annelot/WARMSTART_PROJECT/baseline_symphony_21-01-2026+15_00/tmp/mnist-net_256x4/image_7/mnist-net_256x4_7_0_001.mps,/home/annelot/WARMSTART_PROJECT/baseline_symphony_21-01-2026+15_00/tmp/mnist-net_256x4/image_7/mnist-net_256x4_7_0_011.mps,ERR,,UNSAT-UNSAT,None
/home/annelot/WARMSTART_PROJECT/baseline_symphony_21-01-2026+15_00/tmp/mnist-net_256x4/image_8/mnist-net_256x4_8_0_023.mps,/home/annelot/WARMSTART_PROJECT/baseline_symphony_21-01-2026+15_00/tmp/mnist-net_256x4/image_8/mnist-net_256x4_8_0_031.mps,UNSAT,0.011365,UNSAT-UNSAT,None
/home/annelot/WARMSTART_PROJECT/baseline_symphony_21-01-2026+15_00/tmp/mnist-net_256x4/image_8/mnist-net_256x4_8_0_021.mps,/home/annelot/WARMSTART_PROJECT/baseline_symphony_21-01-2026+15_00/tmp/mnist-net_256x4/image_8/mnist-net_256x4_8_0_027.mps,UNSAT,0.010306,UNSAT-UNSAT,None
/home/annelot/WARMSTART_PROJECT/baseline_symphony_21-01-2026+15_00/tmp/mnist-net_256x4/image_8/mnist-net_256x4_8_0_021.mps,/home/annelot/WARMSTART_PROJECT/baseline_symphony_21-01-2026+15_00/tmp/mnist-net_256x4/image_8/mnist-net_256x4_8_0_031.mps,UNSAT,0.010169,UNSAT-UNSAT,None
/home/annelot/WARMSTART_PROJECT/baseline_symphony_21-01-2026+15_00/tmp/mnist-net_256x4/image_8/mnist-net_256x4_8_0_021.mps,/home/annelot/WARMSTART_PROJECT/baseline_symphony_21-01-2026+15_00/tmp/mnist-net_256x4/image_8/mnist-net_256x4_8_0_025.mps,UNSAT,0.01029,UNSAT-UNSAT,None
/home/annelot/WARMSTART_PROJECT/baseline_symphony_21-01-2026+15_00/tmp/mnist-net_256x4/image_7/mnist-net_256x4_7_0_001.mps,/home/annelot/WARMSTART_PROJECT/baseline_symphony_21-01-2026+15_00/tmp/mnist-net_256x4/image_7/mnist-net_256x4_7_0_009.mps,ERR,,UNSAT-UNSAT,None
/home/annelot/WARMSTART_PROJECT/baseline_symphony_21-01-2026+15_00/tmp/mnist-net_256x4/image_7/mnist-net_256x4_7_0_001.mps,/home/annelot/WARMSTART_PROJECT/baseline_symphony_21-01-2026+15_00/tmp/mnist-net_256x4/image_7/mnist-net_256x4_7_0_017.mps,ERR,,UNSAT-UNSAT,None
/home/annelot/WARMSTART_PROJECT/baseline_symphony_21-01-2026+15_00/tmp/mnist-net_256x4/image_9/mnist-net_256x4_9_0_025.mps,/home/annelot/WARMSTART_PROJECT/baseline_symphony_21-01-2026+15_00/tmp/mnist-net_256x4/image_9/mnist-net_256x4_9_0_033.mps,UNSAT,0.00945,UNSAT-UNSAT,None
/home/annelot/WARMSTART_PROJECT/baseline_symphony_21-01-2026+15_00/tmp/mnist-net_256x4/image_9/mnist-net_256x4_9_0_023.mps,/home/annelot/WARMSTART_PROJECT/baseline_symphony_21-01-2026+15_00/tmp/mnist-net_256x4/image_9/mnist-net_256x4_9_0_039.mps,UNSAT,0.00941,UNSAT-UNSAT,None
/home/annelot/WARMSTART_PROJECT/baseline_symphony_21-01-2026+15_00/tmp/mnist-net_256x4/image_9/mnist-net_256x4_9_0_025.mps,/home/annelot/WARMSTART_PROJECT/baseline_symphony_21-01-2026+15_00/tmp/mnist-net_256x4/image_9/mnist-net_256x4_9_0_035.mps,UNSAT,0.009579,UNSAT-UNSAT,None
/home/annelot/WARMSTART_PROJECT/baseline_symphony_21-01-2026+15_00/tmp/mnist-net_256x4/image_9/mnist-net_256x4_9_0_025.mps,/home/annelot/WARMSTART_PROJECT/baseline_symphony_21-01-2026+15_00/tmp/mnist-net_256x4/image_9/mnist-net_256x4_9_0_039.mps,UNSAT,0.009585,UNSAT-UNSAT,None
/home/annelot/WARMSTART_PROJECT/baseline_symphony_21-01-2026+15_00/tmp/mnist-net_256x4/image_0/mnist-net_256x4_0_0_021.mps,/home/annelot/WARMSTART_PROJECT/baseline_symphony_21-01-2026+15_00/tmp/mnist-net_256x4/image_0/mnist-net_256x4_0_0_025.mps,UNSAT,0.009083,UNSAT-UNSAT,None
/home/annelot/WARMSTART_PROJECT/baseline_symphony_21-01-2026+15_00/tmp/mnist-net_256x4/image_0/mnist-net_256x4_0_0_021.mps,/home/annelot/WARMSTART_PROJECT/baseline_symphony_21-01-2026+15_00/tmp/mnist-net_256x4/image_0/mnist-net_256x4_0_0_029.mps,UNSAT,0.009784,UNSAT-UNSAT,None
/home/annelot/WARMSTART_PROJECT/baseline_symphony_21-01-2026+15_00/tmp/mnist-net_256x4/image_0/mnist-net_256x4_0_0_021.mps,/home/annelot/WARMSTART_PROJECT/baseline_symphony_21-01-2026+15_00/tmp/mnist-net_256x4/image_0/mnist-net_256x4_0_0_031.mps,UNSAT,0.010027,UNSAT-UNSAT,None
/home/annelot/WARMSTART_PROJECT/baseline_symphony_21-01-2026+15_00/tmp/mnist-net_256x4/image_9/mnist-net_256x4_9_0_025.mps,/home/annelot/WARMSTART_PROJECT/baseline_symphony_21-01-2026+15_00/tmp/mnist-net_256x4/image_9/mnist-net_256x4_9_0_037.mps,UNSAT,0.009621,UNSAT-UNSAT,None
/home/annelot/WARMSTART_PROJECT/baseline_symphony_21-01-2026+15_00/tmp/mnist-net_256x4/image_0/mnist-net_256x4_0_0_021.mps,/home/annelot/WARMSTART_PROJECT/baseline_symphony_21-01-2026+15_00/tmp/mnist-net_256x4/image_0/mnist-net_256x4_0_0_033.mps,UNSAT,0.009713,UNSAT-UNSAT,None
/home/annelot/WARMSTART_PROJECT/baseline_symphony_21-01-2026+15_00/tmp/mnist-net_256x4/image_0/mnist-net_256x4_0_0_021.mps,/home/annelot/WARMSTART_PROJECT/baseline_symphony_21-01-2026+15_00/tmp/mnist-net_256x4/image_0/mnist-net_256x4_0_0_027.mps,UNSAT,0.009678,UNSAT-UNSAT,None
/home/annelot/WARMSTART_PROJECT/baseline_symphony_21-01-2026+15_00/tmp/mnist-net_256x4/image_0/mnist-net_256x4_0_0_021.mps,/home/annelot/WARMSTART_PROJECT/baseline_symphony_21-01-2026+15_00/tmp/mnist-net_256x4/image_0/mnist-net_256x4_0_0_023.mps,UNSAT,0.009612,UNSAT-UNSAT,None
/home/annelot/WARMSTART_PROJECT/baseline_symphony_21-01-2026+15_00/tmp/mnist-net_256x4/image_9/mnist-net_256x4_9_0_029.mps,/home/annelot/WARMSTART_PROJECT/baseline_symphony_21-01-2026+15_00/tmp/mnist-net_256x4/image_9/mnist-net_256x4_9_0_035.mps,UNSAT,0.009684,UNSAT-UNSAT,None
/home/annelot/WARMSTART_PROJECT/baseline_symphony_21-01-2026+15_00/tmp/mnist-net_256x4/image_9/mnist-net_256x4_9_0_029.mps,/home/annelot/WARMSTART_PROJECT/baseline_symphony_21-01-2026+15_00/tmp/mnist-net_256x4/image_9/mnist-net_256x4_9_0_039.mps,UNSAT,0.009885,UNSAT-UNSAT,None
/home/annelot/WARMSTART_PROJECT/baseline_symphony_21-01-2026+15_00/tmp/mnist-net_256x4/image_9/mnist-net_256x4_9_0_027.mps,/home/annelot/WARMSTART_PROJECT/baseline_symphony_21-01-2026+15_00/tmp/mnist-net_256x4/image_9/mnist-net_256x4_9_0_037.mps,UNSAT,0.009761,UNSAT-UNSAT,None
/home/annelot/WARMSTART_PROJECT/baseline_symphony_21-01-2026+15_00/tmp/mnist-net_256x4/image_5/mnist-net_256x4_5_0_021.mps,/home/annelot/WARMSTART_PROJECT/baseline_symphony_21-01-2026+15_00/tmp/mnist-net_256x4/image_5/mnist-net_256x4_5_0_027.mps,UNSAT,0.010791,UNSAT-UNSAT,None
/home/annelot/WARMSTART_PROJECT/baseline_symphony_21-01-2026+15_00/tmp/mnist-net_256x4/image_9/mnist-net_256x4_9_0_027.mps,/home/annelot/WARMSTART_PROJECT/baseline_symphony_21-01-2026+15_00/tmp/mnist-net_256x4/image_9/mnist-net_256x4_9_0_031.mps,UNSAT,0.009707,UNSAT-UNSAT,None
/home/annelot/WARMSTART_PROJECT/baseline_symphony_21-01-2026+15_00/tmp/mnist-net_256x4/image_9/mnist-net_256x4_9_0_025.mps,/home/annelot/WARMSTART_PROJECT/baseline_symphony_21-01-2026+15_00/tmp/mnist-net_256x4/image_9/mnist-net_256x4_9_0_031.mps,UNSAT,0.010097,UNSAT-UNSAT,None
/home/annelot/WARMSTART_PROJECT/baseline_symphony_21-01-2026+15_00/tmp/mnist-net_256x4/image_9/mnist-net_256x4_9_0_031.mps,/home/annelot/WARMSTART_PROJECT/baseline_symphony_21-01-2026+15_00/tmp/mnist-net_256x4/image_9/mnist-net_256x4_9_0_035.mps,UNSAT,0.011166,UNSAT-UNSAT,None
/home/annelot/WARMSTART_PROJECT/baseline_symphony_21-01-2026+15_00/tmp/mnist-net_256x4/image_9/mnist-net_256x4_9_0_029.mps,/home/annelot/WARMSTART_PROJECT/baseline_symphony_21-01-2026+15_00/tmp/mnist-net_256x4/image_9/mnist-net_256x4_9_0_037.mps,UNSAT,0.011122,UNSAT-UNSAT,None
/home/annelot/WARMSTART_PROJECT/baseline_symphony_21-01-2026+15_00/tmp/mnist-net_256x4/image_9/mnist-net_256x4_9_0_031.mps,/home/annelot/WARMSTART_PROJECT/baseline_symphony_21-01-2026+15_00/tmp/mnist-net_256x4/image_9/mnist-net_256x4_9_0_033.mps,UNSAT,0.0108,UNSAT-UNSAT,None
/home/annelot/WARMSTART_PROJECT/baseline_symphony_21-01-2026+15_00/tmp/mnist-net_256x4/image_9/mnist-net_256x4_9_0_031.mps,/home/annelot/WARMSTART_PROJECT/baseline_symphony_21-01-2026+15_00/tmp/mnist-net_256x4/image_9/mnist-net_256x4_9_0_037.mps,UNSAT,0.01087,UNSAT-UNSAT,None
/home/annelot/WARMSTART_PROJECT/baseline_symphony_21-01-2026+15_00/tmp/mnist-net_256x4/image_9/mnist-net_256x4_9_0_027.mps,/home/annelot/WARMSTART_PROJECT/baseline_symphony_21-01-2026+15_00/tmp/mnist-net_256x4/image_9/mnist-net_256x4_9_0_035.mps,UNSAT,0.010284,UNSAT-UNSAT,None
/home/annelot/WARMSTART_PROJECT/baseline_symphony_21-01-2026+15_00/tmp/mnist-net_256x4/image_9/mnist-net_256x4_9_0_031.mps,/home/annelot/WARMSTART_PROJECT/baseline_symphony_21-01-2026+15_00/tmp/mnist-net_256x4/image_9/mnist-net_256x4_9_0_039.mps,UNSAT,0.010744,UNSAT-UNSAT,None
/home/annelot/WARMSTART_PROJECT/baseline_symphony_21-01-2026+15_00/tmp/mnist-net_256x4/image_9/mnist-net_256x4_9_0_027.mps,/home/annelot/WARMSTART_PROJECT/baseline_symphony_21-01-2026+15_00/tmp/mnist-net_256x4/image_9/mnist-net_256x4_9_0_029.mps,UNSAT,0.00966,UNSAT-UNSAT,None
/home/annelot/WARMSTART_PROJECT/baseline_symphony_21-01-2026+15_00/tmp/mnist-net_256x4/image_9/mnist-net_256x4_9_0_029.mps,/home/annelot/WARMSTART_PROJECT/baseline_symphony_21-01-2026+15_00/tmp/mnist-net_256x4/image_9/mnist-net_256x4_9_0_033.mps,UNSAT,0.010156,UNSAT-UNSAT,None
/home/annelot/WARMSTART_PROJECT/baseline_symphony_21-01-2026+15_00/tmp/mnist-net_256x4/image_9/mnist-net_256x4_9_0_027.mps,/home/annelot/WARMSTART_PROJECT/baseline_symphony_21-01-2026+15_00/tmp/mnist-net_256x4/image_9/mnist-net_256x4_9_0_033.mps,UNSAT,0.014315,UNSAT-UNSAT,None
/home/annelot/WARMSTART_PROJECT/baseline_symphony_21-01-2026+15_00/tmp/mnist-net_256x4/image_5/mnist-net_256x4_5_0_021.mps,/home/annelot/WARMSTART_PROJECT/baseline_symphony_21-01-2026+15_00/tmp/mnist-net_256x4/image_5/mnist-net_256x4_5_0_025.mps,UNSAT,0.010854,UNSAT-UNSAT,None
/home/annelot/WARMSTART_PROJECT/baseline_symphony_21-01-2026+15_00/tmp/mnist-net_256x4/image_9/mnist-net_256x4_9_0_027.mps,/home/annelot/WARMSTART_PROJECT/baseline_symphony_21-01-2026+15_00/tmp/mnist-net_256x4/image_9/mnist-net_256x4_9_0_039.mps,UNSAT,0.014388,UNSAT-UNSAT,None
/home/annelot/WARMSTART_PROJECT/baseline_symphony_21-01-2026+15_00/tmp/mnist-net_256x4/image_5/mnist-net_256x4_5_0_021.mps,/home/annelot/WARMSTART_PROJECT/baseline_symphony_21-01-2026+15_00/tmp/mnist-net_256x4/image_5/mnist-net_256x4_5_0_023.mps,UNSAT,0.01111,UNSAT-UNSAT,None
/home/annelot/WARMSTART_PROJECT/baseline_symphony_21-01-2026+15_00/tmp/mnist-net_256x4/image_9/mnist-net_256x4_9_0_029.mps,/home/annelot/WARMSTART_PROJECT/baseline_symphony_21-01-2026+15_00/tmp/mnist-net_256x4/image_9/mnist-net_256x4_9_0_031.mps,UNSAT,0.013489,UNSAT-UNSAT,None
/home/annelot/WARMSTART_PROJECT/baseline_symphony_21-01-2026+15_00/tmp/mnist-net_256x4/image_7/mnist-net_256x4_7_0_001.mps,/home/annelot/WARMSTART_PROJECT/baseline_symphony_21-01-2026+15_00/tmp/mnist-net_256x4/image_7/mnist-net_256x4_7_0_013.mps,ERR,,UNSAT-UNSAT,None
/home/annelot/WARMSTART_PROJECT/baseline_symphony_21-01-2026+15_00/tmp/mnist-net_256x4/image_0/mnist-net_256x4_0_0_023.mps,/home/annelot/WARMSTART_PROJECT/baseline_symphony_21-01-2026+15_00/tmp/mnist-net_256x4/image_0/mnist-net_256x4_0_0_025.mps,UNSAT,0.010495,UNSAT-UNSAT,None
/home/annelot/WARMSTART_PROJECT/baseline_symphony_21-01-2026+15_00/tmp/mnist-net_256x4/image_0/mnist-net_256x4_0_0_023.mps,/home/annelot/WARMSTART_PROJECT/baseline_symphony_21-01-2026+15_00/tmp/mnist-net_256x4/image_0/mnist-net_256x4_0_0_031.mps,UNSAT,0.012046,UNSAT-UNSAT,None
/home/annelot/WARMSTART_PROJECT/baseline_symphony_21-01-2026+15_00/tmp/mnist-net_256x4/image_0/mnist-net_256x4_0_0_023.mps,/home/annelot/WARMSTART_PROJECT/baseline_symphony_21-01-2026+15_00/tmp/mnist-net_256x4/image_0/mnist-net_256x4_0_0_035.mps,UNSAT,0.014977,UNSAT-UNSAT,None
/home/annelot/WARMSTART_PROJECT/baseline_symphony_21-01-2026+15_00/tmp/mnist-net_256x4/image_0/mnist-net_256x4_0_0_021.mps,/home/annelot/WARMSTART_PROJECT/baseline_symphony_21-01-2026+15_00/tmp/mnist-net_256x4/image_0/mnist-net_256x4_0_0_035.mps,UNSAT,0.014232,UNSAT-UNSAT,None
/home/annelot/WARMSTART_PROJECT/baseline_symphony_21-01-2026+15_00/tmp/mnist-net_256x4/image_4/mnist-net_256x4_4_0_023.mps,/home/annelot/WARMSTART_PROJECT/baseline_symphony_21-01-2026+15_00/tmp/mnist-net_256x4/image_4/mnist-net_256x4_4_0_027.mps,UNSAT,0.009637,UNSAT-UNSAT,None
/home/annelot/WARMSTART_PROJECT/baseline_symphony_21-01-2026+15_00/tmp/mnist-net_256x4/image_4/mnist-net_256x4_4_0_027.mps,/home/annelot/WARMSTART_PROJECT/baseline_symphony_21-01-2026+15_00/tmp/mnist-net_256x4/image_4/mnist-net_256x4_4_0_029.mps,UNSAT,0.010328,UNSAT-UNSAT,None
/home/annelot/WARMSTART_PROJECT/baseline_symphony_21-01-2026+15_00/tmp/mnist-net_256x4/image_4/mnist-net_256x4_4_0_025.mps,/home/annelot/WARMSTART_PROJECT/baseline_symphony_21-01-2026+15_00/tmp/mnist-net_256x4/image_4/mnist-net_256x4_4_0_029.mps,UNSAT,0.010151,UNSAT-UNSAT,None
/home/annelot/WARMSTART_PROJECT/baseline_symphony_21-01-2026+15_00/tmp/mnist-net_256x4/image_0/mnist-net_256x4_0_0_025.mps,/home/annelot/WARMSTART_PROJECT/baseline_symphony_21-01-2026+15_00/tmp/mnist-net_256x4/image_0/mnist-net_256x4_0_0_027.mps,UNSAT,0.013629,UNSAT-UNSAT,None
/home/annelot/WARMSTART_PROJECT/baseline_symphony_21-01-2026+15_00/tmp/mnist-net_256x4/image_4/mnist-net_256x4_4_0_023.mps,/home/annelot/WARMSTART_PROJECT/baseline_symphony_21-01-2026+15_00/tmp/mnist-net_256x4/image_4/mnist-net_256x4_4_0_029.mps,UNSAT,0.009846,UNSAT-UNSAT,None
/home/annelot/WARMSTART_PROJECT/baseline_symphony_21-01-2026+15_00/tmp/mnist-net_256x4/image_4/mnist-net_256x4_4_0_029.mps,/home/annelot/WARMSTART_PROJECT/baseline_symphony_21-01-2026+15_00/tmp/mnist-net_256x4/image_4/mnist-net_256x4_4_0_031.mps,UNSAT,0.010486,UNSAT-TIMEOUT,None
/home/annelot/WARMSTART_PROJECT/baseline_symphony_21-01-2026+15_00/tmp/mnist-net_256x4/image_0/mnist-net_256x4_0_0_023.mps,/home/annelot/WARMSTART_PROJECT/baseline_symphony_21-01-2026+15_00/tmp/mnist-net_256x4/image_0/mnist-net_256x4_0_0_033.mps,UNSAT,0.010277,UNSAT-UNSAT,None
/home/annelot/WARMSTART_PROJECT/baseline_symphony_21-01-2026+15_00/tmp/mnist-net_256x4/image_4/mnist-net_256x4_4_0_025.mps,/home/annelot/WARMSTART_PROJECT/baseline_symphony_21-01-2026+15_00/tmp/mnist-net_256x4/image_4/mnist-net_256x4_4_0_027.mps,UNSAT,0.010333,UNSAT-UNSAT,None
/home/annelot/WARMSTART_PROJECT/baseline_symphony_21-01-2026+15_00/tmp/mnist-net_256x4/image_4/mnist-net_256x4_4_0_029.mps,/home/annelot/WARMSTART_PROJECT/baseline_symphony_21-01-2026+15_00/tmp/mnist-net_256x4/image_4/mnist-net_256x4_4_0_041.mps,UNSAT,0.011292,UNSAT-TIMEOUT,None
/home/annelot/WARMSTART_PROJECT/baseline_symphony_21-01-2026+15_00/tmp/mnist-net_256x4/image_0/mnist-net_256x4_0_0_025.mps,/home/annelot/WARMSTART_PROJECT/baseline_symphony_21-01-2026+15_00/tmp/mnist-net_256x4/image_0/mnist-net_256x4_0_0_035.mps,UNSAT,0.010513,UNSAT-UNSAT,None
/home/annelot/WARMSTART_PROJECT/baseline_symphony_21-01-2026+15_00/tmp/mnist-net_256x4/image_0/mnist-net_256x4_0_0_027.mps,/home/annelot/WARMSTART_PROJECT/baseline_symphony_21-01-2026+15_00/tmp/mnist-net_256x4/image_0/mnist-net_256x4_0_0_033.mps,UNSAT,0.010557,UNSAT-UNSAT,None
/home/annelot/WARMSTART_PROJECT/baseline_symphony_21-01-2026+15_00/tmp/mnist-net_256x4/image_0/mnist-net_256x4_0_0_025.mps,/home/annelot/WARMSTART_PROJECT/baseline_symphony_21-01-2026+15_00/tmp/mnist-net_256x4/image_0/mnist-net_256x4_0_0_033.mps,UNSAT,0.011097,UNSAT-UNSAT,None
/home/annelot/WARMSTART_PROJECT/baseline_symphony_21-01-2026+15_00/tmp/mnist-net_256x4/image_4/mnist-net_256x4_4_0_021.mps,/home/annelot/WARMSTART_PROJECT/baseline_symphony_21-01-2026+15_00/tmp/mnist-net_256x4/image_4/mnist-net_256x4_4_0_025.mps,UNSAT,0.011027,UNSAT-UNSAT,None
/home/annelot/WARMSTART_PROJECT/baseline_symphony_21-01-2026+15_00/tmp/mnist-net_256x4/image_0/mnist-net_256x4_0_0_025.mps,/home/annelot/WARMSTART_PROJECT/baseline_symphony_21-01-2026+15_00/tmp/mnist-net_256x4/image_0/mnist-net_256x4_0_0_029.mps,UNSAT,0.01121,UNSAT-UNSAT,None
/home/annelot/WARMSTART_PROJECT/baseline_symphony_21-01-2026+15_00/tmp/mnist-net_256x4/image_4/mnist-net_256x4_4_0_021.mps,/home/annelot/WARMSTART_PROJECT/baseline_symphony_21-01-2026+15_00/tmp/mnist-net_256x4/image_4/mnist-net_256x4_4_0_027.mps,UNSAT,0.011026,UNSAT-UNSAT,None
/home/annelot/WARMSTART_PROJECT/baseline_symphony_21-01-2026+15_00/tmp/mnist-net_256x4/image_4/mnist-net_256x4_4_0_021.mps,/home/annelot/WARMSTART_PROJECT/baseline_symphony_21-01-2026+15_00/tmp/mnist-net_256x4/image_4/mnist-net_256x4_4_0_023.mps,UNSAT,0.011125,UNSAT-UNSAT,None
/home/annelot/WARMSTART_PROJECT/baseline_symphony_21-01-2026+15_00/tmp/mnist-net_256x4/image_4/mnist-net_256x4_4_0_023.mps,/home/annelot/WARMSTART_PROJECT/baseline_symphony_21-01-2026+15_00/tmp/mnist-net_256x4/image_4/mnist-net_256x4_4_0_025.mps,UNSAT,0.011257,UNSAT-UNSAT,None
/home/annelot/WARMSTART_PROJECT/baseline_symphony_21-01-2026+15_00/tmp/mnist-net_256x4/image_4/mnist-net_256x4_4_0_021.mps,/home/annelot/WARMSTART_PROJECT/baseline_symphony_21-01-2026+15_00/tmp/mnist-net_256x4/image_4/mnist-net_256x4_4_0_029.mps,UNSAT,0.011682,UNSAT-UNSAT,None
/home/annelot/WARMSTART_PROJECT/baseline_symphony_21-01-2026+15_00/tmp/mnist-net_256x4/image_0/mnist-net_256x4_0_0_029.mps,/home/annelot/WARMSTART_PROJECT/baseline_symphony_21-01-2026+15_00/tmp/mnist-net_256x4/image_0/mnist-net_256x4_0_0_031.mps,UNSAT,0.011572,UNSAT-UNSAT,None
/home/annelot/WARMSTART_PROJECT/baseline_symphony_21-01-2026+15_00/tmp/mnist-net_256x4/image_0/mnist-net_256x4_0_0_029.mps,/home/annelot/WARMSTART_PROJECT/baseline_symphony_21-01-2026+15_00/tmp/mnist-net_256x4/image_0/mnist-net_256x4_0_0_035.mps,UNSAT,0.011469,UNSAT-UNSAT,None
/home/annelot/WARMSTART_PROJECT/baseline_symphony_21-01-2026+15_00/tmp/mnist-net_256x4/image_0/mnist-net_256x4_0_0_029.mps,/home/annelot/WARMSTART_PROJECT/baseline_symphony_21-01-2026+15_00/tmp/mnist-net_256x4/image_0/mnist-net_256x4_0_0_033.mps,UNSAT,0.011305,UNSAT-UNSAT,None
/home/annelot/WARMSTART_PROJECT/baseline_symphony_21-01-2026+15_00/tmp/mnist-net_256x4/image_0/mnist-net_256x4_0_0_023.mps,/home/annelot/WARMSTART_PROJECT/baseline_symphony_21-01-2026+15_00/tmp/mnist-net_256x4/image_0/mnist-net_256x4_0_0_027.mps,UNSAT,0.011144,UNSAT-UNSAT,None
/home/annelot/WARMSTART_PROJECT/baseline_symphony_21-01-2026+15_00/tmp/mnist-net_256x4/image_0/mnist-net_256x4_0_0_027.mps,/home/annelot/WARMSTART_PROJECT/baseline_symphony_21-01-2026+15_00/tmp/mnist-net_256x4/image_0/mnist-net_256x4_0_0_029.mps,UNSAT,0.010722,UNSAT-UNSAT,None
/home/annelot/WARMSTART_PROJECT/baseline_symphony_21-01-2026+15_00/tmp/mnist-net_256x4/image_0/mnist-net_256x4_0_0_027.mps,/home/annelot/WARMSTART_PROJECT/baseline_symphony_21-01-2026+15_00/tmp/mnist-net_256x4/image_0/mnist-net_256x4_0_0_031.mps,UNSAT,0.01094,UNSAT-UNSAT,None
/home/annelot/WARMSTART_PROJECT/baseline_symphony_21-01-2026+15_00/tmp/mnist-net_256x4/image_0/mnist-net_256x4_0_0_027.mps,/home/annelot/WARMSTART_PROJECT/baseline_symphony_21-01-2026+15_00/tmp/mnist-net_256x4/image_0/mnist-net_256x4_0_0_035.mps,UNSAT,0.010584,UNSAT-UNSAT,None
/home/annelot/WARMSTART_PROJECT/baseline_symphony_21-01-2026+15_00/tmp/mnist-net_256x4/image_0/mnist-net_256x4_0_0_025.mps,/home/annelot/WARMSTART_PROJECT/baseline_symphony_21-01-2026+15_00/tmp/mnist-net_256x4/image_0/mnist-net_256x4_0_0_031.mps,UNSAT,0.010422,UNSAT-UNSAT,None
/home/annelot/WARMSTART_PROJECT/baseline_symphony_21-01-2026+15_00/tmp/mnist-net_256x4/image_0/mnist-net_256x4_0_0_023.mps,/home/annelot/WARMSTART_PROJECT/baseline_symphony_21-01-2026+15_00/tmp/mnist-net_256x4/image_0/mnist-net_256x4_0_0_029.mps,UNSAT,0.010067,UNSAT-UNSAT,None
/home/annelot/WARMSTART_PROJECT/baseline_symphony_21-01-2026+15_00/tmp/mnist-net_256x2/image_5/mnist-net_256x2_5_0_021.mps,/home/annelot/WARMSTART_PROJECT/baseline_symphony_21-01-2026+15_00/tmp/mnist-net_256x2/image_7/mnist-net_256x2_7_0_021.mps,UNSAT,0.004864,IMAGE,None
/home/annelot/WARMSTART_PROJECT/baseline_symphony_21-01-2026+15_00/tmp/mnist-net_256x2/image_1/mnist-net_256x2_1_0_027.mps,/home/annelot/WARMSTART_PROJECT/baseline_symphony_21-01-2026+15_00/tmp/mnist-net_256x2/image_7/mnist-net_256x2_7_0_027.mps,UNSAT,0.005928,IMAGE,None
/home/annelot/WARMSTART_PROJECT/baseline_symphony_21-01-2026+15_00/tmp/mnist-net_256x2/image_9/mnist-net_256x2_9_0_021.mps,/home/annelot/WARMSTART_PROJECT/baseline_symphony_21-01-2026+15_00/tmp/mnist-net_256x2/image_7/mnist-net_256x2_7_0_021.mps,UNSAT,0.005988,IMAGE,None
/home/annelot/WARMSTART_PROJECT/baseline_symphony_21-01-2026+15_00/tmp/mnist-net_256x2/image_9/mnist-net_256x2_9_0_029.mps,/home/annelot/WARMSTART_PROJECT/baseline_symphony_21-01-2026+15_00/tmp/mnist-net_256x2/image_7/mnist-net_256x2_7_0_029.mps,UNSAT,0.007034,IMAGE,None
/home/annelot/WARMSTART_PROJECT/baseline_symphony_21-01-2026+15_00/tmp/mnist-net_256x2/image_1/mnist-net_256x2_1_0_023.mps,/home/annelot/WARMSTART_PROJECT/baseline_symphony_21-01-2026+15_00/tmp/mnist-net_256x2/image_7/mnist-net_256x2_7_0_023.mps,UNSAT,0.00571,IMAGE,None
/home/annelot/WARMSTART_PROJECT/baseline_symphony_21-01-2026+15_00/tmp/mnist-net_256x2/image_9/mnist-net_256x2_9_0_031.mps,/home/annelot/WARMSTART_PROJECT/baseline_symphony_21-01-2026+15_00/tmp/mnist-net_256x2/image_7/mnist-net_256x2_7_0_031.mps,UNSAT,0.006709,IMAGE,None
/home/annelot/WARMSTART_PROJECT/baseline_symphony_21-01-2026+15_00/tmp/mnist-net_256x2/image_7/mnist-net_256x2_7_0_021.mps,/home/annelot/WARMSTART_PROJECT/baseline_symphony_21-01-2026+15_00/tmp/mnist-net_256x2/image_6/mnist-net_256x2_6_0_021.mps,UNSAT,0.00671,IMAGE,None
/home/annelot/WARMSTART_PROJECT/baseline_symphony_21-01-2026+15_00/tmp/mnist-net_256x2/image_1/mnist-net_256x2_1_0_021.mps,/home/annelot/WARMSTART_PROJECT/baseline_symphony_21-01-2026+15_00/tmp/mnist-net_256x2/image_7/mnist-net_256x2_7_0_021.mps,UNSAT,0.006954,IMAGE,None
/home/annelot/WARMSTART_PROJECT/baseline_symphony_21-01-2026+15_00/tmp/mnist-net_256x2/image_1/mnist-net_256x2_1_0_025.mps,/home/annelot/WARMSTART_PROJECT/baseline_symphony_21-01-2026+15_00/tmp/mnist-net_256x2/image_7/mnist-net_256x2_7_0_025.mps,UNSAT,0.00682,IMAGE,None
/home/annelot/WARMSTART_PROJECT/baseline_symphony_21-01-2026+15_00/tmp/mnist-net_256x2/image_5/mnist-net_256x2_5_0_023.mps,/home/annelot/WARMSTART_PROJECT/baseline_symphony_21-01-2026+15_00/tmp/mnist-net_256x2/image_7/mnist-net_256x2_7_0_023.mps,UNSAT,0.00674,IMAGE,None
/home/annelot/WARMSTART_PROJECT/baseline_symphony_21-01-2026+15_00/tmp/mnist-net_256x2/image_9/mnist-net_256x2_9_0_025.mps,/home/annelot/WARMSTART_PROJECT/baseline_symphony_21-01-2026+15_00/tmp/mnist-net_256x2/image_7/mnist-net_256x2_7_0_025.mps,UNSAT,0.00678,IMAGE,None
/home/annelot/WARMSTART_PROJECT/baseline_symphony_21-01-2026+15_00/tmp/mnist-net_256x2/image_6/mnist-net_256x2_6_0_021.mps,/home/annelot/WARMSTART_PROJECT/baseline_symphony_21-01-2026+15_00/tmp/mnist-net_256x2/image_7/mnist-net_256x2_7_0_021.mps,UNSAT,0.007033,IMAGE,None
/home/annelot/WARMSTART_PROJECT/baseline_symphony_21-01-2026+15_00/tmp/mnist-net_256x2/image_9/mnist-net_256x2_9_0_027.mps,/home/annelot/WARMSTART_PROJECT/baseline_symphony_21-01-2026+15_00/tmp/mnist-net_256x2/image_7/mnist-net_256x2_7_0_027.mps,UNSAT,0.006182,IMAGE,None
/home/annelot/WARMSTART_PROJECT/baseline_symphony_21-01-2026+15_00/tmp/mnist-net_256x2/image_9/mnist-net_256x2_9_0_023.mps,/home/annelot/WARMSTART_PROJECT/baseline_symphony_21-01-2026+15_00/tmp/mnist-net_256x2/image_7/mnist-net_256x2_7_0_023.mps,UNSAT,0.006439,IMAGE,None
/home/annelot/WARMSTART_PROJECT/baseline_symphony_21-01-2026+15_00/tmp/mnist-net_256x4/image_4/mnist-net_256x4_4_0_029.mps,/home/annelot/WARMSTART_PROJECT/baseline_symphony_21-01-2026+15_00/tmp/mnist-net_256x4/image_4/mnist-net_256x4_4_0_261.mps,UNSAT,0.010702,UNSAT-TIMEOUT,None
/home/annelot/WARMSTART_PROJECT/baseline_symphony_21-01-2026+15_00/tmp/mnist-net_256x4/image_4/mnist-net_256x4_4_0_029.mps,/home/annelot/WARMSTART_PROJECT/baseline_symphony_21-01-2026+15_00/tmp/mnist-net_256x4/image_4/mnist-net_256x4_4_0_081.mps,UNSAT,0.010967,UNSAT-TIMEOUT,None
/home/annelot/WARMSTART_PROJECT/baseline_symphony_21-01-2026+15_00/tmp/mnist-net_256x4/image_4/mnist-net_256x4_4_0_029.mps,/home/annelot/WARMSTART_PROJECT/baseline_symphony_21-01-2026+15_00/tmp/mnist-net_256x4/image_4/mnist-net_256x4_4_0_101.mps,UNSAT,0.011094,UNSAT-TIMEOUT,None
/home/annelot/WARMSTART_PROJECT/baseline_symphony_21-01-2026+15_00/tmp/mnist-net_256x4/image_4/mnist-net_256x4_4_0_029.mps,/home/annelot/WARMSTART_PROJECT/baseline_symphony_21-01-2026+15_00/tmp/mnist-net_256x4/image_4/mnist-net_256x4_4_0_161.mps,UNSAT,0.010767,UNSAT-TIMEOUT,None
/home/annelot/WARMSTART_PROJECT/baseline_symphony_21-01-2026+15_00/tmp/mnist-net_256x4/image_4/mnist-net_256x4_4_0_029.mps,/home/annelot/WARMSTART_PROJECT/baseline_symphony_21-01-2026+15_00/tmp/mnist-net_256x4/image_4/mnist-net_256x4_4_0_141.mps,UNSAT,0.010752,UNSAT-TIMEOUT,None
/home/annelot/WARMSTART_PROJECT/baseline_symphony_21-01-2026+15_00/tmp/mnist-net_256x4/image_4/mnist-net_256x4_4_0_029.mps,/home/annelot/WARMSTART_PROJECT/baseline_symphony_21-01-2026+15_00/tmp/mnist-net_256x4/image_4/mnist-net_256x4_4_0_241.mps,UNSAT,0.011114,UNSAT-TIMEOUT,None
/home/annelot/WARMSTART_PROJECT/baseline_symphony_21-01-2026+15_00/tmp/mnist-net_256x4/image_4/mnist-net_256x4_4_0_029.mps,/home/annelot/WARMSTART_PROJECT/baseline_symphony_21-01-2026+15_00/tmp/mnist-net_256x4/image_4/mnist-net_256x4_4_0_301.mps,UNSAT,0.010928,UNSAT-TIMEOUT,None
/home/annelot/WARMSTART_PROJECT/baseline_symphony_21-01-2026+15_00/tmp/mnist-net_256x4/image_4/mnist-net_256x4_4_0_029.mps,/home/annelot/WARMSTART_PROJECT/baseline_symphony_21-01-2026+15_00/tmp/mnist-net_256x4/image_4/mnist-net_256x4_4_0_281.mps,UNSAT,0.010872,UNSAT-TIMEOUT,None
/home/annelot/WARMSTART_PROJECT/baseline_symphony_21-01-2026+15_00/tmp/mnist-net_256x4/image_4/mnist-net_256x4_4_0_029.mps,/home/annelot/WARMSTART_PROJECT/baseline_symphony_21-01-2026+15_00/tmp/mnist-net_256x4/image_4/mnist-net_256x4_4_0_341.mps,UNSAT,0.010792,UNSAT-TIMEOUT,None
/home/annelot/WARMSTART_PROJECT/baseline_symphony_21-01-2026+15_00/tmp/mnist-net_256x4/image_4/mnist-net_256x4_4_0_029.mps,/home/annelot/WARMSTART_PROJECT/baseline_symphony_21-01-2026+15_00/tmp/mnist-net_256x4/image_4/mnist-net_256x4_4_0_321.mps,UNSAT,0.010875,UNSAT-TIMEOUT,None
/home/annelot/WARMSTART_PROJECT/baseline_symphony_21-01-2026+15_00/tmp/mnist-net_256x4/image_4/mnist-net_256x4_4_0_029.mps,/home/annelot/WARMSTART_PROJECT/baseline_symphony_21-01-2026+15_00/tmp/mnist-net_256x4/image_4/mnist-net_256x4_4_0_361.mps,UNSAT,0.010769,UNSAT-TIMEOUT,None
/home/annelot/WARMSTART_PROJECT/baseline_symphony_21-01-2026+15_00/tmp/mnist-net_256x4/image_4/mnist-net_256x4_4_0_029.mps,/home/annelot/WARMSTART_PROJECT/baseline_symphony_21-01-2026+15_00/tmp/mnist-net_256x4/image_4/mnist-net_256x4_4_0_181.mps,UNSAT,0.011468,UNSAT-TIMEOUT,None
/home/annelot/WARMSTART_PROJECT/baseline_symphony_21-01-2026+15_00/tmp/mnist-net_256x4/image_4/mnist-net_256x4_4_0_029.mps,/home/annelot/WARMSTART_PROJECT/baseline_symphony_21-01-2026+15_00/tmp/mnist-net_256x4/image_4/mnist-net_256x4_4_0_201.mps,UNSAT,0.011372,UNSAT-TIMEOUT,None
/home/annelot/WARMSTART_PROJECT/baseline_symphony_21-01-2026+15_00/tmp/mnist-net_256x4/image_4/mnist-net_256x4_4_0_029.mps,/home/annelot/WARMSTART_PROJECT/baseline_symphony_21-01-2026+15_00/tmp/mnist-net_256x4/image_4/mnist-net_256x4_4_0_121.mps,UNSAT,0.01572,UNSAT-TIMEOUT,None
/home/annelot/WARMSTART_PROJECT/baseline_symphony_21-01-2026+15_00/tmp/mnist-net_256x4/image_4/mnist-net_256x4_4_0_029.mps,/home/annelot/WARMSTART_PROJECT/baseline_symphony_21-01-2026+15_00/tmp/mnist-net_256x4/image_4/mnist-net_256x4_4_0_061.mps,UNSAT,0.015282,UNSAT-TIMEOUT,None
/home/annelot/WARMSTART_PROJECT/baseline_symphony_21-01-2026+15_00/tmp/mnist-net_256x4/image_4/mnist-net_256x4_4_0_029.mps,/home/annelot/WARMSTART_PROJECT/baseline_symphony_21-01-2026+15_00/tmp/mnist-net_256x4/image_4/mnist-net_256x4_4_0_221.mps,UNSAT,0.015362,UNSAT-TIMEOUT,None
/home/annelot/WARMSTART_PROJECT/baseline_symphony_21-01-2026+15_00/tmp/mnist-net_256x4/image_4/mnist-net_256x4_4_0_029.mps,/home/annelot/WARMSTART_PROJECT/baseline_symphony_21-01-2026+15_00/tmp/mnist-net_256x4/image_4/mnist-net_256x4_4_0_381.mps,UNSAT,0.015087,UNSAT-TIMEOUT,None
/home/annelot/WARMSTART_PROJECT/baseline_symphony_21-01-2026+15_00/tmp/mnist-net_256x2/image_7/mnist-net_256x2_7_0_021.mps,/home/annelot/WARMSTART_PROJECT/baseline_symphony_21-01-2026+15_00/tmp/mnist-net/image_7/mnist-net_7_0_021.mps,UNSAT,0.006711,NETWORK,None
/home/annelot/WARMSTART_PROJECT/baseline_symphony_21-01-2026+15_00/tmp/mnist-net_256x2/image_6/mnist-net_256x2_6_0_021.mps,/home/annelot/WARMSTART_PROJECT/baseline_symphony_21-01-2026+15_00/tmp/mnist-net/image_6/mnist-net_6_0_021.mps,UNSAT,0.007716,NETWORK,None
/home/annelot/WARMSTART_PROJECT/baseline_symphony_21-01-2026+15_00/tmp/mnist-net_256x2/image_4/mnist-net_256x2_4_0_015.mps,/home/annelot/WARMSTART_PROJECT/baseline_symphony_21-01-2026+15_00/tmp/mnist-net/image_4/mnist-net_4_0_015.mps,UNSAT,0.009286,NETWORK,None
/home/annelot/WARMSTART_PROJECT/baseline_symphony_21-01-2026+15_00/tmp/mnist-net_256x2/image_9/mnist-net_256x2_9_0_021.mps,/home/annelot/WARMSTART_PROJECT/baseline_symphony_21-01-2026+15_00/tmp/mnist-net/image_9/mnist-net_9_0_021.mps,UNSAT,0.008906,NETWORK,None
/home/annelot/WARMSTART_PROJECT/baseline_symphony_21-01-2026+15_00/tmp/mnist-net_256x2/image_4/mnist-net_256x2_4_0_009.mps,/home/annelot/WARMSTART_PROJECT/baseline_symphony_21-01-2026+15_00/tmp/mnist-net/image_4/mnist-net_4_0_009.mps,UNSAT,0.006652,NETWORK,None
/home/annelot/WARMSTART_PROJECT/baseline_symphony_21-01-2026+15_00/tmp/mnist-net_256x2/image_5/mnist-net_256x2_5_0_021.mps,/home/annelot/WARMSTART_PROJECT/baseline_symphony_21-01-2026+15_00/tmp/mnist-net/image_5/mnist-net_5_0_021.mps,UNSAT,0.006411,NETWORK,None
/home/annelot/WARMSTART_PROJECT/baseline_symphony_21-01-2026+15_00/tmp/mnist-net_256x2/image_4/mnist-net_256x2_4_0_007.mps,/home/annelot/WARMSTART_PROJECT/baseline_symphony_21-01-2026+15_00/tmp/mnist-net/image_4/mnist-net_4_0_007.mps,UNSAT,0.006773,NETWORK,None
/home/annelot/WARMSTART_PROJECT/baseline_symphony_21-01-2026+15_00/tmp/mnist-net_256x2/image_9/mnist-net_256x2_9_0_025.mps,/home/annelot/WARMSTART_PROJECT/baseline_symphony_21-01-2026+15_00/tmp/mnist-net/image_9/mnist-net_9_0_025.mps,UNSAT,0.006614,NETWORK,None
/home/annelot/WARMSTART_PROJECT/baseline_symphony_21-01-2026+15_00/tmp/mnist-net_256x2/image_9/mnist-net_256x2_9_0_027.mps,/home/annelot/WARMSTART_PROJECT/baseline_symphony_21-01-2026+15_00/tmp/mnist-net/image_9/mnist-net_9_0_027.mps,UNSAT,0.00642,NETWORK,None
/home/annelot/WARMSTART_PROJECT/baseline_symphony_21-01-2026+15_00/tmp/mnist-net_256x2/image_9/mnist-net_256x2_9_0_031.mps,/home/annelot/WARMSTART_PROJECT/baseline_symphony_21-01-2026+15_00/tmp/mnist-net/image_9/mnist-net_9_0_031.mps,UNSAT,0.006952,NETWORK,None
/home/annelot/WARMSTART_PROJECT/baseline_symphony_21-01-2026+15_00/tmp/mnist-net_256x2/image_4/mnist-net_256x2_4_0_011.mps,/home/annelot/WARMSTART_PROJECT/baseline_symphony_21-01-2026+15_00/tmp/mnist-net/image_4/mnist-net_4_0_011.mps,UNSAT,0.006661,NETWORK,None
/home/annelot/WARMSTART_PROJECT/baseline_symphony_21-01-2026+15_00/tmp/mnist-net_256x2/image_9/mnist-net_256x2_9_0_029.mps,/home/annelot/WARMSTART_PROJECT/baseline_symphony_21-01-2026+15_00/tmp/mnist-net/image_9/mnist-net_9_0_029.mps,UNSAT,0.006859,NETWORK,None
/home/annelot/WARMSTART_PROJECT/baseline_symphony_21-01-2026+15_00/tmp/mnist-net_256x2/image_4/mnist-net_256x2_4_0_013.mps,/home/annelot/WARMSTART_PROJECT/baseline_symphony_21-01-2026+15_00/tmp/mnist-net/image_4/mnist-net_4_0_013.mps,UNSAT,0.006714,NETWORK,None
/home/annelot/WARMSTART_PROJECT/baseline_symphony_21-01-2026+15_00/tmp/mnist-net_256x2/image_5/mnist-net_256x2_5_0_023.mps,/home/annelot/WARMSTART_PROJECT/baseline_symphony_21-01-2026+15_00/tmp/mnist-net/image_5/mnist-net_5_0_023.mps,UNSAT,0.009838,NETWORK,None
/home/annelot/WARMSTART_PROJECT/baseline_symphony_21-01-2026+15_00/tmp/mnist-net_256x2/image_9/mnist-net_256x2_9_0_023.mps,/home/annelot/WARMSTART_PROJECT/baseline_symphony_21-01-2026+15_00/tmp/mnist-net/image_9/mnist-net_9_0_023.mps,UNSAT,0.008553,NETWORK,None
/home/annelot/WARMSTART_PROJECT/baseline_symphony_21-01-2026+15_00/tmp/mnist-net/image_9/mnist-net_9_0_023.mps,/home/annelot/WARMSTART_PROJECT/baseline_symphony_21-01-2026+15_00/tmp/mnist-net/image_7/mnist-net_7_0_023.mps,UNSAT,0.013719,IMAGE,None
/home/annelot/WARMSTART_PROJECT/baseline_symphony_21-01-2026+15_00/tmp/mnist-net/image_9/mnist-net_9_0_017.mps,/home/annelot/WARMSTART_PROJECT/baseline_symphony_21-01-2026+15_00/tmp/mnist-net/image_4/mnist-net_4_0_017.mps,UNSAT,0.013082,IMAGE,None
/home/annelot/WARMSTART_PROJECT/baseline_symphony_21-01-2026+15_00/tmp/mnist-net/image_9/mnist-net_9_0_027.mps,/home/annelot/WARMSTART_PROJECT/baseline_symphony_21-01-2026+15_00/tmp/mnist-net/image_7/mnist-net_7_0_027.mps,UNSAT,0.012841,IMAGE,None
/home/annelot/WARMSTART_PROJECT/baseline_symphony_21-01-2026+15_00/tmp/mnist-net/image_9/mnist-net_9_0_021.mps,/home/annelot/WARMSTART_PROJECT/baseline_symphony_21-01-2026+15_00/tmp/mnist-net/image_7/mnist-net_7_0_021.mps,UNSAT,0.012663,IMAGE,None
/home/annelot/WARMSTART_PROJECT/baseline_symphony_21-01-2026+15_00/tmp/mnist-net/image_9/mnist-net_9_0_019.mps,/home/annelot/WARMSTART_PROJECT/baseline_symphony_21-01-2026+15_00/tmp/mnist-net/image_4/mnist-net_4_0_019.mps,UNSAT,0.012753,IMAGE,None
/home/annelot/WARMSTART_PROJECT/baseline_symphony_21-01-2026+15_00/tmp/mnist-net/image_9/mnist-net_9_0_025.mps,/home/annelot/WARMSTART_PROJECT/baseline_symphony_21-01-2026+15_00/tmp/mnist-net/image_7/mnist-net_7_0_025.mps,UNSAT,0.012096,IMAGE,None
/home/annelot/WARMSTART_PROJECT/baseline_symphony_21-01-2026+15_00/tmp/mnist-net/image_9/mnist-net_9_0_031.mps,/home/annelot/WARMSTART_PROJECT/baseline_symphony_21-01-2026+15_00/tmp/mnist-net/image_7/mnist-net_7_0_031.mps,UNSAT,0.011867,IMAGE,None
/home/annelot/WARMSTART_PROJECT/baseline_symphony_21-01-2026+15_00/tmp/mnist-net/image_7/mnist-net_7_0_025.mps,/home/annelot/WARMSTART_PROJECT/baseline_symphony_21-01-2026+15_00/tmp/mnist-net/image_6/mnist-net_6_0_025.mps,UNSAT,0.01284,IMAGE,None
/home/annelot/WARMSTART_PROJECT/baseline_symphony_21-01-2026+15_00/tmp/mnist-net/image_6/mnist-net_6_0_021.mps,/home/annelot/WARMSTART_PROJECT/baseline_symphony_21-01-2026+15_00/tmp/mnist-net/image_7/mnist-net_7_0_021.mps,UNSAT,0.013348,IMAGE,None
/home/annelot/WARMSTART_PROJECT/baseline_symphony_21-01-2026+15_00/tmp/mnist-net/image_6/mnist-net_6_0_023.mps,/home/annelot/WARMSTART_PROJECT/baseline_symphony_21-01-2026+15_00/tmp/mnist-net/image_7/mnist-net_7_0_023.mps,UNSAT,0.013218,IMAGE,None
/home/annelot/WARMSTART_PROJECT/baseline_symphony_21-01-2026+15_00/tmp/mnist-net/image_9/mnist-net_9_0_015.mps,/home/annelot/WARMSTART_PROJECT/baseline_symphony_21-01-2026+15_00/tmp/mnist-net/image_4/mnist-net_4_0_015.mps,UNSAT,0.012346,IMAGE,None
/home/annelot/WARMSTART_PROJECT/baseline_symphony_21-01-2026+15_00/tmp/mnist-net/image_6/mnist-net_6_0_025.mps,/home/annelot/WARMSTART_PROJECT/baseline_symphony_21-01-2026+15_00/tmp/mnist-net/image_7/mnist-net_7_0_025.mps,UNSAT,0.012711,IMAGE,None
/home/annelot/WARMSTART_PROJECT/baseline_symphony_21-01-2026+15_00/tmp/mnist-net/image_9/mnist-net_9_0_013.mps,/home/annelot/WARMSTART_PROJECT/baseline_symphony_21-01-2026+15_00/tmp/mnist-net/image_4/mnist-net_4_0_013.mps,UNSAT,0.012282,IMAGE,None
/home/annelot/WARMSTART_PROJECT/baseline_symphony_21-01-2026+15_00/tmp/mnist-net/image_7/mnist-net_7_0_023.mps,/home/annelot/WARMSTART_PROJECT/baseline_symphony_21-01-2026+15_00/tmp/mnist-net/image_6/mnist-net_6_0_023.mps,UNSAT,0.013132,IMAGE,None
/home/annelot/WARMSTART_PROJECT/baseline_symphony_21-01-2026+15_00/tmp/mnist-net/image_7/mnist-net_7_0_021.mps,/home/annelot/WARMSTART_PROJECT/baseline_symphony_21-01-2026+15_00/tmp/mnist-net/image_6/mnist-net_6_0_021.mps,UNSAT,0.01236,IMAGE,None
/home/annelot/WARMSTART_PROJECT/baseline_symphony_21-01-2026+15_00/tmp/mnist-net_256x2/image_4/mnist-net_256x2_4_0_001.mps,/home/annelot/WARMSTART_PROJECT/baseline_symphony_21-01-2026+15_00/tmp/mnist-net/image_4/mnist-net_4_0_001.mps,ERR,,NETWORK,None
/home/annelot/WARMSTART_PROJECT/baseline_symphony_21-01-2026+15_00/tmp/mnist-net_256x4/image_0/mnist-net_256x4_0_0_027.mps,/home/annelot/WARMSTART_PROJECT/baseline_symphony_21-01-2026+15_00/tmp/mnist-net_256x4/image_6/mnist-net_256x4_6_0_027.mps,UNSAT,0.007724,IMAGE,None
/home/annelot/WARMSTART_PROJECT/baseline_symphony_21-01-2026+15_00/tmp/mnist-net_256x4/image_9/mnist-net_256x4_9_0_021.mps,/home/annelot/WARMSTART_PROJECT/baseline_symphony_21-01-2026+15_00/tmp/mnist-net_256x4/image_7/mnist-net_256x4_7_0_021.mps,UNSAT,0.009433,IMAGE,None
/home/annelot/WARMSTART_PROJECT/baseline_symphony_21-01-2026+15_00/tmp/mnist-net_256x4/image_4/mnist-net_256x4_4_0_025.mps,/home/annelot/WARMSTART_PROJECT/baseline_symphony_21-01-2026+15_00/tmp/mnist-net_256x4/image_6/mnist-net_256x4_6_0_025.mps,UNSAT,0.009321,IMAGE,None
/home/annelot/WARMSTART_PROJECT/baseline_symphony_21-01-2026+15_00/tmp/mnist-net_256x4/image_4/mnist-net_256x4_4_0_023.mps,/home/annelot/WARMSTART_PROJECT/baseline_symphony_21-01-2026+15_00/tmp/mnist-net_256x4/image_6/mnist-net_256x4_6_0_023.mps,UNSAT,0.010051,IMAGE,None
/home/annelot/WARMSTART_PROJECT/baseline_symphony_21-01-2026+15_00/tmp/mnist-net_256x4/image_0/mnist-net_256x4_0_0_025.mps,/home/annelot/WARMSTART_PROJECT/baseline_symphony_21-01-2026+15_00/tmp/mnist-net_256x4/image_6/mnist-net_256x4_6_0_025.mps,UNSAT,0.009863,IMAGE,None
/home/annelot/WARMSTART_PROJECT/baseline_symphony_21-01-2026+15_00/tmp/mnist-net_256x4/image_4/mnist-net_256x4_4_0_021.mps,/home/annelot/WARMSTART_PROJECT/baseline_symphony_21-01-2026+15_00/tmp/mnist-net_256x4/image_7/mnist-net_256x4_7_0_021.mps,UNSAT,0.009704,IMAGE,None
/home/annelot/WARMSTART_PROJECT/baseline_symphony_21-01-2026+15_00/tmp/mnist-net_256x4/image_0/mnist-net_256x4_0_0_029.mps,/home/annelot/WARMSTART_PROJECT/baseline_symphony_21-01-2026+15_00/tmp/mnist-net_256x4/image_6/mnist-net_256x4_6_0_029.mps,UNSAT,0.010442,IMAGE,None
/home/annelot/WARMSTART_PROJECT/baseline_symphony_21-01-2026+15_00/tmp/mnist-net_256x4/image_4/mnist-net_256x4_4_0_027.mps,/home/annelot/WARMSTART_PROJECT/baseline_symphony_21-01-2026+15_00/tmp/mnist-net_256x4/image_6/mnist-net_256x4_6_0_027.mps,UNSAT,0.010889,IMAGE,None
/home/annelot/WARMSTART_PROJECT/baseline_symphony_21-01-2026+15_00/tmp/mnist-net_256x4/image_5/mnist-net_256x4_5_0_021.mps,/home/annelot/WARMSTART_PROJECT/baseline_symphony_21-01-2026+15_00/tmp/mnist-net_256x4/image_7/mnist-net_256x4_7_0_021.mps,UNSAT,0.011006,IMAGE,None
/home/annelot/WARMSTART_PROJECT/baseline_symphony_21-01-2026+15_00/tmp/mnist-net_256x4/image_9/mnist-net_256x4_9_0_025.mps,/home/annelot/WARMSTART_PROJECT/baseline_symphony_21-01-2026+15_00/tmp/mnist-net_256x4/image_6/mnist-net_256x4_6_0_025.mps,UNSAT,0.010148,IMAGE,None
/home/annelot/WARMSTART_PROJECT/baseline_symphony_21-01-2026+15_00/tmp/mnist-net_256x4/image_9/mnist-net_256x4_9_0_029.mps,/home/annelot/WARMSTART_PROJECT/baseline_symphony_21-01-2026+15_00/tmp/mnist-net_256x4/image_6/mnist-net_256x4_6_0_029.mps,UNSAT,0.010556,IMAGE,None
/home/annelot/WARMSTART_PROJECT/baseline_symphony_21-01-2026+15_00/tmp/mnist-net_256x4/image_8/mnist-net_256x4_8_0_023.mps,/home/annelot/WARMSTART_PROJECT/baseline_symphony_21-01-2026+15_00/tmp/mnist-net_256x4/image_6/mnist-net_256x4_6_0_023.mps,UNSAT,0.010433,IMAGE,None
/home/annelot/WARMSTART_PROJECT/baseline_symphony_21-01-2026+15_00/tmp/mnist-net_256x4/image_6/mnist-net_256x4_6_0_021.mps,/home/annelot/WARMSTART_PROJECT/baseline_symphony_21-01-2026+15_00/tmp/mnist-net_256x4/image_7/mnist-net_256x4_7_0_021.mps,UNSAT,0.010516,IMAGE,None
/home/annelot/WARMSTART_PROJECT/baseline_symphony_21-01-2026+15_00/tmp/mnist-net_256x4/image_6/mnist-net_256x4_6_0_023.mps,/home/annelot/WARMSTART_PROJECT/baseline_symphony_21-01-2026+15_00/tmp/mnist-net_256x4/image_8/mnist-net_256x4_8_0_023.mps,UNSAT,0.010281,IMAGE,None
/home/annelot/WARMSTART_PROJECT/baseline_symphony_21-01-2026+15_00/tmp/mnist-net_256x4/image_8/mnist-net_256x4_8_0_021.mps,/home/annelot/WARMSTART_PROJECT/baseline_symphony_21-01-2026+15_00/tmp/mnist-net_256x4/image_7/mnist-net_256x4_7_0_021.mps,UNSAT,0.009778,IMAGE,None
/home/annelot/WARMSTART_PROJECT/baseline_symphony_21-01-2026+15_00/tmp/mnist-net_256x4/image_9/mnist-net_256x4_9_0_027.mps,/home/annelot/WARMSTART_PROJECT/baseline_symphony_21-01-2026+15_00/tmp/mnist-net_256x4/image_6/mnist-net_256x4_6_0_027.mps,UNSAT,0.009912,IMAGE,None
/home/annelot/WARMSTART_PROJECT/baseline_symphony_21-01-2026+15_00/tmp/mnist-net_256x4/image_9/mnist-net_256x4_9_0_023.mps,/home/annelot/WARMSTART_PROJECT/baseline_symphony_21-01-2026+15_00/tmp/mnist-net_256x4/image_6/mnist-net_256x4_6_0_023.mps,UNSAT,0.010256,IMAGE,None
/home/annelot/WARMSTART_PROJECT/baseline_symphony_21-01-2026+15_00/tmp/mnist-net_256x4/image_0/mnist-net_256x4_0_0_023.mps,/home/annelot/WARMSTART_PROJECT/baseline_symphony_21-01-2026+15_00/tmp/mnist-net_256x4/image_6/mnist-net_256x4_6_0_023.mps,UNSAT,0.011647,IMAGE,None
/home/annelot/WARMSTART_PROJECT/baseline_symphony_21-01-2026+15_00/tmp/mnist-net_256x4/image_0/mnist-net_256x4_0_0_021.mps,/home/annelot/WARMSTART_PROJECT/baseline_symphony_21-01-2026+15_00/tmp/mnist-net_256x4/image_7/mnist-net_256x4_7_0_021.mps,UNSAT,0.014861,IMAGE,None
/home/annelot/WARMSTART_PROJECT/baseline_symphony_21-01-2026+15_00/tmp/mnist-net/image_9/mnist-net_9_0_033.mps,/home/annelot/WARMSTART_PROJECT/baseline_symphony_21-01-2026+15_00/tmp/mnist-net/image_7/mnist-net_7_0_033.mps,UNSAT,0.013544,IMAGE,None
/home/annelot/WARMSTART_PROJECT/baseline_symphony_21-01-2026+15_00/tmp/mnist-net/image_9/mnist-net_9_0_035.mps,/home/annelot/WARMSTART_PROJECT/baseline_symphony_21-01-2026+15_00/tmp/mnist-net/image_7/mnist-net_7_0_035.mps,UNSAT,0.012699,IMAGE,None
/home/annelot/WARMSTART_PROJECT/baseline_symphony_21-01-2026+15_00/tmp/mnist-net/image_4/mnist-net_4_0_021.mps,/home/annelot/WARMSTART_PROJECT/baseline_symphony_21-01-2026+15_00/tmp/mnist-net/image_7/mnist-net_7_0_021.mps,UNSAT,0.013152,IMAGE,None
/home/annelot/WARMSTART_PROJECT/baseline_symphony_21-01-2026+15_00/tmp/mnist-net/image_4/mnist-net_4_0_019.mps,/home/annelot/WARMSTART_PROJECT/baseline_symphony_21-01-2026+15_00/tmp/mnist-net/image_9/mnist-net_9_0_019.mps,UNSAT,0.012985,IMAGE,None
/home/annelot/WARMSTART_PROJECT/baseline_symphony_21-01-2026+15_00/tmp/mnist-net/image_4/mnist-net_4_0_017.mps,/home/annelot/WARMSTART_PROJECT/baseline_symphony_21-01-2026+15_00/tmp/mnist-net/image_9/mnist-net_9_0_017.mps,UNSAT,0.013162,IMAGE,None
/home/annelot/WARMSTART_PROJECT/baseline_symphony_21-01-2026+15_00/tmp/mnist-net/image_4/mnist-net_4_0_025.mps,/home/annelot/WARMSTART_PROJECT/baseline_symphony_21-01-2026+15_00/tmp/mnist-net/image_7/mnist-net_7_0_025.mps,UNSAT,0.013926,IMAGE,None
/home/annelot/WARMSTART_PROJECT/baseline_symphony_21-01-2026+15_00/tmp/mnist-net/image_4/mnist-net_4_0_015.mps,/home/annelot/WARMSTART_PROJECT/baseline_symphony_21-01-2026+15_00/tmp/mnist-net/image_9/mnist-net_9_0_015.mps,UNSAT,0.012718,IMAGE,None
/home/annelot/WARMSTART_PROJECT/baseline_symphony_21-01-2026+15_00/tmp/mnist-net_256x4/image_9/mnist-net_256x4_9_0_031.mps,/home/annelot/WARMSTART_PROJECT/baseline_symphony_21-01-2026+15_00/tmp/mnist-net_256x4/image_6/mnist-net_256x4_6_0_031.mps,UNSAT,0.014375,IMAGE,None
/home/annelot/WARMSTART_PROJECT/baseline_symphony_21-01-2026+15_00/tmp/mnist-net/image_5/mnist-net_5_0_021.mps,/home/annelot/WARMSTART_PROJECT/baseline_symphony_21-01-2026+15_00/tmp/mnist-net/image_7/mnist-net_7_0_021.mps,UNSAT,0.013989,IMAGE,None
/home/annelot/WARMSTART_PROJECT/baseline_symphony_21-01-2026+15_00/tmp/mnist-net_256x4/image_6/mnist-net_256x4_6_0_025.mps,/home/annelot/WARMSTART_PROJECT/baseline_symphony_21-01-2026+15_00/tmp/mnist-net_256x4/image_8/mnist-net_256x4_8_0_025.mps,UNSAT,0.014797,IMAGE,None
/home/annelot/WARMSTART_PROJECT/baseline_symphony_21-01-2026+15_00/tmp/mnist-net/image_4/mnist-net_4_0_013.mps,/home/annelot/WARMSTART_PROJECT/baseline_symphony_21-01-2026+15_00/tmp/mnist-net/image_9/mnist-net_9_0_013.mps,UNSAT,0.02055,IMAGE,None
/home/annelot/WARMSTART_PROJECT/baseline_symphony_21-01-2026+15_00/tmp/mnist-net/image_9/mnist-net_9_0_029.mps,/home/annelot/WARMSTART_PROJECT/baseline_symphony_21-01-2026+15_00/tmp/mnist-net/image_7/mnist-net_7_0_029.mps,UNSAT,0.018868,IMAGE,None
/home/annelot/WARMSTART_PROJECT/baseline_symphony_21-01-2026+15_00/tmp/mnist-net_256x4/image_4/mnist-net_256x4_4_0_029.mps,/home/annelot/WARMSTART_PROJECT/baseline_symphony_21-01-2026+15_00/tmp/mnist-net_256x4/image_6/mnist-net_256x4_6_0_029.mps,UNSAT,0.008127,IMAGE,None
